Timestamp,Open,High,Low,Close,Volume,Datetime
1718323200,66765.0,66769.0,66764.0,66768.0,0.29274409,2024-06-14 00:00:00+00:00
1718323260,66784.0,66805.0,66784.0,66805.0,0.25668295,2024-06-14 00:01:00+00:00
1718323320,66819.0,66825.0,66818.0,66818.0,0.82095205,2024-06-14 00:02:00+00:00
1718323380,66844.0,66846.0,66839.0,66844.0,1.00578898,2024-06-14 00:03:00+00:00
1718323440,66832.0,66861.0,66828.0,66856.0,0.6021495,2024-06-14 00:04:00+00:00
1718323500,66853.0,66853.0,66801.0,66801.0,1.03657799,2024-06-14 00:05:00+00:00
1718323560,66795.0,66795.0,66783.0,66785.0,0.67406557,2024-06-14 00:06:00+00:00
1718323620,66780.0,66793.0,66780.0,66793.0,0.84454257,2024-06-14 00:07:00+00:00
1718323680,66794.0,66794.0,66792.0,66792.0,0.96352001,2024-06-14 00:08:00+00:00
1718323740,66785.0,66785.0,66754.0,66756.0,0.91885516,2024-06-14 00:09:00+00:00
1718323800,66736.0,66760.0,66713.0,66760.0,0.01534208,2024-06-14 00:10:00+00:00
1718323860,66769.0,66769.0,66769.0,66769.0,0.00089,2024-06-14 00:11:00+00:00
1718323920,66798.0,66801.0,66777.0,66787.0,0.36151391,2024-06-14 00:12:00+00:00
1718323980,66776.0,66790.0,66776.0,66786.0,0.0219396,2024-06-14 00:13:00+00:00
1718324040,66722.0,66728.0,66715.0,66728.0,0.27644607,2024-06-14 00:14:00+00:00
1718324100,66703.0,66745.0,66703.0,66712.0,0.00429911,2024-06-14 00:15:00+00:00
1718324160,66706.0,66706.0,66665.0,66698.0,0.1356229,2024-06-14 00:16:00+00:00
1718324220,66680.0,66681.0,66680.0,66681.0,0.00534476,2024-06-14 00:17:00+00:00
1718324280,66707.0,66718.0,66691.0,66691.0,0.04364858,2024-06-14 00:18:00+00:00
1718324340,66698.0,66698.0,66666.0,66666.0,0.00411438,2024-06-14 00:19:00+00:00
1718324400,66715.0,66716.0,66705.0,66705.0,0.08701855,2024-06-14 00:20:00+00:00
1718324460,66729.0,66729.0,66629.0,66650.0,1.04587833,2024-06-14 00:21:00+00:00
1718324520,66709.0,66709.0,66705.0,66709.0,0.02363315,2024-06-14 00:22:00+00:00
1718324580,66699.0,66699.0,66668.0,66688.0,0.1800813,2024-06-14 00:23:00+00:00
1718324640,66684.0,66704.0,66684.0,66689.0,0.13766709,2024-06-14 00:24:00+00:00
1718324700,66686.0,66686.0,66647.0,66656.0,0.14557762,2024-06-14 00:25:00+00:00
1718324760,66656.0,66656.0,66655.0,66655.0,0.08045929,2024-06-14 00:26:00+00:00
1718324820,66682.0,66763.0,66679.0,66763.0,0.10815608,2024-06-14 00:27:00+00:00
1718324880,66780.0,66791.0,66780.0,66789.0,6.5665707,2024-06-14 00:28:00+00:00
1718324940,66770.0,66770.0,66748.0,66755.0,0.11429523,2024-06-14 00:29:00+00:00
1718325000,66750.0,66754.0,66737.0,66750.0,0.19769311,2024-06-14 00:30:00+00:00
1718325060,66773.0,66773.0,66738.0,66738.0,0.02013615,2024-06-14 00:31:00+00:00
1718325120,66743.0,66759.0,66738.0,66751.0,0.07317025,2024-06-14 00:32:00+00:00
1718325180,66748.0,66748.0,66693.0,66693.0,0.23279645,2024-06-14 00:33:00+00:00
1718325240,66691.0,66722.0,66691.0,66713.0,0.01818833,2024-06-14 00:34:00+00:00
1718325300,66713.0,66740.0,66695.0,66740.0,0.71822292,2024-06-14 00:35:00+00:00
1718325360,66736.0,66739.0,66724.0,66724.0,0.3876,2024-06-14 00:36:00+00:00
1718325420,66715.0,66715.0,66702.0,66702.0,0.07904538,2024-06-14 00:37:00+00:00
1718325480,66703.0,66705.0,66651.0,66651.0,0.86861776,2024-06-14 00:38:00+00:00
1718325540,66638.0,66657.0,66608.0,66657.0,0.05241979,2024-06-14 00:39:00+00:00
1718325600,66678.0,66697.0,66660.0,66697.0,0.18210893,2024-06-14 00:40:00+00:00
1718325660,66690.0,66690.0,66682.0,66682.0,0.00622576,2024-06-14 00:41:00+00:00
1718325720,66704.0,66704.0,66680.0,66680.0,0.01488546,2024-06-14 00:42:00+00:00
1718325780,66679.0,66697.0,66678.0,66697.0,0.01106269,2024-06-14 00:43:00+00:00
1718325840,66695.0,66695.0,66665.0,66665.0,0.05704207,2024-06-14 00:44:00+00:00
1718325900,66655.0,66681.0,66637.0,66681.0,0.01336445,2024-06-14 00:45:00+00:00
1718325960,66676.0,66681.0,66655.0,66661.0,0.19201157,2024-06-14 00:46:00+00:00
1718326020,66665.0,66665.0,66657.0,66663.0,0.1766205,2024-06-14 00:47:00+00:00
1718326080,66659.0,66659.0,66634.0,66634.0,0.01802353,2024-06-14 00:48:00+00:00
1718326140,66635.0,66656.0,66615.0,66649.0,0.32340898,2024-06-14 00:49:00+00:00
1718326200,66649.0,66655.0,66601.0,66601.0,0.0330605,2024-06-14 00:50:00+00:00
1718326260,66601.0,66617.0,66583.0,66617.0,1.1880945,2024-06-14 00:51:00+00:00
1718326320,66624.0,66633.0,66624.0,66628.0,0.00300845,2024-06-14 00:52:00+00:00
1718326380,66624.0,66662.0,66608.0,66662.0,0.75674873,2024-06-14 00:53:00+00:00
1718326440,66674.0,66697.0,66664.0,66697.0,0.00830395,2024-06-14 00:54:00+00:00
1718326500,66688.0,66688.0,66665.0,66680.0,0.01991581,2024-06-14 00:55:00+00:00
1718326560,66700.0,66743.0,66693.0,66710.0,0.02527387,2024-06-14 00:56:00+00:00
1718326620,66708.0,66711.0,66693.0,66697.0,0.0297049,2024-06-14 00:57:00+00:00
1718326680,66693.0,66693.0,66672.0,66673.0,0.16494351,2024-06-14 00:58:00+00:00
1718326740,66680.0,66698.0,66669.0,66686.0,0.02972863,2024-06-14 00:59:00+00:00
1718326800,66683.0,66712.0,66672.0,66677.0,0.03927002,2024-06-14 01:00:00+00:00
1718326860,66680.0,66700.0,66670.0,66670.0,0.01655013,2024-06-14 01:01:00+00:00
1718326920,66648.0,66675.0,66642.0,66668.0,0.00662723,2024-06-14 01:02:00+00:00
1718326980,66653.0,66662.0,66625.0,66657.0,0.43375837,2024-06-14 01:03:00+00:00
1718327040,66653.0,66660.0,66638.0,66638.0,0.02302758,2024-06-14 01:04:00+00:00
1718327100,66627.0,66633.0,66603.0,66603.0,0.04593037,2024-06-14 01:05:00+00:00
1718327160,66600.0,66601.0,66579.0,66601.0,0.09403319,2024-06-14 01:06:00+00:00
1718327220,66564.0,66564.0,66519.0,66530.0,4.50193472,2024-06-14 01:07:00+00:00
1718327280,66549.0,66578.0,66530.0,66571.0,0.0288535,2024-06-14 01:08:00+00:00
1718327340,66583.0,66584.0,66546.0,66553.0,0.11447497,2024-06-14 01:09:00+00:00
1718327400,66542.0,66576.0,66530.0,66572.0,0.1253113,2024-06-14 01:10:00+00:00
1718327460,66581.0,66604.0,66579.0,66579.0,0.00911,2024-06-14 01:11:00+00:00
1718327520,66607.0,66657.0,66607.0,66657.0,0.0331911,2024-06-14 01:12:00+00:00
1718327580,66658.0,66702.0,66658.0,66695.0,0.05075595,2024-06-14 01:13:00+00:00
1718327640,66686.0,66710.0,66673.0,66688.0,0.10488923,2024-06-14 01:14:00+00:00
1718327700,66674.0,66725.0,66674.0,66701.0,0.01837369,2024-06-14 01:15:00+00:00
1718327760,66688.0,66703.0,66683.0,66697.0,0.01955571,2024-06-14 01:16:00+00:00
1718327820,66683.0,66692.0,66683.0,66688.0,0.00260165,2024-06-14 01:17:00+00:00
1718327880,66689.0,66707.0,66682.0,66698.0,0.01311444,2024-06-14 01:18:00+00:00
1718327940,66705.0,66707.0,66694.0,66707.0,0.08692851,2024-06-14 01:19:00+00:00
1718328000,66695.0,66698.0,66689.0,66698.0,0.0896767,2024-06-14 01:20:00+00:00
1718328060,66677.0,66687.0,66673.0,66678.0,0.069027,2024-06-14 01:21:00+00:00
1718328120,66694.0,66698.0,66694.0,66696.0,0.02895107,2024-06-14 01:22:00+00:00
1718328180,66698.0,66698.0,66678.0,66678.0,0.10593156,2024-06-14 01:23:00+00:00
1718328240,66678.0,66685.0,66671.0,66672.0,0.00934093,2024-06-14 01:24:00+00:00
1718328300,66659.0,66683.0,66650.0,66650.0,0.05113664,2024-06-14 01:25:00+00:00
1718328360,66658.0,66660.0,66655.0,66656.0,0.07861044,2024-06-14 01:26:00+00:00
1718328420,66658.0,66658.0,66603.0,66603.0,0.08506702,2024-06-14 01:27:00+00:00
1718328480,66603.0,66603.0,66603.0,66603.0,0.0,2024-06-14 01:28:00+00:00
1718328540,66579.0,66579.0,66558.0,66569.0,0.02000941,2024-06-14 01:29:00+00:00
1718328600,66607.0,66633.0,66607.0,66615.0,0.07876912,2024-06-14 01:30:00+00:00
1718328660,66626.0,66626.0,66602.0,66612.0,0.26835939,2024-06-14 01:31:00+00:00
1718328720,66603.0,66603.0,66554.0,66554.0,0.01198,2024-06-14 01:32:00+00:00
1718328780,66534.0,66534.0,66463.0,66479.0,4.1565832,2024-06-14 01:33:00+00:00
1718328840,66481.0,66494.0,66470.0,66479.0,0.24900192,2024-06-14 01:34:00+00:00
1718328900,66483.0,66513.0,66482.0,66508.0,0.01064909,2024-06-14 01:35:00+00:00
1718328960,66507.0,66542.0,66507.0,66542.0,0.05459,2024-06-14 01:36:00+00:00
1718329020,66482.0,66553.0,66482.0,66518.0,0.62415859,2024-06-14 01:37:00+00:00
1718329080,66504.0,66504.0,66485.0,66485.0,0.03420249,2024-06-14 01:38:00+00:00
1718329140,66503.0,66503.0,66494.0,66494.0,0.00570522,2024-06-14 01:39:00+00:00
1718329200,66487.0,66542.0,66487.0,66541.0,0.05190789,2024-06-14 01:40:00+00:00
1718329260,66587.0,66605.0,66584.0,66605.0,0.23094174,2024-06-14 01:41:00+00:00
1718329320,66651.0,66651.0,66622.0,66650.0,0.42126736,2024-06-14 01:42:00+00:00
1718329380,66628.0,66637.0,66623.0,66623.0,0.00566515,2024-06-14 01:43:00+00:00
1718329440,66616.0,66629.0,66609.0,66615.0,0.0158463,2024-06-14 01:44:00+00:00
1718329500,66620.0,66627.0,66620.0,66627.0,0.02439,2024-06-14 01:45:00+00:00
1718329560,66624.0,66639.0,66624.0,66639.0,0.00238,2024-06-14 01:46:00+00:00
1718329620,66634.0,66667.0,66634.0,66664.0,0.1974167,2024-06-14 01:47:00+00:00
1718329680,66646.0,66666.0,66646.0,66666.0,0.04881271,2024-06-14 01:48:00+00:00
1718329740,66664.0,66702.0,66657.0,66690.0,0.06286784,2024-06-14 01:49:00+00:00
1718329800,66701.0,66703.0,66687.0,66687.0,0.24074289,2024-06-14 01:50:00+00:00
1718329860,66708.0,66708.0,66703.0,66703.0,0.21214321,2024-06-14 01:51:00+00:00
1718329920,66711.0,66759.0,66711.0,66759.0,20.42781744,2024-06-14 01:52:00+00:00
1718329980,66746.0,66746.0,66692.0,66695.0,0.24214237,2024-06-14 01:53:00+00:00
1718330040,66685.0,66715.0,66685.0,66705.0,0.01675706,2024-06-14 01:54:00+00:00
1718330100,66707.0,66750.0,66707.0,66742.0,0.00857291,2024-06-14 01:55:00+00:00
1718330160,66758.0,66767.0,66758.0,66765.0,0.14854212,2024-06-14 01:56:00+00:00
1718330220,66767.0,66781.0,66751.0,66754.0,1.09164175,2024-06-14 01:57:00+00:00
1718330280,66780.0,66781.0,66766.0,66766.0,0.01098399,2024-06-14 01:58:00+00:00
1718330340,66766.0,66791.0,66766.0,66791.0,0.74450505,2024-06-14 01:59:00+00:00
1718330400,66763.0,66799.0,66763.0,66795.0,0.58735296,2024-06-14 02:00:00+00:00
1718330460,66779.0,66779.0,66754.0,66754.0,0.01133,2024-06-14 02:01:00+00:00
1718330520,66751.0,66753.0,66734.0,66736.0,0.25653535,2024-06-14 02:02:00+00:00
1718330580,66733.0,66790.0,66733.0,66778.0,0.01541325,2024-06-14 02:03:00+00:00
1718330640,66788.0,66788.0,66753.0,66772.0,0.02665856,2024-06-14 02:04:00+00:00
1718330700,66767.0,66767.0,66751.0,66754.0,0.0355,2024-06-14 02:05:00+00:00
1718330760,66731.0,66731.0,66696.0,66696.0,0.03448582,2024-06-14 02:06:00+00:00
1718330820,66710.0,66711.0,66688.0,66696.0,0.82472102,2024-06-14 02:07:00+00:00
1718330880,66698.0,66698.0,66685.0,66686.0,0.0127,2024-06-14 02:08:00+00:00
1718330940,66696.0,66702.0,66693.0,66693.0,0.01613779,2024-06-14 02:09:00+00:00
1718331000,66686.0,66745.0,66686.0,66745.0,0.17209426,2024-06-14 02:10:00+00:00
1718331060,66796.0,66807.0,66766.0,66769.0,1.28646202,2024-06-14 02:11:00+00:00
1718331120,66765.0,66765.0,66765.0,66765.0,0.00097,2024-06-14 02:12:00+00:00
1718331180,66741.0,66741.0,66688.0,66688.0,0.10130668,2024-06-14 02:13:00+00:00
1718331240,66676.0,66707.0,66676.0,66703.0,0.03366354,2024-06-14 02:14:00+00:00
1718331300,66717.0,66735.0,66717.0,66735.0,0.64688557,2024-06-14 02:15:00+00:00
1718331360,66736.0,66752.0,66736.0,66750.0,0.00469176,2024-06-14 02:16:00+00:00
1718331420,66783.0,66783.0,66783.0,66783.0,0.19143973,2024-06-14 02:17:00+00:00
1718331480,66800.0,66805.0,66768.0,66769.0,0.01442515,2024-06-14 02:18:00+00:00
1718331540,66769.0,66769.0,66736.0,66736.0,0.02721,2024-06-14 02:19:00+00:00
1718331600,66774.0,66774.0,66760.0,66760.0,0.00428,2024-06-14 02:20:00+00:00
1718331660,66766.0,66777.0,66765.0,66765.0,0.00819699,2024-06-14 02:21:00+00:00
1718331720,66766.0,66798.0,66766.0,66790.0,0.25833348,2024-06-14 02:22:00+00:00
1718331780,66796.0,66796.0,66790.0,66791.0,0.00528033,2024-06-14 02:23:00+00:00
1718331840,66766.0,66766.0,66766.0,66766.0,0.00110022,2024-06-14 02:24:00+00:00
1718331900,66793.0,66793.0,66784.0,66784.0,0.00056018,2024-06-14 02:25:00+00:00
1718331960,66784.0,66787.0,66777.0,66780.0,0.00931084,2024-06-14 02:26:00+00:00
1718332020,66780.0,66811.0,66780.0,66811.0,0.25095781,2024-06-14 02:27:00+00:00
1718332080,66808.0,66808.0,66719.0,66719.0,1.4902942,2024-06-14 02:28:00+00:00
1718332140,66752.0,66758.0,66752.0,66758.0,0.06763481,2024-06-14 02:29:00+00:00
1718332200,66787.0,66787.0,66780.0,66781.0,0.2549934,2024-06-14 02:30:00+00:00
1718332260,66761.0,66761.0,66761.0,66761.0,0.00146555,2024-06-14 02:31:00+00:00
1718332320,66774.0,66774.0,66763.0,66763.0,0.00695205,2024-06-14 02:32:00+00:00
1718332380,66769.0,66769.0,66769.0,66769.0,0.00556766,2024-06-14 02:33:00+00:00
1718332440,66776.0,66778.0,66771.0,66771.0,0.03277,2024-06-14 02:34:00+00:00
1718332500,66760.0,66760.0,66741.0,66741.0,0.01730918,2024-06-14 02:35:00+00:00
1718332560,66747.0,66749.0,66747.0,66749.0,0.00176,2024-06-14 02:36:00+00:00
1718332620,66791.0,66791.0,66787.0,66789.0,0.05737089,2024-06-14 02:37:00+00:00
1718332680,66781.0,66790.0,66747.0,66790.0,5.22214592,2024-06-14 02:38:00+00:00
1718332740,66786.0,66811.0,66786.0,66808.0,0.01856615,2024-06-14 02:39:00+00:00
1718332800,66810.0,66823.0,66810.0,66823.0,0.55170832,2024-06-14 02:40:00+00:00
1718332860,66804.0,66822.0,66770.0,66770.0,0.06723991,2024-06-14 02:41:00+00:00
1718332920,66785.0,66793.0,66785.0,66788.0,0.21923016,2024-06-14 02:42:00+00:00
1718332980,66785.0,66786.0,66785.0,66786.0,0.00798222,2024-06-14 02:43:00+00:00
1718333040,66788.0,66790.0,66788.0,66790.0,0.0806769,2024-06-14 02:44:00+00:00
1718333100,66790.0,66794.0,66764.0,66766.0,0.16204467,2024-06-14 02:45:00+00:00
1718333160,66763.0,66780.0,66763.0,66778.0,0.20182111,2024-06-14 02:46:00+00:00
1718333220,66783.0,66784.0,66783.0,66784.0,0.00401,2024-06-14 02:47:00+00:00
1718333280,66786.0,66831.0,66786.0,66831.0,1.98166035,2024-06-14 02:48:00+00:00
1718333340,66832.0,66836.0,66793.0,66793.0,0.00754724,2024-06-14 02:49:00+00:00
1718333400,66792.0,66815.0,66792.0,66815.0,0.00661816,2024-06-14 02:50:00+00:00
1718333460,66817.0,66824.0,66803.0,66824.0,0.115518,2024-06-14 02:51:00+00:00
1718333520,66823.0,66825.0,66823.0,66825.0,0.00449,2024-06-14 02:52:00+00:00
1718333580,66839.0,66878.0,66839.0,66868.0,2.817707,2024-06-14 02:53:00+00:00
1718333640,66875.0,66875.0,66875.0,66875.0,0.00204,2024-06-14 02:54:00+00:00
1718333700,66879.0,66895.0,66879.0,66895.0,1.09788567,2024-06-14 02:55:00+00:00
1718333760,66895.0,66951.0,66895.0,66951.0,4.60166169,2024-06-14 02:56:00+00:00
1718333820,66958.0,66967.0,66958.0,66967.0,1.25794079,2024-06-14 02:57:00+00:00
1718333880,66967.0,66979.0,66950.0,66979.0,0.60088425,2024-06-14 02:58:00+00:00
1718333940,66949.0,66955.0,66926.0,66926.0,0.23648295,2024-06-14 02:59:00+00:00
1718334000,66905.0,66905.0,66900.0,66900.0,0.00194092,2024-06-14 03:00:00+00:00
1718334060,66927.0,66927.0,66919.0,66927.0,0.00357528,2024-06-14 03:01:00+00:00
1718334120,66923.0,66929.0,66890.0,66890.0,0.40907581,2024-06-14 03:02:00+00:00
1718334180,66875.0,66875.0,66822.0,66826.0,0.45584958,2024-06-14 03:03:00+00:00
1718334240,66827.0,66838.0,66785.0,66787.0,0.01207833,2024-06-14 03:04:00+00:00
1718334300,66783.0,66783.0,66762.0,66764.0,0.20195505,2024-06-14 03:05:00+00:00
1718334360,66752.0,66851.0,66752.0,66851.0,0.26583715,2024-06-14 03:06:00+00:00
1718334420,66857.0,66857.0,66782.0,66782.0,0.10311476,2024-06-14 03:07:00+00:00
1718334480,66803.0,66803.0,66719.0,66719.0,5.83032474,2024-06-14 03:08:00+00:00
1718334540,66719.0,66719.0,66687.0,66687.0,13.69114985,2024-06-14 03:09:00+00:00
1718334600,66718.0,66718.0,66714.0,66714.0,0.00180385,2024-06-14 03:10:00+00:00
1718334660,66705.0,66705.0,66699.0,66699.0,0.03419422,2024-06-14 03:11:00+00:00
1718334720,66680.0,66680.0,66679.0,66679.0,0.00809305,2024-06-14 03:12:00+00:00
1718334780,66706.0,66724.0,66706.0,66717.0,0.00346692,2024-06-14 03:13:00+00:00
1718334840,66723.0,66723.0,66703.0,66703.0,0.00216612,2024-06-14 03:14:00+00:00
1718334900,66731.0,66756.0,66731.0,66752.0,0.00494878,2024-06-14 03:15:00+00:00
1718334960,66751.0,66751.0,66710.0,66724.0,0.18003277,2024-06-14 03:16:00+00:00
1718335020,66718.0,66718.0,66712.0,66713.0,0.22933624,2024-06-14 03:17:00+00:00
1718335080,66713.0,66713.0,66713.0,66713.0,0.0,2024-06-14 03:18:00+00:00
1718335140,66718.0,66721.0,66706.0,66706.0,0.09909079,2024-06-14 03:19:00+00:00
1718335200,66695.0,66714.0,66695.0,66714.0,0.01682,2024-06-14 03:20:00+00:00
1718335260,66694.0,66715.0,66693.0,66715.0,0.2751412,2024-06-14 03:21:00+00:00
1718335320,66723.0,66729.0,66705.0,66705.0,0.27378601,2024-06-14 03:22:00+00:00
1718335380,66700.0,66701.0,66698.0,66701.0,0.00327121,2024-06-14 03:23:00+00:00
1718335440,66697.0,66708.0,66697.0,66708.0,0.35488671,2024-06-14 03:24:00+00:00
1718335500,66695.0,66695.0,66695.0,66695.0,0.22490746,2024-06-14 03:25:00+00:00
1718335560,66709.0,66709.0,66709.0,66709.0,0.03149,2024-06-14 03:26:00+00:00
1718335620,66701.0,66709.0,66701.0,66703.0,0.03628197,2024-06-14 03:27:00+00:00
1718335680,66683.0,66683.0,66679.0,66679.0,0.54963996,2024-06-14 03:28:00+00:00
1718335740,66703.0,66703.0,66693.0,66693.0,0.01525364,2024-06-14 03:29:00+00:00
1718335800,66689.0,66719.0,66689.0,66719.0,0.00855,2024-06-14 03:30:00+00:00
1718335860,66739.0,66739.0,66711.0,66711.0,0.27546825,2024-06-14 03:31:00+00:00
1718335920,66713.0,66713.0,66672.0,66673.0,0.27304849,2024-06-14 03:32:00+00:00
1718335980,66683.0,66683.0,66672.0,66672.0,0.00829,2024-06-14 03:33:00+00:00
1718336040,66671.0,66678.0,66655.0,66678.0,1.65991819,2024-06-14 03:34:00+00:00
1718336100,66682.0,66682.0,66654.0,66655.0,0.0847025,2024-06-14 03:35:00+00:00
1718336160,66651.0,66687.0,66651.0,66687.0,0.00114676,2024-06-14 03:36:00+00:00
1718336220,66683.0,66683.0,66675.0,66682.0,0.00268604,2024-06-14 03:37:00+00:00
1718336280,66685.0,66694.0,66679.0,66692.0,0.4463888,2024-06-14 03:38:00+00:00
1718336340,66672.0,66672.0,66647.0,66647.0,1.13271217,2024-06-14 03:39:00+00:00
1718336400,66644.0,66662.0,66644.0,66662.0,0.2572525,2024-06-14 03:40:00+00:00
1718336460,66667.0,66667.0,66658.0,66658.0,0.01886737,2024-06-14 03:41:00+00:00
1718336520,66682.0,66684.0,66662.0,66663.0,0.25309001,2024-06-14 03:42:00+00:00
1718336580,66689.0,66689.0,66689.0,66689.0,0.01860992,2024-06-14 03:43:00+00:00
1718336640,66692.0,66703.0,66692.0,66703.0,0.00099346,2024-06-14 03:44:00+00:00
1718336700,66723.0,66723.0,66683.0,66683.0,0.02051556,2024-06-14 03:45:00+00:00
1718336760,66684.0,66696.0,66684.0,66696.0,0.00376,2024-06-14 03:46:00+00:00
1718336820,66701.0,66701.0,66687.0,66687.0,0.00303415,2024-06-14 03:47:00+00:00
1718336880,66687.0,66699.0,66687.0,66699.0,0.47354825,2024-06-14 03:48:00+00:00
1718336940,66695.0,66717.0,66695.0,66717.0,0.26315528,2024-06-14 03:49:00+00:00
1718337000,66716.0,66716.0,66700.0,66700.0,0.001885,2024-06-14 03:50:00+00:00
1718337060,66714.0,66726.0,66710.0,66710.0,0.09106733,2024-06-14 03:51:00+00:00
1718337120,66695.0,66695.0,66688.0,66688.0,0.00304916,2024-06-14 03:52:00+00:00
1718337180,66690.0,66704.0,66690.0,66704.0,0.00279,2024-06-14 03:53:00+00:00
1718337240,66699.0,66699.0,66699.0,66699.0,0.08640698,2024-06-14 03:54:00+00:00
1718337300,66693.0,66699.0,66687.0,66687.0,0.01708166,2024-06-14 03:55:00+00:00
1718337360,66680.0,66691.0,66680.0,66681.0,0.16272328,2024-06-14 03:56:00+00:00
1718337420,66693.0,66693.0,66688.0,66688.0,0.03230507,2024-06-14 03:57:00+00:00
1718337480,66687.0,66695.0,66685.0,66695.0,0.04214041,2024-06-14 03:58:00+00:00
1718337540,66706.0,66708.0,66700.0,66708.0,0.61113367,2024-06-14 03:59:00+00:00
1718337600,66727.0,66733.0,66721.0,66733.0,0.05613936,2024-06-14 04:00:00+00:00
1718337660,66725.0,66730.0,66719.0,66730.0,0.23264926,2024-06-14 04:01:00+00:00
1718337720,66751.0,66758.0,66751.0,66758.0,0.2561109,2024-06-14 04:02:00+00:00
1718337780,66767.0,66770.0,66767.0,66770.0,0.01807,2024-06-14 04:03:00+00:00
1718337840,66752.0,66752.0,66735.0,66742.0,0.00420391,2024-06-14 04:04:00+00:00
1718337900,66750.0,66750.0,66750.0,66750.0,0.00171,2024-06-14 04:05:00+00:00
1718337960,66771.0,66771.0,66771.0,66771.0,0.00313,2024-06-14 04:06:00+00:00
1718338020,66754.0,66754.0,66753.0,66753.0,0.01115028,2024-06-14 04:07:00+00:00
1718338080,66753.0,66753.0,66737.0,66737.0,0.23048907,2024-06-14 04:08:00+00:00
1718338140,66770.0,66779.0,66770.0,66779.0,0.01172169,2024-06-14 04:09:00+00:00
1718338200,66763.0,66763.0,66757.0,66757.0,0.05420977,2024-06-14 04:10:00+00:00
1718338260,66761.0,66771.0,66761.0,66768.0,0.10898834,2024-06-14 04:11:00+00:00
1718338320,66751.0,66757.0,66748.0,66757.0,0.00563238,2024-06-14 04:12:00+00:00
1718338380,66747.0,66747.0,66741.0,66741.0,0.02239045,2024-06-14 04:13:00+00:00
1718338440,66757.0,66760.0,66757.0,66760.0,0.16434,2024-06-14 04:14:00+00:00
1718338500,66765.0,66769.0,66754.0,66754.0,0.00809398,2024-06-14 04:15:00+00:00
1718338560,66759.0,66759.0,66754.0,66754.0,0.00967913,2024-06-14 04:16:00+00:00
1718338620,66750.0,66752.0,66750.0,66752.0,0.00905382,2024-06-14 04:17:00+00:00
1718338680,66755.0,66761.0,66755.0,66761.0,0.02725212,2024-06-14 04:18:00+00:00
1718338740,66729.0,66729.0,66725.0,66729.0,0.0417641,2024-06-14 04:19:00+00:00
1718338800,66712.0,66712.0,66704.0,66704.0,0.04196314,2024-06-14 04:20:00+00:00
1718338860,66743.0,66743.0,66732.0,66732.0,0.06267,2024-06-14 04:21:00+00:00
1718338920,66733.0,66747.0,66733.0,66747.0,0.23145877,2024-06-14 04:22:00+00:00
1718338980,66732.0,66732.0,66720.0,66732.0,0.05765464,2024-06-14 04:23:00+00:00
1718339040,66737.0,66737.0,66737.0,66737.0,0.00143,2024-06-14 04:24:00+00:00
1718339100,66755.0,66766.0,66755.0,66766.0,0.098077,2024-06-14 04:25:00+00:00
1718339160,66764.0,66770.0,66752.0,66752.0,0.7262029,2024-06-14 04:26:00+00:00
1718339220,66753.0,66764.0,66753.0,66764.0,0.03659,2024-06-14 04:27:00+00:00
1718339280,66771.0,66776.0,66769.0,66776.0,0.25026296,2024-06-14 04:28:00+00:00
1718339340,66790.0,66790.0,66784.0,66784.0,0.00445505,2024-06-14 04:29:00+00:00
1718339400,66793.0,66796.0,66793.0,66796.0,0.00459,2024-06-14 04:30:00+00:00
1718339460,66767.0,66774.0,66761.0,66761.0,0.26631938,2024-06-14 04:31:00+00:00
1718339520,66761.0,66761.0,66760.0,66760.0,0.00246,2024-06-14 04:32:00+00:00
1718339580,66727.0,66727.0,66723.0,66724.0,0.04362885,2024-06-14 04:33:00+00:00
1718339640,66720.0,66720.0,66712.0,66712.0,0.04343075,2024-06-14 04:34:00+00:00
1718339700,66717.0,66717.0,66717.0,66717.0,0.005,2024-06-14 04:35:00+00:00
1718339760,66738.0,66738.0,66730.0,66730.0,0.00718,2024-06-14 04:36:00+00:00
1718339820,66726.0,66726.0,66721.0,66722.0,0.20440567,2024-06-14 04:37:00+00:00
1718339880,66718.0,66718.0,66702.0,66702.0,0.04917663,2024-06-14 04:38:00+00:00
1718339940,66723.0,66723.0,66723.0,66723.0,0.00492,2024-06-14 04:39:00+00:00
1718340000,66700.0,66700.0,66700.0,66700.0,0.00013623,2024-06-14 04:40:00+00:00
1718340060,66710.0,66712.0,66699.0,66699.0,0.84382784,2024-06-14 04:41:00+00:00
1718340120,66694.0,66695.0,66685.0,66685.0,0.04827424,2024-06-14 04:42:00+00:00
1718340180,66697.0,66697.0,66690.0,66690.0,0.00871422,2024-06-14 04:43:00+00:00
1718340240,66689.0,66689.0,66681.0,66681.0,0.04492863,2024-06-14 04:44:00+00:00
1718340300,66695.0,66695.0,66691.0,66691.0,0.01728119,2024-06-14 04:45:00+00:00
1718340360,66680.0,66682.0,66674.0,66679.0,0.04141866,2024-06-14 04:46:00+00:00
1718340420,66698.0,66700.0,66692.0,66692.0,0.26497875,2024-06-14 04:47:00+00:00
1718340480,66690.0,66693.0,66690.0,66693.0,0.0981444,2024-06-14 04:48:00+00:00
1718340540,66682.0,66682.0,66682.0,66682.0,0.00423,2024-06-14 04:49:00+00:00
1718340600,66683.0,66710.0,66683.0,66708.0,0.25392899,2024-06-14 04:50:00+00:00
1718340660,66710.0,66729.0,66709.0,66714.0,0.25925093,2024-06-14 04:51:00+00:00
1718340720,66709.0,66710.0,66690.0,66690.0,0.25473992,2024-06-14 04:52:00+00:00
1718340780,66691.0,66691.0,66691.0,66691.0,0.00725227,2024-06-14 04:53:00+00:00
1718340840,66693.0,66693.0,66692.0,66692.0,0.0047,2024-06-14 04:54:00+00:00
1718340900,66687.0,66703.0,66687.0,66703.0,0.08587741,2024-06-14 04:55:00+00:00
1718340960,66702.0,66702.0,66688.0,66691.0,0.07502,2024-06-14 04:56:00+00:00
1718341020,66691.0,66691.0,66691.0,66691.0,0.04132032,2024-06-14 04:57:00+00:00
1718341080,66686.0,66686.0,66686.0,66686.0,0.00033,2024-06-14 04:58:00+00:00
1718341140,66688.0,66688.0,66672.0,66674.0,0.05269053,2024-06-14 04:59:00+00:00
1718341200,66698.0,66721.0,66696.0,66721.0,0.25849122,2024-06-14 05:00:00+00:00
1718341260,66701.0,66701.0,66685.0,66685.0,0.06213173,2024-06-14 05:01:00+00:00
1718341320,66680.0,66680.0,66679.0,66679.0,0.25116595,2024-06-14 05:02:00+00:00
1718341380,66668.0,66676.0,66668.0,66676.0,0.00339321,2024-06-14 05:03:00+00:00
1718341440,66690.0,66731.0,66690.0,66731.0,0.38797663,2024-06-14 05:04:00+00:00
1718341500,66735.0,66742.0,66735.0,66742.0,0.00132,2024-06-14 05:05:00+00:00
1718341560,66753.0,66767.0,66743.0,66750.0,0.35801658,2024-06-14 05:06:00+00:00
1718341620,66753.0,66756.0,66745.0,66745.0,0.11746992,2024-06-14 05:07:00+00:00
1718341680,66743.0,66744.0,66737.0,66737.0,0.2423048,2024-06-14 05:08:00+00:00
1718341740,66764.0,66771.0,66764.0,66768.0,0.14665007,2024-06-14 05:09:00+00:00
1718341800,66753.0,66770.0,66753.0,66767.0,0.07218,2024-06-14 05:10:00+00:00
1718341860,66763.0,66763.0,66751.0,66759.0,0.4809927,2024-06-14 05:11:00+00:00
1718341920,66767.0,66767.0,66735.0,66735.0,0.20804527,2024-06-14 05:12:00+00:00
1718341980,66738.0,66748.0,66737.0,66748.0,0.19630316,2024-06-14 05:13:00+00:00
1718342040,66748.0,66748.0,66726.0,66726.0,0.68267306,2024-06-14 05:14:00+00:00
1718342100,66726.0,66744.0,66726.0,66740.0,0.22629,2024-06-14 05:15:00+00:00
1718342160,66737.0,66752.0,66737.0,66752.0,0.00312662,2024-06-14 05:16:00+00:00
1718342220,66746.0,66746.0,66740.0,66741.0,0.00723546,2024-06-14 05:17:00+00:00
1718342280,66740.0,66748.0,66740.0,66742.0,0.23136995,2024-06-14 05:18:00+00:00
1718342340,66769.0,66769.0,66764.0,66765.0,0.00561,2024-06-14 05:19:00+00:00
1718342400,66754.0,66754.0,66733.0,66743.0,0.93168297,2024-06-14 05:20:00+00:00
1718342460,66761.0,66761.0,66761.0,66761.0,0.00040155,2024-06-14 05:21:00+00:00
1718342520,66768.0,66768.0,66766.0,66766.0,0.00087266,2024-06-14 05:22:00+00:00
1718342580,66773.0,66775.0,66766.0,66775.0,0.36332018,2024-06-14 05:23:00+00:00
1718342640,66769.0,66769.0,66769.0,66769.0,0.0842,2024-06-14 05:24:00+00:00
1718342700,66776.0,66780.0,66774.0,66779.0,0.0922539,2024-06-14 05:25:00+00:00
1718342760,66791.0,66799.0,66791.0,66793.0,0.33182925,2024-06-14 05:26:00+00:00
1718342820,66787.0,66787.0,66784.0,66784.0,0.1822,2024-06-14 05:27:00+00:00
1718342880,66794.0,66794.0,66794.0,66794.0,0.00086,2024-06-14 05:28:00+00:00
1718342940,66794.0,66795.0,66792.0,66792.0,0.00302,2024-06-14 05:29:00+00:00
1718343000,66788.0,66835.0,66784.0,66835.0,0.66839261,2024-06-14 05:30:00+00:00
1718343060,66827.0,66827.0,66827.0,66827.0,0.00204,2024-06-14 05:31:00+00:00
1718343120,66850.0,66850.0,66850.0,66850.0,0.07385,2024-06-14 05:32:00+00:00
1718343180,66850.0,66855.0,66825.0,66825.0,8.96093207,2024-06-14 05:33:00+00:00
1718343240,66850.0,66878.0,66850.0,66877.0,2.44866893,2024-06-14 05:34:00+00:00
1718343300,66872.0,66895.0,66862.0,66894.0,3.40729777,2024-06-14 05:35:00+00:00
1718343360,66892.0,66892.0,66888.0,66888.0,0.6737956,2024-06-14 05:36:00+00:00
1718343420,66888.0,67064.0,66888.0,67055.0,32.44428462,2024-06-14 05:37:00+00:00
1718343480,67059.0,67064.0,67056.0,67064.0,0.08513818,2024-06-14 05:38:00+00:00
1718343540,67064.0,67064.0,67018.0,67018.0,1.08903208,2024-06-14 05:39:00+00:00
1718343600,67017.0,67017.0,66951.0,66951.0,0.11839282,2024-06-14 05:40:00+00:00
1718343660,66993.0,66993.0,66963.0,66963.0,0.00852261,2024-06-14 05:41:00+00:00
1718343720,66955.0,66999.0,66955.0,66999.0,0.24685165,2024-06-14 05:42:00+00:00
1718343780,67041.0,67047.0,67041.0,67046.0,0.1681,2024-06-14 05:43:00+00:00
1718343840,67048.0,67064.0,67048.0,67064.0,1.20158115,2024-06-14 05:44:00+00:00
1718343900,67035.0,67112.0,67035.0,67112.0,6.44797997,2024-06-14 05:45:00+00:00
1718343960,67112.0,67160.0,67108.0,67156.0,3.06725218,2024-06-14 05:46:00+00:00
1718344020,67151.0,67151.0,67073.0,67073.0,0.73197229,2024-06-14 05:47:00+00:00
1718344080,67099.0,67099.0,67099.0,67099.0,0.0003,2024-06-14 05:48:00+00:00
1718344140,67099.0,67099.0,67099.0,67099.0,0.0,2024-06-14 05:49:00+00:00
1718344200,67012.0,67015.0,66999.0,67009.0,2.62132579,2024-06-14 05:50:00+00:00
1718344260,66990.0,66996.0,66987.0,66989.0,0.00471,2024-06-14 05:51:00+00:00
1718344320,67004.0,67009.0,67004.0,67009.0,0.10607005,2024-06-14 05:52:00+00:00
1718344380,66977.0,66977.0,66976.0,66976.0,0.13655779,2024-06-14 05:53:00+00:00
1718344440,66967.0,67000.0,66967.0,67000.0,0.31475047,2024-06-14 05:54:00+00:00
1718344500,67001.0,67014.0,66991.0,67014.0,0.10970045,2024-06-14 05:55:00+00:00
1718344560,67020.0,67051.0,67020.0,67051.0,0.279506,2024-06-14 05:56:00+00:00
1718344620,67058.0,67101.0,67058.0,67093.0,1.19114878,2024-06-14 05:57:00+00:00
1718344680,67064.0,67064.0,67012.0,67012.0,1.504,2024-06-14 05:58:00+00:00
1718344740,67056.0,67056.0,67056.0,67056.0,0.74,2024-06-14 05:59:00+00:00
1718344800,67009.0,67034.0,66994.0,66996.0,0.53067897,2024-06-14 06:00:00+00:00
1718344860,66985.0,66985.0,66976.0,66976.0,0.00754,2024-06-14 06:01:00+00:00
1718344920,66991.0,66998.0,66982.0,66982.0,0.2569113,2024-06-14 06:02:00+00:00
1718344980,66959.0,66960.0,66930.0,66930.0,0.16616,2024-06-14 06:03:00+00:00
1718345040,66916.0,66937.0,66916.0,66923.0,0.32327699,2024-06-14 06:04:00+00:00
1718345100,66918.0,66944.0,66911.0,66942.0,0.18175721,2024-06-14 06:05:00+00:00
1718345160,66942.0,66958.0,66942.0,66958.0,0.11115,2024-06-14 06:06:00+00:00
1718345220,66950.0,66950.0,66950.0,66950.0,0.00041,2024-06-14 06:07:00+00:00
1718345280,66918.0,66924.0,66917.0,66917.0,0.03523706,2024-06-14 06:08:00+00:00
1718345340,66941.0,66941.0,66930.0,66932.0,0.2505964,2024-06-14 06:09:00+00:00
1718345400,66931.0,66961.0,66931.0,66961.0,0.08551401,2024-06-14 06:10:00+00:00
1718345460,66935.0,66975.0,66935.0,66975.0,0.00115,2024-06-14 06:11:00+00:00
1718345520,67003.0,67006.0,67003.0,67006.0,0.10802782,2024-06-14 06:12:00+00:00
1718345580,67003.0,67004.0,66969.0,66978.0,0.97898404,2024-06-14 06:13:00+00:00
1718345640,66968.0,66981.0,66968.0,66981.0,0.11546481,2024-06-14 06:14:00+00:00
1718345700,66996.0,66997.0,66996.0,66996.0,0.10306,2024-06-14 06:15:00+00:00
1718345760,67003.0,67015.0,67003.0,67015.0,0.04765291,2024-06-14 06:16:00+00:00
1718345820,67027.0,67051.0,67027.0,67029.0,0.38577035,2024-06-14 06:17:00+00:00
1718345880,67029.0,67036.0,67027.0,67036.0,0.10164969,2024-06-14 06:18:00+00:00
1718345940,67046.0,67051.0,67038.0,67051.0,0.13741173,2024-06-14 06:19:00+00:00
1718346000,67052.0,67074.0,67044.0,67044.0,0.31706,2024-06-14 06:20:00+00:00
1718346060,67047.0,67051.0,67035.0,67035.0,0.54814264,2024-06-14 06:21:00+00:00
1718346120,67046.0,67050.0,67043.0,67043.0,0.01922436,2024-06-14 06:22:00+00:00
1718346180,67041.0,67049.0,67041.0,67049.0,0.01868889,2024-06-14 06:23:00+00:00
1718346240,67049.0,67053.0,67043.0,67043.0,0.03615176,2024-06-14 06:24:00+00:00
1718346300,67043.0,67043.0,67043.0,67043.0,0.0,2024-06-14 06:25:00+00:00
1718346360,67009.0,67024.0,66977.0,66986.0,0.45686876,2024-06-14 06:26:00+00:00
1718346420,66927.0,66936.0,66927.0,66935.0,0.00487561,2024-06-14 06:27:00+00:00
1718346480,66951.0,66957.0,66940.0,66941.0,0.8727149,2024-06-14 06:28:00+00:00
1718346540,66939.0,66939.0,66856.0,66856.0,20.21944763,2024-06-14 06:29:00+00:00
1718346600,66890.0,66920.0,66840.0,66840.0,1.3003329,2024-06-14 06:30:00+00:00
1718346660,66840.0,66840.0,66840.0,66840.0,0.00100983,2024-06-14 06:31:00+00:00
1718346720,66926.0,66927.0,66896.0,66927.0,0.0192927,2024-06-14 06:32:00+00:00
1718346780,66934.0,66939.0,66916.0,66917.0,0.37146365,2024-06-14 06:33:00+00:00
1718346840,66901.0,66906.0,66877.0,66877.0,1.16361471,2024-06-14 06:34:00+00:00
1718346900,66868.0,66905.0,66857.0,66905.0,0.01308,2024-06-14 06:35:00+00:00
1718346960,66886.0,66886.0,66868.0,66868.0,0.06009768,2024-06-14 06:36:00+00:00
1718347020,66870.0,66870.0,66848.0,66848.0,0.37558574,2024-06-14 06:37:00+00:00
1718347080,66864.0,66868.0,66850.0,66850.0,0.16875328,2024-06-14 06:38:00+00:00
1718347140,66849.0,66849.0,66849.0,66849.0,0.00264,2024-06-14 06:39:00+00:00
1718347200,66847.0,66873.0,66847.0,66873.0,0.00259049,2024-06-14 06:40:00+00:00
1718347260,66884.0,66900.0,66884.0,66900.0,0.00330164,2024-06-14 06:41:00+00:00
1718347320,66907.0,66913.0,66907.0,66913.0,0.10645966,2024-06-14 06:42:00+00:00
1718347380,66908.0,66946.0,66908.0,66946.0,0.48380363,2024-06-14 06:43:00+00:00
1718347440,66947.0,66947.0,66929.0,66929.0,0.00987345,2024-06-14 06:44:00+00:00
1718347500,66910.0,66920.0,66905.0,66920.0,0.13772,2024-06-14 06:45:00+00:00
1718347560,66932.0,66973.0,66932.0,66968.0,0.17309651,2024-06-14 06:46:00+00:00
1718347620,67002.0,67015.0,66950.0,66962.0,0.18738949,2024-06-14 06:47:00+00:00
1718347680,66974.0,66974.0,66944.0,66957.0,0.6118464,2024-06-14 06:48:00+00:00
1718347740,66981.0,66985.0,66963.0,66963.0,0.00256558,2024-06-14 06:49:00+00:00
1718347800,66959.0,66959.0,66925.0,66925.0,0.23441335,2024-06-14 06:50:00+00:00
1718347860,66949.0,66950.0,66946.0,66950.0,0.00839361,2024-06-14 06:51:00+00:00
1718347920,66898.0,66937.0,66897.0,66937.0,0.1799059,2024-06-14 06:52:00+00:00
1718347980,66935.0,66947.0,66935.0,66947.0,0.39956639,2024-06-14 06:53:00+00:00
1718348040,66943.0,66948.0,66943.0,66943.0,0.29993,2024-06-14 06:54:00+00:00
1718348100,66939.0,66939.0,66925.0,66927.0,0.00553451,2024-06-14 06:55:00+00:00
1718348160,66908.0,66928.0,66894.0,66928.0,0.14833,2024-06-14 06:56:00+00:00
1718348220,66937.0,66946.0,66937.0,66945.0,0.00732632,2024-06-14 06:57:00+00:00
1718348280,66931.0,66933.0,66931.0,66933.0,0.22615525,2024-06-14 06:58:00+00:00
1718348340,66929.0,66930.0,66927.0,66927.0,0.00663114,2024-06-14 06:59:00+00:00
1718348400,66923.0,66934.0,66923.0,66934.0,0.004103,2024-06-14 07:00:00+00:00
1718348460,66972.0,66972.0,66953.0,66953.0,0.3107,2024-06-14 07:01:00+00:00
1718348520,66953.0,66955.0,66953.0,66955.0,0.00426936,2024-06-14 07:02:00+00:00
1718348580,66950.0,66953.0,66924.0,66924.0,0.64078412,2024-06-14 07:03:00+00:00
1718348640,66943.0,66943.0,66943.0,66943.0,0.22407439,2024-06-14 07:04:00+00:00
1718348700,66922.0,66930.0,66922.0,66930.0,0.11488136,2024-06-14 07:05:00+00:00
1718348760,66929.0,66929.0,66929.0,66929.0,0.00388887,2024-06-14 07:06:00+00:00
1718348820,66937.0,66939.0,66931.0,66931.0,0.10753012,2024-06-14 07:07:00+00:00
1718348880,66931.0,66931.0,66931.0,66931.0,0.0,2024-06-14 07:08:00+00:00
1718348940,66917.0,66928.0,66917.0,66927.0,0.30797543,2024-06-14 07:09:00+00:00
1718349000,66936.0,66946.0,66936.0,66946.0,0.00856148,2024-06-14 07:10:00+00:00
1718349060,66974.0,66974.0,66953.0,66953.0,0.15117388,2024-06-14 07:11:00+00:00
1718349120,66975.0,66985.0,66975.0,66985.0,0.11077,2024-06-14 07:12:00+00:00
1718349180,66959.0,66974.0,66959.0,66960.0,0.00322793,2024-06-14 07:13:00+00:00
1718349240,66969.0,66969.0,66969.0,66969.0,0.0601,2024-06-14 07:14:00+00:00
1718349300,66971.0,66972.0,66971.0,66972.0,0.00220704,2024-06-14 07:15:00+00:00
1718349360,66972.0,66972.0,66972.0,66972.0,0.0,2024-06-14 07:16:00+00:00
1718349420,67010.0,67010.0,66986.0,66986.0,0.07989,2024-06-14 07:17:00+00:00
1718349480,66980.0,66980.0,66942.0,66942.0,0.74778621,2024-06-14 07:18:00+00:00
1718349540,66921.0,66938.0,66919.0,66938.0,0.00814658,2024-06-14 07:19:00+00:00
1718349600,66945.0,66945.0,66940.0,66940.0,0.0947904,2024-06-14 07:20:00+00:00
1718349660,66949.0,66965.0,66949.0,66952.0,0.16961,2024-06-14 07:21:00+00:00
1718349720,66948.0,66961.0,66948.0,66951.0,0.02310117,2024-06-14 07:22:00+00:00
1718349780,66953.0,66953.0,66953.0,66953.0,0.0005425,2024-06-14 07:23:00+00:00
1718349840,66939.0,66939.0,66919.0,66920.0,0.25355403,2024-06-14 07:24:00+00:00
1718349900,66920.0,66921.0,66919.0,66919.0,0.20016249,2024-06-14 07:25:00+00:00
1718349960,66919.0,66919.0,66912.0,66912.0,0.08615834,2024-06-14 07:26:00+00:00
1718350020,66920.0,66920.0,66892.0,66892.0,0.15909436,2024-06-14 07:27:00+00:00
1718350080,66913.0,66913.0,66913.0,66913.0,0.00031296,2024-06-14 07:28:00+00:00
1718350140,66918.0,66918.0,66889.0,66897.0,0.29319792,2024-06-14 07:29:00+00:00
1718350200,66914.0,66926.0,66900.0,66902.0,0.03009006,2024-06-14 07:30:00+00:00
1718350260,66873.0,66873.0,66872.0,66872.0,0.33182138,2024-06-14 07:31:00+00:00
1718350320,66892.0,66892.0,66886.0,66886.0,0.00334634,2024-06-14 07:32:00+00:00
1718350380,66896.0,66896.0,66877.0,66877.0,0.28978262,2024-06-14 07:33:00+00:00
1718350440,66900.0,66921.0,66895.0,66921.0,0.30052188,2024-06-14 07:34:00+00:00
1718350500,66920.0,66923.0,66909.0,66909.0,0.09074897,2024-06-14 07:35:00+00:00
1718350560,66892.0,66929.0,66892.0,66922.0,0.15312656,2024-06-14 07:36:00+00:00
1718350620,66902.0,66911.0,66902.0,66910.0,0.01248253,2024-06-14 07:37:00+00:00
1718350680,66911.0,66921.0,66911.0,66912.0,0.14613793,2024-06-14 07:38:00+00:00
1718350740,66920.0,66927.0,66918.0,66923.0,0.8487085,2024-06-14 07:39:00+00:00
1718350800,66924.0,66937.0,66908.0,66908.0,0.3059415,2024-06-14 07:40:00+00:00
1718350860,66915.0,66932.0,66897.0,66897.0,0.25672138,2024-06-14 07:41:00+00:00
1718350920,66894.0,66894.0,66877.0,66885.0,0.08546881,2024-06-14 07:42:00+00:00
1718350980,66900.0,66900.0,66900.0,66900.0,0.00088625,2024-06-14 07:43:00+00:00
1718351040,66888.0,66901.0,66885.0,66901.0,0.22259038,2024-06-14 07:44:00+00:00
1718351100,66926.0,66931.0,66926.0,66929.0,0.00865576,2024-06-14 07:45:00+00:00
1718351160,66937.0,66968.0,66937.0,66966.0,0.09161602,2024-06-14 07:46:00+00:00
1718351220,66952.0,66961.0,66952.0,66953.0,0.29403887,2024-06-14 07:47:00+00:00
1718351280,66949.0,66949.0,66944.0,66944.0,0.04273204,2024-06-14 07:48:00+00:00
1718351340,66954.0,66967.0,66952.0,66967.0,0.30572737,2024-06-14 07:49:00+00:00
1718351400,66974.0,66974.0,66964.0,66964.0,0.13947037,2024-06-14 07:50:00+00:00
1718351460,66964.0,66964.0,66964.0,66964.0,0.0,2024-06-14 07:51:00+00:00
1718351520,67042.0,67043.0,67042.0,67042.0,0.0056,2024-06-14 07:52:00+00:00
1718351580,67020.0,67025.0,67003.0,67011.0,0.32787511,2024-06-14 07:53:00+00:00
1718351640,67026.0,67026.0,67012.0,67014.0,0.30601,2024-06-14 07:54:00+00:00
1718351700,67017.0,67017.0,66975.0,66975.0,0.1409,2024-06-14 07:55:00+00:00
1718351760,66990.0,66990.0,66963.0,66966.0,0.21601472,2024-06-14 07:56:00+00:00
1718351820,66989.0,66989.0,66966.0,66968.0,0.06559,2024-06-14 07:57:00+00:00
1718351880,66935.0,66935.0,66907.0,66907.0,0.09,2024-06-14 07:58:00+00:00
1718351940,66863.0,66864.0,66855.0,66864.0,0.33561924,2024-06-14 07:59:00+00:00
1718352000,66861.0,66871.0,66861.0,66870.0,0.18624897,2024-06-14 08:00:00+00:00
1718352060,66875.0,66890.0,66875.0,66888.0,0.03511396,2024-06-14 08:01:00+00:00
1718352120,66895.0,66895.0,66868.0,66868.0,0.24724583,2024-06-14 08:02:00+00:00
1718352180,66847.0,66848.0,66839.0,66839.0,0.6912464,2024-06-14 08:03:00+00:00
1718352240,66837.0,66886.0,66824.0,66886.0,3.4172843,2024-06-14 08:04:00+00:00
1718352300,66894.0,66910.0,66887.0,66894.0,1.33144968,2024-06-14 08:05:00+00:00
1718352360,66886.0,66910.0,66885.0,66910.0,0.07591246,2024-06-14 08:06:00+00:00
1718352420,66910.0,66944.0,66910.0,66925.0,2.87640178,2024-06-14 08:07:00+00:00
1718352480,66957.0,66968.0,66957.0,66968.0,0.03819649,2024-06-14 08:08:00+00:00
1718352540,66966.0,66993.0,66966.0,66993.0,0.3967667,2024-06-14 08:09:00+00:00
1718352600,67018.0,67031.0,67018.0,67026.0,0.05503587,2024-06-14 08:10:00+00:00
1718352660,67039.0,67080.0,67039.0,67080.0,0.56869993,2024-06-14 08:11:00+00:00
1718352720,67056.0,67068.0,67056.0,67068.0,0.00519324,2024-06-14 08:12:00+00:00
1718352780,67068.0,67121.0,67068.0,67121.0,20.20766455,2024-06-14 08:13:00+00:00
1718352840,67128.0,67146.0,67128.0,67134.0,1.67483417,2024-06-14 08:14:00+00:00
1718352900,67112.0,67130.0,67112.0,67130.0,0.00273,2024-06-14 08:15:00+00:00
1718352960,67106.0,67106.0,67077.0,67078.0,0.43976399,2024-06-14 08:16:00+00:00
1718353020,67076.0,67128.0,67076.0,67114.0,1.14061444,2024-06-14 08:17:00+00:00
1718353080,67127.0,67183.0,67111.0,67144.0,3.54476621,2024-06-14 08:18:00+00:00
1718353140,67146.0,67154.0,67118.0,67120.0,0.55328052,2024-06-14 08:19:00+00:00
1718353200,67135.0,67135.0,67104.0,67106.0,0.2062132,2024-06-14 08:20:00+00:00
1718353260,67109.0,67176.0,67109.0,67176.0,0.36547458,2024-06-14 08:21:00+00:00
1718353320,67161.0,67161.0,67141.0,67144.0,0.138559,2024-06-14 08:22:00+00:00
1718353380,67124.0,67124.0,67098.0,67109.0,1.97374729,2024-06-14 08:23:00+00:00
1718353440,67097.0,67122.0,67089.0,67105.0,0.64188172,2024-06-14 08:24:00+00:00
1718353500,67107.0,67111.0,67074.0,67074.0,0.22864509,2024-06-14 08:25:00+00:00
1718353560,67068.0,67068.0,67054.0,67054.0,0.08693143,2024-06-14 08:26:00+00:00
1718353620,67053.0,67080.0,67053.0,67080.0,0.11471978,2024-06-14 08:27:00+00:00
1718353680,67079.0,67109.0,67079.0,67105.0,0.06393438,2024-06-14 08:28:00+00:00
1718353740,67122.0,67135.0,67118.0,67118.0,0.26963956,2024-06-14 08:29:00+00:00
1718353800,67130.0,67133.0,67128.0,67128.0,0.00412766,2024-06-14 08:30:00+00:00
1718353860,67112.0,67112.0,67079.0,67080.0,0.00439077,2024-06-14 08:31:00+00:00
1718353920,67097.0,67097.0,67071.0,67081.0,0.09940256,2024-06-14 08:32:00+00:00
1718353980,67077.0,67077.0,67077.0,67077.0,0.01464193,2024-06-14 08:33:00+00:00
1718354040,67062.0,67063.0,67037.0,67037.0,0.06514427,2024-06-14 08:34:00+00:00
1718354100,67033.0,67062.0,67033.0,67057.0,0.11318101,2024-06-14 08:35:00+00:00
1718354160,67094.0,67100.0,67086.0,67086.0,0.00872,2024-06-14 08:36:00+00:00
1718354220,67109.0,67110.0,67087.0,67087.0,0.17020568,2024-06-14 08:37:00+00:00
1718354280,67087.0,67087.0,67087.0,67087.0,0.0,2024-06-14 08:38:00+00:00
1718354340,67083.0,67087.0,67072.0,67072.0,0.06647,2024-06-14 08:39:00+00:00
1718354400,67084.0,67129.0,67084.0,67129.0,0.00065626,2024-06-14 08:40:00+00:00
1718354460,67143.0,67143.0,67117.0,67117.0,0.00764357,2024-06-14 08:41:00+00:00
1718354520,67125.0,67131.0,67115.0,67115.0,0.09762825,2024-06-14 08:42:00+00:00
1718354580,67118.0,67118.0,67103.0,67103.0,0.20220926,2024-06-14 08:43:00+00:00
1718354640,67114.0,67121.0,67111.0,67121.0,0.25497811,2024-06-14 08:44:00+00:00
1718354700,67106.0,67106.0,67081.0,67087.0,0.30439619,2024-06-14 08:45:00+00:00
1718354760,67116.0,67124.0,67116.0,67121.0,0.00652689,2024-06-14 08:46:00+00:00
1718354820,67143.0,67174.0,67136.0,67136.0,0.10270232,2024-06-14 08:47:00+00:00
1718354880,67135.0,67161.0,67135.0,67139.0,0.21921119,2024-06-14 08:48:00+00:00
1718354940,67140.0,67147.0,67133.0,67143.0,0.01110279,2024-06-14 08:49:00+00:00
1718355000,67145.0,67156.0,67144.0,67154.0,0.02194116,2024-06-14 08:50:00+00:00
1718355060,67124.0,67127.0,67124.0,67127.0,0.73441469,2024-06-14 08:51:00+00:00
1718355120,67125.0,67164.0,67125.0,67159.0,0.26772109,2024-06-14 08:52:00+00:00
1718355180,67164.0,67164.0,67124.0,67124.0,0.1412448,2024-06-14 08:53:00+00:00
1718355240,67139.0,67139.0,67134.0,67134.0,0.00705,2024-06-14 08:54:00+00:00
1718355300,67149.0,67149.0,67114.0,67114.0,0.13275754,2024-06-14 08:55:00+00:00
1718355360,67102.0,67104.0,67095.0,67095.0,0.27217184,2024-06-14 08:56:00+00:00
1718355420,67098.0,67103.0,67082.0,67084.0,0.08729074,2024-06-14 08:57:00+00:00
1718355480,67107.0,67126.0,67104.0,67117.0,0.31916101,2024-06-14 08:58:00+00:00
1718355540,67115.0,67115.0,67106.0,67106.0,0.01115589,2024-06-14 08:59:00+00:00
1718355600,67080.0,67080.0,67044.0,67044.0,0.25606444,2024-06-14 09:00:00+00:00
1718355660,67021.0,67021.0,67021.0,67021.0,0.00279417,2024-06-14 09:01:00+00:00
1718355720,67024.0,67055.0,67024.0,67055.0,0.1231446,2024-06-14 09:02:00+00:00
1718355780,67056.0,67056.0,67041.0,67041.0,0.00176932,2024-06-14 09:03:00+00:00
1718355840,67051.0,67070.0,67051.0,67070.0,0.04462385,2024-06-14 09:04:00+00:00
1718355900,67079.0,67079.0,67079.0,67079.0,0.0221625,2024-06-14 09:05:00+00:00
1718355960,67020.0,67026.0,67020.0,67023.0,1.06415112,2024-06-14 09:06:00+00:00
1718356020,67040.0,67054.0,67026.0,67054.0,0.33572532,2024-06-14 09:07:00+00:00
1718356080,67039.0,67049.0,67028.0,67028.0,0.21668375,2024-06-14 09:08:00+00:00
1718356140,67024.0,67024.0,67017.0,67019.0,0.12226453,2024-06-14 09:09:00+00:00
1718356200,67040.0,67045.0,67040.0,67045.0,0.00496362,2024-06-14 09:10:00+00:00
1718356260,67041.0,67058.0,67021.0,67021.0,0.34641026,2024-06-14 09:11:00+00:00
1718356320,66996.0,66998.0,66993.0,66998.0,0.27087248,2024-06-14 09:12:00+00:00
1718356380,66997.0,66997.0,66977.0,66979.0,0.01826914,2024-06-14 09:13:00+00:00
1718356440,66975.0,67034.0,66973.0,67030.0,0.22573479,2024-06-14 09:14:00+00:00
1718356500,67028.0,67029.0,66983.0,66985.0,0.343912,2024-06-14 09:15:00+00:00
1718356560,66998.0,66999.0,66993.0,66999.0,0.07295711,2024-06-14 09:16:00+00:00
1718356620,66998.0,66998.0,66986.0,66998.0,1.21778975,2024-06-14 09:17:00+00:00
1718356680,66986.0,66986.0,66986.0,66986.0,0.00626823,2024-06-14 09:18:00+00:00
1718356740,66985.0,66985.0,66963.0,66963.0,0.19068757,2024-06-14 09:19:00+00:00
1718356800,66971.0,66988.0,66971.0,66988.0,0.00916425,2024-06-14 09:20:00+00:00
1718356860,66973.0,66998.0,66973.0,66998.0,0.13237848,2024-06-14 09:21:00+00:00
1718356920,66995.0,66995.0,66992.0,66992.0,0.20584215,2024-06-14 09:22:00+00:00
1718356980,67005.0,67005.0,67005.0,67005.0,0.00737639,2024-06-14 09:23:00+00:00
1718357040,67027.0,67027.0,67024.0,67027.0,0.20192529,2024-06-14 09:24:00+00:00
1718357100,67055.0,67058.0,67055.0,67058.0,0.01192727,2024-06-14 09:25:00+00:00
1718357160,67056.0,67072.0,67056.0,67072.0,0.0208748,2024-06-14 09:26:00+00:00
1718357220,67085.0,67085.0,67068.0,67068.0,0.01515908,2024-06-14 09:27:00+00:00
1718357280,67056.0,67056.0,67049.0,67055.0,0.06392447,2024-06-14 09:28:00+00:00
1718357340,67052.0,67052.0,67017.0,67017.0,0.49551006,2024-06-14 09:29:00+00:00
1718357400,67016.0,67016.0,67004.0,67004.0,0.06804962,2024-06-14 09:30:00+00:00
1718357460,66988.0,66988.0,66977.0,66977.0,0.24666873,2024-06-14 09:31:00+00:00
1718357520,66971.0,66971.0,66950.0,66959.0,0.03956358,2024-06-14 09:32:00+00:00
1718357580,66989.0,66989.0,66978.0,66978.0,0.10217,2024-06-14 09:33:00+00:00
1718357640,66978.0,66978.0,66971.0,66975.0,0.28777314,2024-06-14 09:34:00+00:00
1718357700,66977.0,66977.0,66953.0,66953.0,0.29237316,2024-06-14 09:35:00+00:00
1718357760,66982.0,66982.0,66960.0,66965.0,0.34773395,2024-06-14 09:36:00+00:00
1718357820,66970.0,66985.0,66970.0,66974.0,0.5536575,2024-06-14 09:37:00+00:00
1718357880,66973.0,66973.0,66952.0,66952.0,0.19626445,2024-06-14 09:38:00+00:00
1718357940,66961.0,66961.0,66947.0,66947.0,0.12365768,2024-06-14 09:39:00+00:00
1718358000,66945.0,66945.0,66927.0,66939.0,0.40344498,2024-06-14 09:40:00+00:00
1718358060,66927.0,66927.0,66897.0,66897.0,18.85478426,2024-06-14 09:41:00+00:00
1718358120,66895.0,66895.0,66864.0,66864.0,2.20288689,2024-06-14 09:42:00+00:00
1718358180,66864.0,66864.0,66863.0,66864.0,0.18211147,2024-06-14 09:43:00+00:00
1718358240,66872.0,66895.0,66872.0,66878.0,0.16963436,2024-06-14 09:44:00+00:00
1718358300,66898.0,66898.0,66888.0,66888.0,0.03275652,2024-06-14 09:45:00+00:00
1718358360,66898.0,66906.0,66894.0,66904.0,0.02690309,2024-06-14 09:46:00+00:00
1718358420,66908.0,66908.0,66894.0,66896.0,0.04200829,2024-06-14 09:47:00+00:00
1718358480,66896.0,66925.0,66896.0,66925.0,0.10979754,2024-06-14 09:48:00+00:00
1718358540,66924.0,66924.0,66897.0,66897.0,0.23208412,2024-06-14 09:49:00+00:00
1718358600,66902.0,66902.0,66899.0,66902.0,0.00184956,2024-06-14 09:50:00+00:00
1718358660,66925.0,66933.0,66925.0,66929.0,0.0493021,2024-06-14 09:51:00+00:00
1718358720,66925.0,66925.0,66901.0,66901.0,0.03933993,2024-06-14 09:52:00+00:00
1718358780,66918.0,66919.0,66914.0,66919.0,0.0156124,2024-06-14 09:53:00+00:00
1718358840,66920.0,66920.0,66919.0,66920.0,0.01849738,2024-06-14 09:54:00+00:00
1718358900,66920.0,66920.0,66901.0,66901.0,0.13565204,2024-06-14 09:55:00+00:00
1718358960,66901.0,66901.0,66864.0,66864.0,0.30246073,2024-06-14 09:56:00+00:00
1718359020,66864.0,66886.0,66864.0,66886.0,0.41268695,2024-06-14 09:57:00+00:00
1718359080,66893.0,66895.0,66871.0,66871.0,0.4271627,2024-06-14 09:58:00+00:00
1718359140,66868.0,66868.0,66868.0,66868.0,0.07385,2024-06-14 09:59:00+00:00
1718359200,66867.0,66900.0,66864.0,66900.0,0.16498029,2024-06-14 10:00:00+00:00
1718359260,66889.0,66889.0,66877.0,66878.0,0.00222738,2024-06-14 10:01:00+00:00
1718359320,66879.0,66890.0,66879.0,66890.0,0.00592447,2024-06-14 10:02:00+00:00
1718359380,66882.0,66887.0,66863.0,66863.0,0.19994232,2024-06-14 10:03:00+00:00
1718359440,66863.0,66863.0,66832.0,66832.0,2.12966105,2024-06-14 10:04:00+00:00
1718359500,66832.0,66842.0,66831.0,66832.0,0.56630447,2024-06-14 10:05:00+00:00
1718359560,66831.0,66856.0,66799.0,66856.0,2.20808863,2024-06-14 10:06:00+00:00
1718359620,66852.0,66862.0,66847.0,66859.0,0.95966812,2024-06-14 10:07:00+00:00
1718359680,66875.0,66880.0,66873.0,66880.0,0.13898294,2024-06-14 10:08:00+00:00
1718359740,66883.0,66892.0,66866.0,66892.0,0.07126163,2024-06-14 10:09:00+00:00
1718359800,66902.0,66902.0,66884.0,66884.0,0.01658947,2024-06-14 10:10:00+00:00
1718359860,66895.0,66906.0,66895.0,66903.0,2.114,2024-06-14 10:11:00+00:00
1718359920,66923.0,66923.0,66913.0,66913.0,0.01249179,2024-06-14 10:12:00+00:00
1718359980,66918.0,66918.0,66902.0,66902.0,0.32605645,2024-06-14 10:13:00+00:00
1718360040,66892.0,66902.0,66892.0,66902.0,0.16940892,2024-06-14 10:14:00+00:00
1718360100,66903.0,66926.0,66902.0,66926.0,0.15209355,2024-06-14 10:15:00+00:00
1718360160,66934.0,66934.0,66909.0,66909.0,0.07612755,2024-06-14 10:16:00+00:00
1718360220,66912.0,66956.0,66912.0,66954.0,0.00814322,2024-06-14 10:17:00+00:00
1718360280,66947.0,66947.0,66934.0,66934.0,0.23946288,2024-06-14 10:18:00+00:00
1718360340,66914.0,66914.0,66893.0,66893.0,0.02271082,2024-06-14 10:19:00+00:00
1718360400,66891.0,66913.0,66891.0,66913.0,0.15621837,2024-06-14 10:20:00+00:00
1718360460,66939.0,66939.0,66899.0,66899.0,0.0768,2024-06-14 10:21:00+00:00
1718360520,66891.0,66891.0,66870.0,66870.0,0.08756928,2024-06-14 10:22:00+00:00
1718360580,66878.0,66878.0,66849.0,66852.0,0.38739727,2024-06-14 10:23:00+00:00
1718360640,66852.0,66860.0,66838.0,66838.0,0.01514726,2024-06-14 10:24:00+00:00
1718360700,66836.0,66836.0,66821.0,66821.0,0.8231327,2024-06-14 10:25:00+00:00
1718360760,66807.0,66846.0,66807.0,66820.0,0.85700897,2024-06-14 10:26:00+00:00
1718360820,66851.0,66855.0,66851.0,66854.0,0.00934644,2024-06-14 10:27:00+00:00
1718360880,66846.0,66867.0,66846.0,66867.0,0.11784872,2024-06-14 10:28:00+00:00
1718360940,66888.0,66888.0,66876.0,66882.0,0.13637461,2024-06-14 10:29:00+00:00
1718361000,66881.0,66884.0,66863.0,66872.0,0.53480385,2024-06-14 10:30:00+00:00
1718361060,66855.0,66859.0,66840.0,66852.0,0.56063348,2024-06-14 10:31:00+00:00
1718361120,66866.0,66866.0,66838.0,66838.0,0.02038336,2024-06-14 10:32:00+00:00
1718361180,66837.0,66849.0,66837.0,66848.0,0.18039626,2024-06-14 10:33:00+00:00
1718361240,66849.0,66852.0,66825.0,66825.0,0.2718992,2024-06-14 10:34:00+00:00
1718361300,66838.0,66845.0,66824.0,66845.0,0.07880711,2024-06-14 10:35:00+00:00
1718361360,66847.0,66848.0,66837.0,66837.0,0.13841938,2024-06-14 10:36:00+00:00
1718361420,66835.0,66835.0,66814.0,66814.0,0.1091027,2024-06-14 10:37:00+00:00
1718361480,66828.0,66849.0,66828.0,66835.0,0.11042515,2024-06-14 10:38:00+00:00
1718361540,66838.0,66840.0,66838.0,66840.0,0.00248588,2024-06-14 10:39:00+00:00
1718361600,66833.0,66839.0,66833.0,66837.0,0.01935169,2024-06-14 10:40:00+00:00
1718361660,66833.0,66833.0,66802.0,66816.0,0.02285919,2024-06-14 10:41:00+00:00
1718361720,66808.0,66816.0,66808.0,66816.0,0.08885697,2024-06-14 10:42:00+00:00
1718361780,66816.0,66833.0,66816.0,66832.0,0.02343518,2024-06-14 10:43:00+00:00
1718361840,66834.0,66843.0,66829.0,66834.0,0.03507171,2024-06-14 10:44:00+00:00
1718361900,66827.0,66827.0,66808.0,66808.0,0.02137085,2024-06-14 10:45:00+00:00
1718361960,66826.0,66842.0,66826.0,66842.0,0.91312493,2024-06-14 10:46:00+00:00
1718362020,66838.0,66838.0,66838.0,66838.0,0.00226066,2024-06-14 10:47:00+00:00
1718362080,66808.0,66808.0,66807.0,66808.0,0.08407396,2024-06-14 10:48:00+00:00
1718362140,66825.0,66825.0,66825.0,66825.0,0.00739759,2024-06-14 10:49:00+00:00
1718362200,66808.0,66825.0,66808.0,66823.0,0.12450263,2024-06-14 10:50:00+00:00
1718362260,66822.0,66831.0,66822.0,66828.0,0.01705968,2024-06-14 10:51:00+00:00
1718362320,66829.0,66833.0,66821.0,66826.0,0.37811,2024-06-14 10:52:00+00:00
1718362380,66838.0,66857.0,66838.0,66857.0,1.67319931,2024-06-14 10:53:00+00:00
1718362440,66847.0,66849.0,66847.0,66849.0,0.08239504,2024-06-14 10:54:00+00:00
1718362500,66857.0,66873.0,66853.0,66855.0,0.01782125,2024-06-14 10:55:00+00:00
1718362560,66847.0,66847.0,66831.0,66831.0,0.14818582,2024-06-14 10:56:00+00:00
1718362620,66825.0,66846.0,66825.0,66845.0,0.2004334,2024-06-14 10:57:00+00:00
1718362680,66848.0,66848.0,66831.0,66833.0,0.0100264,2024-06-14 10:58:00+00:00
1718362740,66836.0,66836.0,66836.0,66836.0,0.00739637,2024-06-14 10:59:00+00:00
1718362800,66811.0,66811.0,66803.0,66807.0,0.59835972,2024-06-14 11:00:00+00:00
1718362860,66792.0,66826.0,66792.0,66826.0,0.00447479,2024-06-14 11:01:00+00:00
1718362920,66824.0,66843.0,66824.0,66843.0,0.0824258,2024-06-14 11:02:00+00:00
1718362980,66847.0,66847.0,66847.0,66847.0,0.0713,2024-06-14 11:03:00+00:00
1718363040,66859.0,66859.0,66824.0,66836.0,0.91154839,2024-06-14 11:04:00+00:00
1718363100,66852.0,66855.0,66840.0,66855.0,0.08161493,2024-06-14 11:05:00+00:00
1718363160,66860.0,66860.0,66839.0,66841.0,0.23888896,2024-06-14 11:06:00+00:00
1718363220,66841.0,66841.0,66821.0,66821.0,0.007021,2024-06-14 11:07:00+00:00
1718363280,66792.0,66792.0,66727.0,66759.0,5.67794832,2024-06-14 11:08:00+00:00
1718363340,66784.0,66784.0,66750.0,66753.0,0.92137659,2024-06-14 11:09:00+00:00
1718363400,66762.0,66832.0,66762.0,66832.0,0.12845165,2024-06-14 11:10:00+00:00
1718363460,66800.0,66800.0,66800.0,66800.0,0.02350909,2024-06-14 11:11:00+00:00
1718363520,66798.0,66820.0,66790.0,66818.0,0.16311111,2024-06-14 11:12:00+00:00
1718363580,66812.0,66837.0,66811.0,66836.0,0.30044047,2024-06-14 11:13:00+00:00
1718363640,66826.0,66855.0,66826.0,66855.0,0.77007572,2024-06-14 11:14:00+00:00
1718363700,66847.0,66862.0,66840.0,66861.0,0.66016075,2024-06-14 11:15:00+00:00
1718363760,66875.0,66903.0,66875.0,66902.0,0.06148515,2024-06-14 11:16:00+00:00
1718363820,66876.0,66876.0,66847.0,66852.0,0.05502211,2024-06-14 11:17:00+00:00
1718363880,66865.0,66872.0,66865.0,66872.0,0.03389077,2024-06-14 11:18:00+00:00
1718363940,66871.0,66872.0,66847.0,66847.0,0.16278002,2024-06-14 11:19:00+00:00
1718364000,66848.0,66873.0,66848.0,66873.0,0.12547752,2024-06-14 11:20:00+00:00
1718364060,66876.0,66876.0,66866.0,66870.0,0.01508488,2024-06-14 11:21:00+00:00
1718364120,66880.0,66881.0,66877.0,66881.0,0.2360143,2024-06-14 11:22:00+00:00
1718364180,66863.0,66874.0,66861.0,66872.0,0.03084492,2024-06-14 11:23:00+00:00
1718364240,66882.0,66883.0,66876.0,66880.0,0.56117084,2024-06-14 11:24:00+00:00
1718364300,66882.0,66893.0,66882.0,66889.0,0.01614268,2024-06-14 11:25:00+00:00
1718364360,66890.0,66940.0,66888.0,66940.0,0.43851232,2024-06-14 11:26:00+00:00
1718364420,66932.0,66945.0,66932.0,66942.0,0.01507158,2024-06-14 11:27:00+00:00
1718364480,66952.0,67000.0,66952.0,66996.0,43.79363241,2024-06-14 11:28:00+00:00
1718364540,66990.0,67022.0,66990.0,67022.0,27.39245955,2024-06-14 11:29:00+00:00
1718364600,67017.0,67041.0,66991.0,67006.0,23.88417385,2024-06-14 11:30:00+00:00
1718364660,66997.0,67021.0,66997.0,67010.0,17.64877659,2024-06-14 11:31:00+00:00
1718364720,66997.0,67011.0,66997.0,67005.0,0.00452157,2024-06-14 11:32:00+00:00
1718364780,67005.0,67005.0,66978.0,66979.0,0.3594539,2024-06-14 11:33:00+00:00
1718364840,67029.0,67035.0,67013.0,67013.0,0.01224758,2024-06-14 11:34:00+00:00
1718364900,67012.0,67043.0,67008.0,67043.0,0.10484027,2024-06-14 11:35:00+00:00
1718364960,67044.0,67044.0,67037.0,67039.0,0.00213901,2024-06-14 11:36:00+00:00
1718365020,67003.0,67033.0,67003.0,67015.0,0.01869367,2024-06-14 11:37:00+00:00
1718365080,66988.0,66988.0,66980.0,66980.0,0.01955127,2024-06-14 11:38:00+00:00
1718365140,66981.0,67000.0,66972.0,67000.0,1.4507016,2024-06-14 11:39:00+00:00
1718365200,66985.0,66989.0,66985.0,66985.0,0.06625417,2024-06-14 11:40:00+00:00
1718365260,66985.0,66985.0,66985.0,66985.0,0.0,2024-06-14 11:41:00+00:00
1718365320,67019.0,67020.0,67004.0,67005.0,0.19282467,2024-06-14 11:42:00+00:00
1718365380,67005.0,67005.0,66979.0,66979.0,0.14982179,2024-06-14 11:43:00+00:00
1718365440,66967.0,66969.0,66967.0,66969.0,0.02110778,2024-06-14 11:44:00+00:00
1718365500,66967.0,67002.0,66967.0,66983.0,0.1505453,2024-06-14 11:45:00+00:00
1718365560,66979.0,67017.0,66979.0,67017.0,0.02062087,2024-06-14 11:46:00+00:00
1718365620,67013.0,67013.0,66990.0,66992.0,0.19217733,2024-06-14 11:47:00+00:00
1718365680,66993.0,67040.0,66993.0,67040.0,0.07788419,2024-06-14 11:48:00+00:00
1718365740,67047.0,67048.0,67030.0,67048.0,1.31104247,2024-06-14 11:49:00+00:00
1718365800,67047.0,67047.0,67020.0,67022.0,0.12026333,2024-06-14 11:50:00+00:00
1718365860,67034.0,67048.0,67033.0,67046.0,0.34511931,2024-06-14 11:51:00+00:00
1718365920,67030.0,67030.0,67029.0,67029.0,0.26628187,2024-06-14 11:52:00+00:00
1718365980,67044.0,67045.0,67027.0,67029.0,0.69448349,2024-06-14 11:53:00+00:00
1718366040,67029.0,67029.0,67015.0,67016.0,0.01249997,2024-06-14 11:54:00+00:00
1718366100,67029.0,67036.0,67009.0,67009.0,0.45193803,2024-06-14 11:55:00+00:00
1718366160,67000.0,67006.0,66987.0,66991.0,0.28851015,2024-06-14 11:56:00+00:00
1718366220,66984.0,66985.0,66963.0,66963.0,0.12804715,2024-06-14 11:57:00+00:00
1718366280,66954.0,66986.0,66954.0,66981.0,0.22713157,2024-06-14 11:58:00+00:00
1718366340,66979.0,66980.0,66956.0,66980.0,0.12489159,2024-06-14 11:59:00+00:00
1718366400,66990.0,66990.0,66989.0,66989.0,0.01180741,2024-06-14 12:00:00+00:00
1718366460,66986.0,66989.0,66974.0,66974.0,0.40395925,2024-06-14 12:01:00+00:00
1718366520,67002.0,67002.0,66955.0,66957.0,0.01481583,2024-06-14 12:02:00+00:00
1718366580,66957.0,66957.0,66957.0,66957.0,0.112,2024-06-14 12:03:00+00:00
1718366640,66995.0,66996.0,66991.0,66992.0,0.01706395,2024-06-14 12:04:00+00:00
1718366700,67004.0,67034.0,67004.0,67034.0,0.01528916,2024-06-14 12:05:00+00:00
1718366760,67048.0,67064.0,67048.0,67064.0,0.99053854,2024-06-14 12:06:00+00:00
1718366820,67058.0,67061.0,67035.0,67035.0,0.24318165,2024-06-14 12:07:00+00:00
1718366880,67036.0,67043.0,67003.0,67003.0,0.03666334,2024-06-14 12:08:00+00:00
1718366940,66968.0,66976.0,66941.0,66976.0,0.13017292,2024-06-14 12:09:00+00:00
1718367000,66978.0,67004.0,66978.0,66989.0,0.06691117,2024-06-14 12:10:00+00:00
1718367060,67009.0,67046.0,67008.0,67043.0,0.42690971,2024-06-14 12:11:00+00:00
1718367120,67044.0,67072.0,67044.0,67072.0,1.17171258,2024-06-14 12:12:00+00:00
1718367180,67080.0,67096.0,67080.0,67096.0,1.64312748,2024-06-14 12:13:00+00:00
1718367240,67104.0,67112.0,67099.0,67112.0,0.79584797,2024-06-14 12:14:00+00:00
1718367300,67112.0,67134.0,67112.0,67115.0,1.5708346,2024-06-14 12:15:00+00:00
1718367360,67132.0,67152.0,67132.0,67152.0,1.09849008,2024-06-14 12:16:00+00:00
1718367420,67152.0,67168.0,67142.0,67168.0,1.10762236,2024-06-14 12:17:00+00:00
1718367480,67168.0,67196.0,67141.0,67196.0,1.64792398,2024-06-14 12:18:00+00:00
1718367540,67200.0,67201.0,67186.0,67193.0,0.42258615,2024-06-14 12:19:00+00:00
1718367600,67201.0,67232.0,67182.0,67182.0,3.3508948,2024-06-14 12:20:00+00:00
1718367660,67220.0,67233.0,67209.0,67209.0,0.08564348,2024-06-14 12:21:00+00:00
1718367720,67207.0,67233.0,67207.0,67233.0,0.0271665,2024-06-14 12:22:00+00:00
1718367780,67212.0,67233.0,67211.0,67222.0,0.17185393,2024-06-14 12:23:00+00:00
1718367840,67232.0,67233.0,67210.0,67219.0,0.53368004,2024-06-14 12:24:00+00:00
1718367900,67223.0,67233.0,67217.0,67227.0,0.22750299,2024-06-14 12:25:00+00:00
1718367960,67233.0,67241.0,67213.0,67213.0,0.39734894,2024-06-14 12:26:00+00:00
1718368020,67181.0,67181.0,67118.0,67122.0,1.24790938,2024-06-14 12:27:00+00:00
1718368080,67134.0,67180.0,67133.0,67167.0,0.0254288,2024-06-14 12:28:00+00:00
1718368140,67189.0,67193.0,67153.0,67160.0,0.07421272,2024-06-14 12:29:00+00:00
1718368200,67158.0,67195.0,67151.0,67173.0,0.06684795,2024-06-14 12:30:00+00:00
1718368260,67169.0,67200.0,67169.0,67198.0,15.44150319,2024-06-14 12:31:00+00:00
1718368320,67182.0,67182.0,67150.0,67150.0,0.11909234,2024-06-14 12:32:00+00:00
1718368380,67119.0,67119.0,67060.0,67060.0,2.50273289,2024-06-14 12:33:00+00:00
1718368440,67072.0,67076.0,67040.0,67055.0,4.42916608,2024-06-14 12:34:00+00:00
1718368500,67058.0,67066.0,67040.0,67058.0,1.67394325,2024-06-14 12:35:00+00:00
1718368560,67041.0,67076.0,67041.0,67076.0,0.07760341,2024-06-14 12:36:00+00:00
1718368620,67070.0,67096.0,67063.0,67071.0,0.08726487,2024-06-14 12:37:00+00:00
1718368680,67077.0,67086.0,67063.0,67084.0,0.00185622,2024-06-14 12:38:00+00:00
1718368740,67083.0,67083.0,67059.0,67060.0,0.2358153,2024-06-14 12:39:00+00:00
1718368800,67078.0,67091.0,67077.0,67090.0,0.14527485,2024-06-14 12:40:00+00:00
1718368860,67079.0,67079.0,67058.0,67058.0,0.25346909,2024-06-14 12:41:00+00:00
1718368920,67069.0,67069.0,67026.0,67026.0,0.01685115,2024-06-14 12:42:00+00:00
1718368980,67049.0,67049.0,67049.0,67049.0,0.00933,2024-06-14 12:43:00+00:00
1718369040,67050.0,67050.0,67021.0,67021.0,0.00504,2024-06-14 12:44:00+00:00
1718369100,67026.0,67040.0,67025.0,67025.0,0.34851054,2024-06-14 12:45:00+00:00
1718369160,67032.0,67050.0,67032.0,67050.0,0.02607478,2024-06-14 12:46:00+00:00
1718369220,67052.0,67052.0,67021.0,67021.0,0.54634382,2024-06-14 12:47:00+00:00
1718369280,67019.0,67022.0,66983.0,66983.0,18.1394069,2024-06-14 12:48:00+00:00
1718369340,66976.0,66976.0,66970.0,66970.0,0.55047831,2024-06-14 12:49:00+00:00
1718369400,66967.0,66985.0,66967.0,66977.0,0.06643594,2024-06-14 12:50:00+00:00
1718369460,66971.0,66971.0,66944.0,66944.0,2.28255391,2024-06-14 12:51:00+00:00
1718369520,66970.0,66992.0,66959.0,66992.0,0.01509602,2024-06-14 12:52:00+00:00
1718369580,66998.0,67011.0,66998.0,67008.0,0.08111423,2024-06-14 12:53:00+00:00
1718369640,67024.0,67030.0,67024.0,67030.0,0.03351474,2024-06-14 12:54:00+00:00
1718369700,67045.0,67045.0,67045.0,67045.0,0.00190537,2024-06-14 12:55:00+00:00
1718369760,67024.0,67057.0,67015.0,67057.0,0.1862967,2024-06-14 12:56:00+00:00
1718369820,67038.0,67038.0,67017.0,67019.0,0.08843325,2024-06-14 12:57:00+00:00
1718369880,67037.0,67046.0,67035.0,67046.0,0.03077765,2024-06-14 12:58:00+00:00
1718369940,67045.0,67059.0,67040.0,67040.0,0.0086597,2024-06-14 12:59:00+00:00
1718370000,67042.0,67051.0,67029.0,67050.0,0.04911899,2024-06-14 13:00:00+00:00
1718370060,67064.0,67090.0,67064.0,67075.0,0.29096305,2024-06-14 13:01:00+00:00
1718370120,67080.0,67107.0,67073.0,67107.0,2.00517459,2024-06-14 13:02:00+00:00
1718370180,67086.0,67086.0,67077.0,67077.0,0.20776437,2024-06-14 13:03:00+00:00
1718370240,67078.0,67078.0,67066.0,67068.0,0.06544693,2024-06-14 13:04:00+00:00
1718370300,67078.0,67094.0,67078.0,67085.0,0.38986509,2024-06-14 13:05:00+00:00
1718370360,67065.0,67065.0,67021.0,67025.0,2.28977832,2024-06-14 13:06:00+00:00
1718370420,67021.0,67038.0,67017.0,67017.0,5.78994115,2024-06-14 13:07:00+00:00
1718370480,67008.0,67013.0,66986.0,66986.0,0.10441837,2024-06-14 13:08:00+00:00
1718370540,66983.0,66986.0,66943.0,66943.0,0.3628382,2024-06-14 13:09:00+00:00
1718370600,66944.0,66947.0,66943.0,66947.0,0.01847512,2024-06-14 13:10:00+00:00
1718370660,66944.0,66950.0,66920.0,66942.0,4.01634643,2024-06-14 13:11:00+00:00
1718370720,66929.0,66930.0,66920.0,66921.0,1.69687689,2024-06-14 13:12:00+00:00
1718370780,66921.0,66969.0,66921.0,66969.0,14.03046709,2024-06-14 13:13:00+00:00
1718370840,66977.0,66997.0,66976.0,66997.0,0.23591391,2024-06-14 13:14:00+00:00
1718370900,66995.0,67007.0,66993.0,67007.0,1.29485,2024-06-14 13:15:00+00:00
1718370960,67025.0,67047.0,67022.0,67047.0,0.10526208,2024-06-14 13:16:00+00:00
1718371020,67045.0,67078.0,67045.0,67078.0,0.80474561,2024-06-14 13:17:00+00:00
1718371080,67076.0,67134.0,67076.0,67115.0,2.65034959,2024-06-14 13:18:00+00:00
1718371140,67125.0,67148.0,67125.0,67136.0,0.62026172,2024-06-14 13:19:00+00:00
1718371200,67119.0,67147.0,67118.0,67145.0,0.08538153,2024-06-14 13:20:00+00:00
1718371260,67145.0,67176.0,67139.0,67176.0,1.36414118,2024-06-14 13:21:00+00:00
1718371320,67176.0,67201.0,67175.0,67180.0,18.64956005,2024-06-14 13:22:00+00:00
1718371380,67184.0,67201.0,67179.0,67200.0,0.34686063,2024-06-14 13:23:00+00:00
1718371440,67197.0,67217.0,67197.0,67217.0,1.07757914,2024-06-14 13:24:00+00:00
1718371500,67210.0,67223.0,67195.0,67223.0,0.83333014,2024-06-14 13:25:00+00:00
1718371560,67225.0,67233.0,67224.0,67233.0,0.85127304,2024-06-14 13:26:00+00:00
1718371620,67233.0,67271.0,67233.0,67242.0,4.34005407,2024-06-14 13:27:00+00:00
1718371680,67241.0,67241.0,67208.0,67220.0,0.26401959,2024-06-14 13:28:00+00:00
1718371740,67248.0,67289.0,67248.0,67289.0,1.20571094,2024-06-14 13:29:00+00:00
1718371800,67282.0,67286.0,67234.0,67234.0,0.03077056,2024-06-14 13:30:00+00:00
1718371860,67250.0,67257.0,67221.0,67226.0,0.05043171,2024-06-14 13:31:00+00:00
1718371920,67221.0,67273.0,67220.0,67248.0,0.60963402,2024-06-14 13:32:00+00:00
1718371980,67231.0,67272.0,67209.0,67270.0,9.32165319,2024-06-14 13:33:00+00:00
1718372040,67273.0,67306.0,67253.0,67306.0,15.3300392,2024-06-14 13:34:00+00:00
1718372100,67306.0,67314.0,67240.0,67244.0,8.60131293,2024-06-14 13:35:00+00:00
1718372160,67244.0,67244.0,67129.0,67129.0,3.52554135,2024-06-14 13:36:00+00:00
1718372220,67132.0,67134.0,67107.0,67134.0,1.33632398,2024-06-14 13:37:00+00:00
1718372280,67154.0,67174.0,67133.0,67174.0,9.25701619,2024-06-14 13:38:00+00:00
1718372340,67180.0,67210.0,67178.0,67180.0,3.98201882,2024-06-14 13:39:00+00:00
1718372400,67206.0,67206.0,67141.0,67170.0,0.79376738,2024-06-14 13:40:00+00:00
1718372460,67200.0,67230.0,67193.0,67206.0,0.63164026,2024-06-14 13:41:00+00:00
1718372520,67194.0,67194.0,67161.0,67161.0,0.16780974,2024-06-14 13:42:00+00:00
1718372580,67160.0,67183.0,67155.0,67156.0,0.31501711,2024-06-14 13:43:00+00:00
1718372640,67149.0,67149.0,67117.0,67117.0,0.26664968,2024-06-14 13:44:00+00:00
1718372700,67131.0,67167.0,67131.0,67154.0,0.01251277,2024-06-14 13:45:00+00:00
1718372760,67149.0,67169.0,67134.0,67135.0,0.13131063,2024-06-14 13:46:00+00:00
1718372820,67149.0,67156.0,67124.0,67124.0,0.02781293,2024-06-14 13:47:00+00:00
1718372880,67114.0,67129.0,67105.0,67105.0,0.09002973,2024-06-14 13:48:00+00:00
1718372940,67104.0,67123.0,67083.0,67123.0,0.45282754,2024-06-14 13:49:00+00:00
1718373000,67106.0,67147.0,67106.0,67147.0,0.03870279,2024-06-14 13:50:00+00:00
1718373060,67142.0,67142.0,67132.0,67138.0,0.30426812,2024-06-14 13:51:00+00:00
1718373120,67134.0,67141.0,67128.0,67133.0,0.03276086,2024-06-14 13:52:00+00:00
1718373180,67173.0,67174.0,67138.0,67138.0,0.25645112,2024-06-14 13:53:00+00:00
1718373240,67178.0,67195.0,67166.0,67180.0,0.82593731,2024-06-14 13:54:00+00:00
1718373300,67166.0,67174.0,67142.0,67174.0,0.30691918,2024-06-14 13:55:00+00:00
1718373360,67180.0,67180.0,67111.0,67123.0,0.0887021,2024-06-14 13:56:00+00:00
1718373420,67081.0,67096.0,67081.0,67086.0,0.34828036,2024-06-14 13:57:00+00:00
1718373480,67084.0,67087.0,67084.0,67087.0,0.28280408,2024-06-14 13:58:00+00:00
1718373540,67080.0,67081.0,67041.0,67043.0,18.75962652,2024-06-14 13:59:00+00:00
1718373600,67040.0,67082.0,66991.0,66991.0,4.29368623,2024-06-14 14:00:00+00:00
1718373660,66991.0,67001.0,66932.0,66932.0,4.41559359,2024-06-14 14:01:00+00:00
1718373720,66974.0,66974.0,66940.0,66955.0,0.1305393,2024-06-14 14:02:00+00:00
1718373780,66971.0,66974.0,66956.0,66956.0,0.06441423,2024-06-14 14:03:00+00:00
1718373840,66955.0,66955.0,66911.0,66939.0,1.21265985,2024-06-14 14:04:00+00:00
1718373900,66928.0,66986.0,66920.0,66920.0,0.02250147,2024-06-14 14:05:00+00:00
1718373960,66918.0,66973.0,66912.0,66967.0,0.31278078,2024-06-14 14:06:00+00:00
1718374020,66996.0,67029.0,66996.0,67029.0,0.20889786,2024-06-14 14:07:00+00:00
1718374080,67062.0,67062.0,67005.0,67008.0,0.59707302,2024-06-14 14:08:00+00:00
1718374140,66989.0,66990.0,66937.0,66937.0,0.31280645,2024-06-14 14:09:00+00:00
1718374200,66952.0,66962.0,66935.0,66935.0,0.36839311,2024-06-14 14:10:00+00:00
1718374260,66947.0,66966.0,66947.0,66964.0,0.04493711,2024-06-14 14:11:00+00:00
1718374320,66956.0,66956.0,66928.0,66936.0,0.0368845,2024-06-14 14:12:00+00:00
1718374380,66937.0,66937.0,66912.0,66925.0,0.18780936,2024-06-14 14:13:00+00:00
1718374440,66945.0,66955.0,66927.0,66951.0,0.1386672,2024-06-14 14:14:00+00:00
1718374500,66948.0,66969.0,66922.0,66959.0,0.37744222,2024-06-14 14:15:00+00:00
1718374560,66926.0,67002.0,66926.0,67002.0,0.00997658,2024-06-14 14:16:00+00:00
1718374620,67012.0,67012.0,66921.0,66928.0,0.02407789,2024-06-14 14:17:00+00:00
1718374680,66921.0,66935.0,66900.0,66926.0,1.10511707,2024-06-14 14:18:00+00:00
1718374740,66923.0,66923.0,66867.0,66871.0,2.31015076,2024-06-14 14:19:00+00:00
1718374800,66865.0,66875.0,66823.0,66824.0,2.80749453,2024-06-14 14:20:00+00:00
1718374860,66823.0,66871.0,66823.0,66871.0,0.56655188,2024-06-14 14:21:00+00:00
1718374920,66820.0,66823.0,66775.0,66775.0,2.76260669,2024-06-14 14:22:00+00:00
1718374980,66785.0,66793.0,66767.0,66769.0,0.00907481,2024-06-14 14:23:00+00:00
1718375040,66770.0,66772.0,66759.0,66760.0,1.20605297,2024-06-14 14:24:00+00:00
1718375100,66759.0,66775.0,66759.0,66775.0,0.77428933,2024-06-14 14:25:00+00:00
1718375160,66774.0,66774.0,66687.0,66722.0,10.94397431,2024-06-14 14:26:00+00:00
1718375220,66712.0,66712.0,66597.0,66598.0,8.85835537,2024-06-14 14:27:00+00:00
1718375280,66619.0,66619.0,66567.0,66608.0,1.82924057,2024-06-14 14:28:00+00:00
1718375340,66635.0,66673.0,66567.0,66650.0,0.40078966,2024-06-14 14:29:00+00:00
1718375400,66671.0,66708.0,66670.0,66708.0,1.37638278,2024-06-14 14:30:00+00:00
1718375460,66690.0,66690.0,66551.0,66551.0,2.87818507,2024-06-14 14:31:00+00:00
1718375520,66551.0,66602.0,66527.0,66543.0,3.47353341,2024-06-14 14:32:00+00:00
1718375580,66543.0,66653.0,66530.0,66653.0,1.38303023,2024-06-14 14:33:00+00:00
1718375640,66654.0,66708.0,66652.0,66708.0,5.17888978,2024-06-14 14:34:00+00:00
1718375700,66701.0,66702.0,66614.0,66660.0,4.21905073,2024-06-14 14:35:00+00:00
1718375760,66655.0,66705.0,66581.0,66703.0,1.78605499,2024-06-14 14:36:00+00:00
1718375820,66704.0,66716.0,66704.0,66709.0,0.01941231,2024-06-14 14:37:00+00:00
1718375880,66704.0,66791.0,66693.0,66791.0,18.22441881,2024-06-14 14:38:00+00:00
1718375940,66776.0,66787.0,66738.0,66743.0,0.18631896,2024-06-14 14:39:00+00:00
1718376000,66762.0,66772.0,66735.0,66735.0,0.36626034,2024-06-14 14:40:00+00:00
1718376060,66724.0,66756.0,66654.0,66686.0,1.31780561,2024-06-14 14:41:00+00:00
1718376120,66669.0,66679.0,66659.0,66671.0,0.0048256,2024-06-14 14:42:00+00:00
1718376180,66647.0,66752.0,66647.0,66731.0,0.02137339,2024-06-14 14:43:00+00:00
1718376240,66730.0,66807.0,66730.0,66802.0,1.40053529,2024-06-14 14:44:00+00:00
1718376300,66802.0,66802.0,66742.0,66749.0,0.26075154,2024-06-14 14:45:00+00:00
1718376360,66764.0,66823.0,66764.0,66823.0,1.17479991,2024-06-14 14:46:00+00:00
1718376420,66823.0,66847.0,66823.0,66847.0,1.18254745,2024-06-14 14:47:00+00:00
1718376480,66814.0,66822.0,66813.0,66822.0,0.01087617,2024-06-14 14:48:00+00:00
1718376540,66821.0,66856.0,66818.0,66856.0,1.1363033,2024-06-14 14:49:00+00:00
1718376600,66849.0,66886.0,66849.0,66886.0,1.67360767,2024-06-14 14:50:00+00:00
1718376660,66887.0,66903.0,66855.0,66868.0,4.02855145,2024-06-14 14:51:00+00:00
1718376720,66865.0,66917.0,66865.0,66917.0,1.15300051,2024-06-14 14:52:00+00:00
1718376780,66915.0,66933.0,66912.0,66914.0,0.56739285,2024-06-14 14:53:00+00:00
1718376840,66935.0,66935.0,66916.0,66916.0,0.47921236,2024-06-14 14:54:00+00:00
1718376900,66935.0,66959.0,66935.0,66959.0,2.85994243,2024-06-14 14:55:00+00:00
1718376960,66959.0,66975.0,66943.0,66970.0,5.00711713,2024-06-14 14:56:00+00:00
1718377020,66954.0,66954.0,66931.0,66938.0,4.26828319,2024-06-14 14:57:00+00:00
1718377080,66943.0,66952.0,66927.0,66946.0,0.45089574,2024-06-14 14:58:00+00:00
1718377140,66944.0,66954.0,66928.0,66952.0,0.36519441,2024-06-14 14:59:00+00:00
1718377200,66952.0,66952.0,66911.0,66911.0,0.28709245,2024-06-14 15:00:00+00:00
1718377260,66911.0,66959.0,66911.0,66932.0,0.13400362,2024-06-14 15:01:00+00:00
1718377320,66902.0,66913.0,66865.0,66877.0,0.27753137,2024-06-14 15:02:00+00:00
1718377380,66873.0,66873.0,66831.0,66851.0,0.14198521,2024-06-14 15:03:00+00:00
1718377440,66853.0,66871.0,66843.0,66859.0,0.13337477,2024-06-14 15:04:00+00:00
1718377500,66880.0,66900.0,66830.0,66830.0,0.35848862,2024-06-14 15:05:00+00:00
1718377560,66830.0,66830.0,66794.0,66819.0,0.25234379,2024-06-14 15:06:00+00:00
1718377620,66795.0,66795.0,66758.0,66760.0,0.11759723,2024-06-14 15:07:00+00:00
1718377680,66759.0,66768.0,66745.0,66768.0,0.12814942,2024-06-14 15:08:00+00:00
1718377740,66797.0,66807.0,66771.0,66771.0,0.472878,2024-06-14 15:09:00+00:00
1718377800,66773.0,66820.0,66770.0,66820.0,0.51134447,2024-06-14 15:10:00+00:00
1718377860,66819.0,66821.0,66787.0,66793.0,0.48263636,2024-06-14 15:11:00+00:00
1718377920,66793.0,66815.0,66781.0,66802.0,0.68032169,2024-06-14 15:12:00+00:00
1718377980,66805.0,66805.0,66755.0,66769.0,0.17721118,2024-06-14 15:13:00+00:00
1718378040,66779.0,66818.0,66779.0,66810.0,0.22569481,2024-06-14 15:14:00+00:00
1718378100,66810.0,66817.0,66745.0,66754.0,1.02640282,2024-06-14 15:15:00+00:00
1718378160,66757.0,66838.0,66719.0,66837.0,3.0526853,2024-06-14 15:16:00+00:00
1718378220,66838.0,66860.0,66814.0,66818.0,0.63963254,2024-06-14 15:17:00+00:00
1718378280,66805.0,66806.0,66775.0,66806.0,1.1322899,2024-06-14 15:18:00+00:00
1718378340,66806.0,66812.0,66781.0,66808.0,0.63243374,2024-06-14 15:19:00+00:00
1718378400,66809.0,66842.0,66799.0,66836.0,1.35670371,2024-06-14 15:20:00+00:00
1718378460,66836.0,66838.0,66772.0,66772.0,0.63073272,2024-06-14 15:21:00+00:00
1718378520,66772.0,66812.0,66771.0,66791.0,1.31917032,2024-06-14 15:22:00+00:00
1718378580,66788.0,66821.0,66783.0,66806.0,0.83144121,2024-06-14 15:23:00+00:00
1718378640,66804.0,66815.0,66785.0,66812.0,0.73675946,2024-06-14 15:24:00+00:00
1718378700,66813.0,66927.0,66800.0,66913.0,1.33102785,2024-06-14 15:25:00+00:00
1718378760,66913.0,66913.0,66852.0,66872.0,0.90762016,2024-06-14 15:26:00+00:00
1718378820,66872.0,66902.0,66872.0,66899.0,1.96894272,2024-06-14 15:27:00+00:00
1718378880,66896.0,66928.0,66896.0,66918.0,1.64449486,2024-06-14 15:28:00+00:00
1718378940,66908.0,66922.0,66867.0,66867.0,0.85647943,2024-06-14 15:29:00+00:00
1718379000,66911.0,66924.0,66904.0,66924.0,0.03242773,2024-06-14 15:30:00+00:00
1718379060,66924.0,66959.0,66924.0,66959.0,0.28819043,2024-06-14 15:31:00+00:00
1718379120,66956.0,66966.0,66944.0,66955.0,0.16074445,2024-06-14 15:32:00+00:00
1718379180,66952.0,67015.0,66943.0,66962.0,12.60397737,2024-06-14 15:33:00+00:00
1718379240,66958.0,66958.0,66923.0,66929.0,0.3176587,2024-06-14 15:34:00+00:00
1718379300,66935.0,66962.0,66935.0,66940.0,0.84041593,2024-06-14 15:35:00+00:00
1718379360,66942.0,66949.0,66911.0,66911.0,0.05276127,2024-06-14 15:36:00+00:00
1718379420,66896.0,66896.0,66862.0,66862.0,0.09029308,2024-06-14 15:37:00+00:00
1718379480,66836.0,66840.0,66830.0,66832.0,0.59370966,2024-06-14 15:38:00+00:00
1718379540,66833.0,66833.0,66815.0,66815.0,0.0117319,2024-06-14 15:39:00+00:00
1718379600,66811.0,66820.0,66770.0,66770.0,1.54715922,2024-06-14 15:40:00+00:00
1718379660,66769.0,66769.0,66759.0,66760.0,17.01705281,2024-06-14 15:41:00+00:00
1718379720,66759.0,66760.0,66743.0,66743.0,1.65864662,2024-06-14 15:42:00+00:00
1718379780,66741.0,66744.0,66647.0,66647.0,6.26452299,2024-06-14 15:43:00+00:00
1718379840,66639.0,66640.0,66615.0,66617.0,2.33241009,2024-06-14 15:44:00+00:00
1718379900,66616.0,66631.0,66608.0,66614.0,0.48531755,2024-06-14 15:45:00+00:00
1718379960,66608.0,66608.0,66551.0,66573.0,4.07416494,2024-06-14 15:46:00+00:00
1718380020,66551.0,66561.0,66536.0,66549.0,1.14234553,2024-06-14 15:47:00+00:00
1718380080,66562.0,66562.0,66456.0,66467.0,9.96030617,2024-06-14 15:48:00+00:00
1718380140,66466.0,66491.0,66447.0,66472.0,8.87676076,2024-06-14 15:49:00+00:00
1718380200,66485.0,66497.0,66443.0,66443.0,4.40841502,2024-06-14 15:50:00+00:00
1718380260,66440.0,66440.0,66367.0,66390.0,17.23412754,2024-06-14 15:51:00+00:00
1718380320,66389.0,66412.0,66358.0,66409.0,6.43967703,2024-06-14 15:52:00+00:00
1718380380,66411.0,66446.0,66398.0,66403.0,0.51224253,2024-06-14 15:53:00+00:00
1718380440,66384.0,66406.0,66371.0,66394.0,1.06411285,2024-06-14 15:54:00+00:00
1718380500,66395.0,66407.0,66330.0,66330.0,9.15844752,2024-06-14 15:55:00+00:00
1718380560,66327.0,66397.0,66327.0,66332.0,0.60440786,2024-06-14 15:56:00+00:00
1718380620,66327.0,66331.0,66311.0,66331.0,0.63929924,2024-06-14 15:57:00+00:00
1718380680,66323.0,66355.0,66321.0,66355.0,0.17910602,2024-06-14 15:58:00+00:00
1718380740,66369.0,66379.0,66340.0,66356.0,0.01119882,2024-06-14 15:59:00+00:00
1718380800,66348.0,66418.0,66348.0,66418.0,0.05754065,2024-06-14 16:00:00+00:00
1718380860,66416.0,66416.0,66386.0,66403.0,0.11799067,2024-06-14 16:01:00+00:00
1718380920,66443.0,66459.0,66438.0,66455.0,0.37980569,2024-06-14 16:02:00+00:00
1718380980,66424.0,66456.0,66424.0,66456.0,0.0994666,2024-06-14 16:03:00+00:00
1718381040,66431.0,66431.0,66353.0,66353.0,0.16093053,2024-06-14 16:04:00+00:00
1718381100,66331.0,66346.0,66284.0,66284.0,5.11642564,2024-06-14 16:05:00+00:00
1718381160,66284.0,66299.0,66272.0,66280.0,1.91564066,2024-06-14 16:06:00+00:00
1718381220,66278.0,66312.0,66248.0,66248.0,3.80422364,2024-06-14 16:07:00+00:00
1718381280,66240.0,66241.0,65956.0,66088.0,28.68552205,2024-06-14 16:08:00+00:00
1718381340,66092.0,66116.0,65536.0,65806.0,54.23340626,2024-06-14 16:09:00+00:00
1718381400,65799.0,66100.0,65768.0,66078.0,25.91281266,2024-06-14 16:10:00+00:00
1718381460,66048.0,66070.0,65990.0,66053.0,5.56023179,2024-06-14 16:11:00+00:00
1718381520,66089.0,66089.0,65986.0,66012.0,3.15505811,2024-06-14 16:12:00+00:00
1718381580,65972.0,65972.0,65796.0,65817.0,5.41799516,2024-06-14 16:13:00+00:00
1718381640,65847.0,65875.0,65796.0,65815.0,2.48693453,2024-06-14 16:14:00+00:00
1718381700,65808.0,65957.0,65788.0,65925.0,3.40349287,2024-06-14 16:15:00+00:00
1718381760,65917.0,65917.0,65774.0,65774.0,18.27198535,2024-06-14 16:16:00+00:00
1718381820,65786.0,65786.0,65678.0,65700.0,10.28526942,2024-06-14 16:17:00+00:00
1718381880,65688.0,65846.0,65678.0,65812.0,1.46964742,2024-06-14 16:18:00+00:00
1718381940,65808.0,65842.0,65748.0,65768.0,15.17572574,2024-06-14 16:19:00+00:00
1718382000,65811.0,65914.0,65780.0,65879.0,8.83293203,2024-06-14 16:20:00+00:00
1718382060,65840.0,65896.0,65827.0,65862.0,4.25834592,2024-06-14 16:21:00+00:00
1718382120,65864.0,65864.0,65771.0,65771.0,5.3615377,2024-06-14 16:22:00+00:00
1718382180,65789.0,65810.0,65698.0,65721.0,6.63777738,2024-06-14 16:23:00+00:00
1718382240,65722.0,65745.0,65678.0,65684.0,3.53583271,2024-06-14 16:24:00+00:00
1718382300,65678.0,65705.0,65654.0,65665.0,3.62815348,2024-06-14 16:25:00+00:00
1718382360,65646.0,65646.0,65568.0,65609.0,8.5422882,2024-06-14 16:26:00+00:00
1718382420,65617.0,65617.0,65505.0,65526.0,4.70342521,2024-06-14 16:27:00+00:00
1718382480,65539.0,65544.0,65505.0,65532.0,3.65397268,2024-06-14 16:28:00+00:00
1718382540,65505.0,65521.0,65269.0,65274.0,25.84521321,2024-06-14 16:29:00+00:00
1718382600,65306.0,65337.0,65270.0,65270.0,1.61964445,2024-06-14 16:30:00+00:00
1718382660,65270.0,65421.0,65269.0,65371.0,0.25003874,2024-06-14 16:31:00+00:00
1718382720,65313.0,65428.0,65313.0,65370.0,0.88894787,2024-06-14 16:32:00+00:00
1718382780,65400.0,65404.0,65313.0,65331.0,0.03116231,2024-06-14 16:33:00+00:00
1718382840,65311.0,65311.0,65254.0,65255.0,1.70435629,2024-06-14 16:34:00+00:00
1718382900,65255.0,65330.0,65238.0,65330.0,2.16703754,2024-06-14 16:35:00+00:00
1718382960,65392.0,65481.0,65392.0,65425.0,0.56439908,2024-06-14 16:36:00+00:00
1718383020,65390.0,65419.0,65279.0,65279.0,0.3623149,2024-06-14 16:37:00+00:00
1718383080,65330.0,65371.0,65330.0,65365.0,0.02434502,2024-06-14 16:38:00+00:00
1718383140,65313.0,65372.0,65279.0,65340.0,0.15422002,2024-06-14 16:39:00+00:00
1718383200,65321.0,65321.0,65279.0,65281.0,0.70465105,2024-06-14 16:40:00+00:00
1718383260,65277.0,65309.0,65260.0,65286.0,0.36821008,2024-06-14 16:41:00+00:00
1718383320,65275.0,65433.0,65183.0,65427.0,5.67240084,2024-06-14 16:42:00+00:00
1718383380,65422.0,65423.0,65325.0,65325.0,0.25401012,2024-06-14 16:43:00+00:00
1718383440,65290.0,65290.0,65169.0,65215.0,0.5985691,2024-06-14 16:44:00+00:00
1718383500,65237.0,65288.0,65162.0,65162.0,0.75322922,2024-06-14 16:45:00+00:00
1718383560,65212.0,65347.0,65212.0,65347.0,0.06156862,2024-06-14 16:46:00+00:00
1718383620,65350.0,65350.0,65197.0,65229.0,1.36833738,2024-06-14 16:47:00+00:00
1718383680,65248.0,65297.0,65235.0,65297.0,1.105818,2024-06-14 16:48:00+00:00
1718383740,65307.0,65361.0,65307.0,65361.0,0.00963,2024-06-14 16:49:00+00:00
1718383800,65400.0,65479.0,65399.0,65479.0,0.311878,2024-06-14 16:50:00+00:00
1718383860,65475.0,65528.0,65475.0,65489.0,26.65552476,2024-06-14 16:51:00+00:00
1718383920,65485.0,65509.0,65469.0,65469.0,0.51990331,2024-06-14 16:52:00+00:00
1718383980,65483.0,65513.0,65436.0,65436.0,0.13093584,2024-06-14 16:53:00+00:00
1718384040,65382.0,65435.0,65379.0,65384.0,0.33870071,2024-06-14 16:54:00+00:00
1718384100,65383.0,65437.0,65382.0,65382.0,17.37667805,2024-06-14 16:55:00+00:00
1718384160,65398.0,65409.0,65302.0,65306.0,0.24871066,2024-06-14 16:56:00+00:00
1718384220,65308.0,65308.0,65253.0,65282.0,0.20145656,2024-06-14 16:57:00+00:00
1718384280,65284.0,65284.0,65213.0,65215.0,0.74146807,2024-06-14 16:58:00+00:00
1718384340,65216.0,65249.0,65215.0,65243.0,0.6540273,2024-06-14 16:59:00+00:00
1718384400,65221.0,65296.0,65204.0,65280.0,0.84750826,2024-06-14 17:00:00+00:00
1718384460,65241.0,65254.0,65200.0,65200.0,5.36305594,2024-06-14 17:01:00+00:00
1718384520,65176.0,65242.0,65176.0,65212.0,0.30347545,2024-06-14 17:02:00+00:00
1718384580,65210.0,65210.0,65117.0,65117.0,28.93547179,2024-06-14 17:03:00+00:00
1718384640,65113.0,65124.0,64936.0,65043.0,61.62348584,2024-06-14 17:04:00+00:00
1718384700,65057.0,65080.0,65014.0,65021.0,4.20275236,2024-06-14 17:05:00+00:00
1718384760,65023.0,65066.0,65020.0,65046.0,0.9096341,2024-06-14 17:06:00+00:00
1718384820,65046.0,65147.0,65046.0,65147.0,0.22526795,2024-06-14 17:07:00+00:00
1718384880,65124.0,65208.0,65103.0,65105.0,1.64294148,2024-06-14 17:08:00+00:00
1718384940,65117.0,65265.0,65117.0,65263.0,1.39859013,2024-06-14 17:09:00+00:00
1718385000,65248.0,65351.0,65210.0,65351.0,0.97329016,2024-06-14 17:10:00+00:00
1718385060,65356.0,65356.0,65277.0,65301.0,0.85708623,2024-06-14 17:11:00+00:00
1718385120,65301.0,65305.0,65273.0,65291.0,1.39733437,2024-06-14 17:12:00+00:00
1718385180,65299.0,65356.0,65287.0,65350.0,1.86414879,2024-06-14 17:13:00+00:00
1718385240,65343.0,65387.0,65343.0,65359.0,31.18539739,2024-06-14 17:14:00+00:00
1718385300,65359.0,65426.0,65336.0,65413.0,4.02754061,2024-06-14 17:15:00+00:00
1718385360,65429.0,65442.0,65388.0,65388.0,0.59205397,2024-06-14 17:16:00+00:00
1718385420,65377.0,65442.0,65377.0,65442.0,0.46770612,2024-06-14 17:17:00+00:00
1718385480,65442.0,65449.0,65406.0,65406.0,1.88135324,2024-06-14 17:18:00+00:00
1718385540,65432.0,65449.0,65416.0,65438.0,0.16346267,2024-06-14 17:19:00+00:00
1718385600,65428.0,65458.0,65428.0,65458.0,1.24033382,2024-06-14 17:20:00+00:00
1718385660,65458.0,65497.0,65457.0,65457.0,1.27575466,2024-06-14 17:21:00+00:00
1718385720,65471.0,65481.0,65454.0,65481.0,0.38665165,2024-06-14 17:22:00+00:00
1718385780,65474.0,65475.0,65396.0,65401.0,0.58101738,2024-06-14 17:23:00+00:00
1718385840,65399.0,65442.0,65399.0,65431.0,0.65168872,2024-06-14 17:24:00+00:00
1718385900,65426.0,65482.0,65426.0,65458.0,0.31144781,2024-06-14 17:25:00+00:00
1718385960,65456.0,65456.0,65410.0,65445.0,0.18281786,2024-06-14 17:26:00+00:00
1718386020,65461.0,65492.0,65461.0,65488.0,0.14133517,2024-06-14 17:27:00+00:00
1718386080,65471.0,65493.0,65467.0,65467.0,0.42718641,2024-06-14 17:28:00+00:00
1718386140,65466.0,65472.0,65433.0,65472.0,0.82103488,2024-06-14 17:29:00+00:00
1718386200,65473.0,65477.0,65461.0,65476.0,0.34097232,2024-06-14 17:30:00+00:00
1718386260,65442.0,65443.0,65424.0,65438.0,0.52113817,2024-06-14 17:31:00+00:00
1718386320,65432.0,65464.0,65413.0,65413.0,0.42630971,2024-06-14 17:32:00+00:00
1718386380,65414.0,65500.0,65414.0,65500.0,0.91769712,2024-06-14 17:33:00+00:00
1718386440,65504.0,65560.0,65504.0,65559.0,6.36160793,2024-06-14 17:34:00+00:00
1718386500,65560.0,65607.0,65559.0,65601.0,3.87713066,2024-06-14 17:35:00+00:00
1718386560,65601.0,65631.0,65601.0,65605.0,6.02957016,2024-06-14 17:36:00+00:00
1718386620,65621.0,65621.0,65609.0,65611.0,0.2119326,2024-06-14 17:37:00+00:00
1718386680,65610.0,65628.0,65605.0,65624.0,1.12334431,2024-06-14 17:38:00+00:00
1718386740,65625.0,65654.0,65623.0,65654.0,2.44945199,2024-06-14 17:39:00+00:00
1718386800,65662.0,65689.0,65662.0,65677.0,2.23727653,2024-06-14 17:40:00+00:00
1718386860,65676.0,65676.0,65597.0,65597.0,0.81823028,2024-06-14 17:41:00+00:00
1718386920,65611.0,65612.0,65550.0,65567.0,0.56650383,2024-06-14 17:42:00+00:00
1718386980,65578.0,65591.0,65493.0,65493.0,0.4747146,2024-06-14 17:43:00+00:00
1718387040,65484.0,65485.0,65466.0,65479.0,0.16341984,2024-06-14 17:44:00+00:00
1718387100,65484.0,65506.0,65460.0,65460.0,0.27285385,2024-06-14 17:45:00+00:00
1718387160,65445.0,65490.0,65445.0,65488.0,0.20214743,2024-06-14 17:46:00+00:00
1718387220,65482.0,65482.0,65388.0,65388.0,0.20999739,2024-06-14 17:47:00+00:00
1718387280,65403.0,65416.0,65356.0,65356.0,0.20581958,2024-06-14 17:48:00+00:00
1718387340,65360.0,65382.0,65344.0,65356.0,2.39462531,2024-06-14 17:49:00+00:00
1718387400,65355.0,65393.0,65352.0,65393.0,1.25402576,2024-06-14 17:50:00+00:00
1718387460,65403.0,65418.0,65387.0,65389.0,0.33606405,2024-06-14 17:51:00+00:00
1718387520,65377.0,65388.0,65359.0,65388.0,0.75150576,2024-06-14 17:52:00+00:00
1718387580,65388.0,65419.0,65388.0,65419.0,0.2513931,2024-06-14 17:53:00+00:00
1718387640,65418.0,65419.0,65372.0,65372.0,1.47088796,2024-06-14 17:54:00+00:00
1718387700,65383.0,65383.0,65348.0,65348.0,6.62097389,2024-06-14 17:55:00+00:00
1718387760,65348.0,65348.0,65314.0,65343.0,3.59449535,2024-06-14 17:56:00+00:00
1718387820,65342.0,65360.0,65290.0,65292.0,3.55592469,2024-06-14 17:57:00+00:00
1718387880,65294.0,65357.0,65294.0,65356.0,3.42351003,2024-06-14 17:58:00+00:00
1718387940,65356.0,65391.0,65355.0,65365.0,3.0637006,2024-06-14 17:59:00+00:00
1718388000,65352.0,65353.0,65285.0,65350.0,0.47389289,2024-06-14 18:00:00+00:00
1718388060,65347.0,65348.0,65283.0,65312.0,1.45883119,2024-06-14 18:01:00+00:00
1718388120,65315.0,65390.0,65315.0,65370.0,1.33358524,2024-06-14 18:02:00+00:00
1718388180,65371.0,65372.0,65303.0,65328.0,0.42006219,2024-06-14 18:03:00+00:00
1718388240,65325.0,65390.0,65303.0,65390.0,4.5080337,2024-06-14 18:04:00+00:00
1718388300,65355.0,65365.0,65333.0,65348.0,0.34470154,2024-06-14 18:05:00+00:00
1718388360,65354.0,65354.0,65281.0,65285.0,1.78469132,2024-06-14 18:06:00+00:00
1718388420,65289.0,65289.0,65223.0,65223.0,3.86171284,2024-06-14 18:07:00+00:00
1718388480,65245.0,65245.0,65152.0,65190.0,7.30939058,2024-06-14 18:08:00+00:00
1718388540,65179.0,65209.0,65090.0,65122.0,7.13716741,2024-06-14 18:09:00+00:00
1718388600,65151.0,65153.0,65095.0,65112.0,3.43344268,2024-06-14 18:10:00+00:00
1718388660,65104.0,65105.0,65091.0,65098.0,2.53689476,2024-06-14 18:11:00+00:00
1718388720,65091.0,65165.0,65090.0,65131.0,3.95925684,2024-06-14 18:12:00+00:00
1718388780,65130.0,65147.0,65125.0,65146.0,0.34860463,2024-06-14 18:13:00+00:00
1718388840,65147.0,65173.0,65101.0,65101.0,1.90150176,2024-06-14 18:14:00+00:00
1718388900,65100.0,65161.0,65091.0,65091.0,4.91503105,2024-06-14 18:15:00+00:00
1718388960,65090.0,65092.0,65090.0,65091.0,7.88836248,2024-06-14 18:16:00+00:00
1718389020,65091.0,65097.0,65090.0,65090.0,17.07729654,2024-06-14 18:17:00+00:00
1718389080,65090.0,65167.0,65090.0,65136.0,1.8435493,2024-06-14 18:18:00+00:00
1718389140,65131.0,65198.0,65131.0,65198.0,1.99506811,2024-06-14 18:19:00+00:00
1718389200,65198.0,65199.0,65144.0,65144.0,0.83208255,2024-06-14 18:20:00+00:00
1718389260,65125.0,65155.0,65114.0,65132.0,1.12501308,2024-06-14 18:21:00+00:00
1718389320,65119.0,65119.0,65067.0,65067.0,22.60072892,2024-06-14 18:22:00+00:00
1718389380,65067.0,65079.0,65052.0,65078.0,2.01863575,2024-06-14 18:23:00+00:00
1718389440,65076.0,65125.0,65051.0,65058.0,2.80359001,2024-06-14 18:24:00+00:00
1718389500,65099.0,65176.0,65099.0,65147.0,0.69447927,2024-06-14 18:25:00+00:00
1718389560,65147.0,65168.0,65131.0,65131.0,7.50848814,2024-06-14 18:26:00+00:00
1718389620,65137.0,65204.0,65132.0,65178.0,1.58490197,2024-06-14 18:27:00+00:00
1718389680,65179.0,65218.0,65179.0,65218.0,2.57047781,2024-06-14 18:28:00+00:00
1718389740,65218.0,65247.0,65218.0,65218.0,0.20411409,2024-06-14 18:29:00+00:00
1718389800,65223.0,65252.0,65192.0,65252.0,1.2699969,2024-06-14 18:30:00+00:00
1718389860,65257.0,65257.0,65221.0,65222.0,0.57712604,2024-06-14 18:31:00+00:00
1718389920,65222.0,65336.0,65222.0,65315.0,1.86914334,2024-06-14 18:32:00+00:00
1718389980,65310.0,65320.0,65264.0,65320.0,2.1641726,2024-06-14 18:33:00+00:00
1718390040,65335.0,65335.0,65291.0,65299.0,1.79989369,2024-06-14 18:34:00+00:00
1718390100,65301.0,65325.0,65282.0,65284.0,0.69976992,2024-06-14 18:35:00+00:00
1718390160,65325.0,65325.0,65298.0,65313.0,0.3483537,2024-06-14 18:36:00+00:00
1718390220,65310.0,65322.0,65310.0,65320.0,0.39614961,2024-06-14 18:37:00+00:00
1718390280,65303.0,65322.0,65285.0,65322.0,0.51870765,2024-06-14 18:38:00+00:00
1718390340,65325.0,65331.0,65305.0,65310.0,0.30587444,2024-06-14 18:39:00+00:00
1718390400,65309.0,65309.0,65262.0,65286.0,1.67760543,2024-06-14 18:40:00+00:00
1718390460,65268.0,65288.0,65268.0,65282.0,0.49744918,2024-06-14 18:41:00+00:00
1718390520,65276.0,65346.0,65276.0,65346.0,3.590645,2024-06-14 18:42:00+00:00
1718390580,65346.0,65367.0,65346.0,65367.0,0.44969169,2024-06-14 18:43:00+00:00
1718390640,65363.0,65417.0,65358.0,65417.0,1.51533196,2024-06-14 18:44:00+00:00
1718390700,65397.0,65398.0,65374.0,65374.0,0.90263582,2024-06-14 18:45:00+00:00
1718390760,65385.0,65393.0,65343.0,65343.0,1.34088571,2024-06-14 18:46:00+00:00
1718390820,65343.0,65353.0,65329.0,65329.0,0.58105178,2024-06-14 18:47:00+00:00
1718390880,65348.0,65348.0,65305.0,65311.0,1.25317027,2024-06-14 18:48:00+00:00
1718390940,65332.0,65352.0,65317.0,65317.0,0.98099798,2024-06-14 18:49:00+00:00
1718391000,65317.0,65341.0,65309.0,65341.0,0.60905057,2024-06-14 18:50:00+00:00
1718391060,65340.0,65379.0,65340.0,65369.0,0.50241163,2024-06-14 18:51:00+00:00
1718391120,65368.0,65454.0,65367.0,65451.0,0.41020575,2024-06-14 18:52:00+00:00
1718391180,65458.0,65490.0,65441.0,65475.0,0.88427073,2024-06-14 18:53:00+00:00
1718391240,65468.0,65499.0,65468.0,65483.0,0.81418657,2024-06-14 18:54:00+00:00
1718391300,65475.0,65478.0,65421.0,65450.0,1.27612593,2024-06-14 18:55:00+00:00
1718391360,65436.0,65477.0,65436.0,65477.0,0.17817566,2024-06-14 18:56:00+00:00
1718391420,65472.0,65472.0,65439.0,65467.0,0.32853997,2024-06-14 18:57:00+00:00
1718391480,65444.0,65465.0,65444.0,65465.0,0.15697148,2024-06-14 18:58:00+00:00
1718391540,65486.0,65486.0,65481.0,65481.0,0.22184491,2024-06-14 18:59:00+00:00
1718391600,65461.0,65472.0,65435.0,65459.0,0.34912816,2024-06-14 19:00:00+00:00
1718391660,65464.0,65465.0,65453.0,65465.0,0.1677527,2024-06-14 19:01:00+00:00
1718391720,65456.0,65457.0,65423.0,65457.0,0.13911497,2024-06-14 19:02:00+00:00
1718391780,65460.0,65483.0,65460.0,65483.0,0.01449489,2024-06-14 19:03:00+00:00
1718391840,65477.0,65487.0,65451.0,65465.0,1.17540708,2024-06-14 19:04:00+00:00
1718391900,65463.0,65467.0,65441.0,65467.0,1.54271667,2024-06-14 19:05:00+00:00
1718391960,65473.0,65473.0,65467.0,65468.0,0.02919386,2024-06-14 19:06:00+00:00
1718392020,65467.0,65467.0,65413.0,65454.0,0.54207061,2024-06-14 19:07:00+00:00
1718392080,65417.0,65430.0,65401.0,65424.0,0.23835955,2024-06-14 19:08:00+00:00
1718392140,65425.0,65465.0,65425.0,65465.0,0.27636617,2024-06-14 19:09:00+00:00
1718392200,65464.0,65479.0,65451.0,65479.0,0.62226628,2024-06-14 19:10:00+00:00
1718392260,65458.0,65458.0,65458.0,65458.0,0.00053804,2024-06-14 19:11:00+00:00
1718392320,65487.0,65487.0,65425.0,65425.0,0.64530344,2024-06-14 19:12:00+00:00
1718392380,65424.0,65424.0,65335.0,65365.0,1.21310647,2024-06-14 19:13:00+00:00
1718392440,65338.0,65343.0,65310.0,65310.0,0.72776874,2024-06-14 19:14:00+00:00
1718392500,65296.0,65316.0,65269.0,65292.0,1.52109278,2024-06-14 19:15:00+00:00
1718392560,65267.0,65318.0,65267.0,65318.0,0.24871934,2024-06-14 19:16:00+00:00
1718392620,65319.0,65332.0,65289.0,65301.0,3.51269955,2024-06-14 19:17:00+00:00
1718392680,65303.0,65334.0,65303.0,65315.0,0.24042157,2024-06-14 19:18:00+00:00
1718392740,65315.0,65315.0,65294.0,65312.0,0.66802107,2024-06-14 19:19:00+00:00
1718392800,65305.0,65305.0,65262.0,65267.0,0.80854301,2024-06-14 19:20:00+00:00
1718392860,65264.0,65297.0,65264.0,65297.0,0.31846384,2024-06-14 19:21:00+00:00
1718392920,65291.0,65315.0,65288.0,65309.0,0.15663437,2024-06-14 19:22:00+00:00
1718392980,65315.0,65354.0,65315.0,65345.0,0.82310942,2024-06-14 19:23:00+00:00
1718393040,65352.0,65380.0,65309.0,65339.0,0.69227806,2024-06-14 19:24:00+00:00
1718393100,65336.0,65352.0,65336.0,65351.0,0.11921831,2024-06-14 19:25:00+00:00
1718393160,65369.0,65369.0,65334.0,65335.0,0.38252992,2024-06-14 19:26:00+00:00
1718393220,65333.0,65348.0,65323.0,65347.0,0.35032835,2024-06-14 19:27:00+00:00
1718393280,65367.0,65377.0,65354.0,65377.0,0.03756061,2024-06-14 19:28:00+00:00
1718393340,65420.0,65624.0,65406.0,65624.0,3.76715409,2024-06-14 19:29:00+00:00
1718393400,65596.0,65635.0,65554.0,65575.0,0.80844177,2024-06-14 19:30:00+00:00
1718393460,65562.0,65562.0,65522.0,65526.0,0.64812002,2024-06-14 19:31:00+00:00
1718393520,65531.0,65568.0,65511.0,65543.0,0.41111955,2024-06-14 19:32:00+00:00
1718393580,65534.0,65547.0,65513.0,65541.0,0.37625957,2024-06-14 19:33:00+00:00
1718393640,65532.0,65538.0,65519.0,65519.0,0.35436876,2024-06-14 19:34:00+00:00
1718393700,65516.0,65570.0,65516.0,65561.0,0.26492952,2024-06-14 19:35:00+00:00
1718393760,65525.0,65563.0,65519.0,65531.0,1.38980617,2024-06-14 19:36:00+00:00
1718393820,65521.0,65535.0,65490.0,65510.0,1.15917093,2024-06-14 19:37:00+00:00
1718393880,65505.0,65505.0,65448.0,65448.0,1.04749236,2024-06-14 19:38:00+00:00
1718393940,65456.0,65456.0,65413.0,65429.0,2.74525124,2024-06-14 19:39:00+00:00
1718394000,65430.0,65457.0,65413.0,65444.0,0.76067681,2024-06-14 19:40:00+00:00
1718394060,65444.0,65456.0,65415.0,65424.0,2.57371423,2024-06-14 19:41:00+00:00
1718394120,65424.0,65441.0,65416.0,65428.0,0.54591861,2024-06-14 19:42:00+00:00
1718394180,65416.0,65417.0,65398.0,65401.0,0.52493178,2024-06-14 19:43:00+00:00
1718394240,65401.0,65411.0,65384.0,65411.0,0.46027632,2024-06-14 19:44:00+00:00
1718394300,65402.0,65411.0,65391.0,65401.0,0.91356987,2024-06-14 19:45:00+00:00
1718394360,65394.0,65427.0,65392.0,65427.0,0.36424186,2024-06-14 19:46:00+00:00
1718394420,65416.0,65454.0,65412.0,65454.0,1.04862745,2024-06-14 19:47:00+00:00
1718394480,65444.0,65494.0,65444.0,65489.0,0.28098525,2024-06-14 19:48:00+00:00
1718394540,65481.0,65481.0,65439.0,65476.0,0.71433808,2024-06-14 19:49:00+00:00
1718394600,65467.0,65467.0,65437.0,65440.0,0.72804964,2024-06-14 19:50:00+00:00
1718394660,65435.0,65435.0,65413.0,65419.0,2.08194043,2024-06-14 19:51:00+00:00
1718394720,65409.0,65409.0,65364.0,65383.0,1.55834866,2024-06-14 19:52:00+00:00
1718394780,65373.0,65376.0,65364.0,65364.0,0.30239204,2024-06-14 19:53:00+00:00
1718394840,65361.0,65390.0,65361.0,65390.0,0.18394071,2024-06-14 19:54:00+00:00
1718394900,65420.0,65457.0,65420.0,65457.0,0.19506504,2024-06-14 19:55:00+00:00
1718394960,65479.0,65498.0,65470.0,65472.0,1.14665981,2024-06-14 19:56:00+00:00
1718395020,65470.0,65508.0,65470.0,65508.0,0.17826972,2024-06-14 19:57:00+00:00
1718395080,65504.0,65510.0,65503.0,65510.0,0.26212127,2024-06-14 19:58:00+00:00
1718395140,65524.0,65524.0,65421.0,65485.0,2.41378039,2024-06-14 19:59:00+00:00
1718395200,65486.0,65513.0,65432.0,65479.0,3.73611538,2024-06-14 20:00:00+00:00
1718395260,65493.0,65541.0,65487.0,65488.0,9.24328877,2024-06-14 20:01:00+00:00
1718395320,65493.0,65533.0,65493.0,65533.0,9.41376579,2024-06-14 20:02:00+00:00
1718395380,65521.0,65594.0,65516.0,65580.0,5.38480898,2024-06-14 20:03:00+00:00
1718395440,65591.0,65598.0,65557.0,65582.0,7.95252879,2024-06-14 20:04:00+00:00
1718395500,65582.0,65618.0,65552.0,65615.0,7.38426147,2024-06-14 20:05:00+00:00
1718395560,65615.0,65615.0,65493.0,65506.0,7.95795878,2024-06-14 20:06:00+00:00
1718395620,65514.0,65519.0,65487.0,65498.0,5.53113815,2024-06-14 20:07:00+00:00
1718395680,65499.0,65510.0,65488.0,65501.0,5.76690085,2024-06-14 20:08:00+00:00
1718395740,65504.0,65519.0,65504.0,65517.0,8.85086564,2024-06-14 20:09:00+00:00
1718395800,65517.0,65518.0,65488.0,65504.0,7.11955771,2024-06-14 20:10:00+00:00
1718395860,65500.0,65526.0,65500.0,65526.0,6.3864763,2024-06-14 20:11:00+00:00
1718395920,65526.0,65572.0,65526.0,65558.0,8.64338947,2024-06-14 20:12:00+00:00
1718395980,65568.0,65599.0,65563.0,65598.0,7.8760906,2024-06-14 20:13:00+00:00
1718396040,65593.0,65612.0,65573.0,65608.0,11.89921848,2024-06-14 20:14:00+00:00
1718396100,65580.0,65593.0,65566.0,65586.0,12.77184463,2024-06-14 20:15:00+00:00
1718396160,65578.0,65615.0,65578.0,65590.0,10.18118882,2024-06-14 20:16:00+00:00
1718396220,65599.0,65632.0,65599.0,65627.0,9.12456236,2024-06-14 20:17:00+00:00
1718396280,65625.0,65636.0,65614.0,65616.0,11.71231737,2024-06-14 20:18:00+00:00
1718396340,65616.0,65618.0,65604.0,65617.0,4.58647297,2024-06-14 20:19:00+00:00
1718396400,65618.0,65633.0,65618.0,65630.0,2.16068641,2024-06-14 20:20:00+00:00
1718396460,65633.0,65634.0,65630.0,65634.0,1.20433282,2024-06-14 20:21:00+00:00
1718396520,65634.0,65680.0,65634.0,65679.0,16.37257942,2024-06-14 20:22:00+00:00
1718396580,65676.0,65710.0,65671.0,65710.0,23.76281364,2024-06-14 20:23:00+00:00
1718396640,65706.0,65738.0,65702.0,65724.0,23.81395236,2024-06-14 20:24:00+00:00
1718396700,65723.0,65723.0,65667.0,65692.0,2.9299247,2024-06-14 20:25:00+00:00
1718396760,65692.0,65717.0,65691.0,65715.0,1.4210788,2024-06-14 20:26:00+00:00
1718396820,65715.0,65796.0,65715.0,65796.0,2.7832835,2024-06-14 20:27:00+00:00
1718396880,65806.0,65831.0,65782.0,65817.0,1.00001429,2024-06-14 20:28:00+00:00
1718396940,65830.0,65871.0,65827.0,65871.0,1.29898177,2024-06-14 20:29:00+00:00
1718397000,65868.0,65869.0,65847.0,65848.0,3.57050684,2024-06-14 20:30:00+00:00
1718397060,65862.0,65888.0,65861.0,65872.0,1.79082976,2024-06-14 20:31:00+00:00
1718397120,65874.0,65946.0,65872.0,65944.0,1.61456712,2024-06-14 20:32:00+00:00
1718397180,65941.0,65943.0,65803.0,65805.0,7.919353,2024-06-14 20:33:00+00:00
1718397240,65819.0,65837.0,65793.0,65802.0,2.17426063,2024-06-14 20:34:00+00:00
1718397300,65800.0,65814.0,65781.0,65796.0,1.28604727,2024-06-14 20:35:00+00:00
1718397360,65800.0,65812.0,65800.0,65807.0,0.67906368,2024-06-14 20:36:00+00:00
1718397420,65807.0,65812.0,65789.0,65806.0,2.09588776,2024-06-14 20:37:00+00:00
1718397480,65806.0,65808.0,65783.0,65800.0,0.45886742,2024-06-14 20:38:00+00:00
1718397540,65790.0,65798.0,65778.0,65778.0,0.63207971,2024-06-14 20:39:00+00:00
1718397600,65777.0,65777.0,65711.0,65737.0,6.01176109,2024-06-14 20:40:00+00:00
1718397660,65737.0,65757.0,65724.0,65725.0,2.51699507,2024-06-14 20:41:00+00:00
1718397720,65724.0,65734.0,65718.0,65718.0,0.61151451,2024-06-14 20:42:00+00:00
1718397780,65718.0,65718.0,65689.0,65693.0,0.59402867,2024-06-14 20:43:00+00:00
1718397840,65706.0,65718.0,65701.0,65718.0,1.72820757,2024-06-14 20:44:00+00:00
1718397900,65723.0,65723.0,65694.0,65705.0,3.50257799,2024-06-14 20:45:00+00:00
1718397960,65704.0,65725.0,65693.0,65693.0,1.82216521,2024-06-14 20:46:00+00:00
1718398020,65692.0,65693.0,65688.0,65692.0,1.1245413,2024-06-14 20:47:00+00:00
1718398080,65692.0,65692.0,65663.0,65680.0,2.72722436,2024-06-14 20:48:00+00:00
1718398140,65677.0,65677.0,65662.0,65663.0,1.33162765,2024-06-14 20:49:00+00:00
1718398200,65663.0,65703.0,65659.0,65703.0,1.91088813,2024-06-14 20:50:00+00:00
1718398260,65695.0,65695.0,65653.0,65655.0,0.48492355,2024-06-14 20:51:00+00:00
1718398320,65659.0,65694.0,65659.0,65666.0,0.35392552,2024-06-14 20:52:00+00:00
1718398380,65666.0,65688.0,65651.0,65688.0,3.37614667,2024-06-14 20:53:00+00:00
1718398440,65688.0,65704.0,65688.0,65688.0,1.83909741,2024-06-14 20:54:00+00:00
1718398500,65685.0,65710.0,65685.0,65710.0,2.05790364,2024-06-14 20:55:00+00:00
1718398560,65726.0,65739.0,65712.0,65723.0,1.91248109,2024-06-14 20:56:00+00:00
1718398620,65723.0,65731.0,65709.0,65709.0,3.02647963,2024-06-14 20:57:00+00:00
1718398680,65715.0,65726.0,65705.0,65705.0,3.99304583,2024-06-14 20:58:00+00:00
1718398740,65712.0,65731.0,65699.0,65731.0,2.207349,2024-06-14 20:59:00+00:00
1718398800,65732.0,65752.0,65726.0,65744.0,1.62592138,2024-06-14 21:00:00+00:00
1718398860,65752.0,65767.0,65747.0,65748.0,0.64511589,2024-06-14 21:01:00+00:00
1718398920,65753.0,65812.0,65753.0,65805.0,1.38455352,2024-06-14 21:02:00+00:00
1718398980,65805.0,65807.0,65768.0,65774.0,0.30044579,2024-06-14 21:03:00+00:00
1718399040,65793.0,65793.0,65751.0,65751.0,1.82374272,2024-06-14 21:04:00+00:00
1718399100,65754.0,65754.0,65731.0,65731.0,0.87107876,2024-06-14 21:05:00+00:00
1718399160,65724.0,65753.0,65724.0,65736.0,0.34543054,2024-06-14 21:06:00+00:00
1718399220,65745.0,65745.0,65735.0,65740.0,1.91337368,2024-06-14 21:07:00+00:00
1718399280,65736.0,65736.0,65726.0,65726.0,1.8191252,2024-06-14 21:08:00+00:00
1718399340,65723.0,65723.0,65717.0,65722.0,1.9535993,2024-06-14 21:09:00+00:00
1718399400,65721.0,65731.0,65717.0,65722.0,1.38178488,2024-06-14 21:10:00+00:00
1718399460,65723.0,65723.0,65717.0,65717.0,2.25120551,2024-06-14 21:11:00+00:00
1718399520,65716.0,65717.0,65697.0,65710.0,1.37067156,2024-06-14 21:12:00+00:00
1718399580,65709.0,65709.0,65695.0,65695.0,0.42952782,2024-06-14 21:13:00+00:00
1718399640,65695.0,65708.0,65694.0,65697.0,2.86260891,2024-06-14 21:14:00+00:00
1718399700,65697.0,65707.0,65693.0,65706.0,2.11080331,2024-06-14 21:15:00+00:00
1718399760,65706.0,65795.0,65706.0,65776.0,2.19872475,2024-06-14 21:16:00+00:00
1718399820,65803.0,65825.0,65803.0,65813.0,1.48640942,2024-06-14 21:17:00+00:00
1718399880,65788.0,65844.0,65783.0,65844.0,3.05335785,2024-06-14 21:18:00+00:00
1718399940,65840.0,65840.0,65812.0,65812.0,1.21520162,2024-06-14 21:19:00+00:00
1718400000,65824.0,65858.0,65824.0,65850.0,0.77541947,2024-06-14 21:20:00+00:00
1718400060,65840.0,65840.0,65787.0,65794.0,1.7105992,2024-06-14 21:21:00+00:00
1718400120,65794.0,65825.0,65794.0,65823.0,1.54704598,2024-06-14 21:22:00+00:00
1718400180,65835.0,65867.0,65835.0,65867.0,1.70970878,2024-06-14 21:23:00+00:00
1718400240,65864.0,65903.0,65864.0,65903.0,0.29483842,2024-06-14 21:24:00+00:00
1718400300,65912.0,65912.0,65881.0,65881.0,0.52335708,2024-06-14 21:25:00+00:00
1718400360,65879.0,65884.0,65830.0,65870.0,2.24243628,2024-06-14 21:26:00+00:00
1718400420,65867.0,66049.0,65867.0,66048.0,4.32721714,2024-06-14 21:27:00+00:00
1718400480,66042.0,66048.0,66000.0,66044.0,1.0566408,2024-06-14 21:28:00+00:00
1718400540,66044.0,66049.0,66031.0,66049.0,35.42400086,2024-06-14 21:29:00+00:00
1718400600,66049.0,66145.0,66042.0,66069.0,38.49119973,2024-06-14 21:30:00+00:00
1718400660,66058.0,66220.0,66032.0,66201.0,1.87004256,2024-06-14 21:31:00+00:00
1718400720,66195.0,66195.0,66074.0,66135.0,1.89901514,2024-06-14 21:32:00+00:00
1718400780,66070.0,66136.0,66030.0,66118.0,2.01494579,2024-06-14 21:33:00+00:00
1718400840,66114.0,66149.0,66112.0,66120.0,0.6743873,2024-06-14 21:34:00+00:00
1718400900,66110.0,66311.0,66110.0,66311.0,0.69533225,2024-06-14 21:35:00+00:00
1718400960,66256.0,66551.0,66253.0,66551.0,2.02336526,2024-06-14 21:36:00+00:00
1718401020,66539.0,66567.0,66494.0,66542.0,30.61665876,2024-06-14 21:37:00+00:00
1718401080,66428.0,66428.0,66361.0,66365.0,3.2122626,2024-06-14 21:38:00+00:00
1718401140,66376.0,66425.0,66364.0,66425.0,1.4337833,2024-06-14 21:39:00+00:00
1718401200,66411.0,66426.0,66347.0,66358.0,4.09466834,2024-06-14 21:40:00+00:00
1718401260,66360.0,66392.0,66343.0,66352.0,10.31417545,2024-06-14 21:41:00+00:00
1718401320,66351.0,66363.0,66200.0,66200.0,6.77380739,2024-06-14 21:42:00+00:00
1718401380,66150.0,66150.0,65981.0,65981.0,9.77766332,2024-06-14 21:43:00+00:00
1718401440,65987.0,66088.0,65987.0,66079.0,2.41533029,2024-06-14 21:44:00+00:00
1718401500,66122.0,66168.0,66122.0,66132.0,7.07436397,2024-06-14 21:45:00+00:00
1718401560,66111.0,66134.0,66102.0,66134.0,4.95228115,2024-06-14 21:46:00+00:00
1718401620,66140.0,66159.0,66112.0,66125.0,5.807166,2024-06-14 21:47:00+00:00
1718401680,66121.0,66125.0,65996.0,66014.0,5.41993543,2024-06-14 21:48:00+00:00
1718401740,66019.0,66119.0,66018.0,66097.0,7.67944046,2024-06-14 21:49:00+00:00
1718401800,66107.0,66194.0,66105.0,66193.0,2.9281942,2024-06-14 21:50:00+00:00
1718401860,66195.0,66233.0,66111.0,66111.0,7.11514713,2024-06-14 21:51:00+00:00
1718401920,66116.0,66239.0,66116.0,66167.0,3.50986971,2024-06-14 21:52:00+00:00
1718401980,66167.0,66211.0,66137.0,66211.0,5.47667431,2024-06-14 21:53:00+00:00
1718402040,66253.0,66334.0,66212.0,66236.0,6.08944091,2024-06-14 21:54:00+00:00
1718402100,66238.0,66245.0,66182.0,66223.0,0.57858222,2024-06-14 21:55:00+00:00
1718402160,66173.0,66269.0,66150.0,66255.0,0.26058627,2024-06-14 21:56:00+00:00
1718402220,66263.0,66274.0,66214.0,66232.0,1.80499764,2024-06-14 21:57:00+00:00
1718402280,66234.0,66239.0,66144.0,66155.0,1.25015907,2024-06-14 21:58:00+00:00
1718402340,66185.0,66199.0,66139.0,66161.0,1.44882662,2024-06-14 21:59:00+00:00
1718402400,66158.0,66212.0,66139.0,66158.0,2.79533352,2024-06-14 22:00:00+00:00
1718402460,66148.0,66171.0,66045.0,66079.0,4.2902906,2024-06-14 22:01:00+00:00
1718402520,66086.0,66086.0,65897.0,65986.0,6.47757701,2024-06-14 22:02:00+00:00
1718402580,65974.0,65974.0,65876.0,65956.0,2.74989899,2024-06-14 22:03:00+00:00
1718402640,65910.0,65943.0,65857.0,65890.0,1.62519236,2024-06-14 22:04:00+00:00
1718402700,65895.0,65965.0,65895.0,65939.0,1.50871836,2024-06-14 22:05:00+00:00
1718402760,65947.0,65947.0,65924.0,65924.0,0.83701738,2024-06-14 22:06:00+00:00
1718402820,65942.0,65942.0,65894.0,65936.0,1.04097107,2024-06-14 22:07:00+00:00
1718402880,65940.0,65940.0,65887.0,65900.0,0.74305316,2024-06-14 22:08:00+00:00
1718402940,65912.0,65941.0,65912.0,65935.0,1.37348756,2024-06-14 22:09:00+00:00
1718403000,65937.0,65988.0,65937.0,65988.0,1.4878501,2024-06-14 22:10:00+00:00
1718403060,65980.0,65980.0,65940.0,65950.0,1.00943945,2024-06-14 22:11:00+00:00
1718403120,65975.0,65996.0,65967.0,65996.0,1.46114637,2024-06-14 22:12:00+00:00
1718403180,65994.0,66011.0,65971.0,66011.0,0.2206372,2024-06-14 22:13:00+00:00
1718403240,65996.0,65997.0,65983.0,65990.0,0.10981076,2024-06-14 22:14:00+00:00
1718403300,65991.0,66016.0,65991.0,66003.0,0.25686092,2024-06-14 22:15:00+00:00
1718403360,65983.0,65983.0,65943.0,65956.0,1.74932228,2024-06-14 22:16:00+00:00
1718403420,65948.0,65949.0,65931.0,65941.0,0.18463496,2024-06-14 22:17:00+00:00
1718403480,65940.0,65960.0,65930.0,65956.0,0.38457989,2024-06-14 22:18:00+00:00
1718403540,65936.0,65965.0,65932.0,65965.0,0.88772888,2024-06-14 22:19:00+00:00
1718403600,65969.0,65983.0,65963.0,65983.0,0.83351683,2024-06-14 22:20:00+00:00
1718403660,65992.0,65994.0,65973.0,65976.0,2.04164344,2024-06-14 22:21:00+00:00
1718403720,65989.0,65999.0,65961.0,65961.0,1.5262387,2024-06-14 22:22:00+00:00
1718403780,65961.0,65964.0,65954.0,65963.0,1.56861416,2024-06-14 22:23:00+00:00
1718403840,65988.0,65988.0,65959.0,65966.0,0.35836659,2024-06-14 22:24:00+00:00
1718403900,65954.0,65961.0,65928.0,65951.0,3.15845481,2024-06-14 22:25:00+00:00
1718403960,65950.0,65958.0,65934.0,65934.0,3.62221447,2024-06-14 22:26:00+00:00
1718404020,65951.0,65957.0,65951.0,65957.0,0.4932043,2024-06-14 22:27:00+00:00
1718404080,65953.0,65953.0,65926.0,65935.0,1.88647604,2024-06-14 22:28:00+00:00
1718404140,65928.0,65932.0,65911.0,65919.0,1.39388796,2024-06-14 22:29:00+00:00
1718404200,65930.0,65955.0,65930.0,65951.0,0.57875242,2024-06-14 22:30:00+00:00
1718404260,65934.0,65934.0,65908.0,65912.0,1.54344842,2024-06-14 22:31:00+00:00
1718404320,65929.0,65929.0,65883.0,65884.0,1.14892451,2024-06-14 22:32:00+00:00
1718404380,65902.0,65904.0,65896.0,65896.0,1.34983444,2024-06-14 22:33:00+00:00
1718404440,65913.0,65921.0,65897.0,65921.0,0.60912157,2024-06-14 22:34:00+00:00
1718404500,65932.0,65945.0,65917.0,65917.0,0.16110008,2024-06-14 22:35:00+00:00
1718404560,65933.0,65933.0,65906.0,65915.0,0.31165666,2024-06-14 22:36:00+00:00
1718404620,65914.0,65914.0,65906.0,65906.0,0.1980354,2024-06-14 22:37:00+00:00
1718404680,65913.0,65914.0,65897.0,65897.0,0.48967934,2024-06-14 22:38:00+00:00
1718404740,65914.0,65956.0,65914.0,65956.0,0.77063753,2024-06-14 22:39:00+00:00
1718404800,65947.0,65983.0,65947.0,65957.0,0.82339366,2024-06-14 22:40:00+00:00
1718404860,65975.0,65983.0,65972.0,65983.0,1.10897085,2024-06-14 22:41:00+00:00
1718404920,65983.0,65985.0,65961.0,65961.0,0.6654953,2024-06-14 22:42:00+00:00
1718404980,65961.0,65972.0,65954.0,65961.0,0.88634364,2024-06-14 22:43:00+00:00
1718405040,65962.0,65987.0,65962.0,65986.0,2.16140936,2024-06-14 22:44:00+00:00
1718405100,65991.0,65991.0,65945.0,65945.0,0.91034719,2024-06-14 22:45:00+00:00
1718405160,65949.0,65959.0,65949.0,65959.0,0.80783436,2024-06-14 22:46:00+00:00
1718405220,65957.0,65957.0,65950.0,65956.0,2.16599501,2024-06-14 22:47:00+00:00
1718405280,65956.0,65959.0,65942.0,65942.0,1.87465847,2024-06-14 22:48:00+00:00
1718405340,65954.0,65975.0,65954.0,65975.0,1.07538342,2024-06-14 22:49:00+00:00
1718405400,65976.0,65976.0,65945.0,65956.0,2.19933658,2024-06-14 22:50:00+00:00
1718405460,65958.0,65968.0,65952.0,65968.0,1.79241095,2024-06-14 22:51:00+00:00
1718405520,65971.0,65981.0,65967.0,65979.0,1.80944298,2024-06-14 22:52:00+00:00
1718405580,65988.0,66018.0,65978.0,65989.0,1.70496457,2024-06-14 22:53:00+00:00
1718405640,65985.0,65995.0,65982.0,65990.0,1.54214557,2024-06-14 22:54:00+00:00
1718405700,65989.0,66006.0,65989.0,66005.0,2.14939662,2024-06-14 22:55:00+00:00
1718405760,65980.0,65989.0,65974.0,65984.0,2.74788568,2024-06-14 22:56:00+00:00
1718405820,65986.0,65988.0,65966.0,65966.0,1.62080863,2024-06-14 22:57:00+00:00
1718405880,65965.0,65977.0,65964.0,65976.0,1.8507565,2024-06-14 22:58:00+00:00
1718405940,65974.0,65984.0,65968.0,65972.0,1.8398379,2024-06-14 22:59:00+00:00
1718406000,65969.0,65969.0,65924.0,65932.0,1.66163645,2024-06-14 23:00:00+00:00
1718406060,65926.0,65926.0,65913.0,65917.0,1.8913911,2024-06-14 23:01:00+00:00
1718406120,65929.0,65929.0,65915.0,65918.0,1.38993603,2024-06-14 23:02:00+00:00
1718406180,65944.0,65944.0,65940.0,65942.0,1.78324136,2024-06-14 23:03:00+00:00
1718406240,65918.0,65934.0,65912.0,65914.0,1.16468748,2024-06-14 23:04:00+00:00
1718406300,65912.0,65914.0,65884.0,65892.0,1.81687671,2024-06-14 23:05:00+00:00
1718406360,65894.0,65894.0,65881.0,65883.0,1.51370804,2024-06-14 23:06:00+00:00
1718406420,65883.0,65899.0,65878.0,65885.0,1.60732854,2024-06-14 23:07:00+00:00
1718406480,65879.0,65879.0,65867.0,65867.0,1.53593695,2024-06-14 23:08:00+00:00
1718406540,65868.0,65886.0,65866.0,65886.0,2.80533866,2024-06-14 23:09:00+00:00
1718406600,65886.0,65888.0,65879.0,65886.0,1.90687616,2024-06-14 23:10:00+00:00
1718406660,65884.0,65884.0,65862.0,65862.0,2.42205977,2024-06-14 23:11:00+00:00
1718406720,65868.0,65883.0,65867.0,65876.0,0.97020843,2024-06-14 23:12:00+00:00
1718406780,65874.0,65887.0,65871.0,65886.0,1.2881534,2024-06-14 23:13:00+00:00
1718406840,65886.0,65886.0,65866.0,65866.0,1.30551767,2024-06-14 23:14:00+00:00
1718406900,65867.0,65894.0,65867.0,65894.0,1.71163173,2024-06-14 23:15:00+00:00
1718406960,65897.0,65897.0,65876.0,65878.0,2.12666497,2024-06-14 23:16:00+00:00
1718407020,65874.0,65896.0,65874.0,65892.0,2.99401759,2024-06-14 23:17:00+00:00
1718407080,65884.0,65895.0,65879.0,65879.0,1.54477546,2024-06-14 23:18:00+00:00
1718407140,65882.0,65896.0,65878.0,65888.0,1.73583396,2024-06-14 23:19:00+00:00
1718407200,65888.0,65896.0,65886.0,65889.0,3.54938276,2024-06-14 23:20:00+00:00
1718407260,65893.0,65945.0,65893.0,65938.0,3.56122456,2024-06-14 23:21:00+00:00
1718407320,65924.0,65941.0,65908.0,65940.0,1.2980922,2024-06-14 23:22:00+00:00
1718407380,65950.0,65966.0,65950.0,65959.0,2.05414238,2024-06-14 23:23:00+00:00
1718407440,65965.0,65970.0,65960.0,65965.0,1.09194985,2024-06-14 23:24:00+00:00
1718407500,65969.0,66015.0,65969.0,66013.0,1.71864565,2024-06-14 23:25:00+00:00
1718407560,66016.0,66019.0,65977.0,65977.0,1.43135079,2024-06-14 23:26:00+00:00
1718407620,65984.0,65990.0,65940.0,65957.0,3.55461589,2024-06-14 23:27:00+00:00
1718407680,65973.0,65973.0,65954.0,65958.0,2.02493407,2024-06-14 23:28:00+00:00
1718407740,65956.0,65970.0,65956.0,65961.0,1.78511447,2024-06-14 23:29:00+00:00
1718407800,65956.0,65988.0,65956.0,65983.0,2.3208072,2024-06-14 23:30:00+00:00
1718407860,65978.0,65984.0,65963.0,65963.0,0.68150342,2024-06-14 23:31:00+00:00
1718407920,65965.0,65982.0,65953.0,65975.0,1.8528549,2024-06-14 23:32:00+00:00
1718407980,66002.0,66007.0,65998.0,66006.0,1.04534562,2024-06-14 23:33:00+00:00
1718408040,66015.0,66015.0,65994.0,65994.0,1.0419917,2024-06-14 23:34:00+00:00
1718408100,65994.0,66010.0,65994.0,66010.0,1.49641953,2024-06-14 23:35:00+00:00
1718408160,66007.0,66017.0,66002.0,66003.0,1.51445986,2024-06-14 23:36:00+00:00
1718408220,66001.0,66013.0,66001.0,66013.0,0.05328743,2024-06-14 23:37:00+00:00
1718408280,66008.0,66011.0,65997.0,66011.0,1.91790907,2024-06-14 23:38:00+00:00
1718408340,66008.0,66031.0,66004.0,66028.0,2.87236235,2024-06-14 23:39:00+00:00
1718408400,66013.0,66018.0,66002.0,66002.0,1.21130493,2024-06-14 23:40:00+00:00
1718408460,66009.0,66009.0,65981.0,65981.0,1.98015066,2024-06-14 23:41:00+00:00
1718408520,65970.0,65983.0,65964.0,65983.0,2.27566542,2024-06-14 23:42:00+00:00
1718408580,65982.0,65987.0,65978.0,65978.0,1.47488807,2024-06-14 23:43:00+00:00
1718408640,65968.0,65978.0,65967.0,65972.0,2.15977836,2024-06-14 23:44:00+00:00
1718408700,65989.0,66003.0,65981.0,66000.0,1.16025375,2024-06-14 23:45:00+00:00
1718408760,65995.0,65996.0,65968.0,65996.0,1.61304061,2024-06-14 23:46:00+00:00
1718408820,66018.0,66033.0,66012.0,66022.0,1.01488549,2024-06-14 23:47:00+00:00
1718408880,66025.0,66031.0,66015.0,66031.0,1.09406907,2024-06-14 23:48:00+00:00
1718408940,66031.0,66031.0,65999.0,65999.0,0.43840669,2024-06-14 23:49:00+00:00
1718409000,66003.0,66015.0,65994.0,66015.0,0.34635542,2024-06-14 23:50:00+00:00
1718409060,66002.0,66006.0,65990.0,65994.0,1.50808242,2024-06-14 23:51:00+00:00
1718409120,65994.0,65994.0,65978.0,65990.0,0.75380138,2024-06-14 23:52:00+00:00
1718409180,65994.0,66013.0,65994.0,66013.0,1.49182608,2024-06-14 23:53:00+00:00
1718409240,66012.0,66015.0,65997.0,65997.0,2.27116262,2024-06-14 23:54:00+00:00
1718409300,66014.0,66019.0,66008.0,66018.0,1.01491345,2024-06-14 23:55:00+00:00
1718409360,66007.0,66014.0,66004.0,66013.0,1.39131513,2024-06-14 23:56:00+00:00
1718409420,66009.0,66009.0,65997.0,66008.0,0.93739299,2024-06-14 23:57:00+00:00
1718409480,65998.0,66006.0,65996.0,66006.0,0.59326531,2024-06-14 23:58:00+00:00
1718409540,66000.0,66007.0,65983.0,65996.0,1.1256929,2024-06-14 23:59:00+00:00
