Timestamp,Open,High,Low,Close,Volume,Datetime
1722816000,58137.0,58193.0,58117.0,58175.0,0.25721683,2024-08-05 00:00:00+00:00
1722816060,58207.0,58207.0,58100.0,58108.0,0.11522896,2024-08-05 00:01:00+00:00
1722816120,58120.0,58186.0,58102.0,58186.0,0.48568745,2024-08-05 00:02:00+00:00
1722816180,58186.0,58209.0,58170.0,58188.0,0.32006169,2024-08-05 00:03:00+00:00
1722816240,58182.0,58280.0,58152.0,58280.0,1.6919922,2024-08-05 00:04:00+00:00
1722816300,58251.0,58267.0,58201.0,58201.0,1.01658333,2024-08-05 00:05:00+00:00
1722816360,58270.0,58270.0,58194.0,58194.0,0.12079777,2024-08-05 00:06:00+00:00
1722816420,58170.0,58170.0,58040.0,58040.0,0.28122263,2024-08-05 00:07:00+00:00
1722816480,58023.0,58023.0,57931.0,57931.0,5.58995363,2024-08-05 00:08:00+00:00
1722816540,57924.0,57927.0,57766.0,57766.0,4.19247649,2024-08-05 00:09:00+00:00
1722816600,57774.0,57844.0,57774.0,57807.0,0.10400023,2024-08-05 00:10:00+00:00
1722816660,57857.0,57857.0,57694.0,57722.0,0.56486287,2024-08-05 00:11:00+00:00
1722816720,57698.0,57720.0,57628.0,57644.0,21.51277404,2024-08-05 00:12:00+00:00
1722816780,57643.0,57643.0,57536.0,57550.0,5.1976564,2024-08-05 00:13:00+00:00
1722816840,57529.0,57538.0,57488.0,57505.0,0.03823836,2024-08-05 00:14:00+00:00
1722816900,57447.0,57845.0,57419.0,57845.0,17.93389585,2024-08-05 00:15:00+00:00
1722816960,57808.0,58028.0,57808.0,57972.0,51.0928934,2024-08-05 00:16:00+00:00
1722817020,58028.0,58217.0,58028.0,58217.0,6.94340002,2024-08-05 00:17:00+00:00
1722817080,58111.0,58111.0,57786.0,57799.0,2.89683161,2024-08-05 00:18:00+00:00
1722817140,57836.0,57927.0,57834.0,57880.0,1.2242937,2024-08-05 00:19:00+00:00
1722817200,57871.0,57871.0,57744.0,57819.0,0.65002469,2024-08-05 00:20:00+00:00
1722817260,57797.0,57890.0,57797.0,57870.0,0.60189636,2024-08-05 00:21:00+00:00
1722817320,57845.0,57845.0,57668.0,57668.0,0.04750964,2024-08-05 00:22:00+00:00
1722817380,57630.0,57630.0,57519.0,57577.0,49.37466384,2024-08-05 00:23:00+00:00
1722817440,57572.0,57578.0,57400.0,57407.0,4.9699876,2024-08-05 00:24:00+00:00
1722817500,57386.0,57501.0,57360.0,57367.0,1.09823692,2024-08-05 00:25:00+00:00
1722817560,57372.0,57403.0,57302.0,57302.0,15.43135399,2024-08-05 00:26:00+00:00
1722817620,57302.0,57482.0,57289.0,57468.0,1.34286557,2024-08-05 00:27:00+00:00
1722817680,57395.0,57451.0,57344.0,57451.0,0.36753822,2024-08-05 00:28:00+00:00
1722817740,57373.0,57410.0,57317.0,57388.0,0.16465949,2024-08-05 00:29:00+00:00
1722817800,57376.0,57389.0,57291.0,57325.0,2.49455973,2024-08-05 00:30:00+00:00
1722817860,57354.0,57499.0,57348.0,57434.0,0.17204542,2024-08-05 00:31:00+00:00
1722817920,57361.0,57381.0,57336.0,57345.0,0.2215847,2024-08-05 00:32:00+00:00
1722817980,57304.0,57446.0,57304.0,57446.0,0.71060805,2024-08-05 00:33:00+00:00
1722818040,57312.0,57342.0,57286.0,57310.0,4.62096442,2024-08-05 00:34:00+00:00
1722818100,57323.0,57344.0,57226.0,57226.0,5.43332408,2024-08-05 00:35:00+00:00
1722818160,57219.0,57286.0,57120.0,57151.0,11.11501216,2024-08-05 00:36:00+00:00
1722818220,57125.0,57143.0,56900.0,56906.0,35.73130396,2024-08-05 00:37:00+00:00
1722818280,56918.0,56977.0,56652.0,56652.0,26.5173545,2024-08-05 00:38:00+00:00
1722818340,56697.0,56802.0,56697.0,56777.0,1.03929034,2024-08-05 00:39:00+00:00
1722818400,56766.0,56993.0,56766.0,56856.0,2.98043655,2024-08-05 00:40:00+00:00
1722818460,56844.0,56881.0,56697.0,56752.0,5.17922105,2024-08-05 00:41:00+00:00
1722818520,56784.0,56798.0,56670.0,56782.0,4.7294821,2024-08-05 00:42:00+00:00
1722818580,56800.0,56880.0,56735.0,56739.0,0.99825152,2024-08-05 00:43:00+00:00
1722818640,56675.0,56783.0,56675.0,56707.0,0.79151452,2024-08-05 00:44:00+00:00
1722818700,56715.0,57041.0,56715.0,57041.0,2.34058092,2024-08-05 00:45:00+00:00
1722818760,57041.0,57068.0,56973.0,56990.0,2.358457,2024-08-05 00:46:00+00:00
1722818820,56957.0,57021.0,56675.0,56781.0,4.5391348,2024-08-05 00:47:00+00:00
1722818880,56781.0,56789.0,56675.0,56726.0,2.68992877,2024-08-05 00:48:00+00:00
1722818940,56742.0,56939.0,56727.0,56900.0,3.07362226,2024-08-05 00:49:00+00:00
1722819000,56860.0,56860.0,56767.0,56817.0,6.41118276,2024-08-05 00:50:00+00:00
1722819060,56781.0,56814.0,56591.0,56647.0,5.93918807,2024-08-05 00:51:00+00:00
1722819120,56649.0,56920.0,56649.0,56781.0,7.43797185,2024-08-05 00:52:00+00:00
1722819180,56749.0,56766.0,56662.0,56667.0,0.18258798,2024-08-05 00:53:00+00:00
1722819240,56667.0,56694.0,56463.0,56463.0,9.68385614,2024-08-05 00:54:00+00:00
1722819300,56441.0,56463.0,56219.0,56219.0,25.28943752,2024-08-05 00:55:00+00:00
1722819360,56219.0,56296.0,56051.0,56057.0,17.54345027,2024-08-05 00:56:00+00:00
1722819420,56088.0,56088.0,55702.0,55810.0,40.85081139,2024-08-05 00:57:00+00:00
1722819480,55810.0,56218.0,55810.0,56002.0,19.71721943,2024-08-05 00:58:00+00:00
1722819540,56176.0,56242.0,56053.0,56098.0,7.7778601,2024-08-05 00:59:00+00:00
1722819600,56168.0,56262.0,56155.0,56170.0,0.70882626,2024-08-05 01:00:00+00:00
1722819660,56128.0,56128.0,55800.0,55952.0,5.24493921,2024-08-05 01:01:00+00:00
1722819720,56007.0,56161.0,55880.0,56046.0,1.30353513,2024-08-05 01:02:00+00:00
1722819780,56065.0,56065.0,55856.0,55859.0,0.00826196,2024-08-05 01:03:00+00:00
1722819840,55867.0,55884.0,55762.0,55860.0,0.73358446,2024-08-05 01:04:00+00:00
1722819900,55838.0,55914.0,55639.0,55675.0,13.54911453,2024-08-05 01:05:00+00:00
1722819960,55634.0,55643.0,55283.0,55312.0,39.6298442,2024-08-05 01:06:00+00:00
1722820020,55330.0,55372.0,55039.0,55145.0,33.68400886,2024-08-05 01:07:00+00:00
1722820080,55176.0,55176.0,54444.0,54599.0,64.20587276,2024-08-05 01:08:00+00:00
1722820140,54642.0,55013.0,54600.0,54770.0,9.65596585,2024-08-05 01:09:00+00:00
1722820200,54800.0,54800.0,53353.0,53403.0,126.8617663,2024-08-05 01:10:00+00:00
1722820260,53355.0,53994.0,53353.0,53811.0,7.61513552,2024-08-05 01:11:00+00:00
1722820320,53810.0,53810.0,53334.0,53354.0,25.30172105,2024-08-05 01:12:00+00:00
1722820380,53354.0,53410.0,53091.0,53362.0,15.84228334,2024-08-05 01:13:00+00:00
1722820440,53399.0,53823.0,53355.0,53823.0,58.20515054,2024-08-05 01:14:00+00:00
1722820500,53829.0,54578.0,53829.0,54246.0,46.53049942,2024-08-05 01:15:00+00:00
1722820560,54309.0,54354.0,54070.0,54271.0,2.59890747,2024-08-05 01:16:00+00:00
1722820620,54236.0,54472.0,54214.0,54303.0,30.2938201,2024-08-05 01:17:00+00:00
1722820680,54393.0,54803.0,54315.0,54751.0,15.63794472,2024-08-05 01:18:00+00:00
1722820740,54739.0,54740.0,54368.0,54368.0,8.51098929,2024-08-05 01:19:00+00:00
1722820800,54344.0,54741.0,54344.0,54728.0,64.69471956,2024-08-05 01:20:00+00:00
1722820860,54723.0,54942.0,54695.0,54891.0,30.65776633,2024-08-05 01:21:00+00:00
1722820920,54870.0,54917.0,54493.0,54540.0,6.03498779,2024-08-05 01:22:00+00:00
1722820980,54497.0,54647.0,54439.0,54572.0,3.69142605,2024-08-05 01:23:00+00:00
1722821040,54521.0,54523.0,53790.0,53939.0,94.22772544,2024-08-05 01:24:00+00:00
1722821100,53953.0,53988.0,53328.0,53915.0,43.30565954,2024-08-05 01:25:00+00:00
1722821160,53888.0,53953.0,53631.0,53953.0,14.08350179,2024-08-05 01:26:00+00:00
1722821220,53974.0,54349.0,53974.0,54264.0,76.85906624,2024-08-05 01:27:00+00:00
1722821280,54263.0,54398.0,54163.0,54355.0,25.34007845,2024-08-05 01:28:00+00:00
1722821340,54342.0,54358.0,54121.0,54211.0,14.86373585,2024-08-05 01:29:00+00:00
1722821400,54211.0,54255.0,53814.0,53870.0,4.00602221,2024-08-05 01:30:00+00:00
1722821460,53871.0,54153.0,53863.0,53956.0,4.16180112,2024-08-05 01:31:00+00:00
1722821520,53935.0,54228.0,53830.0,54228.0,3.62762161,2024-08-05 01:32:00+00:00
1722821580,54244.0,54752.0,54244.0,54729.0,46.68070051,2024-08-05 01:33:00+00:00
1722821640,54751.0,54757.0,54455.0,54485.0,6.78840481,2024-08-05 01:34:00+00:00
1722821700,54483.0,54688.0,54483.0,54618.0,2.55162822,2024-08-05 01:35:00+00:00
1722821760,54625.0,54964.0,54523.0,54878.0,23.7729855,2024-08-05 01:36:00+00:00
1722821820,54861.0,54894.0,54724.0,54785.0,4.35013804,2024-08-05 01:37:00+00:00
1722821880,54772.0,54800.0,54679.0,54723.0,5.44211241,2024-08-05 01:38:00+00:00
1722821940,54707.0,54722.0,54586.0,54722.0,1.86314863,2024-08-05 01:39:00+00:00
1722822000,54722.0,54824.0,54644.0,54781.0,1.14388358,2024-08-05 01:40:00+00:00
1722822060,54788.0,54811.0,54646.0,54691.0,1.14813985,2024-08-05 01:41:00+00:00
1722822120,54691.0,54891.0,54662.0,54864.0,1.57887872,2024-08-05 01:42:00+00:00
1722822180,54862.0,54902.0,54718.0,54718.0,1.26563528,2024-08-05 01:43:00+00:00
1722822240,54712.0,55154.0,54712.0,55137.0,18.062703,2024-08-05 01:44:00+00:00
1722822300,55129.0,55140.0,54647.0,54679.0,4.39149746,2024-08-05 01:45:00+00:00
1722822360,54657.0,54791.0,54586.0,54786.0,3.3309035,2024-08-05 01:46:00+00:00
1722822420,54773.0,54854.0,54604.0,54612.0,2.63594507,2024-08-05 01:47:00+00:00
1722822480,54613.0,54713.0,54602.0,54681.0,1.25969327,2024-08-05 01:48:00+00:00
1722822540,54706.0,54821.0,54700.0,54782.0,1.74192275,2024-08-05 01:49:00+00:00
1722822600,54741.0,54775.0,54692.0,54718.0,0.97149484,2024-08-05 01:50:00+00:00
1722822660,54712.0,54857.0,54548.0,54576.0,13.52854207,2024-08-05 01:51:00+00:00
1722822720,54569.0,54865.0,54569.0,54864.0,0.48635021,2024-08-05 01:52:00+00:00
1722822780,54852.0,54866.0,54664.0,54664.0,0.62911574,2024-08-05 01:53:00+00:00
1722822840,54662.0,54805.0,54658.0,54710.0,3.37640288,2024-08-05 01:54:00+00:00
1722822900,54711.0,54858.0,54711.0,54794.0,5.59319542,2024-08-05 01:55:00+00:00
1722822960,54784.0,54784.0,54704.0,54708.0,0.76550221,2024-08-05 01:56:00+00:00
1722823020,54698.0,54769.0,54586.0,54586.0,0.79431238,2024-08-05 01:57:00+00:00
1722823080,54599.0,54700.0,54599.0,54697.0,0.27158231,2024-08-05 01:58:00+00:00
1722823140,54694.0,54698.0,54342.0,54427.0,66.23640023,2024-08-05 01:59:00+00:00
1722823200,54405.0,54565.0,54238.0,54487.0,9.07929091,2024-08-05 02:00:00+00:00
1722823260,54475.0,54530.0,54453.0,54466.0,1.65001205,2024-08-05 02:01:00+00:00
1722823320,54469.0,54469.0,54251.0,54251.0,4.92191187,2024-08-05 02:02:00+00:00
1722823380,54283.0,54382.0,54062.0,54062.0,21.63507721,2024-08-05 02:03:00+00:00
1722823440,54058.0,54101.0,53825.0,53825.0,3.01247771,2024-08-05 02:04:00+00:00
1722823500,53823.0,54036.0,53817.0,53989.0,0.2970427,2024-08-05 02:05:00+00:00
1722823560,54023.0,54208.0,54008.0,54019.0,3.18513436,2024-08-05 02:06:00+00:00
1722823620,53935.0,54021.0,53847.0,54007.0,0.55686137,2024-08-05 02:07:00+00:00
1722823680,53989.0,54346.0,53983.0,54277.0,1.65193057,2024-08-05 02:08:00+00:00
1722823740,54311.0,54376.0,54257.0,54331.0,0.37670402,2024-08-05 02:09:00+00:00
1722823800,54320.0,54320.0,54090.0,54104.0,0.39078737,2024-08-05 02:10:00+00:00
1722823860,54111.0,54198.0,54085.0,54137.0,4.74465641,2024-08-05 02:11:00+00:00
1722823920,54101.0,54101.0,53913.0,53913.0,13.8853457,2024-08-05 02:12:00+00:00
1722823980,53915.0,53940.0,53682.0,53700.0,5.05936909,2024-08-05 02:13:00+00:00
1722824040,53714.0,53945.0,53662.0,53928.0,3.47302355,2024-08-05 02:14:00+00:00
1722824100,53928.0,54114.0,53853.0,54081.0,0.69255074,2024-08-05 02:15:00+00:00
1722824160,54039.0,54039.0,53772.0,53772.0,3.51905552,2024-08-05 02:16:00+00:00
1722824220,53791.0,53835.0,53661.0,53725.0,29.02708779,2024-08-05 02:17:00+00:00
1722824280,53704.0,53888.0,53704.0,53770.0,1.13311917,2024-08-05 02:18:00+00:00
1722824340,53790.0,53890.0,53700.0,53700.0,2.06502965,2024-08-05 02:19:00+00:00
1722824400,53715.0,53990.0,53674.0,53962.0,2.19909456,2024-08-05 02:20:00+00:00
1722824460,53933.0,54102.0,53853.0,54088.0,1.13400294,2024-08-05 02:21:00+00:00
1722824520,54098.0,54207.0,54098.0,54195.0,0.94990026,2024-08-05 02:22:00+00:00
1722824580,54181.0,54261.0,54133.0,54261.0,0.59066731,2024-08-05 02:23:00+00:00
1722824640,54249.0,54369.0,54212.0,54366.0,0.73306899,2024-08-05 02:24:00+00:00
1722824700,54362.0,54389.0,54212.0,54212.0,1.15580853,2024-08-05 02:25:00+00:00
1722824760,54210.0,54231.0,54096.0,54110.0,2.40853006,2024-08-05 02:26:00+00:00
1722824820,54131.0,54315.0,54128.0,54226.0,0.90285757,2024-08-05 02:27:00+00:00
1722824880,54226.0,54236.0,54150.0,54218.0,0.81399796,2024-08-05 02:28:00+00:00
1722824940,54236.0,54251.0,54150.0,54150.0,0.57777167,2024-08-05 02:29:00+00:00
1722825000,54143.0,54283.0,54143.0,54283.0,0.74792164,2024-08-05 02:30:00+00:00
1722825060,54269.0,54323.0,54188.0,54291.0,1.79712707,2024-08-05 02:31:00+00:00
1722825120,54299.0,54450.0,54286.0,54405.0,0.94072907,2024-08-05 02:32:00+00:00
1722825180,54398.0,54501.0,54371.0,54450.0,0.18943204,2024-08-05 02:33:00+00:00
1722825240,54459.0,54513.0,54338.0,54351.0,1.50042101,2024-08-05 02:34:00+00:00
1722825300,54334.0,54436.0,54330.0,54364.0,0.58672892,2024-08-05 02:35:00+00:00
1722825360,54347.0,54445.0,54320.0,54345.0,0.19095145,2024-08-05 02:36:00+00:00
1722825420,54343.0,54343.0,54138.0,54138.0,0.29323962,2024-08-05 02:37:00+00:00
1722825480,54138.0,54209.0,54054.0,54090.0,2.19512537,2024-08-05 02:38:00+00:00
1722825540,54087.0,54134.0,54057.0,54081.0,0.37923083,2024-08-05 02:39:00+00:00
1722825600,54043.0,54066.0,53923.0,54066.0,1.05675133,2024-08-05 02:40:00+00:00
1722825660,54069.0,54075.0,53868.0,53912.0,0.25236753,2024-08-05 02:41:00+00:00
1722825720,53903.0,53970.0,53828.0,53958.0,4.34062363,2024-08-05 02:42:00+00:00
1722825780,53951.0,53976.0,53839.0,53839.0,0.41923241,2024-08-05 02:43:00+00:00
1722825840,53840.0,53951.0,53800.0,53951.0,1.18632588,2024-08-05 02:44:00+00:00
1722825900,53956.0,54098.0,53894.0,53939.0,0.24908913,2024-08-05 02:45:00+00:00
1722825960,53947.0,54063.0,53910.0,53980.0,0.09352295,2024-08-05 02:46:00+00:00
1722826020,53978.0,54166.0,53949.0,54158.0,0.8617137,2024-08-05 02:47:00+00:00
1722826080,54149.0,54413.0,54139.0,54413.0,1.10500732,2024-08-05 02:48:00+00:00
1722826140,54400.0,54478.0,54371.0,54431.0,0.69735794,2024-08-05 02:49:00+00:00
1722826200,54434.0,54587.0,54382.0,54521.0,0.90735482,2024-08-05 02:50:00+00:00
1722826260,54509.0,54537.0,54437.0,54439.0,0.34972639,2024-08-05 02:51:00+00:00
1722826320,54442.0,54472.0,54394.0,54442.0,1.05174663,2024-08-05 02:52:00+00:00
1722826380,54421.0,54504.0,54399.0,54470.0,0.63464349,2024-08-05 02:53:00+00:00
1722826440,54464.0,54464.0,54342.0,54415.0,0.39123344,2024-08-05 02:54:00+00:00
1722826500,54418.0,54458.0,54380.0,54458.0,1.50725311,2024-08-05 02:55:00+00:00
1722826560,54455.0,54622.0,54449.0,54611.0,0.41098362,2024-08-05 02:56:00+00:00
1722826620,54620.0,54695.0,54607.0,54607.0,3.85840372,2024-08-05 02:57:00+00:00
1722826680,54595.0,54665.0,54595.0,54648.0,0.6266235,2024-08-05 02:58:00+00:00
1722826740,54647.0,54695.0,54618.0,54693.0,45.42519954,2024-08-05 02:59:00+00:00
1722826800,54693.0,54695.0,54573.0,54573.0,30.64380747,2024-08-05 03:00:00+00:00
1722826860,54573.0,54666.0,54560.0,54613.0,0.70847131,2024-08-05 03:01:00+00:00
1722826920,54615.0,54669.0,54550.0,54550.0,0.56990029,2024-08-05 03:02:00+00:00
1722826980,54567.0,54573.0,54470.0,54516.0,2.66859919,2024-08-05 03:03:00+00:00
1722827040,54498.0,54573.0,54468.0,54493.0,0.71639077,2024-08-05 03:04:00+00:00
1722827100,54465.0,54490.0,54316.0,54337.0,1.65584045,2024-08-05 03:05:00+00:00
1722827160,54335.0,54370.0,54250.0,54252.0,1.02671945,2024-08-05 03:06:00+00:00
1722827220,54277.0,54277.0,54176.0,54227.0,0.29257925,2024-08-05 03:07:00+00:00
1722827280,54233.0,54244.0,54120.0,54156.0,3.13406952,2024-08-05 03:08:00+00:00
1722827340,54136.0,54158.0,54097.0,54121.0,0.0885662,2024-08-05 03:09:00+00:00
1722827400,54112.0,54126.0,54059.0,54117.0,0.12064893,2024-08-05 03:10:00+00:00
1722827460,54121.0,54307.0,54121.0,54197.0,0.85586134,2024-08-05 03:11:00+00:00
1722827520,54212.0,54240.0,54068.0,54073.0,4.99256075,2024-08-05 03:12:00+00:00
1722827580,54094.0,54167.0,54047.0,54156.0,0.8948375,2024-08-05 03:13:00+00:00
1722827640,54139.0,54188.0,54094.0,54188.0,1.05931223,2024-08-05 03:14:00+00:00
1722827700,54189.0,54282.0,54097.0,54246.0,1.3176444,2024-08-05 03:15:00+00:00
1722827760,54227.0,54235.0,54115.0,54152.0,1.14599743,2024-08-05 03:16:00+00:00
1722827820,54158.0,54158.0,54040.0,54120.0,1.77514765,2024-08-05 03:17:00+00:00
1722827880,54119.0,54261.0,54119.0,54174.0,2.73262386,2024-08-05 03:18:00+00:00
1722827940,54172.0,54369.0,54167.0,54319.0,1.30594605,2024-08-05 03:19:00+00:00
1722828000,54282.0,54314.0,54257.0,54292.0,2.48595309,2024-08-05 03:20:00+00:00
1722828060,54279.0,54329.0,54193.0,54204.0,1.5600426,2024-08-05 03:21:00+00:00
1722828120,54210.0,54297.0,54196.0,54297.0,2.03938598,2024-08-05 03:22:00+00:00
1722828180,54297.0,54500.0,54297.0,54495.0,0.74174643,2024-08-05 03:23:00+00:00
1722828240,54475.0,54475.0,54376.0,54431.0,1.24136888,2024-08-05 03:24:00+00:00
1722828300,54411.0,54526.0,54351.0,54419.0,1.64563049,2024-08-05 03:25:00+00:00
1722828360,54405.0,54521.0,54397.0,54397.0,1.02856984,2024-08-05 03:26:00+00:00
1722828420,54386.0,54386.0,54218.0,54325.0,0.9158527,2024-08-05 03:27:00+00:00
1722828480,54297.0,54297.0,54152.0,54199.0,5.21040751,2024-08-05 03:28:00+00:00
1722828540,54182.0,54182.0,54149.0,54149.0,0.10868875,2024-08-05 03:29:00+00:00
1722828600,54145.0,54153.0,54074.0,54102.0,0.24946804,2024-08-05 03:30:00+00:00
1722828660,54104.0,54262.0,54104.0,54230.0,0.1883756,2024-08-05 03:31:00+00:00
1722828720,54229.0,54342.0,54091.0,54092.0,0.51942116,2024-08-05 03:32:00+00:00
1722828780,54092.0,54156.0,54092.0,54147.0,0.65762074,2024-08-05 03:33:00+00:00
1722828840,54145.0,54256.0,54124.0,54124.0,0.20500396,2024-08-05 03:34:00+00:00
1722828900,54134.0,54226.0,54134.0,54167.0,0.56770605,2024-08-05 03:35:00+00:00
1722828960,54167.0,54225.0,54116.0,54177.0,1.23167871,2024-08-05 03:36:00+00:00
1722829020,54169.0,54218.0,54144.0,54193.0,0.85063263,2024-08-05 03:37:00+00:00
1722829080,54183.0,54272.0,54098.0,54272.0,0.75816169,2024-08-05 03:38:00+00:00
1722829140,54272.0,54336.0,54204.0,54252.0,2.51292314,2024-08-05 03:39:00+00:00
1722829200,54261.0,54261.0,54161.0,54209.0,0.63898665,2024-08-05 03:40:00+00:00
1722829260,54223.0,54302.0,54223.0,54302.0,0.47858489,2024-08-05 03:41:00+00:00
1722829320,54311.0,54329.0,54231.0,54324.0,0.5701514,2024-08-05 03:42:00+00:00
1722829380,54314.0,54314.0,54246.0,54302.0,3.1255438,2024-08-05 03:43:00+00:00
1722829440,54292.0,54401.0,54292.0,54384.0,0.23816563,2024-08-05 03:44:00+00:00
1722829500,54384.0,54433.0,54384.0,54415.0,0.07402982,2024-08-05 03:45:00+00:00
1722829560,54431.0,54504.0,54430.0,54504.0,0.25205906,2024-08-05 03:46:00+00:00
1722829620,54498.0,54498.0,54407.0,54407.0,0.39633568,2024-08-05 03:47:00+00:00
1722829680,54407.0,54407.0,54321.0,54337.0,0.10099721,2024-08-05 03:48:00+00:00
1722829740,54386.0,54386.0,54284.0,54293.0,1.40327017,2024-08-05 03:49:00+00:00
1722829800,54293.0,54308.0,54166.0,54166.0,0.43755732,2024-08-05 03:50:00+00:00
1722829860,54161.0,54242.0,54157.0,54173.0,0.36675139,2024-08-05 03:51:00+00:00
1722829920,54157.0,54238.0,54135.0,54152.0,0.16311611,2024-08-05 03:52:00+00:00
1722829980,54140.0,54183.0,54131.0,54157.0,5.72402466,2024-08-05 03:53:00+00:00
1722830040,54142.0,54142.0,54064.0,54099.0,0.63208121,2024-08-05 03:54:00+00:00
1722830100,54077.0,54095.0,54062.0,54062.0,0.25534699,2024-08-05 03:55:00+00:00
1722830160,54083.0,54153.0,54083.0,54132.0,0.1061929,2024-08-05 03:56:00+00:00
1722830220,54141.0,54141.0,54095.0,54099.0,0.80135753,2024-08-05 03:57:00+00:00
1722830280,54110.0,54130.0,54043.0,54043.0,0.56125119,2024-08-05 03:58:00+00:00
1722830340,54020.0,54020.0,53824.0,53893.0,61.66495167,2024-08-05 03:59:00+00:00
1722830400,53893.0,53922.0,53814.0,53816.0,2.00109,2024-08-05 04:00:00+00:00
1722830460,53849.0,53849.0,53805.0,53834.0,2.49954746,2024-08-05 04:01:00+00:00
1722830520,53830.0,54001.0,53814.0,53996.0,0.1157369,2024-08-05 04:02:00+00:00
1722830580,53933.0,53933.0,53769.0,53769.0,1.23803954,2024-08-05 04:03:00+00:00
1722830640,53755.0,53835.0,53754.0,53812.0,0.14497642,2024-08-05 04:04:00+00:00
1722830700,53841.0,54053.0,53841.0,54053.0,1.34279349,2024-08-05 04:05:00+00:00
1722830760,54044.0,54065.0,53978.0,54022.0,0.39837675,2024-08-05 04:06:00+00:00
1722830820,54021.0,54069.0,53928.0,54001.0,0.42755906,2024-08-05 04:07:00+00:00
1722830880,54001.0,54104.0,53979.0,54104.0,0.17971974,2024-08-05 04:08:00+00:00
1722830940,54127.0,54217.0,54126.0,54217.0,3.10147036,2024-08-05 04:09:00+00:00
1722831000,54203.0,54250.0,54175.0,54206.0,0.49423323,2024-08-05 04:10:00+00:00
1722831060,54200.0,54249.0,54194.0,54217.0,1.48148084,2024-08-05 04:11:00+00:00
1722831120,54229.0,54374.0,54222.0,54353.0,0.24995398,2024-08-05 04:12:00+00:00
1722831180,54348.0,54416.0,54331.0,54416.0,0.01995416,2024-08-05 04:13:00+00:00
1722831240,54424.0,54440.0,54407.0,54438.0,2.45829815,2024-08-05 04:14:00+00:00
1722831300,54446.0,54512.0,54444.0,54494.0,0.44779132,2024-08-05 04:15:00+00:00
1722831360,54473.0,54474.0,54401.0,54401.0,0.27660087,2024-08-05 04:16:00+00:00
1722831420,54416.0,54565.0,54408.0,54563.0,0.22832832,2024-08-05 04:17:00+00:00
1722831480,54560.0,54560.0,54413.0,54434.0,0.26122869,2024-08-05 04:18:00+00:00
1722831540,54433.0,54481.0,54404.0,54481.0,0.50111022,2024-08-05 04:19:00+00:00
1722831600,54476.0,54479.0,54403.0,54403.0,0.51054856,2024-08-05 04:20:00+00:00
1722831660,54405.0,54438.0,54392.0,54394.0,1.23248598,2024-08-05 04:21:00+00:00
1722831720,54386.0,54391.0,54260.0,54391.0,1.04408386,2024-08-05 04:22:00+00:00
1722831780,54386.0,54429.0,54371.0,54372.0,0.4169023,2024-08-05 04:23:00+00:00
1722831840,54370.0,54379.0,54214.0,54216.0,5.78164615,2024-08-05 04:24:00+00:00
1722831900,54234.0,54284.0,54187.0,54259.0,0.77137788,2024-08-05 04:25:00+00:00
1722831960,54260.0,54327.0,54239.0,54239.0,1.79817451,2024-08-05 04:26:00+00:00
1722832020,54243.0,54305.0,54226.0,54250.0,2.64614829,2024-08-05 04:27:00+00:00
1722832080,54252.0,54269.0,54152.0,54201.0,0.41824617,2024-08-05 04:28:00+00:00
1722832140,54207.0,54207.0,54097.0,54134.0,0.13096184,2024-08-05 04:29:00+00:00
1722832200,54125.0,54172.0,54097.0,54172.0,1.97140078,2024-08-05 04:30:00+00:00
1722832260,54175.0,54198.0,54110.0,54140.0,0.44014226,2024-08-05 04:31:00+00:00
1722832320,54135.0,54192.0,54122.0,54122.0,0.93975348,2024-08-05 04:32:00+00:00
1722832380,54133.0,54202.0,54107.0,54193.0,0.33419863,2024-08-05 04:33:00+00:00
1722832440,54187.0,54188.0,54116.0,54116.0,0.50091061,2024-08-05 04:34:00+00:00
1722832500,54083.0,54107.0,54022.0,54022.0,0.06681726,2024-08-05 04:35:00+00:00
1722832560,54005.0,54039.0,53980.0,53980.0,0.72380558,2024-08-05 04:36:00+00:00
1722832620,54007.0,54007.0,53895.0,53896.0,0.44238192,2024-08-05 04:37:00+00:00
1722832680,53944.0,53944.0,53895.0,53912.0,0.28476889,2024-08-05 04:38:00+00:00
1722832740,53897.0,54004.0,53888.0,53947.0,1.78787802,2024-08-05 04:39:00+00:00
1722832800,53919.0,54060.0,53919.0,54052.0,0.25462034,2024-08-05 04:40:00+00:00
1722832860,54029.0,54029.0,53933.0,53956.0,0.31681176,2024-08-05 04:41:00+00:00
1722832920,53993.0,54047.0,53952.0,53956.0,1.32682816,2024-08-05 04:42:00+00:00
1722832980,53997.0,54065.0,53991.0,54001.0,1.8081524,2024-08-05 04:43:00+00:00
1722833040,54007.0,54024.0,53944.0,53983.0,1.45447607,2024-08-05 04:44:00+00:00
1722833100,53969.0,53970.0,53897.0,53897.0,0.45203601,2024-08-05 04:45:00+00:00
1722833160,53895.0,54035.0,53895.0,54018.0,0.5520664,2024-08-05 04:46:00+00:00
1722833220,53991.0,53991.0,53883.0,53897.0,0.28848695,2024-08-05 04:47:00+00:00
1722833280,53902.0,53925.0,53855.0,53905.0,1.59374111,2024-08-05 04:48:00+00:00
1722833340,53894.0,53912.0,53878.0,53888.0,0.27561048,2024-08-05 04:49:00+00:00
1722833400,53859.0,53883.0,53789.0,53838.0,0.22344649,2024-08-05 04:50:00+00:00
1722833460,53827.0,53827.0,53680.0,53718.0,1.02673237,2024-08-05 04:51:00+00:00
1722833520,53748.0,53833.0,53748.0,53776.0,2.17098562,2024-08-05 04:52:00+00:00
1722833580,53725.0,53725.0,53500.0,53574.0,27.91439065,2024-08-05 04:53:00+00:00
1722833640,53598.0,53653.0,53506.0,53522.0,2.49794039,2024-08-05 04:54:00+00:00
1722833700,53571.0,53571.0,53390.0,53518.0,1.48926984,2024-08-05 04:55:00+00:00
1722833760,53509.0,53665.0,53505.0,53643.0,10.5106048,2024-08-05 04:56:00+00:00
1722833820,53634.0,53727.0,53592.0,53686.0,7.71537422,2024-08-05 04:57:00+00:00
1722833880,53686.0,53686.0,53575.0,53613.0,2.23250597,2024-08-05 04:58:00+00:00
1722833940,53610.0,53610.0,53536.0,53540.0,0.58421263,2024-08-05 04:59:00+00:00
1722834000,53540.0,53550.0,53493.0,53519.0,0.10286861,2024-08-05 05:00:00+00:00
1722834060,53521.0,53521.0,53298.0,53340.0,0.52778068,2024-08-05 05:01:00+00:00
1722834120,53323.0,53331.0,53201.0,53225.0,1.02847121,2024-08-05 05:02:00+00:00
1722834180,53234.0,53234.0,53058.0,53079.0,44.49736746,2024-08-05 05:03:00+00:00
1722834240,53097.0,53151.0,52950.0,52956.0,2.16588554,2024-08-05 05:04:00+00:00
1722834300,52970.0,53313.0,52970.0,53236.0,4.06041571,2024-08-05 05:05:00+00:00
1722834360,53203.0,53203.0,53009.0,53029.0,1.19794595,2024-08-05 05:06:00+00:00
1722834420,53014.0,53023.0,52869.0,52923.0,2.43706478,2024-08-05 05:07:00+00:00
1722834480,52963.0,53010.0,52736.0,52748.0,3.87167337,2024-08-05 05:08:00+00:00
1722834540,52764.0,52875.0,52738.0,52811.0,1.2878367,2024-08-05 05:09:00+00:00
1722834600,52783.0,52805.0,52511.0,52513.0,65.66511928,2024-08-05 05:10:00+00:00
1722834660,52546.0,52797.0,52546.0,52590.0,2.20264308,2024-08-05 05:11:00+00:00
1722834720,52604.0,52666.0,52395.0,52395.0,20.84722075,2024-08-05 05:12:00+00:00
1722834780,52373.0,52836.0,52303.0,52770.0,6.09874687,2024-08-05 05:13:00+00:00
1722834840,52753.0,53146.0,52753.0,52845.0,6.43111167,2024-08-05 05:14:00+00:00
1722834900,52894.0,53022.0,52800.0,52835.0,9.09555491,2024-08-05 05:15:00+00:00
1722834960,52829.0,52840.0,52725.0,52765.0,8.83202467,2024-08-05 05:16:00+00:00
1722835020,52762.0,52762.0,52531.0,52531.0,13.61000036,2024-08-05 05:17:00+00:00
1722835080,52573.0,52763.0,52523.0,52693.0,3.54131439,2024-08-05 05:18:00+00:00
1722835140,52668.0,52763.0,52526.0,52578.0,3.67420486,2024-08-05 05:19:00+00:00
1722835200,52588.0,52787.0,52550.0,52732.0,7.70593394,2024-08-05 05:20:00+00:00
1722835260,52724.0,52975.0,52698.0,52935.0,0.60340604,2024-08-05 05:21:00+00:00
1722835320,52905.0,53140.0,52819.0,53039.0,0.40345887,2024-08-05 05:22:00+00:00
1722835380,53015.0,53377.0,53012.0,53331.0,13.03068648,2024-08-05 05:23:00+00:00
1722835440,53328.0,53331.0,53202.0,53250.0,0.68700712,2024-08-05 05:24:00+00:00
1722835500,53226.0,53282.0,53201.0,53275.0,2.67041994,2024-08-05 05:25:00+00:00
1722835560,53306.0,53679.0,53306.0,53509.0,104.80632871,2024-08-05 05:26:00+00:00
1722835620,53491.0,53642.0,53485.0,53614.0,2.07372314,2024-08-05 05:27:00+00:00
1722835680,53601.0,53687.0,53545.0,53687.0,2.33708946,2024-08-05 05:28:00+00:00
1722835740,53639.0,53653.0,53433.0,53433.0,4.97053091,2024-08-05 05:29:00+00:00
1722835800,53439.0,53592.0,53314.0,53571.0,3.81401511,2024-08-05 05:30:00+00:00
1722835860,53565.0,53752.0,53525.0,53676.0,2.53299829,2024-08-05 05:31:00+00:00
1722835920,53677.0,53718.0,53603.0,53718.0,1.22641443,2024-08-05 05:32:00+00:00
1722835980,53729.0,53842.0,53718.0,53813.0,2.09429326,2024-08-05 05:33:00+00:00
1722836040,53815.0,53846.0,53727.0,53796.0,1.56340269,2024-08-05 05:34:00+00:00
1722836100,53790.0,53790.0,53644.0,53644.0,0.20946891,2024-08-05 05:35:00+00:00
1722836160,53622.0,53639.0,53550.0,53577.0,0.3712024,2024-08-05 05:36:00+00:00
1722836220,53577.0,53577.0,53430.0,53437.0,1.07831279,2024-08-05 05:37:00+00:00
1722836280,53533.0,53540.0,53399.0,53464.0,0.3565177,2024-08-05 05:38:00+00:00
1722836340,53481.0,53481.0,53346.0,53388.0,0.34936072,2024-08-05 05:39:00+00:00
1722836400,53393.0,53405.0,53225.0,53300.0,9.02446261,2024-08-05 05:40:00+00:00
1722836460,53285.0,53306.0,53221.0,53221.0,0.73132796,2024-08-05 05:41:00+00:00
1722836520,53242.0,53287.0,53027.0,53027.0,0.11781296,2024-08-05 05:42:00+00:00
1722836580,53061.0,53070.0,52868.0,52911.0,1.99437777,2024-08-05 05:43:00+00:00
1722836640,52956.0,53204.0,52956.0,53159.0,2.09060895,2024-08-05 05:44:00+00:00
1722836700,53144.0,53341.0,53120.0,53226.0,2.3164282,2024-08-05 05:45:00+00:00
1722836760,53284.0,53299.0,53176.0,53225.0,1.81798819,2024-08-05 05:46:00+00:00
1722836820,53182.0,53207.0,53046.0,53046.0,0.73885741,2024-08-05 05:47:00+00:00
1722836880,53034.0,53089.0,52983.0,52989.0,1.69178745,2024-08-05 05:48:00+00:00
1722836940,52993.0,53080.0,52974.0,52999.0,0.69108117,2024-08-05 05:49:00+00:00
1722837000,53015.0,53075.0,52928.0,52935.0,0.28511375,2024-08-05 05:50:00+00:00
1722837060,52964.0,52964.0,52717.0,52800.0,0.43490262,2024-08-05 05:51:00+00:00
1722837120,52841.0,52953.0,52795.0,52795.0,7.39722513,2024-08-05 05:52:00+00:00
1722837180,52789.0,53016.0,52701.0,52975.0,6.55272025,2024-08-05 05:53:00+00:00
1722837240,53022.0,53022.0,52850.0,52907.0,2.22134115,2024-08-05 05:54:00+00:00
1722837300,52894.0,52998.0,52819.0,52978.0,6.55366238,2024-08-05 05:55:00+00:00
1722837360,52978.0,53058.0,52815.0,52872.0,0.81235594,2024-08-05 05:56:00+00:00
1722837420,52871.0,52892.0,52710.0,52710.0,3.1030864,2024-08-05 05:57:00+00:00
1722837480,52739.0,52813.0,52681.0,52736.0,1.79443386,2024-08-05 05:58:00+00:00
1722837540,52791.0,52791.0,52641.0,52739.0,1.06142118,2024-08-05 05:59:00+00:00
1722837600,52710.0,52820.0,52622.0,52816.0,0.68670171,2024-08-05 06:00:00+00:00
1722837660,52819.0,52958.0,52743.0,52743.0,0.93561584,2024-08-05 06:01:00+00:00
1722837720,52783.0,52813.0,52657.0,52657.0,3.43640792,2024-08-05 06:02:00+00:00
1722837780,52629.0,52724.0,52534.0,52637.0,104.38147041,2024-08-05 06:03:00+00:00
1722837840,52610.0,52666.0,52443.0,52472.0,3.43077953,2024-08-05 06:04:00+00:00
1722837900,52474.0,52482.0,52331.0,52423.0,4.32053892,2024-08-05 06:05:00+00:00
1722837960,52391.0,52429.0,52018.0,52044.0,49.95996711,2024-08-05 06:06:00+00:00
1722838020,52102.0,52271.0,51881.0,52135.0,12.93452915,2024-08-05 06:07:00+00:00
1722838080,52167.0,52197.0,51575.0,51741.0,58.52910596,2024-08-05 06:08:00+00:00
1722838140,51771.0,52187.0,51720.0,52018.0,4.76861653,2024-08-05 06:09:00+00:00
1722838200,52079.0,52291.0,52057.0,52059.0,3.92446796,2024-08-05 06:10:00+00:00
1722838260,52058.0,52058.0,51876.0,51994.0,3.35056665,2024-08-05 06:11:00+00:00
1722838320,51945.0,52134.0,51913.0,52041.0,0.59556137,2024-08-05 06:12:00+00:00
1722838380,52001.0,52017.0,51852.0,51852.0,3.92970973,2024-08-05 06:13:00+00:00
1722838440,51858.0,51882.0,51609.0,51642.0,19.78837942,2024-08-05 06:14:00+00:00
1722838500,51620.0,51820.0,51331.0,51368.0,12.1608127,2024-08-05 06:15:00+00:00
1722838560,51455.0,51608.0,51434.0,51591.0,2.81208877,2024-08-05 06:16:00+00:00
1722838620,51616.0,51693.0,51404.0,51404.0,3.77850841,2024-08-05 06:17:00+00:00
1722838680,51462.0,51514.0,51128.0,51128.0,43.42610015,2024-08-05 06:18:00+00:00
1722838740,51128.0,51232.0,50856.0,50976.0,28.15909102,2024-08-05 06:19:00+00:00
1722838800,50976.0,51235.0,50851.0,51004.0,5.12952018,2024-08-05 06:20:00+00:00
1722838860,51063.0,51177.0,50749.0,50806.0,21.4341194,2024-08-05 06:21:00+00:00
1722838920,50831.0,50841.0,50138.0,50380.0,84.61971908,2024-08-05 06:22:00+00:00
1722838980,50345.0,50470.0,50138.0,50326.0,25.67419955,2024-08-05 06:23:00+00:00
1722839040,50257.0,50344.0,49700.0,49700.0,64.96335418,2024-08-05 06:24:00+00:00
1722839100,49705.0,50148.0,49647.0,49755.0,48.33222708,2024-08-05 06:25:00+00:00
1722839160,49758.0,50241.0,49719.0,50141.0,9.98518554,2024-08-05 06:26:00+00:00
1722839220,50141.0,50603.0,50141.0,50423.0,34.3323538,2024-08-05 06:27:00+00:00
1722839280,50444.0,50472.0,50078.0,50275.0,9.50035328,2024-08-05 06:28:00+00:00
1722839340,50295.0,50354.0,50048.0,50065.0,4.12657931,2024-08-05 06:29:00+00:00
1722839400,50055.0,50450.0,50055.0,50450.0,3.55512294,2024-08-05 06:30:00+00:00
1722839460,50493.0,50770.0,50468.0,50716.0,50.10253763,2024-08-05 06:31:00+00:00
1722839520,50790.0,50981.0,50790.0,50872.0,14.24343183,2024-08-05 06:32:00+00:00
1722839580,50855.0,50952.0,50768.0,50913.0,6.73362028,2024-08-05 06:33:00+00:00
1722839640,50889.0,50979.0,50865.0,50959.0,4.91645033,2024-08-05 06:34:00+00:00
1722839700,50962.0,51090.0,50653.0,50825.0,6.90689903,2024-08-05 06:35:00+00:00
1722839760,50848.0,50899.0,50570.0,50770.0,4.75074674,2024-08-05 06:36:00+00:00
1722839820,50769.0,50866.0,50592.0,50704.0,2.01940943,2024-08-05 06:37:00+00:00
1722839880,50706.0,50898.0,50706.0,50746.0,11.64503379,2024-08-05 06:38:00+00:00
1722839940,50773.0,50782.0,50567.0,50585.0,11.60825167,2024-08-05 06:39:00+00:00
1722840000,50593.0,50690.0,50251.0,50255.0,7.69558841,2024-08-05 06:40:00+00:00
1722840060,50326.0,50450.0,50103.0,50185.0,8.08864409,2024-08-05 06:41:00+00:00
1722840120,50182.0,50331.0,50094.0,50262.0,6.87205048,2024-08-05 06:42:00+00:00
1722840180,50275.0,50577.0,50211.0,50299.0,8.67360752,2024-08-05 06:43:00+00:00
1722840240,50317.0,50440.0,50230.0,50440.0,3.49229839,2024-08-05 06:44:00+00:00
1722840300,50401.0,50795.0,50359.0,50685.0,11.48698831,2024-08-05 06:45:00+00:00
1722840360,50662.0,50899.0,50646.0,50885.0,3.16791251,2024-08-05 06:46:00+00:00
1722840420,50865.0,51256.0,50848.0,51256.0,89.75100728,2024-08-05 06:47:00+00:00
1722840480,51232.0,51468.0,51173.0,51468.0,7.57624328,2024-08-05 06:48:00+00:00
1722840540,51460.0,51460.0,51278.0,51404.0,6.87478075,2024-08-05 06:49:00+00:00
1722840600,51387.0,51777.0,51365.0,51482.0,22.19997486,2024-08-05 06:50:00+00:00
1722840660,51507.0,51624.0,51343.0,51408.0,10.71622577,2024-08-05 06:51:00+00:00
1722840720,51408.0,51444.0,51144.0,51259.0,58.85903651,2024-08-05 06:52:00+00:00
1722840780,51277.0,51346.0,50957.0,51027.0,3.57231212,2024-08-05 06:53:00+00:00
1722840840,51025.0,51230.0,50985.0,51185.0,5.95771672,2024-08-05 06:54:00+00:00
1722840900,51199.0,51282.0,51094.0,51170.0,3.22975669,2024-08-05 06:55:00+00:00
1722840960,51148.0,51440.0,51148.0,51420.0,5.86724542,2024-08-05 06:56:00+00:00
1722841020,51405.0,51405.0,51300.0,51313.0,0.9616115,2024-08-05 06:57:00+00:00
1722841080,51375.0,51501.0,51307.0,51487.0,8.96177975,2024-08-05 06:58:00+00:00
1722841140,51500.0,51597.0,51456.0,51589.0,28.18025501,2024-08-05 06:59:00+00:00
1722841200,51597.0,51607.0,51455.0,51469.0,2.96255447,2024-08-05 07:00:00+00:00
1722841260,51478.0,51598.0,51365.0,51571.0,3.13869899,2024-08-05 07:01:00+00:00
1722841320,51596.0,51609.0,51527.0,51606.0,1.93917631,2024-08-05 07:02:00+00:00
1722841380,51578.0,51792.0,51565.0,51772.0,8.13418028,2024-08-05 07:03:00+00:00
1722841440,51795.0,51899.0,51795.0,51828.0,3.35393177,2024-08-05 07:04:00+00:00
1722841500,51818.0,51874.0,51667.0,51734.0,6.7159169,2024-08-05 07:05:00+00:00
1722841560,51720.0,51784.0,51552.0,51569.0,23.73882084,2024-08-05 07:06:00+00:00
1722841620,51581.0,51861.0,51581.0,51830.0,1.49475292,2024-08-05 07:07:00+00:00
1722841680,51800.0,51871.0,51739.0,51851.0,9.80352949,2024-08-05 07:08:00+00:00
1722841740,51825.0,52038.0,51811.0,51893.0,1.82438337,2024-08-05 07:09:00+00:00
1722841800,51880.0,51886.0,51815.0,51851.0,2.81122163,2024-08-05 07:10:00+00:00
1722841860,51893.0,51893.0,51667.0,51744.0,1.63375993,2024-08-05 07:11:00+00:00
1722841920,51751.0,51779.0,51636.0,51640.0,1.31502729,2024-08-05 07:12:00+00:00
1722841980,51675.0,51676.0,51615.0,51651.0,3.99074006,2024-08-05 07:13:00+00:00
1722842040,51639.0,51772.0,51635.0,51656.0,2.66510458,2024-08-05 07:14:00+00:00
1722842100,51684.0,51735.0,51667.0,51702.0,0.83884379,2024-08-05 07:15:00+00:00
1722842160,51687.0,51912.0,51687.0,51853.0,0.87628831,2024-08-05 07:16:00+00:00
1722842220,51862.0,52058.0,51814.0,52028.0,2.5179634,2024-08-05 07:17:00+00:00
1722842280,52030.0,52239.0,52030.0,52220.0,47.86931738,2024-08-05 07:18:00+00:00
1722842340,52230.0,52230.0,52123.0,52216.0,1.7489487,2024-08-05 07:19:00+00:00
1722842400,52177.0,52544.0,52165.0,52500.0,2.79065971,2024-08-05 07:20:00+00:00
1722842460,52490.0,52583.0,52373.0,52405.0,2.74161391,2024-08-05 07:21:00+00:00
1722842520,52433.0,52666.0,52328.0,52380.0,20.10555659,2024-08-05 07:22:00+00:00
1722842580,52359.0,52390.0,52326.0,52390.0,17.05699968,2024-08-05 07:23:00+00:00
1722842640,52390.0,52513.0,52382.0,52450.0,9.0399475,2024-08-05 07:24:00+00:00
1722842700,52453.0,52484.0,52297.0,52418.0,4.83019319,2024-08-05 07:25:00+00:00
1722842760,52450.0,52649.0,52446.0,52641.0,9.85674267,2024-08-05 07:26:00+00:00
1722842820,52631.0,52917.0,52606.0,52717.0,9.63462873,2024-08-05 07:27:00+00:00
1722842880,52675.0,52735.0,52650.0,52673.0,3.59183814,2024-08-05 07:28:00+00:00
1722842940,52733.0,52891.0,52733.0,52780.0,1.79565776,2024-08-05 07:29:00+00:00
1722843000,52774.0,52875.0,52749.0,52857.0,3.28227889,2024-08-05 07:30:00+00:00
1722843060,52860.0,52860.0,52552.0,52594.0,6.11212978,2024-08-05 07:31:00+00:00
1722843120,52598.0,52618.0,52400.0,52448.0,4.97767868,2024-08-05 07:32:00+00:00
1722843180,52453.0,52500.0,52400.0,52457.0,3.77314522,2024-08-05 07:33:00+00:00
1722843240,52445.0,52445.0,52342.0,52363.0,3.12688301,2024-08-05 07:34:00+00:00
1722843300,52408.0,52671.0,52372.0,52640.0,1.28730687,2024-08-05 07:35:00+00:00
1722843360,52660.0,52865.0,52635.0,52781.0,9.88720114,2024-08-05 07:36:00+00:00
1722843420,52781.0,52960.0,52767.0,52767.0,7.40034396,2024-08-05 07:37:00+00:00
1722843480,52782.0,52809.0,52636.0,52718.0,12.52087482,2024-08-05 07:38:00+00:00
1722843540,52717.0,52733.0,52573.0,52653.0,9.65466626,2024-08-05 07:39:00+00:00
1722843600,52648.0,52790.0,52642.0,52768.0,8.60780693,2024-08-05 07:40:00+00:00
1722843660,52796.0,53021.0,52791.0,52967.0,4.85413162,2024-08-05 07:41:00+00:00
1722843720,52967.0,53059.0,52899.0,52986.0,88.98066953,2024-08-05 07:42:00+00:00
1722843780,52986.0,53018.0,52863.0,52879.0,4.56471308,2024-08-05 07:43:00+00:00
1722843840,52822.0,52875.0,52703.0,52705.0,8.54918309,2024-08-05 07:44:00+00:00
1722843900,52741.0,52801.0,52539.0,52755.0,33.23368791,2024-08-05 07:45:00+00:00
1722843960,52799.0,52892.0,52742.0,52892.0,3.2387717,2024-08-05 07:46:00+00:00
1722844020,52897.0,53011.0,52869.0,53002.0,2.34306457,2024-08-05 07:47:00+00:00
1722844080,52992.0,53037.0,52917.0,53018.0,1.03661247,2024-08-05 07:48:00+00:00
1722844140,53028.0,53028.0,52846.0,52867.0,3.79958391,2024-08-05 07:49:00+00:00
1722844200,52891.0,52907.0,52717.0,52730.0,1.61708136,2024-08-05 07:50:00+00:00
1722844260,52727.0,52774.0,52670.0,52774.0,5.70825543,2024-08-05 07:51:00+00:00
1722844320,52761.0,52761.0,52663.0,52668.0,18.56500474,2024-08-05 07:52:00+00:00
1722844380,52666.0,52680.0,52499.0,52573.0,9.91190152,2024-08-05 07:53:00+00:00
1722844440,52557.0,52597.0,52455.0,52597.0,2.09486036,2024-08-05 07:54:00+00:00
1722844500,52595.0,52831.0,52574.0,52816.0,3.47264099,2024-08-05 07:55:00+00:00
1722844560,52824.0,52824.0,52675.0,52732.0,4.93594114,2024-08-05 07:56:00+00:00
1722844620,52731.0,52823.0,52612.0,52777.0,8.85436473,2024-08-05 07:57:00+00:00
1722844680,52762.0,52788.0,52709.0,52719.0,14.44377347,2024-08-05 07:58:00+00:00
1722844740,52711.0,52728.0,52641.0,52694.0,5.98429908,2024-08-05 07:59:00+00:00
1722844800,52694.0,52712.0,52581.0,52686.0,4.13239386,2024-08-05 08:00:00+00:00
1722844860,52762.0,52826.0,52705.0,52801.0,2.00594877,2024-08-05 08:01:00+00:00
1722844920,52769.0,52881.0,52750.0,52853.0,2.33446739,2024-08-05 08:02:00+00:00
1722844980,52847.0,52969.0,52797.0,52943.0,4.26021482,2024-08-05 08:03:00+00:00
1722845040,52894.0,52906.0,52872.0,52881.0,0.70864199,2024-08-05 08:04:00+00:00
1722845100,52887.0,52931.0,52811.0,52811.0,0.80850142,2024-08-05 08:05:00+00:00
1722845160,52809.0,52809.0,52686.0,52793.0,1.29050064,2024-08-05 08:06:00+00:00
1722845220,52792.0,52792.0,52605.0,52605.0,1.0434958,2024-08-05 08:07:00+00:00
1722845280,52604.0,52718.0,52604.0,52662.0,0.78505084,2024-08-05 08:08:00+00:00
1722845340,52614.0,52663.0,52540.0,52548.0,1.05258181,2024-08-05 08:09:00+00:00
1722845400,52571.0,52622.0,52529.0,52556.0,2.37860774,2024-08-05 08:10:00+00:00
1722845460,52566.0,52566.0,52400.0,52447.0,37.40176648,2024-08-05 08:11:00+00:00
1722845520,52436.0,52634.0,52435.0,52590.0,2.03952994,2024-08-05 08:12:00+00:00
1722845580,52567.0,52605.0,52484.0,52530.0,1.17904454,2024-08-05 08:13:00+00:00
1722845640,52505.0,52725.0,52499.0,52711.0,2.53258188,2024-08-05 08:14:00+00:00
1722845700,52698.0,52781.0,52671.0,52736.0,31.48516284,2024-08-05 08:15:00+00:00
1722845760,52737.0,52868.0,52725.0,52811.0,27.19492869,2024-08-05 08:16:00+00:00
1722845820,52799.0,52921.0,52745.0,52900.0,5.95679136,2024-08-05 08:17:00+00:00
1722845880,52922.0,53214.0,52922.0,53138.0,17.14625451,2024-08-05 08:18:00+00:00
1722845940,53174.0,53174.0,53007.0,53048.0,0.79197656,2024-08-05 08:19:00+00:00
1722846000,52995.0,53014.0,52866.0,52924.0,1.68756175,2024-08-05 08:20:00+00:00
1722846060,52956.0,53014.0,52877.0,52921.0,0.47635579,2024-08-05 08:21:00+00:00
1722846120,52979.0,53002.0,52886.0,52927.0,1.41872149,2024-08-05 08:22:00+00:00
1722846180,52931.0,52984.0,52841.0,52968.0,2.00908085,2024-08-05 08:23:00+00:00
1722846240,53001.0,53034.0,52978.0,53030.0,0.94304425,2024-08-05 08:24:00+00:00
1722846300,53054.0,53054.0,52868.0,52905.0,1.04810335,2024-08-05 08:25:00+00:00
1722846360,52954.0,53004.0,52909.0,52998.0,1.07841286,2024-08-05 08:26:00+00:00
1722846420,52968.0,52991.0,52910.0,52973.0,0.5376499,2024-08-05 08:27:00+00:00
1722846480,52959.0,52990.0,52910.0,52921.0,1.4044207,2024-08-05 08:28:00+00:00
1722846540,52909.0,52909.0,52710.0,52711.0,1.32202242,2024-08-05 08:29:00+00:00
1722846600,52728.0,52930.0,52728.0,52800.0,1.95713762,2024-08-05 08:30:00+00:00
1722846660,52806.0,52861.0,52765.0,52823.0,2.86693543,2024-08-05 08:31:00+00:00
1722846720,52943.0,53018.0,52927.0,52966.0,2.66706291,2024-08-05 08:32:00+00:00
1722846780,52956.0,52971.0,52827.0,52872.0,3.496915,2024-08-05 08:33:00+00:00
1722846840,52888.0,52916.0,52833.0,52912.0,2.76004065,2024-08-05 08:34:00+00:00
1722846900,52921.0,53103.0,52889.0,53007.0,1.5232862,2024-08-05 08:35:00+00:00
1722846960,52968.0,53015.0,52949.0,52985.0,2.22247191,2024-08-05 08:36:00+00:00
1722847020,52965.0,53047.0,52916.0,53036.0,1.33994756,2024-08-05 08:37:00+00:00
1722847080,53034.0,53041.0,52919.0,52939.0,2.96991919,2024-08-05 08:38:00+00:00
1722847140,52932.0,52933.0,52791.0,52804.0,1.47479133,2024-08-05 08:39:00+00:00
1722847200,52813.0,52814.0,52677.0,52745.0,1.53209746,2024-08-05 08:40:00+00:00
1722847260,52713.0,52740.0,52672.0,52672.0,0.86374548,2024-08-05 08:41:00+00:00
1722847320,52704.0,52704.0,52525.0,52529.0,1.33466841,2024-08-05 08:42:00+00:00
1722847380,52645.0,52716.0,52447.0,52486.0,0.87240168,2024-08-05 08:43:00+00:00
1722847440,52482.0,52564.0,52448.0,52448.0,0.85146363,2024-08-05 08:44:00+00:00
1722847500,52462.0,52577.0,52450.0,52529.0,1.10490228,2024-08-05 08:45:00+00:00
1722847560,52517.0,52590.0,52451.0,52451.0,1.14696232,2024-08-05 08:46:00+00:00
1722847620,52450.0,52471.0,52400.0,52403.0,15.91680391,2024-08-05 08:47:00+00:00
1722847680,52416.0,52537.0,52416.0,52534.0,2.14659734,2024-08-05 08:48:00+00:00
1722847740,52539.0,52714.0,52469.0,52472.0,9.61894112,2024-08-05 08:49:00+00:00
1722847800,52455.0,52586.0,52455.0,52559.0,0.3987784,2024-08-05 08:50:00+00:00
1722847860,52555.0,52573.0,52463.0,52527.0,0.5962961,2024-08-05 08:51:00+00:00
1722847920,52554.0,52655.0,52505.0,52505.0,0.70043257,2024-08-05 08:52:00+00:00
1722847980,52488.0,52519.0,52465.0,52479.0,0.48132027,2024-08-05 08:53:00+00:00
1722848040,52487.0,52500.0,52445.0,52487.0,0.85083875,2024-08-05 08:54:00+00:00
1722848100,52508.0,52600.0,52508.0,52550.0,1.35374138,2024-08-05 08:55:00+00:00
1722848160,52613.0,52731.0,52613.0,52638.0,0.76733917,2024-08-05 08:56:00+00:00
1722848220,52632.0,52858.0,52632.0,52823.0,2.52939528,2024-08-05 08:57:00+00:00
1722848280,52829.0,52841.0,52728.0,52728.0,0.84082704,2024-08-05 08:58:00+00:00
1722848340,52715.0,52798.0,52677.0,52770.0,0.73283195,2024-08-05 08:59:00+00:00
1722848400,52743.0,52836.0,52743.0,52819.0,0.45976079,2024-08-05 09:00:00+00:00
1722848460,52845.0,52845.0,52731.0,52791.0,0.4004808,2024-08-05 09:01:00+00:00
1722848520,52792.0,52846.0,52761.0,52761.0,0.21899172,2024-08-05 09:02:00+00:00
1722848580,52748.0,52836.0,52720.0,52816.0,0.71071386,2024-08-05 09:03:00+00:00
1722848640,52833.0,52868.0,52806.0,52815.0,3.253369,2024-08-05 09:04:00+00:00
1722848700,52834.0,52890.0,52793.0,52845.0,2.97417337,2024-08-05 09:05:00+00:00
1722848760,52842.0,52946.0,52819.0,52901.0,1.6767482,2024-08-05 09:06:00+00:00
1722848820,52896.0,52897.0,52820.0,52873.0,1.54888583,2024-08-05 09:07:00+00:00
1722848880,52879.0,52879.0,52807.0,52825.0,0.56267505,2024-08-05 09:08:00+00:00
1722848940,52808.0,52889.0,52751.0,52751.0,1.03429139,2024-08-05 09:09:00+00:00
1722849000,52765.0,52765.0,52657.0,52676.0,0.17444748,2024-08-05 09:10:00+00:00
1722849060,52694.0,52694.0,52586.0,52586.0,0.84858281,2024-08-05 09:11:00+00:00
1722849120,52574.0,52625.0,52564.0,52623.0,0.18811109,2024-08-05 09:12:00+00:00
1722849180,52609.0,52691.0,52600.0,52642.0,1.16330539,2024-08-05 09:13:00+00:00
1722849240,52635.0,52728.0,52624.0,52728.0,0.31447668,2024-08-05 09:14:00+00:00
1722849300,52717.0,52756.0,52643.0,52643.0,4.88980504,2024-08-05 09:15:00+00:00
1722849360,52646.0,52815.0,52646.0,52815.0,9.50336542,2024-08-05 09:16:00+00:00
1722849420,52807.0,52917.0,52791.0,52864.0,10.8800799,2024-08-05 09:17:00+00:00
1722849480,52843.0,52891.0,52832.0,52858.0,10.10575628,2024-08-05 09:18:00+00:00
1722849540,52858.0,52879.0,52803.0,52832.0,0.74243768,2024-08-05 09:19:00+00:00
1722849600,52816.0,52883.0,52781.0,52835.0,0.34546169,2024-08-05 09:20:00+00:00
1722849660,52853.0,52857.0,52832.0,52845.0,1.93925406,2024-08-05 09:21:00+00:00
1722849720,52855.0,52885.0,52840.0,52851.0,0.91495132,2024-08-05 09:22:00+00:00
1722849780,52843.0,52894.0,52819.0,52871.0,2.16294736,2024-08-05 09:23:00+00:00
1722849840,52869.0,52882.0,52790.0,52810.0,1.82041935,2024-08-05 09:24:00+00:00
1722849900,52809.0,52854.0,52657.0,52662.0,1.17678581,2024-08-05 09:25:00+00:00
1722849960,52631.0,52666.0,52604.0,52665.0,2.26193793,2024-08-05 09:26:00+00:00
1722850020,52661.0,52744.0,52621.0,52680.0,0.68141087,2024-08-05 09:27:00+00:00
1722850080,52709.0,52809.0,52709.0,52727.0,2.84362314,2024-08-05 09:28:00+00:00
1722850140,52756.0,52825.0,52730.0,52778.0,1.13435718,2024-08-05 09:29:00+00:00
1722850200,52786.0,52824.0,52714.0,52824.0,1.0675419,2024-08-05 09:30:00+00:00
1722850260,52840.0,52852.0,52732.0,52823.0,0.69550311,2024-08-05 09:31:00+00:00
1722850320,52825.0,52825.0,52729.0,52755.0,0.43616603,2024-08-05 09:32:00+00:00
1722850380,52768.0,52768.0,52692.0,52693.0,1.02955553,2024-08-05 09:33:00+00:00
1722850440,52754.0,52757.0,52676.0,52711.0,2.52184152,2024-08-05 09:34:00+00:00
1722850500,52675.0,52766.0,52675.0,52702.0,0.53893635,2024-08-05 09:35:00+00:00
1722850560,52696.0,52701.0,52631.0,52631.0,0.27004706,2024-08-05 09:36:00+00:00
1722850620,52628.0,52695.0,52622.0,52625.0,2.41847291,2024-08-05 09:37:00+00:00
1722850680,52636.0,52651.0,52623.0,52648.0,0.41014897,2024-08-05 09:38:00+00:00
1722850740,52636.0,52715.0,52634.0,52635.0,0.96349935,2024-08-05 09:39:00+00:00
1722850800,52634.0,52680.0,52619.0,52627.0,0.56221481,2024-08-05 09:40:00+00:00
1722850860,52629.0,52743.0,52629.0,52720.0,0.84984354,2024-08-05 09:41:00+00:00
1722850920,52728.0,52753.0,52678.0,52701.0,0.43102255,2024-08-05 09:42:00+00:00
1722850980,52708.0,52747.0,52630.0,52638.0,0.84521589,2024-08-05 09:43:00+00:00
1722851040,52634.0,52634.0,52363.0,52413.0,1.84707184,2024-08-05 09:44:00+00:00
1722851100,52395.0,52540.0,52390.0,52422.0,0.9743188,2024-08-05 09:45:00+00:00
1722851160,52435.0,52435.0,52201.0,52201.0,1.63096362,2024-08-05 09:46:00+00:00
1722851220,52256.0,52317.0,52000.0,52015.0,2.5087422,2024-08-05 09:47:00+00:00
1722851280,52038.0,52065.0,51871.0,51912.0,1.25409174,2024-08-05 09:48:00+00:00
1722851340,51915.0,51915.0,51770.0,51861.0,0.76993054,2024-08-05 09:49:00+00:00
1722851400,51887.0,52026.0,51776.0,52011.0,12.00565268,2024-08-05 09:50:00+00:00
1722851460,51988.0,52025.0,51892.0,52016.0,0.75575086,2024-08-05 09:51:00+00:00
1722851520,52030.0,52239.0,52030.0,52154.0,0.87529247,2024-08-05 09:52:00+00:00
1722851580,52126.0,52291.0,52072.0,52247.0,0.85315472,2024-08-05 09:53:00+00:00
1722851640,52233.0,52233.0,52150.0,52174.0,0.53845992,2024-08-05 09:54:00+00:00
1722851700,52207.0,52281.0,52168.0,52261.0,0.71101281,2024-08-05 09:55:00+00:00
1722851760,52291.0,52374.0,52287.0,52326.0,0.57586697,2024-08-05 09:56:00+00:00
1722851820,52310.0,52488.0,52307.0,52431.0,0.73420839,2024-08-05 09:57:00+00:00
1722851880,52419.0,52479.0,52396.0,52467.0,2.17846067,2024-08-05 09:58:00+00:00
1722851940,52443.0,52660.0,52437.0,52658.0,0.26286879,2024-08-05 09:59:00+00:00
1722852000,52642.0,52642.0,52513.0,52537.0,0.36634446,2024-08-05 10:00:00+00:00
1722852060,52514.0,52611.0,52491.0,52577.0,1.96776819,2024-08-05 10:01:00+00:00
1722852120,52534.0,52580.0,52461.0,52495.0,1.24462963,2024-08-05 10:02:00+00:00
1722852180,52492.0,52521.0,52469.0,52469.0,0.07363034,2024-08-05 10:03:00+00:00
1722852240,52461.0,52490.0,52360.0,52385.0,0.27183442,2024-08-05 10:04:00+00:00
1722852300,52415.0,52510.0,52391.0,52476.0,1.55277287,2024-08-05 10:05:00+00:00
1722852360,52481.0,52501.0,52265.0,52323.0,1.05464413,2024-08-05 10:06:00+00:00
1722852420,52314.0,52314.0,52089.0,52089.0,0.85540468,2024-08-05 10:07:00+00:00
1722852480,52245.0,52245.0,52136.0,52138.0,0.50510661,2024-08-05 10:08:00+00:00
1722852540,52131.0,52161.0,51915.0,51972.0,5.89293756,2024-08-05 10:09:00+00:00
1722852600,51977.0,52055.0,51952.0,52016.0,0.34426394,2024-08-05 10:10:00+00:00
1722852660,52037.0,52162.0,52012.0,52105.0,0.60023,2024-08-05 10:11:00+00:00
1722852720,52102.0,52102.0,51998.0,52031.0,0.29916076,2024-08-05 10:12:00+00:00
1722852780,51963.0,51963.0,51839.0,51862.0,0.32549541,2024-08-05 10:13:00+00:00
1722852840,51893.0,51970.0,51859.0,51938.0,0.43163637,2024-08-05 10:14:00+00:00
1722852900,51927.0,51927.0,51714.0,51794.0,5.34789882,2024-08-05 10:15:00+00:00
1722852960,51792.0,51818.0,51714.0,51786.0,104.55019203,2024-08-05 10:16:00+00:00
1722853020,51735.0,51772.0,51714.0,51715.0,4.94723243,2024-08-05 10:17:00+00:00
1722853080,51741.0,51832.0,51714.0,51830.0,5.36785393,2024-08-05 10:18:00+00:00
1722853140,51823.0,51828.0,51773.0,51828.0,0.43652502,2024-08-05 10:19:00+00:00
1722853200,51841.0,51841.0,51714.0,51714.0,22.59399516,2024-08-05 10:20:00+00:00
1722853260,51714.0,51715.0,51618.0,51618.0,21.79472292,2024-08-05 10:21:00+00:00
1722853320,51669.0,51702.0,51585.0,51688.0,5.99126311,2024-08-05 10:22:00+00:00
1722853380,51686.0,51686.0,51566.0,51619.0,0.70154653,2024-08-05 10:23:00+00:00
1722853440,51581.0,51641.0,51495.0,51505.0,1.03199273,2024-08-05 10:24:00+00:00
1722853500,51486.0,51553.0,51426.0,51492.0,3.2357332,2024-08-05 10:25:00+00:00
1722853560,51447.0,51541.0,51424.0,51458.0,0.29384181,2024-08-05 10:26:00+00:00
1722853620,51401.0,51416.0,51254.0,51317.0,2.11679154,2024-08-05 10:27:00+00:00
1722853680,51310.0,51310.0,51101.0,51151.0,4.15586298,2024-08-05 10:28:00+00:00
1722853740,51156.0,51330.0,51156.0,51254.0,0.15507345,2024-08-05 10:29:00+00:00
1722853800,51221.0,51483.0,51221.0,51299.0,2.52795006,2024-08-05 10:30:00+00:00
1722853860,51300.0,51521.0,51299.0,51473.0,2.93533765,2024-08-05 10:31:00+00:00
1722853920,51473.0,51492.0,51355.0,51355.0,4.12498488,2024-08-05 10:32:00+00:00
1722853980,51355.0,51428.0,51342.0,51410.0,10.5801979,2024-08-05 10:33:00+00:00
1722854040,51407.0,51422.0,51197.0,51210.0,3.19427394,2024-08-05 10:34:00+00:00
1722854100,51211.0,51211.0,51046.0,51059.0,2.9329073,2024-08-05 10:35:00+00:00
1722854160,51107.0,51136.0,51012.0,51012.0,55.97956899,2024-08-05 10:36:00+00:00
1722854220,51013.0,51039.0,50785.0,50900.0,25.41626544,2024-08-05 10:37:00+00:00
1722854280,50858.0,50898.0,50714.0,50714.0,3.08579708,2024-08-05 10:38:00+00:00
1722854340,50763.0,50866.0,50700.0,50740.0,3.58203227,2024-08-05 10:39:00+00:00
1722854400,50741.0,51104.0,50741.0,50904.0,1.90801718,2024-08-05 10:40:00+00:00
1722854460,50901.0,51036.0,50901.0,50959.0,1.96354916,2024-08-05 10:41:00+00:00
1722854520,50981.0,51152.0,50937.0,51106.0,1.95377212,2024-08-05 10:42:00+00:00
1722854580,51106.0,51443.0,51106.0,51443.0,1.59772475,2024-08-05 10:43:00+00:00
1722854640,51418.0,51628.0,51353.0,51619.0,2.35936944,2024-08-05 10:44:00+00:00
1722854700,51619.0,51759.0,51584.0,51594.0,2.43295771,2024-08-05 10:45:00+00:00
1722854760,51585.0,51619.0,51468.0,51468.0,0.34600421,2024-08-05 10:46:00+00:00
1722854820,51460.0,51547.0,51324.0,51495.0,15.16653841,2024-08-05 10:47:00+00:00
1722854880,51491.0,51578.0,51358.0,51414.0,8.7250527,2024-08-05 10:48:00+00:00
1722854940,51414.0,51690.0,51414.0,51607.0,5.26868406,2024-08-05 10:49:00+00:00
1722855000,51606.0,51623.0,51479.0,51490.0,0.73584315,2024-08-05 10:50:00+00:00
1722855060,51468.0,51593.0,51358.0,51374.0,5.49223788,2024-08-05 10:51:00+00:00
1722855120,51361.0,51366.0,51101.0,51251.0,0.97750231,2024-08-05 10:52:00+00:00
1722855180,51254.0,51307.0,51191.0,51241.0,1.8785769,2024-08-05 10:53:00+00:00
1722855240,51266.0,51456.0,51253.0,51440.0,0.22706967,2024-08-05 10:54:00+00:00
1722855300,51461.0,51511.0,51353.0,51413.0,0.30428456,2024-08-05 10:55:00+00:00
1722855360,51394.0,51460.0,51278.0,51454.0,0.04077097,2024-08-05 10:56:00+00:00
1722855420,51417.0,51417.0,51291.0,51323.0,0.06804236,2024-08-05 10:57:00+00:00
1722855480,51309.0,51423.0,51251.0,51364.0,1.08640471,2024-08-05 10:58:00+00:00
1722855540,51370.0,51475.0,51337.0,51435.0,0.52487612,2024-08-05 10:59:00+00:00
1722855600,51414.0,51483.0,51299.0,51317.0,0.06281426,2024-08-05 11:00:00+00:00
1722855660,51375.0,51427.0,51263.0,51263.0,0.42959573,2024-08-05 11:01:00+00:00
1722855720,51330.0,51330.0,51051.0,51051.0,0.2568515,2024-08-05 11:02:00+00:00
1722855780,51069.0,51161.0,51000.0,51006.0,0.51743593,2024-08-05 11:03:00+00:00
1722855840,51002.0,51042.0,50918.0,51032.0,0.8403374,2024-08-05 11:04:00+00:00
1722855900,51021.0,51117.0,50903.0,50992.0,0.08451352,2024-08-05 11:05:00+00:00
1722855960,51008.0,51043.0,50925.0,50960.0,1.53029448,2024-08-05 11:06:00+00:00
1722856020,50946.0,51116.0,50935.0,51064.0,1.57248082,2024-08-05 11:07:00+00:00
1722856080,51100.0,51243.0,51063.0,51063.0,2.21451165,2024-08-05 11:08:00+00:00
1722856140,51082.0,51095.0,50987.0,51077.0,0.23557175,2024-08-05 11:09:00+00:00
1722856200,51140.0,51348.0,51140.0,51319.0,0.53779309,2024-08-05 11:10:00+00:00
1722856260,51312.0,51535.0,51293.0,51419.0,0.39479099,2024-08-05 11:11:00+00:00
1722856320,51398.0,51547.0,51398.0,51486.0,0.32666831,2024-08-05 11:12:00+00:00
1722856380,51494.0,51707.0,51494.0,51626.0,4.38155109,2024-08-05 11:13:00+00:00
1722856440,51700.0,51796.0,51675.0,51756.0,0.37267386,2024-08-05 11:14:00+00:00
1722856500,51746.0,51901.0,51700.0,51901.0,0.26264393,2024-08-05 11:15:00+00:00
1722856560,51926.0,51931.0,51746.0,51804.0,1.44924596,2024-08-05 11:16:00+00:00
1722856620,51821.0,51895.0,51789.0,51895.0,0.36928773,2024-08-05 11:17:00+00:00
1722856680,51860.0,51881.0,51555.0,51555.0,6.00982546,2024-08-05 11:18:00+00:00
1722856740,51623.0,51623.0,51451.0,51479.0,2.29213563,2024-08-05 11:19:00+00:00
1722856800,51503.0,51525.0,51334.0,51439.0,1.59402785,2024-08-05 11:20:00+00:00
1722856860,51426.0,51477.0,51360.0,51423.0,3.40760762,2024-08-05 11:21:00+00:00
1722856920,51438.0,51568.0,51438.0,51513.0,0.34128488,2024-08-05 11:22:00+00:00
1722856980,51518.0,51652.0,51518.0,51568.0,0.05939832,2024-08-05 11:23:00+00:00
1722857040,51568.0,51751.0,51568.0,51634.0,0.39243925,2024-08-05 11:24:00+00:00
1722857100,51643.0,51650.0,51530.0,51544.0,0.07447972,2024-08-05 11:25:00+00:00
1722857160,51530.0,51530.0,51245.0,51272.0,1.30241883,2024-08-05 11:26:00+00:00
1722857220,51284.0,51284.0,50938.0,50991.0,0.80557212,2024-08-05 11:27:00+00:00
1722857280,50991.0,51007.0,50805.0,51000.0,12.12155068,2024-08-05 11:28:00+00:00
1722857340,51000.0,51063.0,50866.0,50959.0,1.41143969,2024-08-05 11:29:00+00:00
1722857400,50946.0,51226.0,50905.0,51026.0,1.19225879,2024-08-05 11:30:00+00:00
1722857460,50968.0,51191.0,50968.0,51074.0,1.42914886,2024-08-05 11:31:00+00:00
1722857520,51075.0,51129.0,50952.0,51062.0,2.23893565,2024-08-05 11:32:00+00:00
1722857580,51038.0,51038.0,50871.0,50900.0,0.86338061,2024-08-05 11:33:00+00:00
1722857640,50911.0,51093.0,50848.0,50929.0,2.51697499,2024-08-05 11:34:00+00:00
1722857700,50979.0,51067.0,50888.0,51020.0,1.33939425,2024-08-05 11:35:00+00:00
1722857760,51033.0,51074.0,50935.0,51001.0,0.66412861,2024-08-05 11:36:00+00:00
1722857820,51001.0,51152.0,50916.0,51029.0,8.43864001,2024-08-05 11:37:00+00:00
1722857880,51029.0,51116.0,50914.0,50968.0,5.53735131,2024-08-05 11:38:00+00:00
1722857940,50949.0,50983.0,50713.0,50762.0,2.54704279,2024-08-05 11:39:00+00:00
1722858000,50802.0,50899.0,50669.0,50870.0,2.51631176,2024-08-05 11:40:00+00:00
1722858060,50812.0,51044.0,50769.0,50940.0,5.67834659,2024-08-05 11:41:00+00:00
1722858120,50929.0,51123.0,50929.0,51022.0,1.0866666,2024-08-05 11:42:00+00:00
1722858180,51016.0,51021.0,50841.0,50882.0,0.09694335,2024-08-05 11:43:00+00:00
1722858240,50910.0,51167.0,50895.0,51082.0,1.48165727,2024-08-05 11:44:00+00:00
1722858300,51072.0,51263.0,51005.0,51241.0,0.68168528,2024-08-05 11:45:00+00:00
1722858360,51253.0,51401.0,51177.0,51358.0,0.97033756,2024-08-05 11:46:00+00:00
1722858420,51364.0,51467.0,51347.0,51441.0,0.69175085,2024-08-05 11:47:00+00:00
1722858480,51452.0,51518.0,51402.0,51441.0,2.42806538,2024-08-05 11:48:00+00:00
1722858540,51436.0,51439.0,51364.0,51389.0,1.02005531,2024-08-05 11:49:00+00:00
1722858600,51403.0,51403.0,51263.0,51327.0,2.36179564,2024-08-05 11:50:00+00:00
1722858660,51327.0,51401.0,51327.0,51393.0,0.94428367,2024-08-05 11:51:00+00:00
1722858720,51385.0,51526.0,51342.0,51405.0,4.08240032,2024-08-05 11:52:00+00:00
1722858780,51404.0,51494.0,51345.0,51409.0,0.29521241,2024-08-05 11:53:00+00:00
1722858840,51432.0,51656.0,51432.0,51505.0,1.7831415,2024-08-05 11:54:00+00:00
1722858900,51480.0,51590.0,51478.0,51546.0,0.79491705,2024-08-05 11:55:00+00:00
1722858960,51544.0,51568.0,51452.0,51496.0,0.62694989,2024-08-05 11:56:00+00:00
1722859020,51495.0,51495.0,51365.0,51411.0,0.23655654,2024-08-05 11:57:00+00:00
1722859080,51409.0,51460.0,51359.0,51442.0,0.10607599,2024-08-05 11:58:00+00:00
1722859140,51461.0,51461.0,51344.0,51344.0,0.38941733,2024-08-05 11:59:00+00:00
1722859200,51335.0,51397.0,51153.0,51153.0,0.72920972,2024-08-05 12:00:00+00:00
1722859260,51258.0,51258.0,51144.0,51155.0,0.63395486,2024-08-05 12:01:00+00:00
1722859320,51161.0,51161.0,50992.0,51127.0,1.79549341,2024-08-05 12:02:00+00:00
1722859380,51188.0,51338.0,51151.0,51331.0,0.55930574,2024-08-05 12:03:00+00:00
1722859440,51359.0,51528.0,51356.0,51517.0,15.26252541,2024-08-05 12:04:00+00:00
1722859500,51515.0,51559.0,51437.0,51477.0,2.04026533,2024-08-05 12:05:00+00:00
1722859560,51488.0,51488.0,51372.0,51433.0,4.98173224,2024-08-05 12:06:00+00:00
1722859620,51421.0,51461.0,51211.0,51237.0,5.58160726,2024-08-05 12:07:00+00:00
1722859680,51208.0,51346.0,51204.0,51318.0,2.87565423,2024-08-05 12:08:00+00:00
1722859740,51322.0,51394.0,51320.0,51393.0,2.75891306,2024-08-05 12:09:00+00:00
1722859800,51394.0,51439.0,51265.0,51272.0,0.57149778,2024-08-05 12:10:00+00:00
1722859860,51263.0,51369.0,51243.0,51312.0,0.66066428,2024-08-05 12:11:00+00:00
1722859920,51277.0,51326.0,51102.0,51102.0,0.51360519,2024-08-05 12:12:00+00:00
1722859980,51091.0,51091.0,50949.0,51008.0,1.610344,2024-08-05 12:13:00+00:00
1722860040,51037.0,51050.0,50755.0,50809.0,13.28259142,2024-08-05 12:14:00+00:00
1722860100,50889.0,50915.0,50827.0,50841.0,0.16430114,2024-08-05 12:15:00+00:00
1722860160,50841.0,50897.0,50810.0,50810.0,0.15994293,2024-08-05 12:16:00+00:00
1722860220,50807.0,50807.0,50644.0,50644.0,4.83348625,2024-08-05 12:17:00+00:00
1722860280,50601.0,50601.0,50450.0,50470.0,2.58313037,2024-08-05 12:18:00+00:00
1722860340,50519.0,50531.0,50384.0,50448.0,1.16727876,2024-08-05 12:19:00+00:00
1722860400,50443.0,50443.0,50305.0,50344.0,1.42245504,2024-08-05 12:20:00+00:00
1722860460,50348.0,50348.0,50228.0,50231.0,3.30592362,2024-08-05 12:21:00+00:00
1722860520,50243.0,50509.0,50243.0,50369.0,5.01620771,2024-08-05 12:22:00+00:00
1722860580,50393.0,50395.0,50229.0,50300.0,1.6635328,2024-08-05 12:23:00+00:00
1722860640,50300.0,50384.0,50278.0,50298.0,1.924709,2024-08-05 12:24:00+00:00
1722860700,50271.0,50297.0,50228.0,50235.0,1.5773887,2024-08-05 12:25:00+00:00
1722860760,50239.0,50239.0,50180.0,50181.0,56.56377846,2024-08-05 12:26:00+00:00
1722860820,50181.0,50234.0,50163.0,50216.0,2.44569942,2024-08-05 12:27:00+00:00
1722860880,50206.0,50230.0,50092.0,50093.0,3.14287365,2024-08-05 12:28:00+00:00
1722860940,50112.0,50275.0,50112.0,50210.0,3.48461278,2024-08-05 12:29:00+00:00
1722861000,50218.0,50544.0,50151.0,50336.0,5.69581436,2024-08-05 12:30:00+00:00
1722861060,50341.0,50404.0,50305.0,50342.0,2.25273915,2024-08-05 12:31:00+00:00
1722861120,50342.0,50342.0,49886.0,49952.0,27.31667944,2024-08-05 12:32:00+00:00
1722861180,49925.0,49967.0,49784.0,49932.0,18.9895498,2024-08-05 12:33:00+00:00
1722861240,49982.0,50302.0,49982.0,50302.0,2.60060967,2024-08-05 12:34:00+00:00
1722861300,50292.0,50523.0,50272.0,50482.0,0.3787423,2024-08-05 12:35:00+00:00
1722861360,50441.0,50451.0,50278.0,50383.0,2.19540235,2024-08-05 12:36:00+00:00
1722861420,50369.0,50551.0,50327.0,50551.0,2.5540005,2024-08-05 12:37:00+00:00
1722861480,50551.0,50957.0,50551.0,50679.0,12.02023878,2024-08-05 12:38:00+00:00
1722861540,50645.0,50647.0,50442.0,50530.0,6.25101727,2024-08-05 12:39:00+00:00
1722861600,50501.0,50886.0,50500.0,50844.0,10.13534174,2024-08-05 12:40:00+00:00
1722861660,50838.0,51103.0,50756.0,51020.0,8.93925216,2024-08-05 12:41:00+00:00
1722861720,51009.0,51263.0,50983.0,51145.0,151.8408185,2024-08-05 12:42:00+00:00
1722861780,51077.0,51139.0,50982.0,51134.0,1.37007443,2024-08-05 12:43:00+00:00
1722861840,51134.0,51134.0,50796.0,50933.0,0.80949629,2024-08-05 12:44:00+00:00
1722861900,50909.0,50909.0,50695.0,50754.0,6.21631515,2024-08-05 12:45:00+00:00
1722861960,50708.0,50752.0,50531.0,50576.0,2.3599304,2024-08-05 12:46:00+00:00
1722862020,50575.0,50638.0,50338.0,50470.0,1.9105493,2024-08-05 12:47:00+00:00
1722862080,50442.0,50603.0,50415.0,50550.0,4.52798585,2024-08-05 12:48:00+00:00
1722862140,50621.0,50645.0,50459.0,50574.0,0.37757383,2024-08-05 12:49:00+00:00
1722862200,50588.0,50608.0,50450.0,50477.0,0.27225238,2024-08-05 12:50:00+00:00
1722862260,50453.0,50487.0,50301.0,50361.0,0.15707473,2024-08-05 12:51:00+00:00
1722862320,50361.0,50411.0,50273.0,50273.0,0.41804105,2024-08-05 12:52:00+00:00
1722862380,50315.0,50315.0,49910.0,50016.0,4.41268244,2024-08-05 12:53:00+00:00
1722862440,50021.0,50087.0,49937.0,49981.0,4.6221379,2024-08-05 12:54:00+00:00
1722862500,49963.0,49963.0,49577.0,49587.0,158.37429659,2024-08-05 12:55:00+00:00
1722862560,49630.0,49797.0,49630.0,49664.0,5.56910791,2024-08-05 12:56:00+00:00
1722862620,49664.0,49904.0,49664.0,49861.0,10.21404584,2024-08-05 12:57:00+00:00
1722862680,49854.0,49919.0,49773.0,49822.0,4.72414322,2024-08-05 12:58:00+00:00
1722862740,49846.0,49913.0,49786.0,49814.0,2.49001168,2024-08-05 12:59:00+00:00
1722862800,49800.0,49823.0,49633.0,49676.0,0.52071036,2024-08-05 13:00:00+00:00
1722862860,49653.0,49949.0,49586.0,49900.0,7.6677457,2024-08-05 13:01:00+00:00
1722862920,49887.0,50160.0,49845.0,50091.0,2.298016,2024-08-05 13:02:00+00:00
1722862980,50058.0,50117.0,49949.0,50117.0,13.02767342,2024-08-05 13:03:00+00:00
1722863040,50076.0,50131.0,50023.0,50070.0,3.79033549,2024-08-05 13:04:00+00:00
1722863100,50060.0,50580.0,49995.0,50580.0,5.9297043,2024-08-05 13:05:00+00:00
1722863160,50594.0,50603.0,50360.0,50477.0,4.74491066,2024-08-05 13:06:00+00:00
1722863220,50524.0,50533.0,50417.0,50523.0,0.93033035,2024-08-05 13:07:00+00:00
1722863280,50500.0,50512.0,50424.0,50446.0,1.87370678,2024-08-05 13:08:00+00:00
1722863340,50442.0,50477.0,50249.0,50259.0,3.07464959,2024-08-05 13:09:00+00:00
1722863400,50289.0,50474.0,50289.0,50411.0,0.19936986,2024-08-05 13:10:00+00:00
1722863460,50391.0,50411.0,50275.0,50297.0,0.52581143,2024-08-05 13:11:00+00:00
1722863520,50282.0,50328.0,50218.0,50218.0,0.33384449,2024-08-05 13:12:00+00:00
1722863580,50225.0,50247.0,50152.0,50226.0,1.46391674,2024-08-05 13:13:00+00:00
1722863640,50206.0,50223.0,49970.0,49994.0,9.16194061,2024-08-05 13:14:00+00:00
1722863700,50009.0,50064.0,49938.0,50023.0,1.59339563,2024-08-05 13:15:00+00:00
1722863760,49966.0,49983.0,49849.0,49867.0,0.57391505,2024-08-05 13:16:00+00:00
1722863820,49875.0,49922.0,49817.0,49922.0,4.72241276,2024-08-05 13:17:00+00:00
1722863880,49963.0,50191.0,49941.0,50110.0,1.05212815,2024-08-05 13:18:00+00:00
1722863940,50107.0,50141.0,50034.0,50141.0,3.30077366,2024-08-05 13:19:00+00:00
1722864000,50187.0,50273.0,50017.0,50070.0,0.6712982,2024-08-05 13:20:00+00:00
1722864060,50063.0,50220.0,50063.0,50115.0,0.80972876,2024-08-05 13:21:00+00:00
1722864120,50120.0,50162.0,50086.0,50095.0,1.44326467,2024-08-05 13:22:00+00:00
1722864180,50085.0,50200.0,49924.0,50004.0,4.17956412,2024-08-05 13:23:00+00:00
1722864240,50003.0,50165.0,49967.0,50057.0,3.55285398,2024-08-05 13:24:00+00:00
1722864300,50041.0,50156.0,50026.0,50082.0,1.674256,2024-08-05 13:25:00+00:00
1722864360,50067.0,50067.0,49743.0,49765.0,5.12389319,2024-08-05 13:26:00+00:00
1722864420,49768.0,49959.0,49756.0,49928.0,3.74354758,2024-08-05 13:27:00+00:00
1722864480,49918.0,49960.0,49763.0,49836.0,4.04347141,2024-08-05 13:28:00+00:00
1722864540,49832.0,49846.0,49650.0,49749.0,10.37717312,2024-08-05 13:29:00+00:00
1722864600,49739.0,50616.0,49635.0,50537.0,12.40663822,2024-08-05 13:30:00+00:00
1722864660,50571.0,50594.0,50190.0,50324.0,11.71824412,2024-08-05 13:31:00+00:00
1722864720,50374.0,50623.0,50338.0,50619.0,4.06599618,2024-08-05 13:32:00+00:00
1722864780,50636.0,51413.0,50560.0,51310.0,162.01739101,2024-08-05 13:33:00+00:00
1722864840,51281.0,51791.0,51058.0,51211.0,34.15207031,2024-08-05 13:34:00+00:00
1722864900,51304.0,51304.0,50957.0,51142.0,5.04758948,2024-08-05 13:35:00+00:00
1722864960,51144.0,51481.0,50974.0,51415.0,4.80266631,2024-08-05 13:36:00+00:00
1722865020,51382.0,52326.0,51326.0,52125.0,72.48794467,2024-08-05 13:37:00+00:00
1722865080,52099.0,52099.0,51643.0,51806.0,10.58901614,2024-08-05 13:38:00+00:00
1722865140,51759.0,51857.0,51563.0,51771.0,7.49663862,2024-08-05 13:39:00+00:00
1722865200,51722.0,51728.0,51201.0,51287.0,6.31585648,2024-08-05 13:40:00+00:00
1722865260,51281.0,51513.0,51281.0,51340.0,3.63202025,2024-08-05 13:41:00+00:00
1722865320,51306.0,51365.0,50769.0,50861.0,9.90473405,2024-08-05 13:42:00+00:00
1722865380,50821.0,51204.0,50821.0,51110.0,1.59655236,2024-08-05 13:43:00+00:00
1722865440,51197.0,51387.0,51098.0,51387.0,7.32026523,2024-08-05 13:44:00+00:00
1722865500,51340.0,51701.0,51320.0,51658.0,6.79574091,2024-08-05 13:45:00+00:00
1722865560,51612.0,52002.0,51578.0,51948.0,14.93157704,2024-08-05 13:46:00+00:00
1722865620,51953.0,52066.0,51765.0,52066.0,1.4017674,2024-08-05 13:47:00+00:00
1722865680,52082.0,52301.0,51897.0,52301.0,2.37956923,2024-08-05 13:48:00+00:00
1722865740,52283.0,52483.0,52081.0,52211.0,26.9768643,2024-08-05 13:49:00+00:00
1722865800,52203.0,52248.0,51977.0,51993.0,2.15055737,2024-08-05 13:50:00+00:00
1722865860,52112.0,52300.0,52112.0,52291.0,2.07077806,2024-08-05 13:51:00+00:00
1722865920,52258.0,52313.0,52032.0,52098.0,13.69213014,2024-08-05 13:52:00+00:00
1722865980,52111.0,52123.0,51801.0,51953.0,12.85448387,2024-08-05 13:53:00+00:00
1722866040,51973.0,52184.0,51969.0,51970.0,12.20850467,2024-08-05 13:54:00+00:00
1722866100,51925.0,52185.0,51822.0,52092.0,4.70286389,2024-08-05 13:55:00+00:00
1722866160,52081.0,52171.0,51893.0,52005.0,2.46802638,2024-08-05 13:56:00+00:00
1722866220,52058.0,52058.0,51843.0,51932.0,1.50249165,2024-08-05 13:57:00+00:00
1722866280,52000.0,52089.0,51942.0,51998.0,1.06306155,2024-08-05 13:58:00+00:00
1722866340,52001.0,52104.0,51965.0,52000.0,0.83605022,2024-08-05 13:59:00+00:00
1722866400,52031.0,53557.0,52029.0,53382.0,130.38965517,2024-08-05 14:00:00+00:00
1722866460,53389.0,53434.0,52929.0,53139.0,15.66702098,2024-08-05 14:01:00+00:00
1722866520,53203.0,53228.0,52921.0,52992.0,4.06637312,2024-08-05 14:02:00+00:00
1722866580,53010.0,53400.0,52980.0,53375.0,4.83292051,2024-08-05 14:03:00+00:00
1722866640,53343.0,53816.0,53343.0,53613.0,58.61660282,2024-08-05 14:04:00+00:00
1722866700,53591.0,53611.0,53376.0,53397.0,4.28861752,2024-08-05 14:05:00+00:00
1722866760,53383.0,54082.0,53380.0,53779.0,20.77257729,2024-08-05 14:06:00+00:00
1722866820,53763.0,53829.0,53451.0,53456.0,15.07699117,2024-08-05 14:07:00+00:00
1722866880,53479.0,53500.0,53000.0,53026.0,8.71368385,2024-08-05 14:08:00+00:00
1722866940,52974.0,53044.0,52888.0,53030.0,4.1544677,2024-08-05 14:09:00+00:00
1722867000,53032.0,53187.0,52660.0,52741.0,16.72694894,2024-08-05 14:10:00+00:00
1722867060,52730.0,52920.0,52588.0,52688.0,7.4559888,2024-08-05 14:11:00+00:00
1722867120,52646.0,52717.0,52402.0,52582.0,8.36781083,2024-08-05 14:12:00+00:00
1722867180,52636.0,52928.0,52636.0,52844.0,6.0212247,2024-08-05 14:13:00+00:00
1722867240,52870.0,53028.0,52771.0,53028.0,1.3195698,2024-08-05 14:14:00+00:00
1722867300,53018.0,53185.0,52974.0,53009.0,2.00970495,2024-08-05 14:15:00+00:00
1722867360,53068.0,53353.0,53068.0,53328.0,1.31543535,2024-08-05 14:16:00+00:00
1722867420,53282.0,53295.0,53041.0,53195.0,7.67453631,2024-08-05 14:17:00+00:00
1722867480,53202.0,53462.0,53184.0,53364.0,2.83890751,2024-08-05 14:18:00+00:00
1722867540,53406.0,53721.0,53350.0,53662.0,12.51848664,2024-08-05 14:19:00+00:00
1722867600,53627.0,53627.0,53320.0,53492.0,7.05418533,2024-08-05 14:20:00+00:00
1722867660,53486.0,53532.0,53394.0,53442.0,1.85332612,2024-08-05 14:21:00+00:00
1722867720,53518.0,53523.0,53292.0,53294.0,0.87433113,2024-08-05 14:22:00+00:00
1722867780,53292.0,53292.0,53027.0,53072.0,8.69691674,2024-08-05 14:23:00+00:00
1722867840,53093.0,53321.0,53093.0,53307.0,1.25479501,2024-08-05 14:24:00+00:00
1722867900,53288.0,53556.0,53257.0,53344.0,33.53496431,2024-08-05 14:25:00+00:00
1722867960,53332.0,53332.0,53053.0,53111.0,0.8917496,2024-08-05 14:26:00+00:00
1722868020,53165.0,53255.0,53027.0,53034.0,4.17314926,2024-08-05 14:27:00+00:00
1722868080,53029.0,53058.0,52670.0,52751.0,3.12712697,2024-08-05 14:28:00+00:00
1722868140,52747.0,52861.0,52601.0,52661.0,7.91342107,2024-08-05 14:29:00+00:00
1722868200,52672.0,52984.0,52672.0,52916.0,3.26339698,2024-08-05 14:30:00+00:00
1722868260,52909.0,53187.0,52901.0,53146.0,1.31462363,2024-08-05 14:31:00+00:00
1722868320,53153.0,53244.0,53146.0,53146.0,1.39316763,2024-08-05 14:32:00+00:00
1722868380,53147.0,53373.0,53091.0,53290.0,0.92591106,2024-08-05 14:33:00+00:00
1722868440,53292.0,53484.0,53292.0,53435.0,3.30174971,2024-08-05 14:34:00+00:00
1722868500,53409.0,53482.0,53360.0,53403.0,4.22096989,2024-08-05 14:35:00+00:00
1722868560,53439.0,53506.0,53285.0,53461.0,1.91309155,2024-08-05 14:36:00+00:00
1722868620,53492.0,53560.0,53346.0,53416.0,1.56849378,2024-08-05 14:37:00+00:00
1722868680,53441.0,53701.0,53432.0,53648.0,2.57466623,2024-08-05 14:38:00+00:00
1722868740,53631.0,53926.0,53623.0,53884.0,12.75277417,2024-08-05 14:39:00+00:00
1722868800,53873.0,54307.0,53860.0,54307.0,15.66160664,2024-08-05 14:40:00+00:00
1722868860,54120.0,54192.0,54041.0,54116.0,12.95358254,2024-08-05 14:41:00+00:00
1722868920,54035.0,54196.0,54034.0,54195.0,14.21579314,2024-08-05 14:42:00+00:00
1722868980,54233.0,54540.0,54198.0,54488.0,12.28937248,2024-08-05 14:43:00+00:00
1722869040,54515.0,54516.0,54152.0,54152.0,2.40479957,2024-08-05 14:44:00+00:00
1722869100,54198.0,54198.0,53987.0,53992.0,2.28522619,2024-08-05 14:45:00+00:00
1722869160,53983.0,54022.0,53863.0,53950.0,3.61186243,2024-08-05 14:46:00+00:00
1722869220,54007.0,54195.0,53945.0,54074.0,5.64168453,2024-08-05 14:47:00+00:00
1722869280,54082.0,54128.0,53897.0,53897.0,18.06994454,2024-08-05 14:48:00+00:00
1722869340,53935.0,53950.0,53857.0,53920.0,10.17486869,2024-08-05 14:49:00+00:00
1722869400,53928.0,54131.0,53928.0,54046.0,1.11876834,2024-08-05 14:50:00+00:00
1722869460,54025.0,54028.0,53828.0,53982.0,4.74235602,2024-08-05 14:51:00+00:00
1722869520,54044.0,54326.0,54043.0,54301.0,1.98262548,2024-08-05 14:52:00+00:00
1722869580,54280.0,54355.0,54230.0,54314.0,2.23409714,2024-08-05 14:53:00+00:00
1722869640,54327.0,54448.0,54286.0,54291.0,7.14102412,2024-08-05 14:54:00+00:00
1722869700,54282.0,54282.0,54130.0,54234.0,6.48264958,2024-08-05 14:55:00+00:00
1722869760,54206.0,54209.0,54099.0,54099.0,2.0001939,2024-08-05 14:56:00+00:00
1722869820,54101.0,54156.0,54053.0,54106.0,3.36831853,2024-08-05 14:57:00+00:00
1722869880,54131.0,54131.0,54020.0,54020.0,8.14031081,2024-08-05 14:58:00+00:00
1722869940,54018.0,54092.0,53935.0,54092.0,4.02366695,2024-08-05 14:59:00+00:00
1722870000,54072.0,54171.0,53897.0,53906.0,2.55863545,2024-08-05 15:00:00+00:00
1722870060,53904.0,53949.0,53567.0,53669.0,7.59938422,2024-08-05 15:01:00+00:00
1722870120,53672.0,53876.0,53672.0,53794.0,1.69136865,2024-08-05 15:02:00+00:00
1722870180,53805.0,53936.0,53798.0,53933.0,1.45984886,2024-08-05 15:03:00+00:00
1722870240,53939.0,53939.0,53812.0,53812.0,1.60508084,2024-08-05 15:04:00+00:00
1722870300,53812.0,54026.0,53781.0,53990.0,1.19980402,2024-08-05 15:05:00+00:00
1722870360,53964.0,54053.0,53915.0,54022.0,2.49127779,2024-08-05 15:06:00+00:00
1722870420,54000.0,54201.0,53987.0,54181.0,4.47552583,2024-08-05 15:07:00+00:00
1722870480,54183.0,54363.0,54183.0,54301.0,3.44219455,2024-08-05 15:08:00+00:00
1722870540,54318.0,54401.0,54288.0,54385.0,4.50570161,2024-08-05 15:09:00+00:00
1722870600,54401.0,54401.0,54220.0,54259.0,11.65897739,2024-08-05 15:10:00+00:00
1722870660,54285.0,54682.0,54248.0,54636.0,62.78352903,2024-08-05 15:11:00+00:00
1722870720,54644.0,54728.0,54423.0,54571.0,8.47242336,2024-08-05 15:12:00+00:00
1722870780,54580.0,54656.0,54509.0,54556.0,4.48652457,2024-08-05 15:13:00+00:00
1722870840,54553.0,54553.0,54407.0,54463.0,3.1506235,2024-08-05 15:14:00+00:00
1722870900,54499.0,54724.0,54472.0,54603.0,3.16174424,2024-08-05 15:15:00+00:00
1722870960,54679.0,54679.0,54538.0,54554.0,2.10320013,2024-08-05 15:16:00+00:00
1722871020,54577.0,54679.0,54571.0,54604.0,2.91983616,2024-08-05 15:17:00+00:00
1722871080,54608.0,54811.0,54435.0,54469.0,20.18259548,2024-08-05 15:18:00+00:00
1722871140,54461.0,54473.0,54254.0,54277.0,10.73130158,2024-08-05 15:19:00+00:00
1722871200,54258.0,54391.0,54244.0,54357.0,6.25062564,2024-08-05 15:20:00+00:00
1722871260,54367.0,54468.0,54319.0,54357.0,5.86654203,2024-08-05 15:21:00+00:00
1722871320,54343.0,54343.0,54105.0,54216.0,8.46198877,2024-08-05 15:22:00+00:00
1722871380,54217.0,54265.0,54106.0,54265.0,3.04255785,2024-08-05 15:23:00+00:00
1722871440,54315.0,54434.0,54313.0,54411.0,1.41400286,2024-08-05 15:24:00+00:00
1722871500,54384.0,54573.0,54353.0,54514.0,1.65625578,2024-08-05 15:25:00+00:00
1722871560,54516.0,54624.0,54459.0,54477.0,7.69036731,2024-08-05 15:26:00+00:00
1722871620,54442.0,54449.0,54323.0,54431.0,0.90472228,2024-08-05 15:27:00+00:00
1722871680,54406.0,54406.0,54250.0,54387.0,1.35885392,2024-08-05 15:28:00+00:00
1722871740,54399.0,54452.0,54351.0,54351.0,1.18501547,2024-08-05 15:29:00+00:00
1722871800,54332.0,54504.0,54304.0,54504.0,0.23876204,2024-08-05 15:30:00+00:00
1722871860,54504.0,54586.0,54408.0,54568.0,0.36870492,2024-08-05 15:31:00+00:00
1722871920,54577.0,54646.0,54550.0,54638.0,0.17513786,2024-08-05 15:32:00+00:00
1722871980,54636.0,54642.0,54563.0,54577.0,2.01979154,2024-08-05 15:33:00+00:00
1722872040,54642.0,54726.0,54627.0,54705.0,2.3274718,2024-08-05 15:34:00+00:00
1722872100,54724.0,54805.0,54562.0,54595.0,0.49842041,2024-08-05 15:35:00+00:00
1722872160,54624.0,54691.0,54609.0,54676.0,5.04389849,2024-08-05 15:36:00+00:00
1722872220,54751.0,54859.0,54727.0,54814.0,4.00098381,2024-08-05 15:37:00+00:00
1722872280,54830.0,54866.0,54797.0,54820.0,0.97177071,2024-08-05 15:38:00+00:00
1722872340,54832.0,54840.0,54764.0,54825.0,0.54570519,2024-08-05 15:39:00+00:00
1722872400,54810.0,55025.0,54752.0,54942.0,49.39028364,2024-08-05 15:40:00+00:00
1722872460,54941.0,54948.0,54784.0,54810.0,6.79927729,2024-08-05 15:41:00+00:00
1722872520,54817.0,54834.0,54682.0,54687.0,3.32581569,2024-08-05 15:42:00+00:00
1722872580,54702.0,54702.0,54479.0,54483.0,1.33010256,2024-08-05 15:43:00+00:00
1722872640,54508.0,54564.0,54477.0,54507.0,0.81562218,2024-08-05 15:44:00+00:00
1722872700,54520.0,54694.0,54520.0,54657.0,1.18198258,2024-08-05 15:45:00+00:00
1722872760,54626.0,54779.0,54626.0,54745.0,0.90258572,2024-08-05 15:46:00+00:00
1722872820,54741.0,54751.0,54553.0,54627.0,2.08847748,2024-08-05 15:47:00+00:00
1722872880,54585.0,54657.0,54551.0,54586.0,11.26436844,2024-08-05 15:48:00+00:00
1722872940,54584.0,54597.0,54436.0,54476.0,1.90633426,2024-08-05 15:49:00+00:00
1722873000,54476.0,54476.0,54344.0,54378.0,1.06241718,2024-08-05 15:50:00+00:00
1722873060,54348.0,54441.0,54278.0,54386.0,1.47636123,2024-08-05 15:51:00+00:00
1722873120,54371.0,54415.0,54332.0,54371.0,1.31794372,2024-08-05 15:52:00+00:00
1722873180,54425.0,54448.0,54325.0,54375.0,0.86613344,2024-08-05 15:53:00+00:00
1722873240,54377.0,54587.0,54377.0,54456.0,0.18040275,2024-08-05 15:54:00+00:00
1722873300,54456.0,54489.0,54314.0,54334.0,0.60326697,2024-08-05 15:55:00+00:00
1722873360,54380.0,54393.0,54286.0,54291.0,5.39380348,2024-08-05 15:56:00+00:00
1722873420,54291.0,54417.0,54288.0,54338.0,4.78958424,2024-08-05 15:57:00+00:00
1722873480,54357.0,54357.0,54284.0,54290.0,1.38156925,2024-08-05 15:58:00+00:00
1722873540,54305.0,54407.0,54294.0,54385.0,2.53581459,2024-08-05 15:59:00+00:00
1722873600,54378.0,54443.0,54314.0,54398.0,0.56901641,2024-08-05 16:00:00+00:00
1722873660,54417.0,54610.0,54398.0,54581.0,0.3272952,2024-08-05 16:01:00+00:00
1722873720,54560.0,54569.0,54459.0,54525.0,1.22028634,2024-08-05 16:02:00+00:00
1722873780,54569.0,54691.0,54569.0,54648.0,0.26692049,2024-08-05 16:03:00+00:00
1722873840,54623.0,54652.0,54514.0,54645.0,0.5184248,2024-08-05 16:04:00+00:00
1722873900,54631.0,54694.0,54593.0,54597.0,0.21616027,2024-08-05 16:05:00+00:00
1722873960,54612.0,54722.0,54570.0,54694.0,2.65551043,2024-08-05 16:06:00+00:00
1722874020,54690.0,54749.0,54587.0,54749.0,1.07423985,2024-08-05 16:07:00+00:00
1722874080,54731.0,54731.0,54628.0,54630.0,0.48708789,2024-08-05 16:08:00+00:00
1722874140,54660.0,54851.0,54606.0,54841.0,8.76008279,2024-08-05 16:09:00+00:00
1722874200,54816.0,54816.0,54665.0,54748.0,12.72949347,2024-08-05 16:10:00+00:00
1722874260,54747.0,54867.0,54747.0,54807.0,3.86311724,2024-08-05 16:11:00+00:00
1722874320,54861.0,54983.0,54817.0,54955.0,1.0626194,2024-08-05 16:12:00+00:00
1722874380,54949.0,55064.0,54916.0,55064.0,10.6864536,2024-08-05 16:13:00+00:00
1722874440,55070.0,55108.0,55031.0,55038.0,6.33347391,2024-08-05 16:14:00+00:00
1722874500,55004.0,55004.0,54805.0,54819.0,1.82755262,2024-08-05 16:15:00+00:00
1722874560,54812.0,54905.0,54796.0,54867.0,1.71625143,2024-08-05 16:16:00+00:00
1722874620,54843.0,55077.0,54841.0,55024.0,1.0791822,2024-08-05 16:17:00+00:00
1722874680,55058.0,55123.0,55000.0,55000.0,2.69496866,2024-08-05 16:18:00+00:00
1722874740,55000.0,55029.0,54899.0,54899.0,1.89818526,2024-08-05 16:19:00+00:00
1722874800,54920.0,54960.0,54799.0,54840.0,4.30315744,2024-08-05 16:20:00+00:00
1722874860,54827.0,54895.0,54769.0,54868.0,1.92008294,2024-08-05 16:21:00+00:00
1722874920,54823.0,54978.0,54796.0,54941.0,1.08909493,2024-08-05 16:22:00+00:00
1722874980,54946.0,55101.0,54931.0,55041.0,2.2785565,2024-08-05 16:23:00+00:00
1722875040,55049.0,55274.0,55024.0,55223.0,2.70950422,2024-08-05 16:24:00+00:00
1722875100,55228.0,55562.0,55205.0,55391.0,39.28395823,2024-08-05 16:25:00+00:00
1722875160,55389.0,55407.0,55282.0,55403.0,2.63272941,2024-08-05 16:26:00+00:00
1722875220,55408.0,55485.0,55291.0,55327.0,3.92137902,2024-08-05 16:27:00+00:00
1722875280,55296.0,55432.0,55296.0,55409.0,0.83254782,2024-08-05 16:28:00+00:00
1722875340,55425.0,55474.0,55410.0,55458.0,0.85907008,2024-08-05 16:29:00+00:00
1722875400,55482.0,55483.0,55275.0,55297.0,2.47195431,2024-08-05 16:30:00+00:00
1722875460,55345.0,55396.0,55283.0,55396.0,1.70639304,2024-08-05 16:31:00+00:00
1722875520,55395.0,55395.0,55144.0,55144.0,1.39370935,2024-08-05 16:32:00+00:00
1722875580,55180.0,55192.0,55111.0,55151.0,0.42290059,2024-08-05 16:33:00+00:00
1722875640,55188.0,55202.0,54801.0,54801.0,7.67131597,2024-08-05 16:34:00+00:00
1722875700,54798.0,54988.0,54730.0,54961.0,2.94643454,2024-08-05 16:35:00+00:00
1722875760,54940.0,54940.0,54718.0,54728.0,2.82701005,2024-08-05 16:36:00+00:00
1722875820,54728.0,54811.0,54717.0,54717.0,0.67518285,2024-08-05 16:37:00+00:00
1722875880,54751.0,54762.0,54590.0,54619.0,2.21112528,2024-08-05 16:38:00+00:00
1722875940,54615.0,54732.0,54538.0,54722.0,0.72094696,2024-08-05 16:39:00+00:00
1722876000,54721.0,54793.0,54617.0,54724.0,1.70187136,2024-08-05 16:40:00+00:00
1722876060,54702.0,54847.0,54668.0,54761.0,0.40319853,2024-08-05 16:41:00+00:00
1722876120,54818.0,54871.0,54795.0,54811.0,0.36924154,2024-08-05 16:42:00+00:00
1722876180,54800.0,54800.0,54662.0,54674.0,0.20488945,2024-08-05 16:43:00+00:00
1722876240,54696.0,54727.0,54641.0,54662.0,0.33152745,2024-08-05 16:44:00+00:00
1722876300,54723.0,54723.0,54485.0,54502.0,1.46545777,2024-08-05 16:45:00+00:00
1722876360,54490.0,54502.0,54381.0,54413.0,0.35172479,2024-08-05 16:46:00+00:00
1722876420,54415.0,54503.0,54415.0,54433.0,0.5667029,2024-08-05 16:47:00+00:00
1722876480,54508.0,54508.0,54427.0,54438.0,0.09858323,2024-08-05 16:48:00+00:00
1722876540,54401.0,54501.0,54378.0,54378.0,0.24530841,2024-08-05 16:49:00+00:00
1722876600,54391.0,54461.0,54362.0,54461.0,0.16503661,2024-08-05 16:50:00+00:00
1722876660,54473.0,54519.0,54444.0,54465.0,0.06233528,2024-08-05 16:51:00+00:00
1722876720,54460.0,54486.0,54401.0,54411.0,0.68115796,2024-08-05 16:52:00+00:00
1722876780,54414.0,54414.0,54352.0,54352.0,0.05729848,2024-08-05 16:53:00+00:00
1722876840,54370.0,54390.0,54339.0,54350.0,0.25350574,2024-08-05 16:54:00+00:00
1722876900,54359.0,54397.0,54301.0,54314.0,0.36773684,2024-08-05 16:55:00+00:00
1722876960,54332.0,54345.0,54260.0,54270.0,0.07749005,2024-08-05 16:56:00+00:00
1722877020,54258.0,54268.0,54194.0,54194.0,0.97421602,2024-08-05 16:57:00+00:00
1722877080,54200.0,54200.0,54101.0,54139.0,0.43732119,2024-08-05 16:58:00+00:00
1722877140,54121.0,54164.0,54081.0,54088.0,0.59389862,2024-08-05 16:59:00+00:00
1722877200,54088.0,54315.0,54088.0,54309.0,1.14996171,2024-08-05 17:00:00+00:00
1722877260,54276.0,54276.0,54155.0,54189.0,0.31120356,2024-08-05 17:01:00+00:00
1722877320,54198.0,54232.0,54122.0,54184.0,0.62199589,2024-08-05 17:02:00+00:00
1722877380,54181.0,54225.0,54148.0,54195.0,0.07006895,2024-08-05 17:03:00+00:00
1722877440,54237.0,54286.0,54172.0,54176.0,0.56697401,2024-08-05 17:04:00+00:00
1722877500,54223.0,54291.0,54207.0,54246.0,0.56268541,2024-08-05 17:05:00+00:00
1722877560,54237.0,54255.0,54056.0,54071.0,78.39164927,2024-08-05 17:06:00+00:00
1722877620,54061.0,54061.0,53834.0,53834.0,74.09414998,2024-08-05 17:07:00+00:00
1722877680,53838.0,53933.0,53838.0,53920.0,1.26264076,2024-08-05 17:08:00+00:00
1722877740,53937.0,54146.0,53920.0,54136.0,0.52088902,2024-08-05 17:09:00+00:00
1722877800,54113.0,54297.0,54101.0,54230.0,0.38760298,2024-08-05 17:10:00+00:00
1722877860,54219.0,54494.0,54189.0,54366.0,0.4144089,2024-08-05 17:11:00+00:00
1722877920,54372.0,54472.0,54343.0,54436.0,0.18152567,2024-08-05 17:12:00+00:00
1722877980,54432.0,54484.0,54385.0,54398.0,0.68864898,2024-08-05 17:13:00+00:00
1722878040,54449.0,54536.0,54446.0,54488.0,0.60592342,2024-08-05 17:14:00+00:00
1722878100,54444.0,54718.0,54433.0,54700.0,0.61876733,2024-08-05 17:15:00+00:00
1722878160,54673.0,54710.0,54613.0,54629.0,0.54926961,2024-08-05 17:16:00+00:00
1722878220,54667.0,54667.0,54564.0,54564.0,0.17574823,2024-08-05 17:17:00+00:00
1722878280,54576.0,54628.0,54510.0,54549.0,0.7931267,2024-08-05 17:18:00+00:00
1722878340,54526.0,54600.0,54511.0,54528.0,0.6720612,2024-08-05 17:19:00+00:00
1722878400,54541.0,54639.0,54497.0,54512.0,0.38189209,2024-08-05 17:20:00+00:00
1722878460,54529.0,54549.0,54460.0,54549.0,1.51194256,2024-08-05 17:21:00+00:00
1722878520,54550.0,54665.0,54550.0,54654.0,0.69293494,2024-08-05 17:22:00+00:00
1722878580,54653.0,54697.0,54626.0,54684.0,1.26699006,2024-08-05 17:23:00+00:00
1722878640,54682.0,54692.0,54524.0,54526.0,0.92278767,2024-08-05 17:24:00+00:00
1722878700,54562.0,54624.0,54523.0,54571.0,2.17422131,2024-08-05 17:25:00+00:00
1722878760,54595.0,54641.0,54551.0,54641.0,1.28581616,2024-08-05 17:26:00+00:00
1722878820,54641.0,54641.0,54559.0,54593.0,0.47758399,2024-08-05 17:27:00+00:00
1722878880,54596.0,54625.0,54477.0,54477.0,0.85496395,2024-08-05 17:28:00+00:00
1722878940,54477.0,54477.0,54349.0,54426.0,1.05598351,2024-08-05 17:29:00+00:00
1722879000,54442.0,54580.0,54442.0,54552.0,0.30257967,2024-08-05 17:30:00+00:00
1722879060,54562.0,54697.0,54531.0,54697.0,1.13589013,2024-08-05 17:31:00+00:00
1722879120,54723.0,54784.0,54541.0,54541.0,0.8996418,2024-08-05 17:32:00+00:00
1722879180,54540.0,54605.0,54489.0,54605.0,0.17062003,2024-08-05 17:33:00+00:00
1722879240,54636.0,54671.0,54598.0,54654.0,1.08933077,2024-08-05 17:34:00+00:00
1722879300,54633.0,54633.0,54512.0,54529.0,1.44070761,2024-08-05 17:35:00+00:00
1722879360,54529.0,54661.0,54526.0,54659.0,0.2255574,2024-08-05 17:36:00+00:00
1722879420,54647.0,54647.0,54560.0,54584.0,0.18239867,2024-08-05 17:37:00+00:00
1722879480,54584.0,54664.0,54515.0,54529.0,0.44284004,2024-08-05 17:38:00+00:00
1722879540,54529.0,54533.0,54358.0,54383.0,4.37187355,2024-08-05 17:39:00+00:00
1722879600,54384.0,54533.0,54384.0,54492.0,1.00615626,2024-08-05 17:40:00+00:00
1722879660,54538.0,54640.0,54521.0,54640.0,1.72266199,2024-08-05 17:41:00+00:00
1722879720,54637.0,54638.0,54558.0,54606.0,0.30009521,2024-08-05 17:42:00+00:00
1722879780,54613.0,54712.0,54610.0,54678.0,0.84748338,2024-08-05 17:43:00+00:00
1722879840,54678.0,54723.0,54660.0,54707.0,0.67845033,2024-08-05 17:44:00+00:00
1722879900,54751.0,54751.0,54532.0,54532.0,0.44419329,2024-08-05 17:45:00+00:00
1722879960,54542.0,54660.0,54532.0,54564.0,0.43924243,2024-08-05 17:46:00+00:00
1722880020,54563.0,54689.0,54504.0,54653.0,0.57538801,2024-08-05 17:47:00+00:00
1722880080,54677.0,54930.0,54677.0,54916.0,0.3726414,2024-08-05 17:48:00+00:00
1722880140,54913.0,55033.0,54899.0,54935.0,0.46478917,2024-08-05 17:49:00+00:00
1722880200,54916.0,54916.0,54858.0,54880.0,0.13544766,2024-08-05 17:50:00+00:00
1722880260,54891.0,54902.0,54816.0,54902.0,0.61676382,2024-08-05 17:51:00+00:00
1722880320,54924.0,55098.0,54844.0,54881.0,0.33311356,2024-08-05 17:52:00+00:00
1722880380,54881.0,54970.0,54876.0,54917.0,1.3264558,2024-08-05 17:53:00+00:00
1722880440,54976.0,54981.0,54879.0,54938.0,1.74895121,2024-08-05 17:54:00+00:00
1722880500,54967.0,55006.0,54874.0,54879.0,1.04846717,2024-08-05 17:55:00+00:00
1722880560,54874.0,54927.0,54773.0,54807.0,0.65424649,2024-08-05 17:56:00+00:00
1722880620,54776.0,54813.0,54754.0,54790.0,1.7020039,2024-08-05 17:57:00+00:00
1722880680,54789.0,54789.0,54698.0,54715.0,1.59447536,2024-08-05 17:58:00+00:00
1722880740,54712.0,54799.0,54673.0,54770.0,1.54041048,2024-08-05 17:59:00+00:00
1722880800,54748.0,54768.0,54667.0,54681.0,0.11014138,2024-08-05 18:00:00+00:00
1722880860,54702.0,54745.0,54599.0,54667.0,0.83943783,2024-08-05 18:01:00+00:00
1722880920,54668.0,54743.0,54586.0,54648.0,0.72832901,2024-08-05 18:02:00+00:00
1722880980,54656.0,54697.0,54548.0,54583.0,1.02313884,2024-08-05 18:03:00+00:00
1722881040,54562.0,54594.0,54538.0,54565.0,0.26666165,2024-08-05 18:04:00+00:00
1722881100,54564.0,54610.0,54544.0,54576.0,0.56897168,2024-08-05 18:05:00+00:00
1722881160,54657.0,54697.0,54551.0,54641.0,1.04818497,2024-08-05 18:06:00+00:00
1722881220,54640.0,54645.0,54555.0,54565.0,0.62689085,2024-08-05 18:07:00+00:00
1722881280,54565.0,54623.0,54565.0,54596.0,0.39601777,2024-08-05 18:08:00+00:00
1722881340,54593.0,54655.0,54543.0,54548.0,1.21016244,2024-08-05 18:09:00+00:00
1722881400,54564.0,54569.0,54469.0,54507.0,1.11485101,2024-08-05 18:10:00+00:00
1722881460,54507.0,54597.0,54469.0,54469.0,19.02492874,2024-08-05 18:11:00+00:00
1722881520,54469.0,54504.0,54451.0,54483.0,7.03746654,2024-08-05 18:12:00+00:00
1722881580,54484.0,54494.0,54411.0,54411.0,0.71626971,2024-08-05 18:13:00+00:00
1722881640,54411.0,54411.0,54331.0,54371.0,1.5380915,2024-08-05 18:14:00+00:00
1722881700,54362.0,54438.0,54265.0,54265.0,1.45758024,2024-08-05 18:15:00+00:00
1722881760,54260.0,54298.0,54151.0,54221.0,1.04823749,2024-08-05 18:16:00+00:00
1722881820,54245.0,54245.0,54177.0,54186.0,0.17113486,2024-08-05 18:17:00+00:00
1722881880,54186.0,54238.0,54146.0,54146.0,0.63699637,2024-08-05 18:18:00+00:00
1722881940,54142.0,54211.0,54105.0,54150.0,2.82930422,2024-08-05 18:19:00+00:00
1722882000,54171.0,54176.0,54100.0,54133.0,7.87683452,2024-08-05 18:20:00+00:00
1722882060,54135.0,54135.0,54078.0,54088.0,1.78607773,2024-08-05 18:21:00+00:00
1722882120,54087.0,54103.0,53946.0,53954.0,8.55625916,2024-08-05 18:22:00+00:00
1722882180,53958.0,53958.0,53800.0,53850.0,14.03156942,2024-08-05 18:23:00+00:00
1722882240,53826.0,53849.0,53720.0,53750.0,9.44593898,2024-08-05 18:24:00+00:00
1722882300,53741.0,53820.0,53674.0,53786.0,3.51089691,2024-08-05 18:25:00+00:00
1722882360,53875.0,53964.0,53837.0,53837.0,3.59140478,2024-08-05 18:26:00+00:00
1722882420,53845.0,53856.0,53774.0,53780.0,4.01178594,2024-08-05 18:27:00+00:00
1722882480,53801.0,53856.0,53781.0,53848.0,0.43823128,2024-08-05 18:28:00+00:00
1722882540,53857.0,53968.0,53841.0,53967.0,0.58027015,2024-08-05 18:29:00+00:00
1722882600,53950.0,54089.0,53946.0,54060.0,7.89432431,2024-08-05 18:30:00+00:00
1722882660,54046.0,54093.0,53988.0,54049.0,2.78958313,2024-08-05 18:31:00+00:00
1722882720,54033.0,54033.0,53926.0,53988.0,3.96008638,2024-08-05 18:32:00+00:00
1722882780,53979.0,53979.0,53858.0,53937.0,0.93878187,2024-08-05 18:33:00+00:00
1722882840,53917.0,53983.0,53902.0,53914.0,0.39013141,2024-08-05 18:34:00+00:00
1722882900,53910.0,53984.0,53897.0,53948.0,2.32582377,2024-08-05 18:35:00+00:00
1722882960,53948.0,54021.0,53917.0,53941.0,1.48677005,2024-08-05 18:36:00+00:00
1722883020,53949.0,53973.0,53831.0,53831.0,1.60578381,2024-08-05 18:37:00+00:00
1722883080,53830.0,53840.0,53705.0,53714.0,2.29837016,2024-08-05 18:38:00+00:00
1722883140,53745.0,53745.0,53643.0,53643.0,0.76496495,2024-08-05 18:39:00+00:00
1722883200,53668.0,53714.0,53590.0,53631.0,1.54832963,2024-08-05 18:40:00+00:00
1722883260,53619.0,53778.0,53599.0,53677.0,4.15445301,2024-08-05 18:41:00+00:00
1722883320,53647.0,53653.0,53562.0,53580.0,1.13682086,2024-08-05 18:42:00+00:00
1722883380,53566.0,53591.0,53464.0,53513.0,2.313918,2024-08-05 18:43:00+00:00
1722883440,53523.0,53605.0,53511.0,53550.0,1.32436135,2024-08-05 18:44:00+00:00
1722883500,53535.0,53721.0,53532.0,53644.0,3.36916117,2024-08-05 18:45:00+00:00
1722883560,53632.0,53681.0,53519.0,53519.0,0.76693913,2024-08-05 18:46:00+00:00
1722883620,53551.0,53598.0,53360.0,53434.0,9.19032423,2024-08-05 18:47:00+00:00
1722883680,53417.0,53420.0,53360.0,53406.0,33.29734789,2024-08-05 18:48:00+00:00
1722883740,53424.0,53469.0,53334.0,53338.0,15.75438911,2024-08-05 18:49:00+00:00
1722883800,53369.0,53485.0,53369.0,53440.0,2.10909086,2024-08-05 18:50:00+00:00
1722883860,53418.0,53460.0,53415.0,53436.0,1.43438192,2024-08-05 18:51:00+00:00
1722883920,53419.0,53555.0,53392.0,53430.0,0.56296809,2024-08-05 18:52:00+00:00
1722883980,53432.0,53440.0,53355.0,53355.0,1.31685414,2024-08-05 18:53:00+00:00
1722884040,53334.0,53395.0,53328.0,53370.0,1.40972031,2024-08-05 18:54:00+00:00
1722884100,53370.0,53379.0,53296.0,53342.0,3.3358843,2024-08-05 18:55:00+00:00
1722884160,53422.0,53459.0,53358.0,53370.0,2.37351005,2024-08-05 18:56:00+00:00
1722884220,53366.0,53366.0,53277.0,53295.0,2.67482764,2024-08-05 18:57:00+00:00
1722884280,53306.0,53321.0,53259.0,53275.0,1.34659472,2024-08-05 18:58:00+00:00
1722884340,53266.0,53275.0,53034.0,53142.0,7.86020231,2024-08-05 18:59:00+00:00
1722884400,53127.0,53144.0,53027.0,53053.0,3.21824808,2024-08-05 19:00:00+00:00
1722884460,53053.0,53293.0,53053.0,53269.0,2.89374357,2024-08-05 19:01:00+00:00
1722884520,53267.0,53423.0,53197.0,53358.0,7.01306538,2024-08-05 19:02:00+00:00
1722884580,53347.0,53418.0,53299.0,53323.0,4.56984348,2024-08-05 19:03:00+00:00
1722884640,53359.0,53359.0,53246.0,53268.0,1.80681214,2024-08-05 19:04:00+00:00
1722884700,53257.0,53388.0,53257.0,53354.0,1.76000282,2024-08-05 19:05:00+00:00
1722884760,53346.0,53346.0,53211.0,53317.0,1.33786743,2024-08-05 19:06:00+00:00
1722884820,53280.0,53304.0,53203.0,53242.0,2.66984272,2024-08-05 19:07:00+00:00
1722884880,53222.0,53292.0,53127.0,53142.0,1.30438687,2024-08-05 19:08:00+00:00
1722884940,53139.0,53139.0,53037.0,53111.0,2.02355535,2024-08-05 19:09:00+00:00
1722885000,53117.0,53188.0,52999.0,52999.0,5.88902521,2024-08-05 19:10:00+00:00
1722885060,52991.0,53014.0,52874.0,52881.0,12.11782522,2024-08-05 19:11:00+00:00
1722885120,52908.0,52939.0,52863.0,52890.0,4.20334299,2024-08-05 19:12:00+00:00
1722885180,52900.0,52920.0,52872.0,52893.0,1.3944183,2024-08-05 19:13:00+00:00
1722885240,52895.0,52903.0,52790.0,52790.0,7.43386561,2024-08-05 19:14:00+00:00
1722885300,52787.0,52889.0,52717.0,52757.0,62.23554716,2024-08-05 19:15:00+00:00
1722885360,52778.0,52778.0,52660.0,52700.0,12.58575224,2024-08-05 19:16:00+00:00
1722885420,52701.0,52777.0,52627.0,52670.0,10.17460378,2024-08-05 19:17:00+00:00
1722885480,52699.0,52703.0,52573.0,52575.0,1.92065834,2024-08-05 19:18:00+00:00
1722885540,52652.0,52741.0,52645.0,52741.0,4.86924269,2024-08-05 19:19:00+00:00
1722885600,52731.0,52882.0,52669.0,52878.0,4.24580595,2024-08-05 19:20:00+00:00
1722885660,52865.0,52882.0,52729.0,52755.0,4.53080823,2024-08-05 19:21:00+00:00
1722885720,52769.0,52851.0,52705.0,52827.0,1.98634184,2024-08-05 19:22:00+00:00
1722885780,52837.0,52975.0,52791.0,52918.0,13.08542067,2024-08-05 19:23:00+00:00
1722885840,52935.0,53134.0,52912.0,53134.0,2.83676947,2024-08-05 19:24:00+00:00
1722885900,53129.0,53505.0,53129.0,53372.0,9.68628853,2024-08-05 19:25:00+00:00
1722885960,53350.0,53376.0,53222.0,53270.0,1.60790704,2024-08-05 19:26:00+00:00
1722886020,53276.0,53325.0,53191.0,53315.0,0.95008462,2024-08-05 19:27:00+00:00
1722886080,53327.0,53340.0,53223.0,53336.0,1.53300417,2024-08-05 19:28:00+00:00
1722886140,53354.0,53365.0,53229.0,53306.0,2.08090769,2024-08-05 19:29:00+00:00
1722886200,53306.0,53507.0,53292.0,53401.0,1.0746438,2024-08-05 19:30:00+00:00
1722886260,53369.0,53369.0,53264.0,53317.0,3.67431995,2024-08-05 19:31:00+00:00
1722886320,53326.0,53366.0,53232.0,53256.0,3.68014204,2024-08-05 19:32:00+00:00
1722886380,53248.0,53453.0,53223.0,53404.0,1.46065201,2024-08-05 19:33:00+00:00
1722886440,53393.0,53525.0,53388.0,53478.0,0.56168325,2024-08-05 19:34:00+00:00
1722886500,53479.0,53503.0,53353.0,53486.0,1.18246028,2024-08-05 19:35:00+00:00
1722886560,53475.0,53484.0,53388.0,53444.0,1.70895639,2024-08-05 19:36:00+00:00
1722886620,53445.0,53456.0,53349.0,53445.0,2.99396715,2024-08-05 19:37:00+00:00
1722886680,53445.0,53450.0,53349.0,53367.0,2.08520964,2024-08-05 19:38:00+00:00
1722886740,53365.0,53437.0,53301.0,53301.0,1.85625778,2024-08-05 19:39:00+00:00
1722886800,53301.0,53339.0,53213.0,53222.0,2.64053689,2024-08-05 19:40:00+00:00
1722886860,53232.0,53232.0,53076.0,53087.0,3.09816327,2024-08-05 19:41:00+00:00
1722886920,53094.0,53160.0,53061.0,53160.0,0.80103809,2024-08-05 19:42:00+00:00
1722886980,53168.0,53168.0,53049.0,53087.0,1.40190728,2024-08-05 19:43:00+00:00
1722887040,53087.0,53098.0,53011.0,53045.0,2.80416239,2024-08-05 19:44:00+00:00
1722887100,53055.0,53073.0,52996.0,53023.0,2.48701098,2024-08-05 19:45:00+00:00
1722887160,53022.0,53067.0,52966.0,53016.0,1.79551476,2024-08-05 19:46:00+00:00
1722887220,53014.0,53022.0,52901.0,52922.0,6.00802041,2024-08-05 19:47:00+00:00
1722887280,52919.0,52941.0,52790.0,52795.0,6.07047531,2024-08-05 19:48:00+00:00
1722887340,52791.0,52860.0,52768.0,52768.0,1.44750537,2024-08-05 19:49:00+00:00
1722887400,52767.0,52869.0,52683.0,52845.0,8.50072028,2024-08-05 19:50:00+00:00
1722887460,52837.0,53028.0,52837.0,53018.0,3.54286168,2024-08-05 19:51:00+00:00
1722887520,53017.0,53119.0,52978.0,53106.0,4.01669743,2024-08-05 19:52:00+00:00
1722887580,53097.0,53152.0,53051.0,53066.0,1.2876505,2024-08-05 19:53:00+00:00
1722887640,53068.0,53143.0,53004.0,53071.0,2.48590342,2024-08-05 19:54:00+00:00
1722887700,53066.0,53098.0,52992.0,53055.0,2.83471512,2024-08-05 19:55:00+00:00
1722887760,53055.0,53340.0,53055.0,53296.0,4.70178413,2024-08-05 19:56:00+00:00
1722887820,53296.0,53371.0,53244.0,53315.0,2.18825119,2024-08-05 19:57:00+00:00
1722887880,53310.0,53452.0,53308.0,53417.0,0.34374983,2024-08-05 19:58:00+00:00
1722887940,53403.0,53619.0,53403.0,53483.0,0.47526759,2024-08-05 19:59:00+00:00
1722888000,53483.0,53691.0,53483.0,53614.0,6.46217869,2024-08-05 20:00:00+00:00
1722888060,53614.0,53655.0,53524.0,53645.0,1.02927079,2024-08-05 20:01:00+00:00
1722888120,53623.0,53669.0,53565.0,53604.0,0.86684223,2024-08-05 20:02:00+00:00
1722888180,53605.0,53745.0,53597.0,53669.0,1.1198267,2024-08-05 20:03:00+00:00
1722888240,53659.0,53801.0,53615.0,53794.0,3.57982178,2024-08-05 20:04:00+00:00
1722888300,53804.0,53901.0,53801.0,53901.0,3.64339424,2024-08-05 20:05:00+00:00
1722888360,53936.0,54044.0,53928.0,53980.0,5.357031,2024-08-05 20:06:00+00:00
1722888420,53996.0,54108.0,53947.0,54102.0,4.30487619,2024-08-05 20:07:00+00:00
1722888480,54114.0,54249.0,54056.0,54200.0,145.22207333,2024-08-05 20:08:00+00:00
1722888540,54131.0,54313.0,54122.0,54266.0,4.05965127,2024-08-05 20:09:00+00:00
1722888600,54269.0,54269.0,54000.0,54011.0,4.72605307,2024-08-05 20:10:00+00:00
1722888660,54044.0,54163.0,54003.0,54076.0,0.98915003,2024-08-05 20:11:00+00:00
1722888720,54103.0,54110.0,53964.0,53968.0,2.87066508,2024-08-05 20:12:00+00:00
1722888780,53946.0,53946.0,53849.0,53917.0,1.87668827,2024-08-05 20:13:00+00:00
1722888840,53931.0,53932.0,53782.0,53798.0,1.69563288,2024-08-05 20:14:00+00:00
1722888900,53814.0,53852.0,53772.0,53796.0,1.33104881,2024-08-05 20:15:00+00:00
1722888960,53774.0,53774.0,53651.0,53667.0,1.23171619,2024-08-05 20:16:00+00:00
1722889020,53689.0,53689.0,53631.0,53651.0,1.88718803,2024-08-05 20:17:00+00:00
1722889080,53688.0,53776.0,53688.0,53757.0,0.95796829,2024-08-05 20:18:00+00:00
1722889140,53749.0,53782.0,53602.0,53602.0,0.88049208,2024-08-05 20:19:00+00:00
1722889200,53617.0,53781.0,53604.0,53744.0,2.00416815,2024-08-05 20:20:00+00:00
1722889260,53751.0,53752.0,53698.0,53746.0,0.62624263,2024-08-05 20:21:00+00:00
1722889320,53741.0,53889.0,53728.0,53860.0,1.08336852,2024-08-05 20:22:00+00:00
1722889380,53848.0,53956.0,53827.0,53908.0,1.73545185,2024-08-05 20:23:00+00:00
1722889440,53907.0,53958.0,53875.0,53884.0,0.9204807,2024-08-05 20:24:00+00:00
1722889500,53864.0,53864.0,53786.0,53800.0,1.50461576,2024-08-05 20:25:00+00:00
1722889560,53787.0,53787.0,53720.0,53771.0,1.05696123,2024-08-05 20:26:00+00:00
1722889620,53769.0,53781.0,53723.0,53778.0,2.79986156,2024-08-05 20:27:00+00:00
1722889680,53766.0,53881.0,53764.0,53881.0,1.16969228,2024-08-05 20:28:00+00:00
1722889740,53870.0,53961.0,53870.0,53945.0,0.64668743,2024-08-05 20:29:00+00:00
1722889800,53957.0,53957.0,53741.0,53751.0,2.43840991,2024-08-05 20:30:00+00:00
1722889860,53754.0,53914.0,53754.0,53892.0,1.10943201,2024-08-05 20:31:00+00:00
1722889920,53885.0,53976.0,53881.0,53952.0,0.72788974,2024-08-05 20:32:00+00:00
1722889980,53946.0,53982.0,53871.0,53873.0,2.42403786,2024-08-05 20:33:00+00:00
1722890040,53909.0,53920.0,53802.0,53828.0,1.55862763,2024-08-05 20:34:00+00:00
1722890100,53827.0,53835.0,53753.0,53753.0,0.79551328,2024-08-05 20:35:00+00:00
1722890160,53755.0,53755.0,53594.0,53626.0,0.87528698,2024-08-05 20:36:00+00:00
1722890220,53627.0,53640.0,53597.0,53597.0,0.42253642,2024-08-05 20:37:00+00:00
1722890280,53596.0,53627.0,53547.0,53587.0,1.08016646,2024-08-05 20:38:00+00:00
1722890340,53596.0,53618.0,53560.0,53613.0,0.76046078,2024-08-05 20:39:00+00:00
1722890400,53612.0,53934.0,53600.0,53883.0,3.54574004,2024-08-05 20:40:00+00:00
1722890460,53883.0,54076.0,53867.0,54048.0,2.53060994,2024-08-05 20:41:00+00:00
1722890520,54047.0,54184.0,54010.0,54129.0,2.66286141,2024-08-05 20:42:00+00:00
1722890580,54133.0,54133.0,54058.0,54080.0,0.28509616,2024-08-05 20:43:00+00:00
1722890640,54103.0,54103.0,54025.0,54025.0,0.49516044,2024-08-05 20:44:00+00:00
1722890700,54037.0,54064.0,53983.0,54014.0,0.5714006,2024-08-05 20:45:00+00:00
1722890760,54019.0,54132.0,54019.0,54108.0,0.91742506,2024-08-05 20:46:00+00:00
1722890820,54128.0,54128.0,53987.0,53987.0,1.23049965,2024-08-05 20:47:00+00:00
1722890880,53998.0,54042.0,53989.0,54001.0,3.11274914,2024-08-05 20:48:00+00:00
1722890940,53998.0,53998.0,53882.0,53883.0,2.59138309,2024-08-05 20:49:00+00:00
1722891000,53884.0,53924.0,53853.0,53890.0,1.109,2024-08-05 20:50:00+00:00
1722891060,53884.0,53948.0,53866.0,53909.0,0.66775372,2024-08-05 20:51:00+00:00
1722891120,53903.0,53984.0,53903.0,53984.0,0.50299462,2024-08-05 20:52:00+00:00
1722891180,53991.0,54004.0,53932.0,53967.0,0.29253855,2024-08-05 20:53:00+00:00
1722891240,54031.0,54031.0,53946.0,53946.0,0.71808183,2024-08-05 20:54:00+00:00
1722891300,53945.0,54025.0,53935.0,54014.0,0.44252131,2024-08-05 20:55:00+00:00
1722891360,54043.0,54134.0,54015.0,54134.0,1.11686082,2024-08-05 20:56:00+00:00
1722891420,54127.0,54127.0,54047.0,54081.0,0.38671037,2024-08-05 20:57:00+00:00
1722891480,54076.0,54171.0,54076.0,54132.0,0.38264785,2024-08-05 20:58:00+00:00
1722891540,54141.0,54407.0,54140.0,54407.0,17.18321669,2024-08-05 20:59:00+00:00
1722891600,54407.0,54452.0,54381.0,54436.0,2.72226484,2024-08-05 21:00:00+00:00
1722891660,54449.0,54598.0,54449.0,54598.0,0.85310768,2024-08-05 21:01:00+00:00
1722891720,54587.0,54855.0,54587.0,54779.0,1.33728092,2024-08-05 21:02:00+00:00
1722891780,54748.0,54780.0,54696.0,54735.0,2.38301234,2024-08-05 21:03:00+00:00
1722891840,54719.0,54725.0,54532.0,54532.0,2.61821152,2024-08-05 21:04:00+00:00
1722891900,54500.0,54608.0,54430.0,54564.0,1.5116209,2024-08-05 21:05:00+00:00
1722891960,54528.0,54620.0,54481.0,54481.0,1.23829654,2024-08-05 21:06:00+00:00
1722892020,54480.0,54480.0,54314.0,54320.0,0.26360985,2024-08-05 21:07:00+00:00
1722892080,54325.0,54391.0,54301.0,54369.0,0.6311014,2024-08-05 21:08:00+00:00
1722892140,54381.0,54550.0,54381.0,54545.0,1.01571633,2024-08-05 21:09:00+00:00
1722892200,54523.0,54592.0,54501.0,54501.0,0.86576414,2024-08-05 21:10:00+00:00
1722892260,54500.0,54628.0,54492.0,54603.0,0.71947286,2024-08-05 21:11:00+00:00
1722892320,54615.0,54642.0,54570.0,54634.0,0.86655115,2024-08-05 21:12:00+00:00
1722892380,54631.0,54673.0,54612.0,54662.0,1.36532,2024-08-05 21:13:00+00:00
1722892440,54697.0,54830.0,54676.0,54785.0,3.18783881,2024-08-05 21:14:00+00:00
1722892500,54800.0,54814.0,54663.0,54802.0,1.86129578,2024-08-05 21:15:00+00:00
1722892560,54796.0,55090.0,54790.0,55012.0,66.51211732,2024-08-05 21:16:00+00:00
1722892620,55009.0,55034.0,54959.0,55034.0,1.93406228,2024-08-05 21:17:00+00:00
1722892680,55036.0,55197.0,55035.0,55189.0,10.49410925,2024-08-05 21:18:00+00:00
1722892740,55181.0,55198.0,55061.0,55061.0,6.87787509,2024-08-05 21:19:00+00:00
1722892800,55062.0,55066.0,54977.0,54977.0,3.85412738,2024-08-05 21:20:00+00:00
1722892860,54976.0,55035.0,54930.0,54941.0,1.15202352,2024-08-05 21:21:00+00:00
1722892920,54937.0,54937.0,54831.0,54888.0,0.93921773,2024-08-05 21:22:00+00:00
1722892980,54883.0,54883.0,54703.0,54777.0,1.83351199,2024-08-05 21:23:00+00:00
1722893040,54759.0,54792.0,54685.0,54792.0,1.36097376,2024-08-05 21:24:00+00:00
1722893100,54790.0,54870.0,54695.0,54703.0,7.80407041,2024-08-05 21:25:00+00:00
1722893160,54695.0,54800.0,54695.0,54800.0,1.16263863,2024-08-05 21:26:00+00:00
1722893220,54794.0,54794.0,54693.0,54693.0,1.38116339,2024-08-05 21:27:00+00:00
1722893280,54708.0,54724.0,54605.0,54645.0,1.17901697,2024-08-05 21:28:00+00:00
1722893340,54655.0,54688.0,54612.0,54612.0,0.54333675,2024-08-05 21:29:00+00:00
1722893400,54623.0,54639.0,54555.0,54636.0,1.525128,2024-08-05 21:30:00+00:00
1722893460,54636.0,54777.0,54626.0,54694.0,1.0665724,2024-08-05 21:31:00+00:00
1722893520,54693.0,54789.0,54669.0,54760.0,0.87570055,2024-08-05 21:32:00+00:00
1722893580,54792.0,54796.0,54635.0,54637.0,1.25481279,2024-08-05 21:33:00+00:00
1722893640,54619.0,54725.0,54619.0,54722.0,0.36396573,2024-08-05 21:34:00+00:00
1722893700,54716.0,54781.0,54712.0,54712.0,0.39667125,2024-08-05 21:35:00+00:00
1722893760,54711.0,54803.0,54669.0,54777.0,2.42063891,2024-08-05 21:36:00+00:00
1722893820,54778.0,54825.0,54778.0,54822.0,0.07953673,2024-08-05 21:37:00+00:00
1722893880,54821.0,54821.0,54687.0,54718.0,0.17747022,2024-08-05 21:38:00+00:00
1722893940,54701.0,54711.0,54614.0,54619.0,0.34417588,2024-08-05 21:39:00+00:00
1722894000,54658.0,54669.0,54614.0,54618.0,0.45123647,2024-08-05 21:40:00+00:00
1722894060,54617.0,54618.0,54572.0,54572.0,1.29991569,2024-08-05 21:41:00+00:00
1722894120,54570.0,54570.0,54368.0,54456.0,0.28254873,2024-08-05 21:42:00+00:00
1722894180,54456.0,54547.0,54456.0,54547.0,2.65238435,2024-08-05 21:43:00+00:00
1722894240,54516.0,54601.0,54516.0,54580.0,0.18617622,2024-08-05 21:44:00+00:00
1722894300,54573.0,54573.0,54498.0,54498.0,0.86224755,2024-08-05 21:45:00+00:00
1722894360,54477.0,54487.0,54432.0,54432.0,0.15142701,2024-08-05 21:46:00+00:00
1722894420,54432.0,54452.0,54432.0,54432.0,0.15098366,2024-08-05 21:47:00+00:00
1722894480,54420.0,54420.0,54379.0,54394.0,0.41816865,2024-08-05 21:48:00+00:00
1722894540,54394.0,54394.0,54301.0,54302.0,0.27753469,2024-08-05 21:49:00+00:00
1722894600,54291.0,54468.0,54291.0,54444.0,0.08878079,2024-08-05 21:50:00+00:00
1722894660,54437.0,54437.0,54391.0,54406.0,0.09722262,2024-08-05 21:51:00+00:00
1722894720,54414.0,54464.0,54414.0,54421.0,0.09348562,2024-08-05 21:52:00+00:00
1722894780,54436.0,54436.0,54342.0,54361.0,0.93697346,2024-08-05 21:53:00+00:00
1722894840,54345.0,54348.0,54335.0,54335.0,0.34788328,2024-08-05 21:54:00+00:00
1722894900,54334.0,54395.0,54331.0,54394.0,0.17229118,2024-08-05 21:55:00+00:00
1722894960,54376.0,54422.0,54361.0,54422.0,0.17013113,2024-08-05 21:56:00+00:00
1722895020,54415.0,54438.0,54397.0,54438.0,1.3873525,2024-08-05 21:57:00+00:00
1722895080,54471.0,54493.0,54409.0,54412.0,0.42639648,2024-08-05 21:58:00+00:00
1722895140,54413.0,54451.0,54396.0,54396.0,1.7085899,2024-08-05 21:59:00+00:00
1722895200,54392.0,54461.0,54392.0,54451.0,0.06708006,2024-08-05 22:00:00+00:00
1722895260,54463.0,54463.0,54440.0,54444.0,0.04219171,2024-08-05 22:01:00+00:00
1722895320,54473.0,54618.0,54473.0,54533.0,0.59502538,2024-08-05 22:02:00+00:00
1722895380,54533.0,54693.0,54533.0,54677.0,0.08622073,2024-08-05 22:03:00+00:00
1722895440,54697.0,54722.0,54656.0,54656.0,0.07286775,2024-08-05 22:04:00+00:00
1722895500,54653.0,54800.0,54653.0,54789.0,0.11620437,2024-08-05 22:05:00+00:00
1722895560,54794.0,54951.0,54793.0,54805.0,0.24077505,2024-08-05 22:06:00+00:00
1722895620,54788.0,54788.0,54707.0,54762.0,0.65357371,2024-08-05 22:07:00+00:00
1722895680,54784.0,54784.0,54641.0,54694.0,0.06107128,2024-08-05 22:08:00+00:00
1722895740,54717.0,54721.0,54672.0,54700.0,0.27047033,2024-08-05 22:09:00+00:00
1722895800,54684.0,54684.0,54601.0,54617.0,2.7304874,2024-08-05 22:10:00+00:00
1722895860,54608.0,54622.0,54516.0,54558.0,3.39051154,2024-08-05 22:11:00+00:00
1722895920,54557.0,54557.0,54238.0,54277.0,2.08022227,2024-08-05 22:12:00+00:00
1722895980,54296.0,54426.0,54258.0,54259.0,0.15370652,2024-08-05 22:13:00+00:00
1722896040,54299.0,54326.0,54289.0,54315.0,0.1347506,2024-08-05 22:14:00+00:00
1722896100,54306.0,54390.0,54295.0,54372.0,0.3674847,2024-08-05 22:15:00+00:00
1722896160,54405.0,54552.0,54370.0,54552.0,0.70039825,2024-08-05 22:16:00+00:00
1722896220,54529.0,54545.0,54462.0,54508.0,0.49417403,2024-08-05 22:17:00+00:00
1722896280,54498.0,54655.0,54491.0,54624.0,1.23646463,2024-08-05 22:18:00+00:00
1722896340,54620.0,54641.0,54594.0,54613.0,0.09094475,2024-08-05 22:19:00+00:00
1722896400,54613.0,54691.0,54613.0,54691.0,0.55130517,2024-08-05 22:20:00+00:00
1722896460,54686.0,54731.0,54665.0,54708.0,0.31241516,2024-08-05 22:21:00+00:00
1722896520,54702.0,54810.0,54702.0,54795.0,0.91232203,2024-08-05 22:22:00+00:00
1722896580,54806.0,54900.0,54806.0,54861.0,0.55931517,2024-08-05 22:23:00+00:00
1722896640,54888.0,54914.0,54821.0,54844.0,0.48483438,2024-08-05 22:24:00+00:00
1722896700,54839.0,54839.0,54681.0,54702.0,1.6754355,2024-08-05 22:25:00+00:00
1722896760,54698.0,54780.0,54694.0,54768.0,1.26688332,2024-08-05 22:26:00+00:00
1722896820,54755.0,54758.0,54691.0,54758.0,0.28913383,2024-08-05 22:27:00+00:00
1722896880,54816.0,54973.0,54798.0,54968.0,0.4094119,2024-08-05 22:28:00+00:00
1722896940,54967.0,54972.0,54889.0,54935.0,2.40667233,2024-08-05 22:29:00+00:00
1722897000,54927.0,54933.0,54862.0,54868.0,1.31454972,2024-08-05 22:30:00+00:00
1722897060,54865.0,54865.0,54772.0,54774.0,0.07862473,2024-08-05 22:31:00+00:00
1722897120,54776.0,54838.0,54765.0,54836.0,0.22663783,2024-08-05 22:32:00+00:00
1722897180,54827.0,54901.0,54827.0,54834.0,0.81764199,2024-08-05 22:33:00+00:00
1722897240,54849.0,54855.0,54787.0,54800.0,0.12565918,2024-08-05 22:34:00+00:00
1722897300,54791.0,54901.0,54786.0,54896.0,1.20516217,2024-08-05 22:35:00+00:00
1722897360,54908.0,54908.0,54846.0,54857.0,0.45737865,2024-08-05 22:36:00+00:00
1722897420,54855.0,54855.0,54797.0,54852.0,0.43671401,2024-08-05 22:37:00+00:00
1722897480,54852.0,54917.0,54845.0,54896.0,0.72931066,2024-08-05 22:38:00+00:00
1722897540,54902.0,54903.0,54858.0,54886.0,0.30993531,2024-08-05 22:39:00+00:00
1722897600,54918.0,54973.0,54852.0,54852.0,0.18015342,2024-08-05 22:40:00+00:00
1722897660,54852.0,54852.0,54725.0,54746.0,0.52522313,2024-08-05 22:41:00+00:00
1722897720,54770.0,54784.0,54701.0,54724.0,0.16007123,2024-08-05 22:42:00+00:00
1722897780,54719.0,54749.0,54719.0,54725.0,0.33888908,2024-08-05 22:43:00+00:00
1722897840,54736.0,54775.0,54704.0,54739.0,6.03411113,2024-08-05 22:44:00+00:00
1722897900,54761.0,54791.0,54738.0,54756.0,0.17530992,2024-08-05 22:45:00+00:00
1722897960,54745.0,54869.0,54724.0,54863.0,0.32009249,2024-08-05 22:46:00+00:00
1722898020,54856.0,54856.0,54800.0,54803.0,0.46081213,2024-08-05 22:47:00+00:00
1722898080,54799.0,54831.0,54695.0,54704.0,0.33329525,2024-08-05 22:48:00+00:00
1722898140,54705.0,54800.0,54705.0,54790.0,0.76227889,2024-08-05 22:49:00+00:00
1722898200,54815.0,54815.0,54684.0,54684.0,0.23650978,2024-08-05 22:50:00+00:00
1722898260,54673.0,54730.0,54638.0,54716.0,0.2401792,2024-08-05 22:51:00+00:00
1722898320,54715.0,54721.0,54660.0,54685.0,0.77060869,2024-08-05 22:52:00+00:00
1722898380,54681.0,54716.0,54677.0,54714.0,0.73820621,2024-08-05 22:53:00+00:00
1722898440,54714.0,54715.0,54554.0,54602.0,0.69219571,2024-08-05 22:54:00+00:00
1722898500,54570.0,54594.0,54500.0,54581.0,0.47632722,2024-08-05 22:55:00+00:00
1722898560,54584.0,54614.0,54575.0,54575.0,0.28206105,2024-08-05 22:56:00+00:00
1722898620,54577.0,54684.0,54577.0,54656.0,0.68813437,2024-08-05 22:57:00+00:00
1722898680,54655.0,54655.0,54621.0,54635.0,0.19719655,2024-08-05 22:58:00+00:00
1722898740,54678.0,54708.0,54678.0,54706.0,4.56801501,2024-08-05 22:59:00+00:00
1722898800,54719.0,54719.0,54635.0,54642.0,0.04750333,2024-08-05 23:00:00+00:00
1722898860,54638.0,54680.0,54609.0,54675.0,0.85413389,2024-08-05 23:01:00+00:00
1722898920,54668.0,54776.0,54632.0,54757.0,0.10351779,2024-08-05 23:02:00+00:00
1722898980,54765.0,54835.0,54701.0,54833.0,3.02813155,2024-08-05 23:03:00+00:00
1722899040,54836.0,54907.0,54808.0,54905.0,0.45723242,2024-08-05 23:04:00+00:00
1722899100,54888.0,55063.0,54887.0,55028.0,3.88167495,2024-08-05 23:05:00+00:00
1722899160,55026.0,55059.0,54966.0,55056.0,1.17250333,2024-08-05 23:06:00+00:00
1722899220,55078.0,55100.0,55030.0,55083.0,0.58956584,2024-08-05 23:07:00+00:00
1722899280,55022.0,55045.0,55000.0,55031.0,0.4733597,2024-08-05 23:08:00+00:00
1722899340,55020.0,55020.0,54906.0,54917.0,1.38422742,2024-08-05 23:09:00+00:00
1722899400,54915.0,54924.0,54784.0,54817.0,0.64407211,2024-08-05 23:10:00+00:00
1722899460,54816.0,54854.0,54768.0,54778.0,0.25255797,2024-08-05 23:11:00+00:00
1722899520,54775.0,54819.0,54732.0,54813.0,0.41227031,2024-08-05 23:12:00+00:00
1722899580,54848.0,54907.0,54847.0,54882.0,0.50268663,2024-08-05 23:13:00+00:00
1722899640,54881.0,54906.0,54847.0,54851.0,2.31368957,2024-08-05 23:14:00+00:00
1722899700,54858.0,54956.0,54767.0,54943.0,0.61252756,2024-08-05 23:15:00+00:00
1722899760,54942.0,54943.0,54860.0,54905.0,0.34367122,2024-08-05 23:16:00+00:00
1722899820,54865.0,54865.0,54788.0,54791.0,0.2199798,2024-08-05 23:17:00+00:00
1722899880,54794.0,54847.0,54761.0,54844.0,0.0735535,2024-08-05 23:18:00+00:00
1722899940,54847.0,54847.0,54770.0,54770.0,0.50182362,2024-08-05 23:19:00+00:00
1722900000,54766.0,54766.0,54700.0,54704.0,0.19482899,2024-08-05 23:20:00+00:00
1722900060,54750.0,54750.0,54540.0,54540.0,3.83969983,2024-08-05 23:21:00+00:00
1722900120,54602.0,54611.0,54539.0,54611.0,0.26403967,2024-08-05 23:22:00+00:00
1722900180,54595.0,54595.0,54520.0,54538.0,0.11042132,2024-08-05 23:23:00+00:00
1722900240,54562.0,54586.0,54538.0,54552.0,0.11000196,2024-08-05 23:24:00+00:00
1722900300,54551.0,54559.0,54528.0,54541.0,0.29384463,2024-08-05 23:25:00+00:00
1722900360,54555.0,54555.0,54535.0,54543.0,0.24808084,2024-08-05 23:26:00+00:00
1722900420,54545.0,54601.0,54545.0,54569.0,0.10636763,2024-08-05 23:27:00+00:00
1722900480,54569.0,54594.0,54530.0,54580.0,0.33290488,2024-08-05 23:28:00+00:00
1722900540,54579.0,54579.0,54528.0,54537.0,2.60873368,2024-08-05 23:29:00+00:00
1722900600,54560.0,54580.0,54537.0,54578.0,0.26171284,2024-08-05 23:30:00+00:00
1722900660,54565.0,54629.0,54527.0,54527.0,0.88763184,2024-08-05 23:31:00+00:00
1722900720,54558.0,54577.0,54545.0,54545.0,0.14977736,2024-08-05 23:32:00+00:00
1722900780,54533.0,54535.0,54489.0,54489.0,0.64970433,2024-08-05 23:33:00+00:00
1722900840,54477.0,54556.0,54450.0,54536.0,0.03844324,2024-08-05 23:34:00+00:00
1722900900,54535.0,54568.0,54496.0,54562.0,0.42184257,2024-08-05 23:35:00+00:00
1722900960,54566.0,54601.0,54526.0,54566.0,0.40406916,2024-08-05 23:36:00+00:00
1722901020,54556.0,54569.0,54503.0,54520.0,0.33390978,2024-08-05 23:37:00+00:00
1722901080,54516.0,54516.0,54451.0,54451.0,0.10060163,2024-08-05 23:38:00+00:00
1722901140,54461.0,54516.0,54461.0,54515.0,0.33783027,2024-08-05 23:39:00+00:00
1722901200,54510.0,54526.0,54496.0,54496.0,0.0968821,2024-08-05 23:40:00+00:00
1722901260,54482.0,54482.0,54370.0,54370.0,1.22705622,2024-08-05 23:41:00+00:00
1722901320,54388.0,54388.0,54321.0,54323.0,0.12186654,2024-08-05 23:42:00+00:00
1722901380,54317.0,54401.0,54317.0,54401.0,0.52619334,2024-08-05 23:43:00+00:00
1722901440,54396.0,54396.0,54310.0,54326.0,2.33582852,2024-08-05 23:44:00+00:00
1722901500,54315.0,54322.0,54250.0,54277.0,1.44403254,2024-08-05 23:45:00+00:00
1722901560,54302.0,54317.0,54274.0,54281.0,1.38138846,2024-08-05 23:46:00+00:00
1722901620,54291.0,54297.0,54265.0,54276.0,0.31205196,2024-08-05 23:47:00+00:00
1722901680,54281.0,54297.0,54032.0,54032.0,2.50474564,2024-08-05 23:48:00+00:00
1722901740,54075.0,54085.0,53989.0,54064.0,2.23826622,2024-08-05 23:49:00+00:00
1722901800,54054.0,54128.0,54053.0,54119.0,0.0449111,2024-08-05 23:50:00+00:00
1722901860,54119.0,54145.0,54086.0,54122.0,0.06254225,2024-08-05 23:51:00+00:00
1722901920,54132.0,54216.0,54132.0,54164.0,1.3791721,2024-08-05 23:52:00+00:00
1722901980,54193.0,54206.0,54121.0,54129.0,0.33812978,2024-08-05 23:53:00+00:00
1722902040,54119.0,54119.0,54003.0,54003.0,0.30875255,2024-08-05 23:54:00+00:00
1722902100,54000.0,54016.0,53951.0,53999.0,0.20000664,2024-08-05 23:55:00+00:00
1722902160,54004.0,54057.0,53982.0,53982.0,0.24287718,2024-08-05 23:56:00+00:00
1722902220,53999.0,54031.0,53923.0,54001.0,1.403936,2024-08-05 23:57:00+00:00
1722902280,53993.0,54046.0,53967.0,53989.0,1.72878681,2024-08-05 23:58:00+00:00
1722902340,53986.0,54014.0,53966.0,54014.0,1.84454748,2024-08-05 23:59:00+00:00
