Timestamp,Open,High,Low,Close,Volume,Datetime,mid_price,price_diff,log_return,rolling_stdev,sigma,delta_ask,delta_bid,kappa,A
1722816000,58137.0,58193.0,58117.0,58175.0,0.25721683,2024-08-05 00:00:00+00:00,58175.0,,,,,,,,
1722816060,58207.0,58207.0,58100.0,58108.0,0.11522896,2024-08-05 00:01:00+00:00,58108.0,-67.0,-0.0011523611777182865,,,32.0,75.0,,
1722816120,58120.0,58186.0,58102.0,58186.0,0.48568745,2024-08-05 00:02:00+00:00,58186.0,78.0,0.0013414279618258404,,,78.0,6.0,,
1722816180,58186.0,58209.0,58170.0,58188.0,0.32006169,2024-08-05 00:03:00+00:00,58188.0,2.0,3.437193875261413e-05,,,23.0,16.0,,
1722816240,58182.0,58280.0,58152.0,58280.0,1.6919922,2024-08-05 00:04:00+00:00,58280.0,92.0,0.0015798334157884864,,,92.0,36.0,,
1722816300,58251.0,58267.0,58201.0,58201.0,1.01658333,2024-08-05 00:05:00+00:00,58201.0,-79.0,-0.001356444606638858,,,0.0,79.0,,
1722816360,58270.0,58270.0,58194.0,58194.0,0.12079777,2024-08-05 00:06:00+00:00,58194.0,-7.0,-0.00012028008090448472,,,69.0,7.0,,
1722816420,58170.0,58170.0,58040.0,58040.0,0.28122263,2024-08-05 00:07:00+00:00,58040.0,-154.0,-0.002649828623473657,,,0.0,154.0,,
1722816480,58023.0,58023.0,57931.0,57931.0,5.58995363,2024-08-05 00:08:00+00:00,57931.0,-109.0,-0.0018797808434289289,,,0.0,109.0,,
1722816540,57924.0,57927.0,57766.0,57766.0,4.19247649,2024-08-05 00:09:00+00:00,57766.0,-165.0,-0.0028522798666018685,,,0.0,165.0,,
1722816600,57774.0,57844.0,57774.0,57807.0,0.10400023,2024-08-05 00:10:00+00:00,57807.0,41.0,0.0007095083059185307,,,78.0,0.0,,
1722816660,57857.0,57857.0,57694.0,57722.0,0.56486287,2024-08-05 00:11:00+00:00,57722.0,-85.0,-0.0014714922718532567,,,50.0,113.0,,
1722816720,57698.0,57720.0,57628.0,57644.0,21.51277404,2024-08-05 00:12:00+00:00,57644.0,-78.0,-0.001352218363906465,,,0.0,94.0,,
1722816780,57643.0,57643.0,57536.0,57550.0,5.1976564,2024-08-05 00:13:00+00:00,57550.0,-94.0,-0.0016320298082235186,,,0.0,108.0,,
1722816840,57529.0,57538.0,57488.0,57505.0,0.03823836,2024-08-05 00:14:00+00:00,57505.0,-45.0,-0.000782234623346937,,,0.0,62.0,,
1722816900,57447.0,57845.0,57419.0,57845.0,17.93389585,2024-08-05 00:15:00+00:00,57845.0,340.0,0.005895118936307607,,,340.0,86.0,,
1722816960,57808.0,58028.0,57808.0,57972.0,51.0928934,2024-08-05 00:16:00+00:00,57972.0,127.0,0.0021931158794177797,,,183.0,37.0,,
1722817020,58028.0,58217.0,58028.0,58217.0,6.94340002,2024-08-05 00:17:00+00:00,58217.0,245.0,0.004217272945257969,,,245.0,0.0,,
1722817080,58111.0,58111.0,57786.0,57799.0,2.89683161,2024-08-05 00:18:00+00:00,57799.0,-418.0,-0.007205933814923147,,,0.0,431.0,,
1722817140,57836.0,57927.0,57834.0,57880.0,1.2242937,2024-08-05 00:19:00+00:00,57880.0,81.0,0.001400427272678292,,,128.0,0.0,,
1722817200,57871.0,57871.0,57744.0,57819.0,0.65002469,2024-08-05 00:20:00+00:00,57819.0,-61.0,-0.0010544603782589703,,,0.0,136.0,,
1722817260,57797.0,57890.0,57797.0,57870.0,0.60189636,2024-08-05 00:21:00+00:00,57870.0,51.0,0.0008816742007231927,,,71.0,22.0,,
1722817320,57845.0,57845.0,57668.0,57668.0,0.04750964,2024-08-05 00:22:00+00:00,57668.0,-202.0,-0.0034966886360900786,,,0.0,202.0,,
1722817380,57630.0,57630.0,57519.0,57577.0,49.37466384,2024-08-05 00:23:00+00:00,57577.0,-91.0,-0.0015792445470594189,,,0.0,149.0,,
1722817440,57572.0,57578.0,57400.0,57407.0,4.9699876,2024-08-05 00:24:00+00:00,57407.0,-170.0,-0.002956935293010422,,,1.0,177.0,,
1722817500,57386.0,57501.0,57360.0,57367.0,1.09823692,2024-08-05 00:25:00+00:00,57367.0,-40.0,-0.0006970220018377793,,,94.0,47.0,,
1722817560,57372.0,57403.0,57302.0,57302.0,15.43135399,2024-08-05 00:26:00+00:00,57302.0,-65.0,-0.001133697982225147,,,36.0,65.0,,
1722817620,57302.0,57482.0,57289.0,57468.0,1.34286557,2024-08-05 00:27:00+00:00,57468.0,166.0,0.002892744022947985,,,180.0,13.0,,
1722817680,57395.0,57451.0,57344.0,57451.0,0.36753822,2024-08-05 00:28:00+00:00,57451.0,-17.0,-0.00029586056481526374,,,0.0,124.0,,
1722817740,57373.0,57410.0,57317.0,57388.0,0.16465949,2024-08-05 00:29:00+00:00,57388.0,-63.0,-0.0010971883475137693,,,0.0,134.0,,
1722817800,57376.0,57389.0,57291.0,57325.0,2.49455973,2024-08-05 00:30:00+00:00,57325.0,-63.0,-0.0010983934921753751,,,1.0,97.0,,
1722817860,57354.0,57499.0,57348.0,57434.0,0.17204542,2024-08-05 00:31:00+00:00,57434.0,109.0,0.0018996337154940865,,,174.0,0.0,,
1722817920,57361.0,57381.0,57336.0,57345.0,0.2215847,2024-08-05 00:32:00+00:00,57345.0,-89.0,-0.0015508066429763435,,,0.0,98.0,,
1722817980,57304.0,57446.0,57304.0,57446.0,0.71060805,2024-08-05 00:33:00+00:00,57446.0,101.0,0.001759720292761343,,,101.0,41.0,,
1722818040,57312.0,57342.0,57286.0,57310.0,4.62096442,2024-08-05 00:34:00+00:00,57310.0,-136.0,-0.002370247545601028,,,0.0,160.0,,
1722818100,57323.0,57344.0,57226.0,57226.0,5.43332408,2024-08-05 00:35:00+00:00,57226.0,-84.0,-0.0014667879978394458,,,34.0,84.0,,
1722818160,57219.0,57286.0,57120.0,57151.0,11.11501216,2024-08-05 00:36:00+00:00,57151.0,-75.0,-0.0013114526652984809,,,60.0,106.0,,
1722818220,57125.0,57143.0,56900.0,56906.0,35.73130396,2024-08-05 00:37:00+00:00,56906.0,-245.0,-0.00429610417283147,,,0.0,251.0,,
1722818280,56918.0,56977.0,56652.0,56652.0,26.5173545,2024-08-05 00:38:00+00:00,56652.0,-254.0,-0.004473492375526677,,,71.0,254.0,,
1722818340,56697.0,56802.0,56697.0,56777.0,1.03929034,2024-08-05 00:39:00+00:00,56777.0,125.0,0.002204022791371071,,,150.0,0.0,,
1722818400,56766.0,56993.0,56766.0,56856.0,2.98043655,2024-08-05 00:40:00+00:00,56856.0,79.0,0.0013904413810730861,,,216.0,11.0,,
1722818460,56844.0,56881.0,56697.0,56752.0,5.17922105,2024-08-05 00:41:00+00:00,56752.0,-104.0,-0.0018308574933280587,,,25.0,159.0,,
1722818520,56784.0,56798.0,56670.0,56782.0,4.7294821,2024-08-05 00:42:00+00:00,56782.0,30.0,0.0005284760635267097,,,46.0,82.0,,
1722818580,56800.0,56880.0,56735.0,56739.0,0.99825152,2024-08-05 00:43:00+00:00,56739.0,-43.0,-0.0007575691203656539,,,98.0,47.0,,
1722818640,56675.0,56783.0,56675.0,56707.0,0.79151452,2024-08-05 00:44:00+00:00,56707.0,-32.0,-0.0005641450707594937,,,44.0,64.0,,
1722818700,56715.0,57041.0,56715.0,57041.0,2.34058092,2024-08-05 00:45:00+00:00,57041.0,334.0,0.005872647605499271,,,334.0,0.0,,
1722818760,57041.0,57068.0,56973.0,56990.0,2.358457,2024-08-05 00:46:00+00:00,56990.0,-51.0,-0.00089449366225865,,,27.0,68.0,,
1722818820,56957.0,57021.0,56675.0,56781.0,4.5391348,2024-08-05 00:47:00+00:00,56781.0,-209.0,-0.003674051122016348,,,31.0,315.0,,
1722818880,56781.0,56789.0,56675.0,56726.0,2.68992877,2024-08-05 00:48:00+00:00,56726.0,-55.0,-0.0009691033029590825,,,8.0,106.0,,
1722818940,56742.0,56939.0,56727.0,56900.0,3.07362226,2024-08-05 00:49:00+00:00,56900.0,174.0,0.0030626817103524733,,,213.0,0.0,,
1722819000,56860.0,56860.0,56767.0,56817.0,6.41118276,2024-08-05 00:50:00+00:00,56817.0,-83.0,-0.001459764410577284,,,0.0,133.0,,
1722819060,56781.0,56814.0,56591.0,56647.0,5.93918807,2024-08-05 00:51:00+00:00,56647.0,-170.0,-0.002996547401936777,,,0.0,226.0,,
1722819120,56649.0,56920.0,56649.0,56781.0,7.43797185,2024-08-05 00:52:00+00:00,56781.0,134.0,0.002362733405120569,,,273.0,0.0,,
1722819180,56749.0,56766.0,56662.0,56667.0,0.18258798,2024-08-05 00:53:00+00:00,56667.0,-114.0,-0.0020097320070995035,,,0.0,119.0,,
1722819240,56667.0,56694.0,56463.0,56463.0,9.68385614,2024-08-05 00:54:00+00:00,56463.0,-204.0,-0.0036064743412555656,,,27.0,204.0,,
1722819300,56441.0,56463.0,56219.0,56219.0,25.28943752,2024-08-05 00:55:00+00:00,56219.0,-244.0,-0.00433077832066487,,,0.0,244.0,,
1722819360,56219.0,56296.0,56051.0,56057.0,17.54345027,2024-08-05 00:56:00+00:00,56057.0,-162.0,-0.0028857478432039348,,,77.0,168.0,,
1722819420,56088.0,56088.0,55702.0,55810.0,40.85081139,2024-08-05 00:57:00+00:00,55810.0,-247.0,-0.00441596541232563,,,31.0,355.0,,
1722819480,55810.0,56218.0,55810.0,56002.0,19.71721943,2024-08-05 00:58:00+00:00,56002.0,192.0,0.0034343395827813768,,,408.0,0.0,,
1722819540,56176.0,56242.0,56053.0,56098.0,7.7778601,2024-08-05 00:59:00+00:00,56098.0,96.0,0.0017127568861424179,,,240.0,0.0,,0.024444444444444446
1722819600,56168.0,56262.0,56155.0,56170.0,0.70882626,2024-08-05 01:00:00+00:00,56170.0,72.0,0.001282645275075161,146.46585668728818,18.90866079126231,164.0,0.0,0.011329305135951661,0.024722222222222222
1722819660,56128.0,56128.0,55800.0,55952.0,5.24493921,2024-08-05 01:01:00+00:00,55952.0,-218.0,-0.003888626223321353,148.33800919437815,19.150354640646306,0.0,370.0,0.011054813450023031,0.024444444444444446
1722819720,56007.0,56161.0,55880.0,56046.0,1.30353513,2024-08-05 01:02:00+00:00,56046.0,94.0,0.0016786017977465863,148.56051288515587,19.179079743608035,209.0,72.0,0.010857763300760045,0.024444444444444446
1722819780,56065.0,56065.0,55856.0,55859.0,0.00826196,2024-08-05 01:03:00+00:00,55859.0,-187.0,-0.0033421236595779615,149.74730032558938,19.332293343350937,19.0,190.0,0.010693281055070397,0.024444444444444446
1722819840,55867.0,55884.0,55762.0,55860.0,0.73358446,2024-08-05 01:04:00+00:00,55860.0,1.0,1.7902057842048333e-05,148.858101772382,19.217498303749476,25.0,97.0,0.010699001426533523,0.024444444444444446
1722819900,55838.0,55914.0,55639.0,55675.0,13.54911453,2024-08-05 01:05:00+00:00,55675.0,-185.0,-0.003317347373599435,149.9497882060887,19.358434416317028,54.0,221.0,0.010515247108307046,0.024722222222222222
1722819960,55634.0,55643.0,55283.0,55312.0,39.6298442,2024-08-05 01:06:00+00:00,55312.0,-363.0,-0.00654132996416255,155.4786994694147,20.0722137911677,0.0,392.0,0.010231923601637107,0.024444444444444446
1722820020,55330.0,55372.0,55039.0,55145.0,33.68400886,2024-08-05 01:07:00+00:00,55145.0,-167.0,-0.003023803421158438,155.63784832266373,20.092759819774418,60.0,273.0,0.010078105316200556,0.024722222222222222
1722820080,55176.0,55176.0,54444.0,54599.0,64.20587276,2024-08-05 01:08:00+00:00,54599.0,-546.0,-0.00995051219328791,168.24351466249362,21.72014434650804,31.0,701.0,0.009577015163607342,0.025
1722820140,54642.0,55013.0,54600.0,54770.0,9.65596585,2024-08-05 01:09:00+00:00,54770.0,171.0,0.003127031230807719,170.1195857223021,21.962344078872704,414.0,0.0,0.009390406135065341,0.025
1722820200,54800.0,54800.0,53353.0,53403.0,126.8617663,2024-08-05 01:10:00+00:00,53403.0,-1367.0,-0.025275674632224375,240.0866510241667,30.995053368776983,30.0,1417.0,0.008481764206955046,0.025277777777777777
1722820260,53355.0,53994.0,53353.0,53811.0,7.61513552,2024-08-05 01:11:00+00:00,53811.0,408.0,0.007610983071581115,247.98903007905014,32.01524611794304,591.0,50.0,0.00820456720907972,0.025277777777777777
1722820320,53810.0,53810.0,53334.0,53354.0,25.30172105,2024-08-05 01:12:00+00:00,53354.0,-457.0,-0.008528955728005001,253.0953126554018,32.67446436391768,0.0,477.0,0.007995202878273036,0.025277777777777777
1722820380,53354.0,53410.0,53091.0,53362.0,15.84228334,2024-08-05 01:13:00+00:00,53362.0,8.0,0.00014993065735185667,253.28411059118199,32.69883807262018,56.0,263.0,0.007884362680683312,0.025555555555555557
1722820440,53399.0,53823.0,53355.0,53823.0,58.20515054,2024-08-05 01:14:00+00:00,53823.0,461.0,0.008602002941023344,262.3842418962698,33.87365997238371,461.0,7.0,0.007679508511455267,0.025833333333333333
1722820500,53829.0,54578.0,53829.0,54246.0,46.53049942,2024-08-05 01:15:00+00:00,54246.0,423.0,0.007828371877927223,264.74435969194997,34.178349869642275,755.0,0.0,0.007521153243497336,0.025555555555555557
1722820560,54309.0,54354.0,54070.0,54271.0,2.59890747,2024-08-05 01:16:00+00:00,54271.0,25.0,0.0004607573088509549,263.84930802378994,34.06279919614965,108.0,176.0,0.007491104313627567,0.025555555555555557
1722820620,54236.0,54472.0,54214.0,54303.0,30.2938201,2024-08-05 01:17:00+00:00,54303.0,32.0,0.0005894597403902035,261.0713498596009,33.70416633927081,201.0,57.0,0.0074850299401197605,0.025833333333333333
1722820680,54393.0,54803.0,54315.0,54751.0,15.63794472,2024-08-05 01:18:00+00:00,54751.0,448.0,0.00821615933746713,265.1447190382986,34.23003603900584,500.0,0.0,0.007452953232718464,0.025833333333333333
1722820740,54739.0,54740.0,54368.0,54368.0,8.51098929,2024-08-05 01:19:00+00:00,54368.0,-383.0,-0.007019887880471217,267.98681137967657,34.59694858255719,0.0,383.0,0.007336757153338224,0.025833333333333333
1722820800,54344.0,54741.0,54344.0,54728.0,64.69471956,2024-08-05 01:20:00+00:00,54728.0,360.0,0.0065997159691754655,273.37839248965156,35.29299871084584,373.0,24.0,0.007221520129987362,0.026111111111111113
1722820860,54723.0,54942.0,54695.0,54891.0,30.65776633,2024-08-05 01:21:00+00:00,54891.0,163.0,0.0029739391918416746,274.47045007814904,35.43398273929085,214.0,33.0,0.007155208395444518,0.026111111111111113
1722820920,54870.0,54917.0,54493.0,54540.0,6.03498779,2024-08-05 01:22:00+00:00,54540.0,-351.0,-0.006415023233096166,276.5384986632745,35.70096666360214,26.0,398.0,0.007061731301123993,0.02638888888888889
1722820980,54497.0,54647.0,54439.0,54572.0,3.69142605,2024-08-05 01:23:00+00:00,54572.0,32.0,0.0005865532831853074,276.7013498442856,35.72199066066767,107.0,101.0,0.007037297677691767,0.02666666666666667
1722821040,54521.0,54523.0,53790.0,53939.0,94.22772544,2024-08-05 01:24:00+00:00,53939.0,-633.0,-0.011667152278433297,286.38878398642004,36.97263303066661,0.0,782.0,0.006796556411418215,0.02638888888888889
1722821100,53953.0,53988.0,53328.0,53915.0,43.30565954,2024-08-05 01:25:00+00:00,53915.0,-24.0,-0.00044504608815861777,286.41308716114065,36.9757705570317,49.0,611.0,0.006602475928473177,0.02638888888888889
1722821160,53888.0,53953.0,53631.0,53953.0,14.08350179,2024-08-05 01:26:00+00:00,53953.0,38.0,0.0007045648676524983,286.6761292946182,37.00972915044201,38.0,284.0,0.006523157208088715,0.02638888888888889
1722821220,53974.0,54349.0,53974.0,54264.0,76.85906624,2024-08-05 01:27:00+00:00,54264.0,311.0,0.005747726442090136,289.17798167347695,37.332716903708324,396.0,0.0,0.00645195978278402,0.026111111111111113
1722821280,54263.0,54398.0,54163.0,54355.0,25.34007845,2024-08-05 01:28:00+00:00,54355.0,91.0,0.0016755820121852666,289.7439664629704,37.40578522583882,134.0,101.0,0.006413682522715126,0.02638888888888889
1722821340,54342.0,54358.0,54121.0,54211.0,14.86373585,2024-08-05 01:29:00+00:00,54211.0,-144.0,-0.002652765772819978,289.9865820975346,37.43710676957871,3.0,234.0,0.006378568011481422,0.02666666666666667
1722821400,54211.0,54255.0,53814.0,53870.0,4.00602221,2024-08-05 01:30:00+00:00,53870.0,-341.0,-0.006310103190701367,292.36106604309185,37.74365132881138,44.0,397.0,0.006264355815410316,0.02666666666666667
1722821460,53871.0,54153.0,53863.0,53956.0,4.16180112,2024-08-05 01:31:00+00:00,53956.0,86.0,0.0015951629149909522,292.1539509803801,37.71691288919034,283.0,7.0,0.006226650062266501,0.026944444444444444
1722821520,53935.0,54228.0,53830.0,54228.0,3.62762161,2024-08-05 01:32:00+00:00,54228.0,272.0,0.005028480609709591,295.20532498297706,38.11084357902728,272.0,126.0,0.0061312078479460455,0.02722222222222222
1722821580,54244.0,54752.0,54244.0,54729.0,46.68070051,2024-08-05 01:33:00+00:00,54729.0,501.0,0.0091963532570492,303.12827131439997,39.13369155217715,524.0,0.0,0.006013831813170291,0.026944444444444444
1722821640,54751.0,54757.0,54455.0,54485.0,6.78840481,2024-08-05 01:34:00+00:00,54485.0,-244.0,-0.004468299045342579,303.99550017112716,39.24565031615898,28.0,274.0,0.005971337579617834,0.02722222222222222
1722821700,54483.0,54688.0,54483.0,54618.0,2.55162822,2024-08-05 01:35:00+00:00,54618.0,133.0,0.0024380643223573637,304.83852166972815,39.354483923644864,203.0,2.0,0.005945597780310162,0.02722222222222222
1722821760,54625.0,54964.0,54523.0,54878.0,23.7729855,2024-08-05 01:36:00+00:00,54878.0,260.0,0.0047490408536674245,307.3090473203998,39.673427413692515,346.0,95.0,0.005865676019161208,0.02722222222222222
1722821820,54861.0,54894.0,54724.0,54785.0,4.35013804,2024-08-05 01:37:00+00:00,54785.0,-93.0,-0.0016961057475174985,306.1972237472255,39.52989160759835,16.0,154.0,0.0058889924915345735,0.0275
1722821880,54772.0,54800.0,54679.0,54723.0,5.44211241,2024-08-05 01:38:00+00:00,54723.0,-62.0,-0.0011323374844694094,304.8738458189006,39.35904425169365,15.0,106.0,0.005948545085014624,0.0275
1722821940,54707.0,54722.0,54586.0,54722.0,1.86314863,2024-08-05 01:39:00+00:00,54722.0,-1.0,-1.8274018914171747e-05,304.2062539055603,39.272858506279334,0.0,137.0,0.005952380952380952,0.0275
1722822000,54722.0,54824.0,54644.0,54781.0,1.14388358,2024-08-05 01:40:00+00:00,54781.0,59.0,0.0010775961518734705,304.0909928309353,39.257978365529716,102.0,78.0,0.005966290458907175,0.0275
1722822060,54788.0,54811.0,54646.0,54691.0,1.14813985,2024-08-05 01:41:00+00:00,54691.0,-90.0,-0.001644256435925999,304.04219293503616,39.25167832605924,30.0,135.0,0.005971931919976112,0.0275
1722822120,54691.0,54891.0,54662.0,54864.0,1.57887872,2024-08-05 01:42:00+00:00,54864.0,173.0,0.0031582336506439544,305.1137585388727,39.39001685066016,200.0,29.0,0.005942064867541471,0.0275
1722822180,54862.0,54902.0,54718.0,54718.0,1.26563528,2024-08-05 01:43:00+00:00,54718.0,-146.0,-0.002664672781828713,305.46643920441727,39.43554772879961,38.0,146.0,0.005930611841454977,0.0275
1722822240,54712.0,55154.0,54712.0,55137.0,18.062703,2024-08-05 01:44:00+00:00,55137.0,419.0,0.00762827421271094,311.00723010107214,40.15086075771835,436.0,6.0,0.005834305717619603,0.0275
1722822300,55129.0,55140.0,54647.0,54679.0,4.39149746,2024-08-05 01:45:00+00:00,54679.0,-458.0,-0.00834127368531431,312.26645329446984,40.31342577295793,3.0,490.0,0.005789549862498191,0.027777777777777776
1722822360,54657.0,54791.0,54586.0,54786.0,3.3309035,2024-08-05 01:46:00+00:00,54786.0,107.0,0.001954963396125624,312.8323787192451,40.38648643113626,112.0,93.0,0.005758986418390363,0.027777777777777776
1722822420,54773.0,54854.0,54604.0,54612.0,2.63594507,2024-08-05 01:47:00+00:00,54612.0,-174.0,-0.0031810480397528964,312.5382051222169,40.34850878306345,68.0,182.0,0.005785641965189721,0.027777777777777776
1722822480,54613.0,54713.0,54602.0,54681.0,1.25969327,2024-08-05 01:48:00+00:00,54681.0,69.0,0.0012626610884009307,312.82129471853176,40.385055492797186,101.0,10.0,0.005786478927572572,0.027777777777777776
1722822540,54706.0,54821.0,54700.0,54782.0,1.74192275,2024-08-05 01:49:00+00:00,54782.0,101.0,0.0018453729326278908,312.1394896788119,40.297034840657346,140.0,0.0,0.005806919912896201,0.027777777777777776
1722822600,54741.0,54775.0,54692.0,54718.0,0.97149484,2024-08-05 01:50:00+00:00,54718.0,-64.0,-0.0011689499047981909,312.09991292808377,40.29192550410844,0.0,90.0,0.0058190282222868785,0.027777777777777776
1722822660,54712.0,54857.0,54548.0,54576.0,13.52854207,2024-08-05 01:51:00+00:00,54576.0,-142.0,-0.0025984972624459018,311.9154867972329,40.268116192995414,139.0,170.0,0.005795701521371649,0.028055555555555556
1722822720,54569.0,54865.0,54569.0,54864.0,0.48635021,2024-08-05 01:52:00+00:00,54864.0,288.0,0.005263170044274691,313.9526265138026,40.531109799534484,289.0,7.0,0.00578927055191046,0.028333333333333332
1722822780,54852.0,54866.0,54664.0,54664.0,0.62911574,2024-08-05 01:53:00+00:00,54664.0,-200.0,-0.0036520382420873903,314.529354705966,40.60556508898572,2.0,200.0,0.005766181346403344,0.02861111111111111
1722822840,54662.0,54805.0,54658.0,54710.0,3.37640288,2024-08-05 01:54:00+00:00,54710.0,46.0,0.0008411505972573099,313.8860902996751,40.52252001122664,141.0,6.0,0.005789549862498191,0.02861111111111111
1722822900,54711.0,54858.0,54711.0,54794.0,5.59319542,2024-08-05 01:55:00+00:00,54794.0,84.0,0.001534190832776702,312.93680658441923,40.39996801055957,148.0,0.0,0.005816489748436818,0.02861111111111111
1722822960,54784.0,54784.0,54704.0,54708.0,0.76550221,2024-08-05 01:56:00+00:00,54708.0,-86.0,-0.0015707478892066408,312.52126662100204,40.34632203195962,0.0,90.0,0.00586051963274077,0.028333333333333332
1722823020,54698.0,54769.0,54586.0,54586.0,0.79431238,2024-08-05 01:57:00+00:00,54586.0,-122.0,-0.002232511403585741,311.41389973659255,40.203361581910976,61.0,122.0,0.005919202880678736,0.028333333333333332
1722823080,54599.0,54700.0,54599.0,54697.0,0.27158231,2024-08-05 01:58:00+00:00,54697.0,111.0,0.0020314237012490953,310.6521639215676,40.105021911050926,114.0,0.0,0.00600630662195305,0.028333333333333332
1722823140,54694.0,54698.0,54342.0,54427.0,66.23640023,2024-08-05 01:59:00+00:00,54427.0,-270.0,-0.004948509053443133,311.891757896979,40.265052805145174,1.0,355.0,0.005971634735008708,0.02861111111111111
1722823200,54405.0,54565.0,54238.0,54487.0,9.07929091,2024-08-05 02:00:00+00:00,54487.0,60.0,0.0011017868422731067,311.8304855124258,40.25714257431328,138.0,189.0,0.005923585743903643,0.028888888888888888
1722823260,54475.0,54530.0,54453.0,54466.0,1.65001205,2024-08-05 02:01:00+00:00,54466.0,-21.0,-0.0003854873249942481,310.83209084739775,40.12825037729341,43.0,34.0,0.006010518407212622,0.029166666666666667
1722823320,54469.0,54469.0,54251.0,54251.0,4.92191187,2024-08-05 02:02:00+00:00,54251.0,-215.0,-0.003955228350400407,311.39028275155016,40.20031264225241,3.0,215.0,0.006029544769369913,0.029166666666666667
1722823380,54283.0,54382.0,54062.0,54062.0,21.63507721,2024-08-05 02:03:00+00:00,54062.0,-189.0,-0.00348988933598679,311.40748959566014,40.20253403627504,131.0,189.0,0.00599610253335332,0.029166666666666667
1722823440,54058.0,54101.0,53825.0,53825.0,3.01247771,2024-08-05 02:04:00+00:00,53825.0,-237.0,-0.0043934928439899115,312.52038803548976,40.34620860705772,39.0,237.0,0.005950314870828581,0.029166666666666667
1722823500,53823.0,54036.0,53817.0,53989.0,0.2970427,2024-08-05 02:05:00+00:00,53989.0,164.0,0.0030422788597265953,312.9083203578207,40.39629045451915,211.0,8.0,0.005966883794938094,0.029166666666666667
1722823560,54023.0,54208.0,54008.0,54019.0,3.18513436,2024-08-05 02:06:00+00:00,54019.0,30.0,0.0005555144206260245,309.8777465333872,40.00504505613639,219.0,0.0,0.006018657839301836,0.029166666666666667
1722823620,53935.0,54021.0,53847.0,54007.0,0.55686137,2024-08-05 02:07:00+00:00,54007.0,-12.0,-0.00022216873806972173,309.2901641658161,39.92918849866546,2.0,172.0,0.006067040800849386,0.029166666666666667
1722823680,53989.0,54346.0,53983.0,54277.0,1.65193057,2024-08-05 02:08:00+00:00,54277.0,270.0,0.004986896670891073,303.6111455194223,39.1960303439893,339.0,24.0,0.0061823802163833074,0.029166666666666667
1722823740,54311.0,54376.0,54257.0,54331.0,0.37670402,2024-08-05 02:09:00+00:00,54331.0,54.0,0.000994401967622188,302.83393064189914,39.09569233475358,99.0,20.0,0.006277792309704421,0.029444444444444443
1722823800,54320.0,54320.0,54090.0,54104.0,0.39078737,2024-08-05 02:10:00+00:00,54104.0,-227.0,-0.004186846158584091,246.62663001543112,31.839361026034098,0.0,241.0,0.006700541627114858,0.029166666666666667
1722823860,54111.0,54198.0,54085.0,54137.0,4.74465641,2024-08-05 02:11:00+00:00,54137.0,33.0,0.0006097504831337043,241.10271857437607,31.12622712546307,94.0,19.0,0.006904090673724181,0.029166666666666667
1722823920,54101.0,54101.0,53913.0,53913.0,13.8853457,2024-08-05 02:12:00+00:00,53913.0,-224.0,-0.004146234537777754,235.3357134448549,30.381709964658796,0.0,224.0,0.0070060719290051384,0.029166666666666667
1722823980,53915.0,53940.0,53682.0,53700.0,5.05936909,2024-08-05 02:13:00+00:00,53700.0,-213.0,-0.003958634703175802,237.07968814530153,30.606856130360026,27.0,231.0,0.007031112673580594,0.029166666666666667
1722824040,53714.0,53945.0,53662.0,53928.0,3.47302355,2024-08-05 02:14:00+00:00,53928.0,228.0,0.004236822036318807,231.33302907060855,29.864965633939438,245.0,38.0,0.007108162539983414,0.029166666666666667
1722824100,53928.0,54114.0,53853.0,54081.0,0.69255074,2024-08-05 02:15:00+00:00,54081.0,153.0,0.0028330991368726273,225.55367845461257,29.11885467768457,186.0,75.0,0.00732243104710764,0.029444444444444443
1722824160,54039.0,54039.0,53772.0,53772.0,3.51905552,2024-08-05 02:16:00+00:00,53772.0,-309.0,-0.005730037096004041,228.9531438753254,29.557723776365528,0.0,309.0,0.007311277645768598,0.029166666666666667
1722824220,53791.0,53835.0,53661.0,53725.0,29.02708779,2024-08-05 02:17:00+00:00,53725.0,-47.0,-0.0008744430634321743,228.9445174936396,29.556610115278627,63.0,111.0,0.007348888480617307,0.029166666666666667
1722824280,53704.0,53888.0,53704.0,53770.0,1.13311917,2024-08-05 02:18:00+00:00,53770.0,45.0,0.0008372482930125231,221.06712110555532,28.539642614527796,163.0,21.0,0.007493911197152314,0.029444444444444443
1722824340,53790.0,53890.0,53700.0,53700.0,2.06502965,2024-08-05 02:19:00+00:00,53700.0,-70.0,-0.0013026893067676815,215.90106543622505,27.872707695431245,120.0,70.0,0.007585335018963337,0.029722222222222223
1722824400,53715.0,53990.0,53674.0,53962.0,2.19909456,2024-08-05 02:20:00+00:00,53962.0,262.0,0.004867093630081156,213.4020131325839,27.55008143032113,290.0,26.0,0.007624372577673295,0.029722222222222223
1722824460,53933.0,54102.0,53853.0,54088.0,1.13400294,2024-08-05 02:21:00+00:00,54088.0,126.0,0.0023322546434766103,212.93844830927443,27.490235468968958,140.0,109.0,0.0076234038498189435,0.029722222222222223
1722824520,54098.0,54207.0,54098.0,54195.0,0.94990026,2024-08-05 02:22:00+00:00,54195.0,107.0,0.0019763034793364295,208.79944355078774,26.955892252319217,119.0,0.0,0.007774034724021768,0.029444444444444443
1722824580,54181.0,54261.0,54133.0,54261.0,0.59066731,2024-08-05 02:23:00+00:00,54261.0,66.0,0.0012170835757745915,208.94971349193457,26.975292018302458,66.0,62.0,0.007814535035165408,0.029444444444444443
1722824640,54249.0,54369.0,54212.0,54366.0,0.73306899,2024-08-05 02:24:00+00:00,54366.0,105.0,0.0019332216244906336,192.43524921708834,24.84328384803523,108.0,49.0,0.008146086484284842,0.029722222222222223
1722824700,54362.0,54389.0,54212.0,54212.0,1.15580853,2024-08-05 02:25:00+00:00,54212.0,-154.0,-0.002836672314209017,193.52032477673987,24.983366500432133,23.0,154.0,0.008422234699606962,0.029722222222222223
1722824760,54210.0,54231.0,54096.0,54110.0,2.40853006,2024-08-05 02:26:00+00:00,54110.0,-102.0,-0.0018832744991256248,193.95859174250165,25.03994652241841,19.0,116.0,0.008534243652656284,0.029722222222222223
1722824820,54131.0,54315.0,54128.0,54226.0,0.90285757,2024-08-05 02:27:00+00:00,54226.0,116.0,0.0021414865664411945,190.3029668950001,24.568007383939893,205.0,0.0,0.008651766402307137,0.029722222222222223
1722824880,54226.0,54236.0,54150.0,54218.0,0.81399796,2024-08-05 02:28:00+00:00,54218.0,-8.0,-0.000147541588552883,189.92381092112234,24.51905855819177,10.0,76.0,0.008745718242110633,0.029722222222222223
1722824940,54236.0,54251.0,54150.0,54150.0,0.57777167,2024-08-05 02:29:00+00:00,54150.0,-68.0,-0.0012549831855327134,189.21474587488456,24.427518654343213,33.0,68.0,0.008833271991166729,0.029722222222222223
1722825000,54143.0,54283.0,54143.0,54283.0,0.74792164,2024-08-05 02:30:00+00:00,54283.0,133.0,0.0024531289680768255,184.61862583620777,23.8341621087777,133.0,7.0,0.009033423667570008,0.029722222222222223
1722825060,54269.0,54323.0,54188.0,54291.0,1.79712707,2024-08-05 02:31:00+00:00,54291.0,8.0,0.00014736493109717878,184.326469003074,23.79644482380411,40.0,95.0,0.009140071597227512,0.029722222222222223
1722825120,54299.0,54450.0,54286.0,54405.0,0.94072907,2024-08-05 02:32:00+00:00,54405.0,114.0,0.0020975940568016887,181.56377457325596,23.439782506559265,159.0,5.0,0.009305932531989143,0.029722222222222223
1722825180,54398.0,54501.0,54371.0,54450.0,0.18943204,2024-08-05 02:33:00+00:00,54450.0,45.0,0.0008267879759939956,169.50614458139097,21.88314916811846,96.0,34.0,0.009599232061435085,0.03
1722825240,54459.0,54513.0,54338.0,54351.0,1.50042101,2024-08-05 02:34:00+00:00,54351.0,-99.0,-0.0018198367169859828,167.05173933790445,21.566286813689544,63.0,112.0,0.00969775335380637,0.03
1722825300,54334.0,54436.0,54330.0,54364.0,0.58672892,2024-08-05 02:35:00+00:00,54364.0,13.0,0.00023915743111744707,166.1209857931981,21.446127047753837,85.0,21.0,0.009775967413441954,0.03
1722825360,54347.0,54445.0,54320.0,54345.0,0.19095145,2024-08-05 02:36:00+00:00,54345.0,-19.0,-0.00034955707795059857,162.4638777757101,20.973996432853415,81.0,44.0,0.010034283802993562,0.03
1722825420,54343.0,54343.0,54138.0,54138.0,0.29323962,2024-08-05 02:37:00+00:00,54138.0,-207.0,-0.0038162707747316565,164.12243173579296,21.18811482839299,0.0,207.0,0.010003334444814937,0.029722222222222223
1722825480,54138.0,54209.0,54054.0,54090.0,2.19512537,2024-08-05 02:38:00+00:00,54090.0,-48.0,-0.0008870163570830261,164.05832210176789,21.179838310229307,71.0,84.0,0.00997506234413965,0.029722222222222223
1722825540,54087.0,54134.0,54057.0,54081.0,0.37923083,2024-08-05 02:39:00+00:00,54081.0,-9.0,-0.000166403195325274,164.0536798947394,21.17923900387894,44.0,33.0,0.010025062656641603,0.03
1722825600,54043.0,54066.0,53923.0,54066.0,1.05675133,2024-08-05 02:40:00+00:00,54066.0,-15.0,-0.0002774002070549936,163.79889402439744,21.14634628945616,0.0,158.0,0.010043521928356211,0.029722222222222223
1722825660,54069.0,54075.0,53868.0,53912.0,0.25236753,2024-08-05 02:41:00+00:00,53912.0,-154.0,-0.0028524348370393524,164.52278103723495,21.239799700964678,9.0,198.0,0.010008340283569641,0.029722222222222223
1722825720,53903.0,53970.0,53828.0,53958.0,4.34062363,2024-08-05 02:42:00+00:00,53958.0,46.0,0.0008528785165176059,162.89839819836533,21.030092778204438,58.0,84.0,0.010081492060825002,0.029722222222222223
1722825780,53951.0,53976.0,53839.0,53839.0,0.41923241,2024-08-05 02:43:00+00:00,53839.0,-119.0,-0.0022078545477145334,162.56762087184575,20.987389608973995,18.0,119.0,0.010121457489878543,0.029722222222222223
1722825840,53840.0,53951.0,53800.0,53951.0,1.18632588,2024-08-05 02:44:00+00:00,53951.0,112.0,0.002078115600827562,153.2519103391499,19.784736550599995,112.0,39.0,0.010376134889753566,0.029722222222222223
1722825900,53956.0,54098.0,53894.0,53939.0,0.24908913,2024-08-05 02:45:00+00:00,53939.0,-12.0,-0.0002224487913520171,142.0419688118789,18.33753932236401,147.0,57.0,0.01064207165661582,0.029722222222222223
1722825960,53947.0,54063.0,53910.0,53980.0,0.09352295,2024-08-05 02:46:00+00:00,53980.0,41.0,0.0007598291676642749,141.3560676204149,18.24898985930788,124.0,29.0,0.010691375623663579,0.029722222222222223
1722826020,53978.0,54166.0,53949.0,54158.0,0.8617137,2024-08-05 02:47:00+00:00,54158.0,178.0,0.003292092710458398,141.8826641823454,18.31697318312544,186.0,31.0,0.010722902332231256,0.029722222222222223
1722826080,54149.0,54413.0,54139.0,54413.0,1.10500732,2024-08-05 02:48:00+00:00,54413.0,255.0,0.004697395600892267,145.568024364948,18.792751136858637,255.0,19.0,0.010568962480183196,0.029722222222222223
1722826140,54400.0,54478.0,54371.0,54431.0,0.69735794,2024-08-05 02:49:00+00:00,54431.0,18.0,0.000330748597333743,144.9418147430786,18.7119078223008,65.0,42.0,0.010599770338309337,0.03
1722826200,54434.0,54587.0,54382.0,54521.0,0.90735482,2024-08-05 02:50:00+00:00,54521.0,90.0,0.001652104054461847,145.25781774424115,18.752703634329272,156.0,49.0,0.010493179433368312,0.03027777777777778
1722826260,54509.0,54537.0,54437.0,54439.0,0.34972639,2024-08-05 02:51:00+00:00,54439.0,-82.0,-0.0015051397848852193,144.4911693585419,18.65372975332227,16.0,84.0,0.010688518749443305,0.03027777777777778
1722826320,54442.0,54472.0,54394.0,54442.0,1.05174663,2024-08-05 02:52:00+00:00,54442.0,3.0,5.510603320622679e-05,139.38083017118606,17.99398780111893,33.0,45.0,0.010900172586065947,0.03027777777777778
1722826380,54421.0,54504.0,54399.0,54470.0,0.63464349,2024-08-05 02:53:00+00:00,54470.0,28.0,0.0005141765942574997,137.1204303864982,17.702171443723365,62.0,43.0,0.01099706744868035,0.03027777777777778
1722826440,54464.0,54464.0,54342.0,54415.0,0.39123344,2024-08-05 02:54:00+00:00,54415.0,-55.0,-0.0010102402475581512,137.12573614797574,17.702856414584748,0.0,128.0,0.01101624896722666,0.03
1722826500,54418.0,54458.0,54380.0,54458.0,1.50725311,2024-08-05 02:55:00+00:00,54458.0,43.0,0.0007899112219898929,136.7768441101992,17.65781464618698,43.0,35.0,0.011087498845052205,0.03027777777777778
1722826560,54455.0,54622.0,54449.0,54611.0,0.41098362,2024-08-05 02:56:00+00:00,54611.0,153.0,0.0028055652909211217,137.8714817510349,17.799131757956598,164.0,9.0,0.011003117549972491,0.030555555555555555
1722826620,54620.0,54695.0,54607.0,54607.0,3.85840372,2024-08-05 02:57:00+00:00,54607.0,-4.0,-7.324799944679277e-05,136.9637865041679,17.68194880547168,84.0,4.0,0.011099805753399316,0.030555555555555555
1722826680,54595.0,54665.0,54595.0,54648.0,0.6266235,2024-08-05 02:58:00+00:00,54648.0,41.0,0.0007505377680587842,136.30182008393012,17.596489308094032,58.0,12.0,0.011145165784341042,0.030833333333333334
1722826740,54647.0,54695.0,54618.0,54693.0,45.42519954,2024-08-05 02:59:00+00:00,54693.0,45.0,0.0008231130598893806,131.74826621142867,17.008628030952153,47.0,30.0,0.011441647597254004,0.030833333333333334
1722826800,54693.0,54695.0,54573.0,54573.0,30.64380747,2024-08-05 03:00:00+00:00,54573.0,-120.0,-0.0021964755412487796,132.50869708158726,17.10679923415436,2.0,120.0,0.01166974618302052,0.030833333333333334
1722826860,54573.0,54666.0,54560.0,54613.0,0.70847131,2024-08-05 03:01:00+00:00,54613.0,40.0,0.0007326947005929798,132.56765781405753,17.11441103198561,93.0,13.0,0.011636927851047323,0.030833333333333334
1722826920,54615.0,54669.0,54550.0,54550.0,0.56990029,2024-08-05 03:02:00+00:00,54550.0,-63.0,-0.0011542373697019475,129.76451836302815,16.752527284954486,56.0,63.0,0.011749730735337315,0.030833333333333334
1722826980,54567.0,54573.0,54470.0,54516.0,2.66859919,2024-08-05 03:03:00+00:00,54516.0,-34.0,-0.0006234757138132473,127.35781259655214,16.441822906528387,23.0,80.0,0.012004801920768308,0.030833333333333334
1722827040,54498.0,54573.0,54468.0,54493.0,0.71639077,2024-08-05 03:04:00+00:00,54493.0,-23.0,-0.00042198351221093595,123.3253196358185,15.921230303841053,57.0,48.0,0.012213740458015267,0.030833333333333334
1722827100,54465.0,54490.0,54316.0,54337.0,1.65584045,2024-08-05 03:05:00+00:00,54337.0,-156.0,-0.002866858528813709,123.5216031335326,15.946570394433786,0.0,177.0,0.012266176019625881,0.030555555555555555
1722827160,54335.0,54370.0,54250.0,54252.0,1.02671945,2024-08-05 03:06:00+00:00,54252.0,-85.0,-0.0015655364237735267,124.03089987698124,16.01232032128893,33.0,87.0,0.012391573729863692,0.030833333333333334
1722827220,54277.0,54277.0,54176.0,54227.0,0.29257925,2024-08-05 03:07:00+00:00,54227.0,-25.0,-0.0004609187113192076,124.07046476091182,16.017428125840855,25.0,76.0,0.012485693476225159,0.030833333333333334
1722827280,54233.0,54244.0,54120.0,54156.0,3.13406952,2024-08-05 03:08:00+00:00,54156.0,-71.0,-0.0013101687562847703,119.38535975693898,15.412583670653527,17.0,107.0,0.012804097311139566,0.030833333333333334
1722827340,54136.0,54158.0,54097.0,54121.0,0.0885662,2024-08-05 03:09:00+00:00,54121.0,-35.0,-0.0006464900434814552,119.23037094604783,15.392574701205863,2.0,59.0,0.012883830792355595,0.030833333333333334
1722827400,54112.0,54126.0,54059.0,54117.0,0.12064893,2024-08-05 03:10:00+00:00,54117.0,-4.0,-7.391119573196821e-05,115.56465527150833,14.91933284255843,5.0,62.0,0.01312910284463895,0.03111111111111111
1722827460,54121.0,54307.0,54121.0,54197.0,0.85586134,2024-08-05 03:11:00+00:00,54197.0,80.0,0.0014771869665455772,115.94928757062526,14.968988658854874,190.0,0.0,0.013019420635781707,0.030833333333333334
1722827520,54212.0,54240.0,54068.0,54073.0,4.99256075,2024-08-05 03:12:00+00:00,54073.0,-124.0,-0.0022905708731144558,113.34986585962703,14.63340475897267,43.0,129.0,0.01309328968903437,0.03111111111111111
1722827580,54094.0,54167.0,54047.0,54156.0,0.8948375,2024-08-05 03:13:00+00:00,54156.0,83.0,0.0015337851457823144,110.20200250418395,14.227017347247083,94.0,26.0,0.013293452974410104,0.03111111111111111
1722827640,54139.0,54188.0,54094.0,54188.0,1.05931223,2024-08-05 03:14:00+00:00,54188.0,32.0,0.0005907110856254398,106.39734714844138,13.735838452885423,32.0,62.0,0.01357773251866938,0.03111111111111111
1722827700,54189.0,54282.0,54097.0,54246.0,1.3176444,2024-08-05 03:15:00+00:00,54246.0,58.0,0.001069775264794445,104.84300207808684,13.535173367160663,94.0,91.0,0.013695503309746634,0.03111111111111111
1722827760,54227.0,54235.0,54115.0,54152.0,1.14599743,2024-08-05 03:16:00+00:00,54152.0,-94.0,-0.0017343497769778506,97.41866084188362,12.576695035014795,0.0,131.0,0.013979496738117428,0.03111111111111111
1722827820,54158.0,54158.0,54040.0,54120.0,1.77514765,2024-08-05 03:17:00+00:00,54120.0,-32.0,-0.0005911039037192018,97.29864765842407,12.561201399652656,6.0,112.0,0.014071294559099438,0.03111111111111111
1722827880,54119.0,54261.0,54119.0,54174.0,2.73262386,2024-08-05 03:18:00+00:00,54174.0,54.0,0.0009972852508098196,97.36579057934672,12.56986951347096,141.0,1.0,0.014140938015555032,0.03111111111111111
1722827940,54172.0,54369.0,54167.0,54319.0,1.30594605,2024-08-05 03:19:00+00:00,54319.0,145.0,0.002672985101961986,98.44425277259593,12.709098383936578,195.0,7.0,0.014120969639915274,0.03111111111111111
1722828000,54282.0,54314.0,54257.0,54292.0,2.48595309,2024-08-05 03:20:00+00:00,54292.0,-27.0,-0.0004971872196404954,92.83126664974775,11.984464991393766,0.0,62.0,0.01455604075691412,0.030833333333333334
1722828060,54279.0,54329.0,54193.0,54204.0,1.5600426,2024-08-05 03:21:00+00:00,54204.0,-88.0,-0.0016221799752512216,92.23218061632771,11.907123317047725,37.0,99.0,0.014758332308449144,0.030833333333333334
1722828120,54210.0,54297.0,54196.0,54297.0,2.03938598,2024-08-05 03:22:00+00:00,54297.0,93.0,0.001714270334376571,91.97923494472494,11.87446817126063,93.0,8.0,0.014791076050782694,0.03111111111111111
1722828180,54297.0,54500.0,54297.0,54495.0,0.74174643,2024-08-05 03:23:00+00:00,54495.0,198.0,0.0036399775464309517,95.06994748738529,12.273477444781896,203.0,0.0,0.014655593551538837,0.030833333333333334
1722828240,54475.0,54475.0,54376.0,54431.0,1.24136888,2024-08-05 03:24:00+00:00,54431.0,-64.0,-0.0011751098427319833,94.52580880941144,12.203229443521229,0.0,119.0,0.014723926380368096,0.030555555555555555
1722828300,54411.0,54526.0,54351.0,54419.0,1.64563049,2024-08-05 03:25:00+00:00,54419.0,-12.0,-0.00022048690948299588,92.32926065382154,11.919656295996484,95.0,80.0,0.014727540500736375,0.030555555555555555
1722828360,54405.0,54521.0,54397.0,54397.0,1.02856984,2024-08-05 03:26:00+00:00,54397.0,-22.0,-0.0004043523066415116,91.35312221184925,11.7936373650181,102.0,22.0,0.01474744992011798,0.030555555555555555
1722828420,54386.0,54386.0,54218.0,54325.0,0.9158527,2024-08-05 03:27:00+00:00,54325.0,-72.0,-0.001324479139925077,90.69558414305962,11.708749565354113,0.0,179.0,0.014794723215386512,0.030555555555555555
1722828480,54297.0,54297.0,54152.0,54199.0,5.21040751,2024-08-05 03:28:00+00:00,54199.0,-126.0,-0.0023220680516013686,92.17567818962588,11.899828885126508,0.0,173.0,0.01463771651622347,0.03027777777777778
1722828540,54182.0,54182.0,54149.0,54149.0,0.10868875,2024-08-05 03:29:00+00:00,54149.0,-50.0,-0.0009229520350968728,91.98074442312765,11.87466304408447,0.0,50.0,0.014729348226340984,0.03
1722828600,54145.0,54153.0,54074.0,54102.0,0.24946804,2024-08-05 03:30:00+00:00,54102.0,-47.0,-0.0008683523099704444,90.49215560471892,11.682487053982884,4.0,75.0,0.014840465001236704,0.03
1722828660,54104.0,54262.0,54104.0,54230.0,0.1883756,2024-08-05 03:31:00+00:00,54230.0,128.0,0.0023631071071445434,92.05239695581368,11.883913346278023,160.0,0.0,0.014794723215386512,0.029722222222222223
1722828720,54229.0,54342.0,54091.0,54092.0,0.51942116,2024-08-05 03:32:00+00:00,54092.0,-138.0,-0.002547960241855866,92.46366059741203,11.937007254105056,112.0,139.0,0.01463771651622347,0.029722222222222223
1722828780,54092.0,54156.0,54092.0,54147.0,0.65762074,2024-08-05 03:33:00+00:00,54147.0,55.0,0.001016269639107676,92.56466818721995,11.950047277877278,64.0,0.0,0.014756517461878997,0.029444444444444443
1722828840,54145.0,54256.0,54124.0,54124.0,0.20500396,2024-08-05 03:34:00+00:00,54124.0,-23.0,-0.0004248598488232043,91.77387310836725,11.847956072188635,109.0,23.0,0.014834961058227222,0.029444444444444443
1722828900,54134.0,54226.0,54134.0,54167.0,0.56770605,2024-08-05 03:35:00+00:00,54167.0,43.0,0.0007941565275036965,91.94841805012668,11.870489727275269,102.0,0.0,0.014842300556586271,0.029166666666666667
1722828960,54167.0,54225.0,54116.0,54177.0,1.23167871,2024-08-05 03:36:00+00:00,54177.0,10.0,0.00018459720941447802,91.94062195842301,11.869483256164141,58.0,51.0,0.014871731317387534,0.029166666666666667
1722829020,54169.0,54218.0,54144.0,54193.0,0.85063263,2024-08-05 03:37:00+00:00,54193.0,16.0,0.00029528467502557313,87.96750009774227,11.35655542953517,41.0,33.0,0.015120967741935483,0.029444444444444443
1722829080,54183.0,54272.0,54098.0,54272.0,0.75816169,2024-08-05 03:38:00+00:00,54272.0,79.0,0.0014566913560965734,88.29783318197977,11.39920124733361,79.0,95.0,0.015084852294154618,0.029444444444444443
1722829140,54272.0,54336.0,54204.0,54252.0,2.51292314,2024-08-05 03:39:00+00:00,54252.0,-20.0,-0.000368582068969482,88.33465354519207,11.40395473578436,64.0,68.0,0.0149812734082397,0.029444444444444443
1722829200,54261.0,54261.0,54161.0,54209.0,0.63898665,2024-08-05 03:40:00+00:00,54209.0,-43.0,-0.0007929117794022135,88.50435049474763,11.425862517768724,9.0,91.0,0.015090543259557344,0.029722222222222223
1722829260,54223.0,54302.0,54223.0,54302.0,0.47858489,2024-08-05 03:41:00+00:00,54302.0,93.0,0.0017141123530500495,86.83580843821635,11.210454664522313,93.0,0.0,0.015310028068384792,0.029444444444444443
1722829320,54311.0,54329.0,54231.0,54324.0,0.5701514,2024-08-05 03:42:00+00:00,54324.0,22.0,0.00040505956770566377,86.70595154831221,11.193690212122679,27.0,71.0,0.01539645881447267,0.029444444444444443
1722829380,54314.0,54314.0,54246.0,54302.0,3.1255438,2024-08-05 03:43:00+00:00,54302.0,-22.0,-0.0004050595677057596,85.22554158145941,11.002570107216666,0.0,78.0,0.015513897866839044,0.029166666666666667
1722829440,54292.0,54401.0,54292.0,54384.0,0.23816563,2024-08-05 03:44:00+00:00,54384.0,82.0,0.0015089342796441075,84.68968113291866,10.933390820780348,99.0,10.0,0.015598596126348629,0.029166666666666667
1722829500,54384.0,54433.0,54384.0,54415.0,0.07402982,2024-08-05 03:45:00+00:00,54415.0,31.0,0.0005698581942648038,84.7062454757548,10.935529268245189,49.0,0.0,0.015919342000530644,0.028888888888888888
1722829560,54431.0,54504.0,54430.0,54504.0,0.25205906,2024-08-05 03:46:00+00:00,54504.0,89.0,0.001634242323342,85.24876194074221,11.005567842709842,89.0,0.0,0.016055659620016056,0.02861111111111111
1722829620,54498.0,54498.0,54407.0,54407.0,0.39633568,2024-08-05 03:47:00+00:00,54407.0,-97.0,-0.0017812714169887268,83.36581118525886,10.762479945452652,0.0,97.0,0.016317650258362796,0.028333333333333332
1722829680,54407.0,54407.0,54321.0,54337.0,0.10099721,2024-08-05 03:48:00+00:00,54337.0,-70.0,-0.001287427530136386,77.11467724323072,9.95546202370642,0.0,86.0,0.01674574379012001,0.028055555555555556
1722829740,54386.0,54386.0,54284.0,54293.0,1.40327017,2024-08-05 03:49:00+00:00,54293.0,-44.0,-0.0008100893382349641,77.26737641221604,9.975175401655083,49.0,53.0,0.016757436112274822,0.028055555555555556
1722829800,54293.0,54308.0,54166.0,54166.0,0.43755732,2024-08-05 03:50:00+00:00,54166.0,-127.0,-0.0023418998523724254,77.94941681578422,10.063226439137088,15.0,127.0,0.0169061707523246,0.028055555555555556
1722829860,54161.0,54242.0,54157.0,54173.0,0.36675139,2024-08-05 03:51:00+00:00,54173.0,7.0,0.00012922401000075323,77.32133405836277,9.982141303819311,76.0,9.0,0.016941973739940705,0.028055555555555556
1722829920,54157.0,54238.0,54135.0,54152.0,0.16311611,2024-08-05 03:52:00+00:00,54152.0,-21.0,-0.0003877221373288998,77.34430323519511,9.985106611797569,65.0,38.0,0.016882386043894203,0.028055555555555556
1722829980,54140.0,54183.0,54131.0,54157.0,5.72402466,2024-08-05 03:53:00+00:00,54157.0,5.0,9.232843075914865e-05,77.23573680329581,9.971090745707464,31.0,21.0,0.017009213323883773,0.028055555555555556
1722830040,54142.0,54142.0,54064.0,54099.0,0.63208121,2024-08-05 03:54:00+00:00,54099.0,-58.0,-0.0010715342438213482,77.26947490058664,9.975446315338802,0.0,93.0,0.017094017094017096,0.028055555555555556
1722830100,54077.0,54095.0,54062.0,54062.0,0.25534699,2024-08-05 03:55:00+00:00,54062.0,-37.0,-0.0006841652988276982,77.11255256254863,9.95518772860983,0.0,37.0,0.017194440464249894,0.027777777777777776
1722830160,54083.0,54153.0,54083.0,54132.0,0.1061929,2024-08-05 03:56:00+00:00,54132.0,70.0,0.0012939721198424604,74.91407318776547,9.671365261759307,91.0,0.0,0.017398869073510223,0.0275
1722830220,54141.0,54141.0,54095.0,54099.0,0.80135753,2024-08-05 03:57:00+00:00,54099.0,-33.0,-0.0006098068210147572,74.98145910183068,9.680064745857425,9.0,37.0,0.0175054704595186,0.0275
1722830280,54110.0,54130.0,54043.0,54043.0,0.56125119,2024-08-05 03:58:00+00:00,54043.0,-56.0,-0.0010356754083626692,74.9425297702282,9.675038990758246,31.0,56.0,0.017462165308498253,0.0275
1722830340,54020.0,54020.0,53824.0,53893.0,61.66495167,2024-08-05 03:59:00+00:00,53893.0,-150.0,-0.00277942663365588,76.7204183960829,9.904563425403142,0.0,219.0,0.01710863986313088,0.02722222222222222
1722830400,53893.0,53922.0,53814.0,53816.0,2.00109,2024-08-05 04:00:00+00:00,53816.0,-77.0,-0.0014297786279211734,75.9036167751444,9.799114789568138,29.0,79.0,0.017142857142857144,0.02722222222222222
1722830460,53849.0,53849.0,53805.0,53834.0,2.49954746,2024-08-05 04:01:00+00:00,53834.0,18.0,0.0003344170955458887,75.69799309223495,9.772568886251667,33.0,11.0,0.017296050735082155,0.02722222222222222
1722830520,53830.0,54001.0,53814.0,53996.0,0.1157369,2024-08-05 04:02:00+00:00,53996.0,162.0,0.003004731927730156,78.69214133154969,10.15911176181641,167.0,20.0,0.01712817584927205,0.02722222222222222
1722830580,53933.0,53933.0,53769.0,53769.0,1.23803954,2024-08-05 04:03:00+00:00,53769.0,-227.0,-0.004212876829010661,83.51827669661797,10.78216315833148,0.0,227.0,0.016830294530154277,0.026944444444444444
1722830640,53755.0,53835.0,53754.0,53812.0,0.14497642,2024-08-05 04:04:00+00:00,53812.0,43.0,0.0007993977057265074,83.81109206150659,10.819965459389055,66.0,15.0,0.016887137630171686,0.026944444444444444
1722830700,53841.0,54053.0,53841.0,54053.0,1.34279349,2024-08-05 04:05:00+00:00,54053.0,241.0,0.004468556084434066,87.7751106891762,11.331718063689735,241.0,0.0,0.016736401673640166,0.026944444444444444
1722830760,54044.0,54065.0,53978.0,54022.0,0.39837675,2024-08-05 04:06:00+00:00,54022.0,-31.0,-0.0005736757039127104,87.2131942021264,11.259174957146293,12.0,75.0,0.016813787305590584,0.026944444444444444
1722830820,54021.0,54069.0,53928.0,54001.0,0.42755906,2024-08-05 04:07:00+00:00,54001.0,-21.0,-0.00038880609249042814,87.19826748913826,11.257247926785737,47.0,94.0,0.016720078027030794,0.026944444444444444
1722830880,54001.0,54104.0,53979.0,54104.0,0.17971974,2024-08-05 04:08:00+00:00,54104.0,103.0,0.0019055553613115852,87.81557459382077,11.336941931316765,103.0,22.0,0.016717748676511563,0.026944444444444444
1722830940,54127.0,54217.0,54126.0,54217.0,3.10147036,2024-08-05 04:09:00+00:00,54217.0,113.0,0.0020863921306311256,88.91229729440947,11.478528223143021,113.0,0.0,0.016597510373443983,0.02666666666666667
1722831000,54203.0,54250.0,54175.0,54206.0,0.49423323,2024-08-05 04:10:00+00:00,54206.0,-11.0,-0.00020290897757376837,88.92436162489693,11.480085721511724,33.0,42.0,0.01657916551533573,0.02666666666666667
1722831060,54200.0,54249.0,54194.0,54217.0,1.48148084,2024-08-05 04:11:00+00:00,54217.0,11.0,0.0002029089775737693,88.33596627565167,11.404124208557965,43.0,12.0,0.01689427002674926,0.026944444444444444
1722831120,54229.0,54374.0,54222.0,54353.0,0.24995398,2024-08-05 04:12:00+00:00,54353.0,136.0,0.0025052974326946606,88.51039710384417,11.426643131646454,157.0,0.0,0.01693002257336343,0.02666666666666667
1722831180,54348.0,54416.0,54331.0,54416.0,0.01995416,2024-08-05 04:13:00+00:00,54416.0,63.0,0.0011584184288750043,88.24766125804177,11.392724079804974,63.0,22.0,0.017014036580178648,0.02666666666666667
1722831240,54424.0,54440.0,54407.0,54438.0,2.45829815,2024-08-05 04:14:00+00:00,54438.0,22.0,0.0004042111507073232,88.20395599465654,11.387081754563887,24.0,9.0,0.017162471395881007,0.02666666666666667
1722831300,54446.0,54512.0,54444.0,54494.0,0.44779132,2024-08-05 04:15:00+00:00,54494.0,56.0,0.0010281644499914844,88.18364248691391,11.38445929199088,74.0,0.0,0.017439325679407064,0.02638888888888889
1722831360,54473.0,54474.0,54401.0,54401.0,0.27660087,2024-08-05 04:16:00+00:00,54401.0,-93.0,-0.0017080678196536078,88.16487347721993,11.38203622325856,0.0,93.0,0.017536168347216132,0.02638888888888889
1722831420,54416.0,54565.0,54408.0,54563.0,0.22832832,2024-08-05 04:17:00+00:00,54563.0,162.0,0.0029734613149270976,90.34699429715985,11.663746809759886,164.0,0.0,0.017419073885905068,0.026111111111111113
1722831480,54560.0,54560.0,54413.0,54434.0,0.26122869,2024-08-05 04:18:00+00:00,54434.0,-129.0,-0.002367038730072743,91.82346117740734,11.854357864374064,0.0,150.0,0.017398869073510223,0.025833333333333333
1722831540,54433.0,54481.0,54404.0,54481.0,0.50111022,2024-08-05 04:19:00+00:00,54481.0,47.0,0.0008630584018253337,90.13498352048028,11.636376336183336,47.0,30.0,0.01772002362669817,0.025833333333333333
1722831600,54476.0,54479.0,54403.0,54403.0,0.51054856,2024-08-05 04:20:00+00:00,54403.0,-78.0,-0.001432717632387107,90.65876139099362,11.703995768503674,0.0,78.0,0.017678255745433115,0.025833333333333333
1722831660,54405.0,54438.0,54392.0,54394.0,1.23248598,2024-08-05 04:21:00+00:00,54394.0,-9.0,-0.00016544573877087579,89.90223817780341,11.606329041646841,35.0,11.0,0.017915795759928337,0.025833333333333333
1722831720,54386.0,54391.0,54260.0,54391.0,1.04408386,2024-08-05 04:22:00+00:00,54391.0,-3.0,-5.515466288109575e-05,89.12728788832098,11.506283389470038,0.0,134.0,0.017827960184222256,0.025555555555555557
1722831780,54386.0,54429.0,54371.0,54372.0,0.4169023,2024-08-05 04:23:00+00:00,54372.0,-19.0,-0.00034938352552383884,85.3436572365424,11.01781877271876,38.0,20.0,0.018220467658669907,0.025833333333333333
1722831840,54370.0,54379.0,54214.0,54216.0,5.78164615,2024-08-05 04:24:00+00:00,54216.0,-156.0,-0.0028732476391895795,87.28004638618785,11.267805536997212,7.0,158.0,0.018094089264173704,0.026111111111111113
1722831900,54234.0,54284.0,54187.0,54259.0,0.77137788,2024-08-05 04:25:00+00:00,54259.0,43.0,0.0007928094446146919,87.47874640989255,11.293457599753857,68.0,29.0,0.0183094293561184,0.026111111111111113
1722831960,54260.0,54327.0,54239.0,54239.0,1.79817451,2024-08-05 04:26:00+00:00,54239.0,-20.0,-0.00036867039441333357,87.47163543486357,11.292539576825105,68.0,20.0,0.01841055538508745,0.026111111111111113
1722832020,54243.0,54305.0,54226.0,54250.0,2.64614829,2024-08-05 04:27:00+00:00,54250.0,11.0,0.0002027855365557165,87.01112825770007,11.233088355892997,66.0,13.0,0.01869741352446245,0.02638888888888889
1722832080,54252.0,54269.0,54152.0,54201.0,0.41824617,2024-08-05 04:28:00+00:00,54201.0,-49.0,-0.0009036339606691445,85.69792566495877,11.06355463016355,19.0,98.0,0.01886199308393587,0.02666666666666667
1722832140,54207.0,54207.0,54097.0,54134.0,0.13096184,2024-08-05 04:29:00+00:00,54134.0,-67.0,-0.0012369042053282904,85.89402713987188,11.088871221713722,6.0,104.0,0.018685767673621925,0.026944444444444444
1722832200,54125.0,54172.0,54097.0,54172.0,1.97140078,2024-08-05 04:30:00+00:00,54172.0,38.0,0.0007017155385533848,85.81082201646367,11.078129486471084,38.0,37.0,0.01869741352446245,0.026944444444444444
1722832260,54175.0,54198.0,54110.0,54140.0,0.44014226,2024-08-05 04:31:00+00:00,54140.0,-32.0,-0.0005908856069697932,84.27487310751704,10.879839334971892,26.0,62.0,0.018909549322407817,0.02722222222222222
1722832320,54135.0,54192.0,54122.0,54122.0,0.93975348,2024-08-05 04:32:00+00:00,54122.0,-18.0,-0.00033252665138015336,82.38325072488924,10.635631935464204,52.0,18.0,0.019464720194647202,0.02722222222222222
1722832380,54133.0,54202.0,54107.0,54193.0,0.33419863,2024-08-05 04:33:00+00:00,54193.0,71.0,0.001310991278566394,82.58829208005531,10.66210266059227,80.0,15.0,0.01936733376371853,0.0275
1722832440,54187.0,54188.0,54116.0,54116.0,0.50091061,2024-08-05 04:34:00+00:00,54116.0,-77.0,-0.0014218580722275644,83.1440381112578,10.733849164711208,0.0,77.0,0.019540791402051783,0.02722222222222222
1722832500,54083.0,54107.0,54022.0,54022.0,0.06681726,2024-08-05 04:35:00+00:00,54022.0,-94.0,-0.0017385197372960957,83.81785976639567,10.820839166333304,0.0,94.0,0.01956628077612914,0.02722222222222222
1722832560,54005.0,54039.0,53980.0,53980.0,0.72380558,2024-08-05 04:36:00+00:00,53980.0,-42.0,-0.0007777634139590679,83.95601989634883,10.838675562413918,17.0,42.0,0.01972710833470327,0.02722222222222222
1722832620,54007.0,54007.0,53895.0,53896.0,0.44238192,2024-08-05 04:37:00+00:00,53896.0,-84.0,-0.0015573439314998253,84.55715647929729,10.916281961565765,27.0,85.0,0.019604639764744324,0.02722222222222222
1722832680,53944.0,53944.0,53895.0,53912.0,0.28476889,2024-08-05 04:38:00+00:00,53912.0,16.0,0.0002968239855572289,83.8855152038593,10.829573445752537,48.0,1.0,0.0200133422281521,0.02722222222222222
1722832740,53897.0,54004.0,53888.0,53947.0,1.78787802,2024-08-05 04:39:00+00:00,53947.0,35.0,0.0006489954705399627,84.03031972311139,10.848267628803168,92.0,24.0,0.020066889632107024,0.02722222222222222
1722832800,53919.0,54060.0,53919.0,54052.0,0.25462034,2024-08-05 04:40:00+00:00,54052.0,105.0,0.0019444630613836712,85.06430103594823,10.98175404230006,113.0,28.0,0.019930244145490782,0.02722222222222222
1722832860,54029.0,54029.0,53933.0,53956.0,0.31681176,2024-08-05 04:41:00+00:00,53956.0,-96.0,-0.0017776465684064143,84.96287657253717,10.96866020037709,0.0,119.0,0.01984455101703324,0.02722222222222222
1722832920,53993.0,54047.0,53952.0,53956.0,1.32682816,2024-08-05 04:42:00+00:00,53956.0,0.0,0.0,84.88845455958122,10.959052359818104,91.0,4.0,0.019854401058901388,0.02722222222222222
1722832980,53997.0,54065.0,53991.0,54001.0,1.8081524,2024-08-05 04:43:00+00:00,54001.0,45.0,0.0008336653038940315,85.1165684575492,10.988501737413719,109.0,0.0,0.019753086419753086,0.02722222222222222
1722833040,54007.0,54024.0,53944.0,53983.0,1.45447607,2024-08-05 04:44:00+00:00,53983.0,-18.0,-0.0003333827264542675,84.35949941318344,10.890764544055127,23.0,57.0,0.019847833278200465,0.02722222222222222
1722833100,53969.0,53970.0,53897.0,53897.0,0.45203601,2024-08-05 04:45:00+00:00,53897.0,-86.0,-0.0015943644460076024,84.82463798354524,10.950813675278127,0.0,86.0,0.01972710833470327,0.02722222222222222
1722833160,53895.0,54035.0,53895.0,54018.0,0.5520664,2024-08-05 04:46:00+00:00,54018.0,121.0,0.002242506615529405,85.54643896936297,11.043997781856397,138.0,2.0,0.019563090968373,0.0275
1722833220,53991.0,53991.0,53883.0,53897.0,0.28848695,2024-08-05 04:47:00+00:00,53897.0,-121.0,-0.0022425066155293103,86.02394227229857,11.105643193190685,0.0,135.0,0.01944264419961115,0.0275
1722833280,53902.0,53925.0,53855.0,53905.0,1.59374111,2024-08-05 04:48:00+00:00,53905.0,8.0,0.00014842025221576544,85.66742948505126,11.059617590266724,28.0,42.0,0.019493177387914232,0.027777777777777776
1722833340,53894.0,53912.0,53878.0,53888.0,0.27561048,2024-08-05 04:49:00+00:00,53888.0,-17.0,-0.00031541937121973534,85.54166890261159,11.043381968886786,7.0,27.0,0.01971090670170828,0.027777777777777776
1722833400,53859.0,53883.0,53789.0,53838.0,0.22344649,2024-08-05 04:50:00+00:00,53838.0,-50.0,-0.0009282810758858346,84.27526863768968,10.879890397697611,0.0,99.0,0.019851116625310174,0.0275
1722833460,53827.0,53827.0,53680.0,53718.0,1.02673237,2024-08-05 04:51:00+00:00,53718.0,-120.0,-0.002231396663901751,85.54219727201455,11.043450181083395,0.0,158.0,0.019614253023864006,0.02722222222222222
1722833520,53748.0,53833.0,53748.0,53776.0,2.17098562,2024-08-05 04:52:00+00:00,53776.0,58.0,0.0010791301026759747,85.93925064986223,11.09470955174871,115.0,0.0,0.01957585644371941,0.026944444444444444
1722833580,53725.0,53725.0,53500.0,53574.0,27.91439065,2024-08-05 04:53:00+00:00,53574.0,-202.0,-0.0037633952196154366,89.55806594127188,11.56189659696972,0.0,276.0,0.018885741265344664,0.02666666666666667
1722833640,53598.0,53653.0,53506.0,53522.0,2.49794039,2024-08-05 04:54:00+00:00,53522.0,-52.0,-0.000971091433600004,89.50657426221915,11.555249049788404,79.0,68.0,0.018726591760299626,0.026944444444444444
1722833700,53571.0,53571.0,53390.0,53518.0,1.48926984,2024-08-05 04:55:00+00:00,53518.0,-4.0,-7.473841558032673e-05,89.43681922322774,11.54624371297748,49.0,132.0,0.018315018315018316,0.02722222222222222
1722833760,53509.0,53665.0,53505.0,53643.0,10.5106048,2024-08-05 04:56:00+00:00,53643.0,125.0,0.0023329393472216004,90.53603552626721,11.688151927495865,147.0,13.0,0.018124150430448575,0.0275
1722833820,53634.0,53727.0,53592.0,53686.0,7.71537422,2024-08-05 04:57:00+00:00,53686.0,43.0,0.0008012746284909512,90.71394631751576,11.711120111883073,84.0,51.0,0.01788375558867362,0.0275
1722833880,53686.0,53686.0,53575.0,53613.0,2.23250597,2024-08-05 04:58:00+00:00,53613.0,-73.0,-0.001360683906896696,90.89632139387056,11.734664632999253,0.0,111.0,0.01782001782001782,0.02722222222222222
1722833940,53610.0,53610.0,53536.0,53540.0,0.58421263,2024-08-05 04:59:00+00:00,53540.0,-73.0,-0.0013625378905632985,89.37638782455313,11.538442052955654,0.0,77.0,0.018203883495145633,0.02722222222222222
1722834000,53540.0,53550.0,53493.0,53519.0,0.10286861,2024-08-05 05:00:00+00:00,53519.0,-21.0,-0.00039230705067922915,88.9123401856463,11.478533760377886,10.0,47.0,0.01834581868215869,0.02722222222222222
1722834060,53521.0,53521.0,53298.0,53340.0,0.52778068,2024-08-05 05:01:00+00:00,53340.0,-179.0,-0.0033502122876590663,91.64584868896607,11.83142819071368,2.0,221.0,0.017857142857142856,0.02722222222222222
1722834120,53323.0,53331.0,53201.0,53225.0,1.02847121,2024-08-05 05:02:00+00:00,53225.0,-115.0,-0.002158307974324997,89.88501600208387,11.604105668321933,0.0,139.0,0.017985611510791366,0.026944444444444444
1722834180,53234.0,53234.0,53058.0,53079.0,44.49736746,2024-08-05 05:03:00+00:00,53079.0,-146.0,-0.0027468409805677194,87.18176998059349,11.255118107590809,9.0,167.0,0.018124150430448575,0.02722222222222222
1722834240,53097.0,53151.0,52950.0,52956.0,2.16588554,2024-08-05 05:04:00+00:00,52956.0,-123.0,-0.0023199897235650162,88.05253952904528,11.367533972908754,72.0,129.0,0.017801513128615932,0.02722222222222222
1722834300,52970.0,53313.0,52970.0,53236.0,4.06041571,2024-08-05 05:05:00+00:00,53236.0,280.0,0.005273479148899315,90.08923855796962,11.630470686917448,357.0,0.0,0.017500364590928977,0.02722222222222222
1722834360,53203.0,53203.0,53009.0,53029.0,1.19794595,2024-08-05 05:06:00+00:00,53029.0,-207.0,-0.003895925503684129,93.46682997237417,12.066515863526847,0.0,227.0,0.017150207231670718,0.026944444444444444
1722834420,53014.0,53023.0,52869.0,52923.0,2.43706478,2024-08-05 05:07:00+00:00,52923.0,-106.0,-0.0020009067382470306,94.17689210018386,12.15818449005283,0.0,160.0,0.01710376282782212,0.02666666666666667
1722834480,52963.0,53010.0,52736.0,52748.0,3.87167337,2024-08-05 05:08:00+00:00,52748.0,-175.0,-0.0033121700369259095,94.95997372666784,12.259279893322613,87.0,187.0,0.01674808094905792,0.02666666666666667
1722834540,52764.0,52875.0,52738.0,52811.0,1.2878367,2024-08-05 05:09:00+00:00,52811.0,63.0,0.0011936454017211777,93.96399719233713,12.130699875633406,127.0,10.0,0.016692168590902768,0.026944444444444444
1722834600,52783.0,52805.0,52511.0,52513.0,65.66511928,2024-08-05 05:10:00+00:00,52513.0,-298.0,-0.005658744354513155,100.40462067607895,12.96218079202422,0.0,300.0,0.016185594820609658,0.02666666666666667
1722834660,52546.0,52797.0,52546.0,52590.0,2.20264308,2024-08-05 05:11:00+00:00,52590.0,77.0,0.0014652296085921053,101.19993496123477,13.064855424737866,284.0,0.0,0.01570064110951197,0.02638888888888889
1722834720,52604.0,52666.0,52395.0,52395.0,20.84722075,2024-08-05 05:12:00+00:00,52395.0,-195.0,-0.003714820674347854,101.17914414067509,13.062171341345145,76.0,195.0,0.015469898156503804,0.02666666666666667
1722834780,52373.0,52836.0,52303.0,52770.0,6.09874687,2024-08-05 05:13:00+00:00,52770.0,375.0,0.007131680490671437,113.45070857793756,14.646423497926103,441.0,92.0,0.014625228519195612,0.02666666666666667
1722834840,52753.0,53146.0,52753.0,52845.0,6.43111167,2024-08-05 05:14:00+00:00,52845.0,75.0,0.001420253043734152,114.0468867303326,14.72338976644606,376.0,17.0,0.014010507880910683,0.02666666666666667
1722834900,52894.0,53022.0,52800.0,52835.0,9.09555491,2024-08-05 05:15:00+00:00,52835.0,-10.0,-0.00018925056831651287,113.5544109107528,14.659811411524645,177.0,45.0,0.013772523814989097,0.026944444444444444
1722834960,52829.0,52840.0,52725.0,52765.0,8.83202467,2024-08-05 05:16:00+00:00,52765.0,-70.0,-0.001325757769940614,113.36873491618901,14.635840743700111,5.0,110.0,0.0137378362907842,0.02722222222222222
1722835020,52762.0,52762.0,52531.0,52531.0,13.61000036,2024-08-05 05:17:00+00:00,52531.0,-234.0,-0.004444620597469855,113.6899540404405,14.677309954323755,0.0,234.0,0.013628620102214651,0.02722222222222222
1722835080,52573.0,52763.0,52523.0,52693.0,3.54131439,2024-08-05 05:18:00+00:00,52693.0,162.0,0.0030791478749244055,115.75111987109406,14.943405318853523,232.0,8.0,0.013490725126475547,0.0275
1722835140,52668.0,52763.0,52526.0,52578.0,3.67420486,2024-08-05 05:19:00+00:00,52578.0,-115.0,-0.002184838098739556,115.83727506198196,14.954527906170128,70.0,167.0,0.013252346769740476,0.0275
1722835200,52588.0,52787.0,52550.0,52732.0,7.70593394,2024-08-05 05:20:00+00:00,52732.0,154.0,0.0029247005939548295,118.11583297763241,15.248688468192904,209.0,28.0,0.01302365964836119,0.027777777777777776
1722835260,52724.0,52975.0,52698.0,52935.0,0.60340604,2024-08-05 05:21:00+00:00,52935.0,203.0,0.003842263899619494,121.80263163596378,15.724652128344145,243.0,34.0,0.012705134992059292,0.027777777777777776
1722835320,52905.0,53140.0,52819.0,53039.0,0.40345887,2024-08-05 05:22:00+00:00,53039.0,104.0,0.00196274620920652,122.89839632480562,15.866114741385699,205.0,116.0,0.012458471760797342,0.028055555555555556
1722835380,53015.0,53377.0,53012.0,53331.0,13.03068648,2024-08-05 05:23:00+00:00,53331.0,292.0,0.005490283604108342,129.4344706922765,16.709918313878628,338.0,27.0,0.012073649260488982,0.028055555555555556
1722835440,53328.0,53331.0,53202.0,53250.0,0.68700712,2024-08-05 05:24:00+00:00,53250.0,-81.0,-0.001519971019123569,128.43104065369005,16.58037605292764,0.0,129.0,0.01211754013935171,0.027777777777777776
1722835500,53226.0,53282.0,53201.0,53275.0,2.67041994,2024-08-05 05:25:00+00:00,53275.0,25.0,0.0004693733951464155,128.31161750379673,16.564958590571358,32.0,49.0,0.012137149792657025,0.027777777777777776
1722835560,53306.0,53679.0,53306.0,53509.0,104.80632871,2024-08-05 05:26:00+00:00,53509.0,234.0,0.004382686068224792,132.31833298125323,17.08222333447738,404.0,0.0,0.011761246692149367,0.0275
1722835620,53491.0,53642.0,53485.0,53614.0,2.07372314,2024-08-05 05:27:00+00:00,53614.0,105.0,0.0019603639484794245,133.1511438878541,17.18973876020421,133.0,24.0,0.011672016340822877,0.0275
1722835680,53601.0,53687.0,53545.0,53687.0,2.33708946,2024-08-05 05:28:00+00:00,53687.0,73.0,0.001360658544890159,133.4859056441903,17.23295631711212,73.0,69.0,0.01164370269745779,0.0275
1722835740,53639.0,53653.0,53433.0,53433.0,4.97053091,2024-08-05 05:29:00+00:00,53433.0,-254.0,-0.004742353921517493,137.00989592697624,17.68790150635968,0.0,254.0,0.011483253588516746,0.02722222222222222
1722835800,53439.0,53592.0,53314.0,53571.0,3.81401511,2024-08-05 05:30:00+00:00,53571.0,138.0,0.0025793442583396374,138.22733567454583,17.845072301937943,159.0,119.0,0.01126443255421008,0.02722222222222222
1722835860,53565.0,53752.0,53525.0,53676.0,2.53299829,2024-08-05 05:31:00+00:00,53676.0,105.0,0.001958097355613969,138.98748470259744,17.9432071194806,181.0,46.0,0.011119347664936989,0.02722222222222222
1722835920,53677.0,53718.0,53603.0,53718.0,1.22641443,2024-08-05 05:32:00+00:00,53718.0,42.0,0.0007821666413624768,139.12814074809796,17.96136573687283,42.0,73.0,0.011073175232998061,0.02722222222222222
1722835980,53729.0,53842.0,53718.0,53813.0,2.09429326,2024-08-05 05:33:00+00:00,53813.0,95.0,0.0017669327861964098,139.38967044221266,17.995129075200996,124.0,0.0,0.011043622308117063,0.026944444444444444
1722836040,53815.0,53846.0,53727.0,53796.0,1.56340269,2024-08-05 05:34:00+00:00,53796.0,-17.0,-0.0003159587049675623,139.08900536142076,17.95631338017789,33.0,86.0,0.011001100110011,0.02722222222222222
1722836100,53790.0,53790.0,53644.0,53644.0,0.20946891,2024-08-05 05:35:00+00:00,53644.0,-152.0,-0.0028294881126090065,139.91478035830173,18.062920473865706,0.0,152.0,0.01094291446288528,0.02722222222222222
1722836160,53622.0,53639.0,53550.0,53577.0,0.3712024,2024-08-05 05:36:00+00:00,53577.0,-67.0,-0.0012497553412212908,140.0600466466673,18.081674271052545,0.0,94.0,0.0109080992637033,0.026944444444444444
1722836220,53577.0,53577.0,53430.0,53437.0,1.07831279,2024-08-05 05:37:00+00:00,53437.0,-140.0,-0.002616481579414116,140.76857134305956,18.17314441603601,0.0,147.0,0.010873504893077202,0.02666666666666667
1722836280,53533.0,53540.0,53399.0,53464.0,0.3565177,2024-08-05 05:38:00+00:00,53464.0,27.0,0.0005051402807106921,140.80705234007465,18.17811229138884,103.0,38.0,0.010783608914450037,0.02666666666666667
1722836340,53481.0,53481.0,53346.0,53388.0,0.34936072,2024-08-05 05:39:00+00:00,53388.0,-76.0,-0.001422528596863972,140.96874177700545,18.198986307938526,17.0,118.0,0.010765228312550463,0.02666666666666667
1722836400,53393.0,53405.0,53225.0,53300.0,9.02446261,2024-08-05 05:40:00+00:00,53300.0,-88.0,-0.0016496704401061657,140.5172607367924,18.140700356276074,17.0,163.0,0.01072769533345253,0.02666666666666667
1722836460,53285.0,53306.0,53221.0,53221.0,0.73132796,2024-08-05 05:41:00+00:00,53221.0,-79.0,-0.0014832758701860025,140.3631639591033,18.120806547819605,6.0,79.0,0.010760401721664275,0.026944444444444444
1722836520,53242.0,53287.0,53027.0,53027.0,0.11781296,2024-08-05 05:42:00+00:00,53027.0,-194.0,-0.0036518375046548125,142.2973124877729,18.370504049173903,66.0,194.0,0.010603516833082973,0.026944444444444444
1722836580,53061.0,53070.0,52868.0,52911.0,1.99437777,2024-08-05 05:43:00+00:00,52911.0,-116.0,-0.0021899610406208225,142.65499054601477,18.41668008793639,43.0,159.0,0.010517090271691499,0.02722222222222222
1722836640,52956.0,53204.0,52956.0,53159.0,2.09060895,2024-08-05 05:44:00+00:00,53159.0,248.0,0.004676165775583136,146.73518943732952,18.943431499778924,293.0,0.0,0.01032435687860277,0.026944444444444444
1722836700,53144.0,53341.0,53120.0,53226.0,2.3164282,2024-08-05 05:45:00+00:00,53226.0,67.0,0.0012595762345844388,146.78746213334423,18.950179875816467,182.0,39.0,0.010205817315870046,0.02722222222222222
1722836760,53284.0,53299.0,53176.0,53225.0,1.81798819,2024-08-05 05:46:00+00:00,53225.0,-1.0,-1.878798696172295e-05,145.76683164917694,18.818417046889415,73.0,50.0,0.010220594497913295,0.02722222222222222
1722836820,53182.0,53207.0,53046.0,53046.0,0.73885741,2024-08-05 05:47:00+00:00,53046.0,-179.0,-0.0033687491278207634,146.68315809954612,18.936714282955055,0.0,179.0,0.010182435299109038,0.02722222222222222
1722836880,53034.0,53089.0,52983.0,52989.0,1.69178745,2024-08-05 05:48:00+00:00,52989.0,-57.0,-0.0010751168103062488,146.75655694261044,18.946190032849024,43.0,63.0,0.0101514254293207,0.02722222222222222
1722836940,52993.0,53080.0,52974.0,52999.0,0.69108117,2024-08-05 05:49:00+00:00,52999.0,10.0,0.00018870060817594006,146.79254260680852,18.950835762120402,91.0,15.0,0.010089968889262592,0.02722222222222222
1722837000,53015.0,53075.0,52928.0,52935.0,0.28511375,2024-08-05 05:50:00+00:00,52935.0,-64.0,-0.0012082996542489022,146.86052705468413,18.95961251660118,76.0,71.0,0.010049409597186164,0.0275
1722837060,52964.0,52964.0,52717.0,52800.0,0.43490262,2024-08-05 05:51:00+00:00,52800.0,-135.0,-0.0025535550831272736,147.0548496771163,18.98469945928355,29.0,218.0,0.00997506234413965,0.027777777777777776
1722837120,52841.0,52953.0,52795.0,52795.0,7.39722513,2024-08-05 05:52:00+00:00,52795.0,-5.0,-9.470145373811513e-05,146.74719701073823,18.944981670840267,153.0,5.0,0.009939534498467654,0.028055555555555556
1722837180,52789.0,53016.0,52701.0,52975.0,6.55272025,2024-08-05 05:53:00+00:00,52975.0,180.0,0.003403614895885071,146.84276055592105,18.957318871473518,221.0,94.0,0.009907529722589167,0.028333333333333332
1722837240,53022.0,53022.0,52850.0,52907.0,2.22134115,2024-08-05 05:54:00+00:00,52907.0,-68.0,-0.0012844489025313913,146.93485527578267,18.96920824868344,47.0,125.0,0.009887122023564308,0.028333333333333332
1722837300,52894.0,52998.0,52819.0,52978.0,6.55366238,2024-08-05 05:55:00+00:00,52978.0,71.0,0.001341077785164253,147.30747274128245,19.017312956629663,91.0,88.0,0.009888751545117428,0.028333333333333332
1722837360,52978.0,53058.0,52815.0,52872.0,0.81235594,2024-08-05 05:56:00+00:00,52872.0,-106.0,-0.0020028348688439245,146.76359695043746,18.947098893951395,80.0,163.0,0.009821574725814373,0.028333333333333332
1722837420,52871.0,52892.0,52710.0,52710.0,3.1030864,2024-08-05 05:57:00+00:00,52710.0,-162.0,-0.0030687073010361473,147.82374601871513,19.08396355014929,20.0,162.0,0.009783938035059113,0.028333333333333332
1722837480,52739.0,52813.0,52681.0,52736.0,1.79443386,2024-08-05 05:58:00+00:00,52736.0,26.0,0.0004931434198910074,147.7322465363152,19.072151017765236,103.0,29.0,0.009767214715936837,0.02861111111111111
1722837540,52791.0,52791.0,52641.0,52739.0,1.06142118,2024-08-05 05:59:00+00:00,52739.0,3.0,5.68855179105801e-05,147.54888015128495,19.048478519249354,55.0,95.0,0.009709523424225262,0.028888888888888888
1722837600,52710.0,52820.0,52622.0,52816.0,0.68670171,2024-08-05 06:00:00+00:00,52816.0,77.0,0.0014589553059201877,148.0044767608159,19.107295788626086,81.0,117.0,0.0096,0.028888888888888888
1722837660,52819.0,52958.0,52743.0,52743.0,0.93561584,2024-08-05 06:01:00+00:00,52743.0,-73.0,-0.0013831129820749874,146.5998155940291,18.925954811758437,142.0,73.0,0.009606147934678195,0.028888888888888888
1722837720,52783.0,52813.0,52657.0,52657.0,3.43640792,2024-08-05 06:02:00+00:00,52657.0,-86.0,-0.0016318789200197084,146.29508914295306,18.88661479608622,70.0,86.0,0.009593092973059398,0.029166666666666667
1722837780,52629.0,52724.0,52534.0,52637.0,104.38147041,2024-08-05 06:03:00+00:00,52637.0,-20.0,-0.00037988869718166173,145.20225130937428,18.745530038434353,67.0,123.0,0.009582368442066598,0.029166666666666667
1722837840,52610.0,52666.0,52443.0,52472.0,3.43077953,2024-08-05 06:04:00+00:00,52472.0,-165.0,-0.003139600520126417,145.86885991802794,18.831588839759494,29.0,194.0,0.009565563969709047,0.029166666666666667
1722837900,52474.0,52482.0,52331.0,52423.0,4.32053892,2024-08-05 06:05:00+00:00,52423.0,-49.0,-0.0009342676688910776,140.95767185306812,18.197557186903424,10.0,141.0,0.009725261366399222,0.029444444444444443
1722837960,52391.0,52429.0,52018.0,52044.0,49.95996711,2024-08-05 06:06:00+00:00,52044.0,-379.0,-0.007255911681313883,146.59482864450123,18.925310999342773,6.0,405.0,0.009582368442066598,0.029722222222222223
1722838020,52102.0,52271.0,51881.0,52135.0,12.93452915,2024-08-05 06:07:00+00:00,52135.0,91.0,0.0017469936003270449,146.76043740974785,18.946690999002314,227.0,163.0,0.009409550693954364,0.03
1722838080,52167.0,52197.0,51575.0,51741.0,58.52910596,2024-08-05 06:08:00+00:00,51741.0,-394.0,-0.007586004264183156,153.42630226264546,19.807250451113706,62.0,560.0,0.009159606136936112,0.03
1722838140,51771.0,52187.0,51720.0,52018.0,4.76861653,2024-08-05 06:09:00+00:00,52018.0,277.0,0.005339308552787472,157.73922823538138,20.36404679997476,446.0,21.0,0.008934554389099843,0.03
1722838200,52079.0,52291.0,52057.0,52059.0,3.92446796,2024-08-05 06:10:00+00:00,52059.0,41.0,0.0007878782463158694,153.376723165673,19.80084981721723,273.0,0.0,0.008952551477170993,0.03
1722838260,52058.0,52058.0,51876.0,51994.0,3.35056665,2024-08-05 06:11:00+00:00,51994.0,-65.0,-0.0012493634677505725,153.14509201747046,19.77094636456885,0.0,183.0,0.009020521686837556,0.03
1722838320,51945.0,52134.0,51913.0,52041.0,0.59556137,2024-08-05 06:12:00+00:00,52041.0,47.0,0.0009035421386557641,151.36483034181595,19.54111557051214,140.0,81.0,0.009054553685957896,0.03
1722838380,52001.0,52017.0,51852.0,51852.0,3.92970973,2024-08-05 06:13:00+00:00,51852.0,-189.0,-0.0036383627095851476,144.67418684403586,18.6773572091017,0.0,189.0,0.009295840111550081,0.029722222222222223
1722838440,51858.0,51882.0,51609.0,51642.0,19.78837942,2024-08-05 06:14:00+00:00,51642.0,-210.0,-0.004058211842403997,146.3283311887159,18.89090632574067,30.0,243.0,0.009383063570255689,0.029722222222222223
1722838500,51620.0,51820.0,51331.0,51368.0,12.1608127,2024-08-05 06:15:00+00:00,51368.0,-274.0,-0.005319884403645218,149.94546183670806,19.35787588443167,178.0,311.0,0.009191176470588236,0.029722222222222223
1722838560,51455.0,51608.0,51434.0,51591.0,2.81208877,2024-08-05 06:16:00+00:00,51591.0,223.0,0.004331828178424977,153.17325591526597,19.774582308139728,240.0,0.0,0.009104013352552917,0.029444444444444443
1722838620,51616.0,51693.0,51404.0,51404.0,3.77850841,2024-08-05 06:17:00+00:00,51404.0,-187.0,-0.003631248225277397,152.1749764131003,19.645704978581463,102.0,187.0,0.009066183136899365,0.029722222222222223
1722838680,51462.0,51514.0,51128.0,51128.0,43.42610015,2024-08-05 06:18:00+00:00,51128.0,-276.0,-0.005383698096914094,153.85204114658896,19.86221310469191,110.0,276.0,0.008967269466447467,0.029722222222222223
1722838740,51128.0,51232.0,50856.0,50976.0,28.15909102,2024-08-05 06:19:00+00:00,50976.0,-152.0,-0.002977358620342594,154.28800935428657,19.918496358288202,104.0,272.0,0.008875083203905038,0.029722222222222223
1722838800,50976.0,51235.0,50851.0,51004.0,5.12952018,2024-08-05 06:20:00+00:00,51004.0,28.0,0.000549127293657463,152.63546914357065,19.705154334453503,259.0,125.0,0.00877963125548727,0.029722222222222223
1722838860,51063.0,51177.0,50749.0,50806.0,21.4341194,2024-08-05 06:21:00+00:00,50806.0,-198.0,-0.0038896031751036605,151.0850576091769,19.504997066037678,173.0,255.0,0.008683696360083943,0.029722222222222223
1722838920,50831.0,50841.0,50138.0,50380.0,84.61971908,2024-08-05 06:22:00+00:00,50380.0,-426.0,-0.008420186921727761,158.12143924219305,20.413390028778718,35.0,668.0,0.008450109147243152,0.029722222222222223
1722838980,50345.0,50470.0,50138.0,50326.0,25.67419955,2024-08-05 06:23:00+00:00,50326.0,-54.0,-0.001072428756488502,151.8323441644211,19.601471345481194,90.0,242.0,0.00846979107848673,0.029722222222222223
1722839040,50257.0,50344.0,49700.0,49700.0,64.96335418,2024-08-05 06:24:00+00:00,49700.0,-626.0,-0.01251690906539254,169.04037895578105,21.823019084411023,18.0,626.0,0.008172716747258734,0.03
1722839100,49705.0,50148.0,49647.0,49755.0,48.33222708,2024-08-05 06:25:00+00:00,49755.0,55.0,0.001106027964542437,169.3376595381342,21.86139784256451,448.0,53.0,0.007945441303052374,0.03
1722839160,49758.0,50241.0,49719.0,50141.0,9.98518554,2024-08-05 06:26:00+00:00,50141.0,386.0,0.007728075620502152,174.837887786514,22.571474256108328,486.0,36.0,0.007883844688259641,0.03027777777777778
1722839220,50141.0,50603.0,50141.0,50423.0,34.3323538,2024-08-05 06:27:00+00:00,50423.0,282.0,0.005608383500413795,179.04534901987725,23.114655165662633,462.0,0.0,0.007728970758727296,0.03
1722839280,50444.0,50472.0,50078.0,50275.0,9.50035328,2024-08-05 06:28:00+00:00,50275.0,-148.0,-0.0029394845293254108,178.6783367467887,23.067274084945108,49.0,345.0,0.007605526682722779,0.03
1722839340,50295.0,50354.0,50048.0,50065.0,4.12657931,2024-08-05 06:29:00+00:00,50065.0,-210.0,-0.0041857744989496366,177.94433205565835,22.972514486785578,79.0,227.0,0.007580543272267847,0.03027777777777778
1722839400,50055.0,50450.0,50055.0,50450.0,3.55512294,2024-08-05 06:30:00+00:00,50450.0,385.0,0.007660585639851907,185.2200241459673,23.911802296715564,385.0,10.0,0.007524926318429798,0.03027777777777778
1722839460,50493.0,50770.0,50468.0,50716.0,50.10253763,2024-08-05 06:31:00+00:00,50716.0,266.0,0.005258695866083498,188.66746521162167,24.35686502452593,320.0,0.0,0.007481296758104739,0.03
1722839520,50790.0,50981.0,50790.0,50872.0,14.24343183,2024-08-05 06:32:00+00:00,50872.0,156.0,0.003071231299405157,190.1708746941046,24.550954354132156,265.0,0.0,0.007411982705373688,0.029722222222222223
1722839580,50855.0,50952.0,50768.0,50913.0,6.73362028,2024-08-05 06:33:00+00:00,50913.0,41.0,0.0008056197321314043,189.61233123980105,24.478846704243793,80.0,104.0,0.007384615384615385,0.03
1722839640,50889.0,50979.0,50865.0,50959.0,4.91645033,2024-08-05 06:34:00+00:00,50959.0,46.0,0.0009030941402227754,189.96289483062031,24.52410426921145,66.0,48.0,0.007386888273314866,0.03
1722839700,50962.0,51090.0,50653.0,50825.0,6.90689903,2024-08-05 06:35:00+00:00,50825.0,-134.0,-0.002633028323050472,189.80886833121124,24.504219533641916,131.0,306.0,0.007259528130671506,0.03027777777777778
1722839760,50848.0,50899.0,50570.0,50770.0,4.75074674,2024-08-05 06:36:00+00:00,50770.0,-55.0,-0.00108273055510737,189.7937410040008,24.502266604096626,74.0,255.0,0.007157769161944527,0.030555555555555555
1722839820,50769.0,50866.0,50592.0,50704.0,2.01940943,2024-08-05 06:37:00+00:00,50704.0,-66.0,-0.001300826010738078,189.41778995791898,24.453731532747824,96.0,178.0,0.007103954534690977,0.030833333333333334
1722839880,50706.0,50898.0,50706.0,50746.0,11.64503379,2024-08-05 06:38:00+00:00,50746.0,42.0,0.0008279941330608447,189.52503524086416,24.467576839241353,194.0,0.0,0.007081735025081144,0.030555555555555555
1722839940,50773.0,50782.0,50567.0,50585.0,11.60825167,2024-08-05 06:39:00+00:00,50585.0,-161.0,-0.0031777074237720605,190.075283182312,24.538613543025104,36.0,179.0,0.007048458149779736,0.030555555555555555
1722840000,50593.0,50690.0,50251.0,50255.0,7.69558841,2024-08-05 06:40:00+00:00,50255.0,-330.0,-0.006545045181150602,193.50282483813754,24.981107268073252,105.0,334.0,0.006942837306179125,0.030555555555555555
1722840060,50326.0,50450.0,50103.0,50185.0,8.08864409,2024-08-05 06:41:00+00:00,50185.0,-70.0,-0.001393867210939502,193.48404217472597,24.97868243665357,195.0,152.0,0.006839165621794141,0.030555555555555555
1722840120,50182.0,50331.0,50094.0,50262.0,6.87205048,2024-08-05 06:42:00+00:00,50262.0,77.0,0.0015331471339637606,193.24273763771166,24.947530154879548,146.0,91.0,0.00684814244136278,0.030555555555555555
1722840180,50275.0,50577.0,50211.0,50299.0,8.67360752,2024-08-05 06:43:00+00:00,50299.0,37.0,0.0007358717926363468,193.31395967609188,24.956724880497198,315.0,51.0,0.006784644088878837,0.030555555555555555
1722840240,50317.0,50440.0,50230.0,50440.0,3.49229839,2024-08-05 06:44:00+00:00,50440.0,141.0,0.0027993149043552003,191.05935644091284,24.665656854425404,141.0,69.0,0.00681663258350375,0.030833333333333334
1722840300,50401.0,50795.0,50359.0,50685.0,11.48698831,2024-08-05 06:45:00+00:00,50685.0,245.0,0.004845497737644134,194.1892162168518,25.069720014031276,355.0,81.0,0.006734384645603008,0.030833333333333334
1722840360,50662.0,50899.0,50646.0,50885.0,3.16791251,2024-08-05 06:46:00+00:00,50885.0,200.0,0.0039381758095319176,196.63301445301934,25.38521300970354,214.0,39.0,0.006685609226140732,0.030833333333333334
1722840420,50865.0,51256.0,50848.0,51256.0,89.75100728,2024-08-05 06:47:00+00:00,51256.0,371.0,0.007264499692825501,202.7215813573448,26.17124361712761,371.0,37.0,0.006601386291121136,0.03111111111111111
1722840480,51232.0,51468.0,51173.0,51468.0,7.57624328,2024-08-05 06:48:00+00:00,51468.0,212.0,0.004127570986023262,205.07153154654944,26.474620882034497,212.0,83.0,0.006533456743071813,0.03111111111111111
1722840540,51460.0,51460.0,51278.0,51404.0,6.87478075,2024-08-05 06:49:00+00:00,51404.0,-64.0,-0.0012442648778489339,205.0778514156097,26.475436773621848,0.0,190.0,0.006503712535905913,0.030833333333333334
1722840600,51387.0,51777.0,51365.0,51482.0,22.19997486,2024-08-05 06:50:00+00:00,51482.0,78.0,0.0015162415672378973,205.457743741327,26.524480661983684,373.0,39.0,0.006411626415900833,0.030833333333333334
1722840660,51507.0,51624.0,51343.0,51408.0,10.71622577,2024-08-05 06:51:00+00:00,51408.0,-74.0,-0.0014384296386301327,205.05078329236764,26.47194229393753,142.0,139.0,0.0064,0.030833333333333334
1722840720,51408.0,51444.0,51144.0,51259.0,58.85903651,2024-08-05 06:52:00+00:00,51259.0,-149.0,-0.0029025900164757357,205.67591752766637,26.552646776686068,36.0,264.0,0.0063518949820029645,0.030833333333333334
1722840780,51277.0,51346.0,50957.0,51027.0,3.57231212,2024-08-05 06:53:00+00:00,51027.0,-232.0,-0.0045363079569624735,205.57290485139208,26.539347897364113,87.0,302.0,0.006327111673521037,0.030833333333333334
1722840840,51025.0,51230.0,50985.0,51185.0,5.95771672,2024-08-05 06:54:00+00:00,51185.0,158.0,0.003091615971669698,206.97648273844933,26.720549023420038,203.0,42.0,0.006302852040548348,0.030833333333333334
1722840900,51199.0,51282.0,51094.0,51170.0,3.22975669,2024-08-05 06:55:00+00:00,51170.0,-15.0,-0.0002930975547336241,206.57173143000148,26.668295854187566,97.0,91.0,0.00629987400251995,0.030833333333333334
1722840960,51148.0,51440.0,51148.0,51420.0,5.86724542,2024-08-05 06:56:00+00:00,51420.0,250.0,0.004873779020742877,209.44833107434982,27.039663271396474,270.0,22.0,0.0062837094831648945,0.030833333333333334
1722841020,51405.0,51405.0,51300.0,51313.0,0.9616115,2024-08-05 06:57:00+00:00,51313.0,-107.0,-0.002083070458198322,208.95479128811533,26.975947558970578,0.0,120.0,0.006304176516942475,0.030555555555555555
1722841080,51375.0,51501.0,51307.0,51487.0,8.96177975,2024-08-05 06:58:00+00:00,51487.0,174.0,0.0033852172405751096,210.41488408933347,27.16444472907175,188.0,6.0,0.0062837094831648945,0.030555555555555555
1722841140,51500.0,51597.0,51456.0,51589.0,28.18025501,2024-08-05 06:59:00+00:00,51589.0,102.0,0.0019791228471008645,210.99218128871914,27.23897347703951,110.0,31.0,0.0062866722548197826,0.030555555555555555
1722841200,51597.0,51607.0,51455.0,51469.0,2.96255447,2024-08-05 07:00:00+00:00,51469.0,-120.0,-0.0023287867847711953,211.00312673400217,27.240386527949443,18.0,134.0,0.006301859048419283,0.030555555555555555
1722841260,51478.0,51598.0,51365.0,51571.0,3.13869899,2024-08-05 07:01:00+00:00,51571.0,102.0,0.001979814311280076,211.5014498220665,27.304719761986238,129.0,104.0,0.006295907660020986,0.030555555555555555
1722841320,51596.0,51609.0,51527.0,51606.0,1.93917631,2024-08-05 07:02:00+00:00,51606.0,35.0,0.0006784458036677394,211.43380513721598,27.29598687072339,38.0,44.0,0.006320446644896239,0.030555555555555555
1722841380,51578.0,51792.0,51565.0,51772.0,8.13418028,2024-08-05 07:03:00+00:00,51772.0,166.0,0.003211517782794333,212.75618986925758,27.46670600553926,186.0,41.0,0.006308153288124901,0.030555555555555555
1722841440,51795.0,51899.0,51795.0,51828.0,3.35393177,2024-08-05 07:04:00+00:00,51828.0,56.0,0.0010810811863727016,212.01677793111978,27.371248334792767,127.0,0.0,0.0063401489935013475,0.03027777777777778
1722841500,51818.0,51874.0,51667.0,51734.0,6.7159169,2024-08-05 07:05:00+00:00,51734.0,-94.0,-0.0018153381706489903,212.23392048786567,27.399281318327095,46.0,161.0,0.006321445503871885,0.03027777777777778
1722841560,51720.0,51784.0,51552.0,51569.0,23.73882084,2024-08-05 07:06:00+00:00,51569.0,-165.0,-0.0031944888399255194,207.7027938304435,26.81431538220201,50.0,182.0,0.006381620931716656,0.03027777777777778
1722841620,51581.0,51861.0,51581.0,51830.0,1.49475292,2024-08-05 07:07:00+00:00,51830.0,261.0,0.0050484154456254425,210.21927951599957,27.13919228723961,292.0,0.0,0.0064150539933711115,0.03
1722841680,51800.0,51871.0,51739.0,51851.0,9.80352949,2024-08-05 07:08:00+00:00,51851.0,21.0,0.0004050886910267086,203.93960277964862,26.328489506591165,41.0,91.0,0.006587615283267457,0.03
1722841740,51825.0,52038.0,51811.0,51893.0,1.82438337,2024-08-05 07:09:00+00:00,51893.0,42.0,0.0008096854236305381,200.79784012501236,25.922889691953074,187.0,40.0,0.006675567423230974,0.03
1722841800,51880.0,51886.0,51815.0,51851.0,2.81122163,2024-08-05 07:10:00+00:00,51851.0,-42.0,-0.0008096854236306129,200.7819009557694,25.920831954052062,0.0,78.0,0.006748776784207862,0.03
1722841860,51893.0,51893.0,51667.0,51744.0,1.63375993,2024-08-05 07:11:00+00:00,51744.0,-107.0,-0.0020657374979455036,201.0730676422713,25.958421411645137,42.0,184.0,0.006732495511669659,0.03027777777777778
1722841920,51751.0,51779.0,51636.0,51640.0,1.31502729,2024-08-05 07:12:00+00:00,51640.0,-104.0,-0.0020119174162545974,201.36655939588834,25.996311034112072,35.0,108.0,0.006762087230925279,0.03027777777777778
1722841980,51675.0,51676.0,51615.0,51651.0,3.99074006,2024-08-05 07:13:00+00:00,51651.0,11.0,0.00021299048400325453,199.94777496102418,25.813146751175832,36.0,25.0,0.006811215802020661,0.030555555555555555
1722842040,51639.0,51772.0,51635.0,51656.0,2.66510458,2024-08-05 07:14:00+00:00,51656.0,5.0,9.679886172103153e-05,198.099561226652,25.574543384060657,121.0,16.0,0.00686420318041414,0.030555555555555555
1722842100,51684.0,51735.0,51667.0,51702.0,0.83884379,2024-08-05 07:15:00+00:00,51702.0,46.0,0.0008901101615189493,194.87269783523266,25.15795711154554,79.0,0.0,0.007029053420805997,0.03027777777777778
1722842160,51687.0,51912.0,51687.0,51853.0,0.87628831,2024-08-05 07:16:00+00:00,51853.0,151.0,0.002916326725329577,193.72940823689927,25.01035905907096,210.0,15.0,0.007035234800961482,0.030555555555555555
1722842220,51862.0,52058.0,51814.0,52028.0,2.5179634,2024-08-05 07:17:00+00:00,52028.0,175.0,0.0033692429904800198,193.30508073324947,24.95557861390518,205.0,39.0,0.0070538443451681155,0.030555555555555555
1722842280,52030.0,52239.0,52030.0,52220.0,47.86931738,2024-08-05 07:18:00+00:00,52220.0,192.0,0.0036835280694885154,190.98085803449828,24.655522753733827,211.0,0.0,0.007127160420502465,0.03027777777777778
1722842340,52230.0,52230.0,52123.0,52216.0,1.7489487,2024-08-05 07:19:00+00:00,52216.0,-4.0,-7.660193806651817e-05,189.69678451807542,24.489749575586767,10.0,97.0,0.00724287783679382,0.03027777777777778
1722842400,52177.0,52544.0,52165.0,52500.0,2.79065971,2024-08-05 07:20:00+00:00,52500.0,284.0,0.005424208264661814,192.7194207682321,24.879970237536757,328.0,51.0,0.007245064299945662,0.03027777777777778
1722842460,52490.0,52583.0,52373.0,52405.0,2.74161391,2024-08-05 07:21:00+00:00,52405.0,-95.0,-0.0018111629754374006,191.1523329880638,24.677660075048856,83.0,127.0,0.007341694707861731,0.03027777777777778
1722842520,52433.0,52666.0,52328.0,52380.0,20.10555659,2024-08-05 07:22:00+00:00,52380.0,-25.0,-0.0004771675425747797,181.84130412809301,23.47561141802474,261.0,77.0,0.007509386733416772,0.03027777777777778
1722842580,52359.0,52390.0,52326.0,52390.0,17.05699968,2024-08-05 07:23:00+00:00,52390.0,10.0,0.00019089434056243764,181.50773434517495,23.432547744223417,10.0,54.0,0.007637474541751527,0.03027777777777778
1722842640,52390.0,52513.0,52382.0,52450.0,9.0399475,2024-08-05 07:24:00+00:00,52450.0,60.0,0.001144601422177723,159.47170905430383,20.587709111951774,123.0,8.0,0.007895256266859663,0.03027777777777778
1722842700,52453.0,52484.0,52297.0,52418.0,4.83019319,2024-08-05 07:25:00+00:00,52418.0,-32.0,-0.0006102910514783471,159.782170752545,20.627789544849218,34.0,153.0,0.008061807188444743,0.03027777777777778
1722842760,52450.0,52649.0,52446.0,52641.0,9.85674267,2024-08-05 07:26:00+00:00,52641.0,223.0,0.00424524000628014,155.19530250914144,20.035627400917566,231.0,0.0,0.008222557215293956,0.03
1722842820,52631.0,52917.0,52606.0,52717.0,9.63462873,2024-08-05 07:27:00+00:00,52717.0,76.0,0.0014427003774197713,152.03482726193016,19.627611800965894,276.0,35.0,0.008308523160008309,0.03027777777777778
1722842880,52675.0,52735.0,52650.0,52673.0,3.59183814,2024-08-05 07:28:00+00:00,52673.0,-44.0,-0.0008349938809460608,150.46030690784272,19.424342097311055,18.0,67.0,0.008490165558228386,0.03027777777777778
1722842940,52733.0,52891.0,52733.0,52780.0,1.79565776,2024-08-05 07:29:00+00:00,52780.0,107.0,0.0020293407815960727,147.06134140416776,18.985537537642166,218.0,0.0,0.00854335753951303,0.03
1722843000,52774.0,52875.0,52749.0,52857.0,3.28227889,2024-08-05 07:30:00+00:00,52857.0,77.0,0.0014578228014239128,140.2172759087724,18.1019724815082,95.0,31.0,0.008710169122450461,0.03
1722843060,52860.0,52860.0,52552.0,52594.0,6.11212978,2024-08-05 07:31:00+00:00,52594.0,-263.0,-0.004988109080301679,142.38790417109612,18.382199385201094,3.0,305.0,0.008717762440973484,0.03027777777777778
1722843120,52598.0,52618.0,52400.0,52448.0,4.97767868,2024-08-05 07:32:00+00:00,52448.0,-146.0,-0.0027798422348809747,143.2403298320534,18.492247064826675,24.0,194.0,0.00874763084997813,0.030555555555555555
1722843180,52453.0,52500.0,52400.0,52457.0,3.77314522,2024-08-05 07:33:00+00:00,52457.0,9.0,0.00017158381434784288,143.24411623573988,18.492735887440666,52.0,48.0,0.00880152559777028,0.030555555555555555
1722843240,52445.0,52445.0,52342.0,52363.0,3.12688301,2024-08-05 07:34:00+00:00,52363.0,-94.0,-0.0017935513298696741,144.04639083248276,18.596309092516346,0.0,115.0,0.0088008800880088,0.03027777777777778
1722843300,52408.0,52671.0,52372.0,52640.0,1.28730687,2024-08-05 07:35:00+00:00,52640.0,277.0,0.005276051971164417,146.19091592265593,18.873166091175168,308.0,0.0,0.00888494002665482,0.03
1722843360,52660.0,52865.0,52635.0,52781.0,9.88720114,2024-08-05 07:36:00+00:00,52781.0,141.0,0.002674990449303055,146.4433125318828,18.905750353314335,225.0,5.0,0.008950548221078542,0.03
1722843420,52781.0,52960.0,52767.0,52767.0,7.40034396,2024-08-05 07:37:00+00:00,52767.0,-14.0,-0.0002652821480672628,145.9975727296102,18.84820559228288,179.0,14.0,0.0090049527239982,0.03
1722843480,52782.0,52809.0,52636.0,52718.0,12.52087482,2024-08-05 07:38:00+00:00,52718.0,-49.0,-0.0009290421107153753,146.3892497056341,18.89877087245733,42.0,131.0,0.009019165727170236,0.03027777777777778
1722843540,52717.0,52733.0,52573.0,52653.0,9.65466626,2024-08-05 07:39:00+00:00,52653.0,-65.0,-0.0012337361939192737,144.749868026832,18.687127607788057,15.0,145.0,0.009056603773584906,0.03027777777777778
1722843600,52648.0,52790.0,52642.0,52768.0,8.60780693,2024-08-05 07:40:00+00:00,52768.0,115.0,0.0021817293635255255,136.94909256655274,17.680051826282558,137.0,11.0,0.009259973763407672,0.03027777777777778
1722843660,52796.0,53021.0,52791.0,52967.0,4.85413162,2024-08-05 07:41:00+00:00,52967.0,199.0,0.0037641317437749483,137.62574732833818,17.76740758040012,253.0,0.0,0.009327633113097552,0.03
1722843720,52967.0,53059.0,52899.0,52986.0,88.98066953,2024-08-05 07:42:00+00:00,52986.0,19.0,0.0003586495937569437,137.61062729950285,17.765455593071007,92.0,68.0,0.009383797309978105,0.03
1722843780,52986.0,53018.0,52863.0,52879.0,4.56471308,2024-08-05 07:43:00+00:00,52879.0,-107.0,-0.002021443091400658,139.00823045990185,17.94588538523208,32.0,123.0,0.00954122604754711,0.03
1722843840,52822.0,52875.0,52703.0,52705.0,8.54918309,2024-08-05 07:44:00+00:00,52705.0,-174.0,-0.0032959569161669596,141.1757679547984,18.225713272565898,0.0,176.0,0.009567089213106911,0.029722222222222223
1722843900,52741.0,52801.0,52539.0,52755.0,33.23368791,2024-08-05 07:45:00+00:00,52755.0,50.0,0.0009482268869029672,138.5438191710783,17.885930145651937,96.0,166.0,0.009701673538685424,0.029722222222222223
1722843960,52799.0,52892.0,52742.0,52892.0,3.2387717,2024-08-05 07:46:00+00:00,52892.0,137.0,0.0025935441005209632,137.5030877927559,17.751572302448,137.0,13.0,0.00978314038806457,0.029722222222222223
1722844020,52897.0,53011.0,52869.0,53002.0,2.34306457,2024-08-05 07:47:00+00:00,53002.0,110.0,0.0020775499946228087,130.59858280436444,16.860204541319792,119.0,23.0,0.01,0.029722222222222223
1722844080,52992.0,53037.0,52917.0,53018.0,1.03661247,2024-08-05 07:48:00+00:00,53018.0,16.0,0.0003018298457172226,128.37856712541662,16.573601749556985,35.0,85.0,0.01014799154334038,0.029722222222222223
1722844140,53028.0,53028.0,52846.0,52867.0,3.79958391,2024-08-05 07:49:00+00:00,52867.0,-151.0,-0.0028521528519163987,129.89279695412267,16.769087979853953,10.0,172.0,0.010154861640010155,0.03
1722844200,52891.0,52907.0,52717.0,52730.0,1.61708136,2024-08-05 07:50:00+00:00,52730.0,-137.0,-0.0025947721406216146,131.34606895719583,16.95670458870101,40.0,150.0,0.01034928848641656,0.03
1722844260,52727.0,52774.0,52670.0,52774.0,5.70825543,2024-08-05 07:51:00+00:00,52774.0,44.0,0.0008340916467798746,130.78477165624102,16.884241418738707,44.0,60.0,0.010509721492380452,0.03
1722844320,52761.0,52761.0,52663.0,52668.0,18.56500474,2024-08-05 07:52:00+00:00,52668.0,-106.0,-0.0020105846950610236,129.9426851055085,16.775528512503634,0.0,111.0,0.010686615014694095,0.029722222222222223
1722844380,52666.0,52680.0,52499.0,52573.0,9.91190152,2024-08-05 07:53:00+00:00,52573.0,-95.0,-0.0018053805228679485,126.53630371633295,16.335766566133373,12.0,169.0,0.010888304146629162,0.029722222222222223
1722844440,52557.0,52597.0,52455.0,52597.0,2.09486036,2024-08-05 07:54:00+00:00,52597.0,24.0,0.0004564039253896356,125.33973718463785,16.18129049113723,24.0,118.0,0.01099102399706906,0.029722222222222223
1722844500,52595.0,52831.0,52574.0,52816.0,3.47264099,2024-08-05 07:55:00+00:00,52816.0,219.0,0.004155091214218343,127.73799544468339,16.490904301172588,234.0,23.0,0.010921998725766815,0.029722222222222223
1722844560,52824.0,52824.0,52675.0,52732.0,4.93594114,2024-08-05 07:56:00+00:00,52732.0,-84.0,-0.0015916932151137265,125.12535635217928,16.153614044675294,8.0,141.0,0.011066027296200666,0.029722222222222223
1722844620,52731.0,52823.0,52612.0,52777.0,8.85436473,2024-08-05 07:57:00+00:00,52777.0,45.0,0.0008530078520047626,124.00576804517821,16.009075815754503,91.0,120.0,0.010973936899862825,0.03
1722844680,52762.0,52788.0,52709.0,52719.0,14.44377347,2024-08-05 07:58:00+00:00,52719.0,-58.0,-0.00109956786690943,122.87384555268025,15.862945250333096,11.0,68.0,0.011090573012939002,0.03
1722844740,52711.0,52728.0,52641.0,52694.0,5.98429908,2024-08-05 07:59:00+00:00,52694.0,-25.0,-0.0004743248075420665,122.54010642893935,15.81985971472555,9.0,78.0,0.01114620100315809,0.03
1722844800,52694.0,52712.0,52581.0,52686.0,4.13239386,2024-08-05 08:00:00+00:00,52686.0,-8.0,-0.00015183146736324235,121.24203159791024,15.652278974635326,18.0,113.0,0.011167985109353186,0.03
1722844860,52762.0,52826.0,52705.0,52801.0,2.00594877,2024-08-05 08:01:00+00:00,52801.0,115.0,0.00218036432089374,121.40204951778455,15.672937199260923,140.0,0.0,0.011265490048817123,0.029722222222222223
1722844920,52769.0,52881.0,52750.0,52853.0,2.33446739,2024-08-05 08:02:00+00:00,52853.0,52.0,0.0009843452060257693,121.45628936365819,15.679939533253238,80.0,51.0,0.011213905242500702,0.029722222222222223
1722844980,52847.0,52969.0,52797.0,52943.0,4.26021482,2024-08-05 08:03:00+00:00,52943.0,90.0,0.0017013879865101027,120.30702131850427,15.531569666612922,116.0,56.0,0.011271839188427578,0.029722222222222223
1722845040,52894.0,52906.0,52872.0,52881.0,0.70864199,2024-08-05 08:04:00+00:00,52881.0,-62.0,-0.0011717570134167252,120.66446333475476,15.577715232485355,0.0,71.0,0.0113314447592068,0.029722222222222223
1722845100,52887.0,52931.0,52811.0,52811.0,0.80850142,2024-08-05 08:05:00+00:00,52811.0,-70.0,-0.0013246037587522621,120.32771987157196,15.534241838323648,50.0,70.0,0.011425307055127105,0.029722222222222223
1722845160,52809.0,52809.0,52686.0,52793.0,1.29050064,2024-08-05 08:06:00+00:00,52793.0,-18.0,-0.0003408961814763694,118.01381705948299,15.235518269791545,0.0,125.0,0.011542901115813773,0.029444444444444443
1722845220,52792.0,52792.0,52605.0,52605.0,1.0434958,2024-08-05 08:07:00+00:00,52605.0,-188.0,-0.003567433905446385,116.72730667797381,15.069430493714613,0.0,188.0,0.011659541391371939,0.029444444444444443
1722845280,52604.0,52718.0,52604.0,52662.0,0.78505084,2024-08-05 08:08:00+00:00,52662.0,57.0,0.0010829605777843367,116.86200636251891,15.08682014821403,113.0,1.0,0.011679968853416392,0.029444444444444443
1722845340,52614.0,52663.0,52540.0,52548.0,1.05258181,2024-08-05 08:09:00+00:00,52548.0,-114.0,-0.0021670952307739004,117.94789019842557,15.227007148626774,1.0,122.0,0.011799410029498525,0.029444444444444443
1722845400,52571.0,52622.0,52529.0,52556.0,2.37860774,2024-08-05 08:10:00+00:00,52556.0,8.0,0.00015223017231401608,117.74413872201791,15.200702946130374,74.0,19.0,0.011782032400589101,0.029722222222222223
1722845460,52566.0,52566.0,52400.0,52447.0,37.40176648,2024-08-05 08:11:00+00:00,52447.0,-109.0,-0.002076131903890469,117.77860466788563,15.20515248060894,10.0,156.0,0.011851851851851851,0.029722222222222223
1722845520,52436.0,52634.0,52435.0,52590.0,2.03952994,2024-08-05 08:12:00+00:00,52590.0,143.0,0.0027228517255675527,117.9819243073989,15.231400933201998,187.0,12.0,0.011786661428150476,0.029722222222222223
1722845580,52567.0,52605.0,52484.0,52530.0,1.17904454,2024-08-05 08:13:00+00:00,52530.0,-60.0,-0.0011415526353826184,118.38658664859399,15.283642616811528,15.0,106.0,0.011717605702568109,0.029722222222222223
1722845640,52505.0,52725.0,52499.0,52711.0,2.53258188,2024-08-05 08:14:00+00:00,52711.0,181.0,0.003439727453403366,120.30826107801487,15.531729718877518,195.0,31.0,0.011616650532429816,0.029722222222222223
1722845700,52698.0,52781.0,52671.0,52736.0,31.48516284,2024-08-05 08:15:00+00:00,52736.0,25.0,0.00047417186773296346,120.25472493859219,15.524818232997376,70.0,40.0,0.011581893639610076,0.03
1722845760,52737.0,52868.0,52725.0,52811.0,27.19492869,2024-08-05 08:16:00+00:00,52811.0,75.0,0.0014211680601674487,119.21764268632216,15.390931489941073,132.0,11.0,0.011674287382041055,0.03
1722845820,52799.0,52921.0,52745.0,52900.0,5.95679136,2024-08-05 08:17:00+00:00,52900.0,89.0,0.001683836517079842,117.78153673424453,15.205531008748205,110.0,66.0,0.011752032122221133,0.03
1722845880,52922.0,53214.0,52922.0,53138.0,17.14625451,2024-08-05 08:18:00+00:00,53138.0,238.0,0.004488964327079142,119.09863452518118,15.375567602402347,314.0,0.0,0.011634671320535195,0.03
1722845940,53174.0,53174.0,53007.0,53048.0,0.79197656,2024-08-05 08:19:00+00:00,53048.0,-90.0,-0.0016951391247664804,119.8499721285283,15.472564869907105,36.0,131.0,0.01156737998843262,0.03
1722846000,52995.0,53014.0,52866.0,52924.0,1.68756175,2024-08-05 08:20:00+00:00,52924.0,-124.0,-0.0023402418864019096,115.76845193435388,14.945642878598878,0.0,182.0,0.011791294094526873,0.029722222222222223
1722846060,52956.0,53014.0,52877.0,52921.0,0.47635579,2024-08-05 08:21:00+00:00,52921.0,-3.0,-5.6686664477356485e-05,115.00039793593628,14.846487533770233,90.0,47.0,0.011876484560570071,0.029722222222222223
1722846120,52979.0,53002.0,52886.0,52927.0,1.41872149,2024-08-05 08:22:00+00:00,52927.0,6.0,0.00011337011575886126,114.91649018967684,14.835655090307545,81.0,35.0,0.012143290831815423,0.029722222222222223
1722846180,52931.0,52984.0,52841.0,52968.0,2.00908085,2024-08-05 08:23:00+00:00,52968.0,41.0,0.0007743519910987228,114.99019363740688,14.845170164494762,57.0,86.0,0.012046983234614998,0.029722222222222223
1722846240,53001.0,53034.0,52978.0,53030.0,0.94304425,2024-08-05 08:24:00+00:00,53030.0,62.0,0.0011698335264937376,115.0053302621254,14.847124294343184,66.0,0.0,0.012126111560226353,0.029444444444444443
1722846300,53054.0,53054.0,52868.0,52905.0,1.04810335,2024-08-05 08:25:00+00:00,52905.0,-125.0,-0.002359938792913637,116.19695314810937,15.000962147422369,24.0,162.0,0.01212733703890854,0.029444444444444443
1722846360,52954.0,53004.0,52909.0,52998.0,1.07841286,2024-08-05 08:26:00+00:00,52998.0,93.0,0.0017563246349250657,113.29808067547188,14.626719320445565,99.0,0.0,0.01229130390248899,0.029444444444444443
1722846420,52968.0,52991.0,52910.0,52973.0,0.5376499,2024-08-05 08:27:00+00:00,52973.0,-25.0,-0.0004718272067601634,112.98955503949279,14.586888832111395,0.0,88.0,0.012578616352201259,0.029166666666666667
1722846480,52959.0,52990.0,52910.0,52921.0,1.4044207,2024-08-05 08:28:00+00:00,52921.0,-52.0,-0.0009821142686027187,113.05218034264513,14.594973723983403,17.0,63.0,0.012585212375458836,0.029166666666666667
1722846540,52909.0,52909.0,52710.0,52711.0,1.32202242,2024-08-05 08:29:00+00:00,52711.0,-210.0,-0.003976073096413537,115.54320125360978,14.91656314075742,0.0,211.0,0.012594458438287152,0.029166666666666667
1722846600,52728.0,52930.0,52728.0,52800.0,1.95713762,2024-08-05 08:30:00+00:00,52800.0,89.0,0.001687028292942223,115.6910592329444,14.935651523809648,219.0,0.0,0.012472715933894606,0.028888888888888888
1722846660,52806.0,52861.0,52765.0,52823.0,2.86693543,2024-08-05 08:31:00+00:00,52823.0,23.0,0.0004355112118295584,110.48590548452067,14.263669064406509,61.0,35.0,0.012753746413008821,0.028888888888888888
1722846720,52943.0,53018.0,52927.0,52966.0,2.66706291,2024-08-05 08:32:00+00:00,52966.0,143.0,0.0027034963388938263,110.14289126936478,14.219386119646137,195.0,0.0,0.012784998934583422,0.02861111111111111
1722846780,52956.0,52971.0,52827.0,52872.0,3.496915,2024-08-05 08:33:00+00:00,52872.0,-94.0,-0.0017763000947875677,110.93688718299732,14.32189055132799,5.0,139.0,0.012725344644750796,0.02861111111111111
1722846840,52888.0,52916.0,52833.0,52912.0,2.76004065,2024-08-05 08:34:00+00:00,52912.0,40.0,0.00075625807128524,110.2173238405662,14.228995323268752,44.0,39.0,0.01276867418599702,0.028888888888888888
1722846900,52921.0,53103.0,52889.0,53007.0,1.5232862,2024-08-05 08:35:00+00:00,53007.0,95.0,0.001793824063185812,105.10674020327224,13.569221812714098,191.0,23.0,0.012897678417884782,0.029166666666666667
1722846960,52968.0,53015.0,52949.0,52985.0,2.22247191,2024-08-05 08:36:00+00:00,52985.0,-22.0,-0.00041512567582340805,103.65787925769735,13.382174668941367,8.0,58.0,0.01312910284463895,0.029166666666666667
1722847020,52965.0,53047.0,52916.0,53036.0,1.33994756,2024-08-05 08:37:00+00:00,53036.0,51.0,0.0009620736256730953,103.8124925807062,13.402135163111872,62.0,69.0,0.013218770654329146,0.029166666666666667
1722847080,53034.0,53041.0,52919.0,52939.0,2.96991919,2024-08-05 08:38:00+00:00,52939.0,-97.0,-0.0018306209405736767,104.41483297229728,13.479896973291213,5.0,117.0,0.013293452974410104,0.029166666666666667
1722847140,52932.0,52933.0,52791.0,52804.0,1.47479133,2024-08-05 08:39:00+00:00,52804.0,-135.0,-0.0025533618933854855,105.579834307643,13.630297998961327,0.0,148.0,0.013311148086522463,0.028888888888888888
1722847200,52813.0,52814.0,52677.0,52745.0,1.53209746,2024-08-05 08:40:00+00:00,52745.0,-59.0,-0.001117964284741078,104.82480811086752,13.532824536092601,10.0,127.0,0.01332741003998223,0.028888888888888888
1722847260,52713.0,52740.0,52672.0,52672.0,0.86374548,2024-08-05 08:41:00+00:00,52672.0,-73.0,-0.0013849760791674345,101.8966394992637,13.154799593838305,0.0,73.0,0.013599274705349048,0.028888888888888888
1722847320,52704.0,52704.0,52525.0,52529.0,1.33466841,2024-08-05 08:42:00+00:00,52529.0,-143.0,-0.002718607010845402,103.3875532072989,13.34727572590006,32.0,147.0,0.013570055411059595,0.028888888888888888
1722847380,52645.0,52716.0,52447.0,52486.0,0.87240168,2024-08-05 08:43:00+00:00,52486.0,-43.0,-0.0008189306747256126,102.67249644098315,13.2549622943156,187.0,82.0,0.0133973428603327,0.028888888888888888
1722847440,52482.0,52564.0,52448.0,52448.0,0.85146363,2024-08-05 08:44:00+00:00,52448.0,-38.0,-0.0007242648076143555,100.38892025883351,12.960153876873552,78.0,38.0,0.013487692480611442,0.029166666666666667
1722847500,52462.0,52577.0,52450.0,52529.0,1.10490228,2024-08-05 08:45:00+00:00,52529.0,81.0,0.0015431954823398961,100.75214876232644,13.00704647503675,129.0,0.0,0.013692377909630305,0.028888888888888888
1722847560,52517.0,52590.0,52451.0,52451.0,1.14696232,2024-08-05 08:46:00+00:00,52451.0,-78.0,-0.0014859976062721705,99.47605537625779,12.84230352728844,61.0,78.0,0.013709585285045128,0.028888888888888888
1722847620,52450.0,52471.0,52400.0,52403.0,15.91680391,2024-08-05 08:47:00+00:00,52403.0,-48.0,-0.0009155588409214847,98.40240655501864,12.703696060477291,20.0,51.0,0.013821700069108501,0.028888888888888888
1722847680,52416.0,52537.0,52416.0,52534.0,2.14659734,2024-08-05 08:48:00+00:00,52534.0,131.0,0.0024967374339115844,100.02370340543196,12.913004583840936,134.0,0.0,0.013799448022079117,0.02861111111111111
1722847740,52539.0,52714.0,52469.0,52472.0,9.61894112,2024-08-05 08:49:00+00:00,52472.0,-62.0,-0.0011808850390427968,98.51667529273625,12.71844809108304,180.0,65.0,0.013700194086082888,0.02861111111111111
1722847800,52455.0,52586.0,52455.0,52559.0,0.3987784,2024-08-05 08:50:00+00:00,52559.0,87.0,0.0016566541287362456,97.73187551421181,12.617130875338624,114.0,17.0,0.013793103448275862,0.02861111111111111
1722847860,52555.0,52573.0,52463.0,52527.0,0.5962961,2024-08-05 08:51:00+00:00,52527.0,-32.0,-0.0006090250078810813,97.60680228911976,12.600983991410693,14.0,96.0,0.013783597518952447,0.02861111111111111
1722847920,52554.0,52655.0,52505.0,52505.0,0.70043257,2024-08-05 08:52:00+00:00,52505.0,-22.0,-0.00041891995433272506,96.71907453305704,12.486378830904126,128.0,22.0,0.0137221269296741,0.028888888888888888
1722847980,52488.0,52519.0,52465.0,52479.0,0.48132027,2024-08-05 08:53:00+00:00,52479.0,-26.0,-0.0004953135817183192,96.01083389903802,12.394945358215358,14.0,40.0,0.013924344395451382,0.028888888888888888
1722848040,52487.0,52500.0,52445.0,52487.0,0.85083875,2024-08-05 08:54:00+00:00,52487.0,8.0,0.0001524303110623617,95.96082651784877,12.388489433064246,21.0,34.0,0.014066346266557261,0.028888888888888888
1722848100,52508.0,52600.0,52508.0,52550.0,1.35374138,2024-08-05 08:55:00+00:00,52550.0,63.0,0.0011995774356593073,91.90366486609322,11.864712116060224,113.0,0.0,0.014307857398354596,0.02861111111111111
1722848160,52613.0,52731.0,52613.0,52638.0,0.76733917,2024-08-05 08:56:00+00:00,52638.0,88.0,0.0016731950513417377,92.06213205326097,11.885170141954259,181.0,0.0,0.014253474284356813,0.028333333333333332
1722848220,52632.0,52858.0,52632.0,52823.0,2.52939528,2024-08-05 08:57:00+00:00,52823.0,185.0,0.0035084095497434054,94.98998460438455,12.263154280976009,220.0,6.0,0.014228124258951862,0.028333333333333332
1722848280,52829.0,52841.0,52728.0,52728.0,0.84082704,2024-08-05 08:58:00+00:00,52728.0,-95.0,-0.0018000781736265496,95.49670772566272,12.328571954637628,18.0,95.0,0.014170996693434105,0.028333333333333332
1722848340,52715.0,52798.0,52677.0,52770.0,0.73283195,2024-08-05 08:59:00+00:00,52770.0,42.0,0.0007962236671576999,95.58931694558898,12.340527753520284,70.0,51.0,0.014114326040931546,0.028333333333333332
1722848400,52743.0,52836.0,52743.0,52819.0,0.45976079,2024-08-05 09:00:00+00:00,52819.0,49.0,0.0009281270495498934,95.77871595181522,12.3649790600837,66.0,27.0,0.014177693761814745,0.028333333333333332
1722848460,52845.0,52845.0,52731.0,52791.0,0.4004808,2024-08-05 09:01:00+00:00,52791.0,-28.0,-0.000530252829392302,94.69776484514635,12.225428872277266,26.0,88.0,0.01422137947380896,0.02861111111111111
1722848520,52792.0,52846.0,52761.0,52761.0,0.21899172,2024-08-05 09:02:00+00:00,52761.0,-30.0,-0.0005684402153973367,94.52368847868661,12.202955710001703,55.0,30.0,0.014299332697807435,0.02861111111111111
1722848580,52748.0,52836.0,52720.0,52816.0,0.71071386,2024-08-05 09:03:00+00:00,52816.0,55.0,0.0010418936885004788,94.05607625361564,12.142587231328942,75.0,41.0,0.01439539347408829,0.02861111111111111
1722848640,52833.0,52868.0,52806.0,52815.0,3.253369,2024-08-05 09:04:00+00:00,52815.0,-1.0,-1.893383571170391e-05,93.72692032292701,12.100093383400193,52.0,10.0,0.014410952323766062,0.028888888888888888
1722848700,52834.0,52890.0,52793.0,52845.0,2.97417337,2024-08-05 09:05:00+00:00,52845.0,30.0,0.0005678591861851319,93.36938972625386,12.053936381844368,75.0,22.0,0.014450867052023121,0.028888888888888888
1722848760,52842.0,52946.0,52819.0,52901.0,1.6767482,2024-08-05 09:06:00+00:00,52901.0,56.0,0.0010591418159549347,93.60841625206736,12.084794573636952,101.0,26.0,0.014447387430772935,0.029166666666666667
1722848820,52896.0,52897.0,52820.0,52873.0,1.54888583,2024-08-05 09:07:00+00:00,52873.0,-28.0,-0.0005294306853106919,90.33149246565905,11.661745531918609,0.0,81.0,0.014635931211123308,0.029166666666666667
1722848880,52879.0,52879.0,52807.0,52825.0,0.56267505,2024-08-05 09:08:00+00:00,52825.0,-48.0,-0.0009082480898343566,90.31359521260329,11.659435006484347,6.0,66.0,0.01471129091577786,0.029166666666666667
1722848940,52808.0,52889.0,52751.0,52751.0,1.03429139,2024-08-05 09:09:00+00:00,52751.0,-74.0,-0.0014018339796611325,89.5820978761213,11.56499910641802,64.0,74.0,0.014684287812041117,0.029166666666666667
1722849000,52765.0,52765.0,52657.0,52676.0,0.17444748,2024-08-05 09:10:00+00:00,52676.0,-75.0,-0.001422785674485568,90.14865312924492,11.63814107508649,14.0,94.0,0.014657383657017223,0.029166666666666667
1722849060,52694.0,52694.0,52586.0,52586.0,0.84858281,2024-08-05 09:11:00+00:00,52586.0,-90.0,-0.0017100192269051118,89.78476932230687,11.591163877612303,18.0,90.0,0.014761963341124371,0.029166666666666667
1722849120,52574.0,52625.0,52564.0,52623.0,0.18811109,2024-08-05 09:12:00+00:00,52623.0,37.0,0.000703361908684246,87.9946887842514,11.36006547387034,39.0,22.0,0.015016894005756476,0.029166666666666667
1722849180,52609.0,52691.0,52600.0,52642.0,1.16330539,2024-08-05 09:13:00+00:00,52642.0,19.0,0.00036099368653094287,87.66373864629719,11.317339994779617,68.0,23.0,0.015073483230749906,0.029166666666666667
1722849240,52635.0,52728.0,52624.0,52728.0,0.31447668,2024-08-05 09:14:00+00:00,52728.0,86.0,0.001632343534135051,85.19669995730932,10.998846669549637,86.0,18.0,0.015308075009567546,0.029166666666666667
1722849300,52717.0,52756.0,52643.0,52643.0,4.88980504,2024-08-05 09:15:00+00:00,52643.0,-85.0,-0.001613347475816657,85.83694139748077,11.081501484060833,28.0,85.0,0.015302218821729153,0.029166666666666667
1722849360,52646.0,52815.0,52646.0,52815.0,9.50336542,2024-08-05 09:16:00+00:00,52815.0,172.0,0.0032619650005234176,88.18448817565498,11.384568469937886,172.0,0.0,0.0152458391563969,0.028888888888888888
1722849420,52807.0,52917.0,52791.0,52864.0,10.8800799,2024-08-05 09:17:00+00:00,52864.0,49.0,0.0009273366233873338,87.65034541202579,11.315610935670117,102.0,24.0,0.01534330648254699,0.028888888888888888
1722849480,52843.0,52891.0,52832.0,52858.0,10.10575628,2024-08-05 09:18:00+00:00,52858.0,-6.0,-0.0001135052308212961,81.86174095857193,10.568305314136488,27.0,32.0,0.01586042823156225,0.029166666666666667
1722849540,52858.0,52879.0,52803.0,52832.0,0.74243768,2024-08-05 09:19:00+00:00,52832.0,-26.0,-0.0004920049299741635,81.14481718466173,10.47575085290801,21.0,55.0,0.01605351170568562,0.029166666666666667
1722849600,52816.0,52883.0,52781.0,52835.0,0.34546169,2024-08-05 09:20:00+00:00,52835.0,3.0,5.6782155276600517e-05,79.59249851090874,10.275347373859606,51.0,51.0,0.016227180527383367,0.029444444444444443
1722849660,52853.0,52857.0,52832.0,52845.0,1.93925406,2024-08-05 09:21:00+00:00,52845.0,10.0,0.00018925056831647485,79.6059930174466,10.277089507162485,22.0,3.0,0.016476726623644102,0.029444444444444443
1722849720,52855.0,52885.0,52840.0,52851.0,0.91495132,2024-08-05 09:22:00+00:00,52851.0,6.0,0.00011353315180230884,79.6059930174466,10.277089507162485,40.0,5.0,0.016638935108153077,0.029444444444444443
1722849780,52843.0,52894.0,52819.0,52871.0,2.16294736,2024-08-05 09:23:00+00:00,52871.0,20.0,0.00037835077351122735,79.46304794494442,10.258635377655041,43.0,32.0,0.0167973124300112,0.029444444444444443
1722849840,52869.0,52882.0,52790.0,52810.0,1.82041935,2024-08-05 09:24:00+00:00,52810.0,-61.0,-0.0011544176677824257,79.38058223620033,10.247989100435072,11.0,81.0,0.016736401673640166,0.029722222222222223
1722849900,52809.0,52854.0,52657.0,52662.0,1.17678581,2024-08-05 09:25:00+00:00,52662.0,-148.0,-0.0028064338808062583,80.02932195690107,10.33174103824498,44.0,153.0,0.016710764517476676,0.029722222222222223
1722849960,52631.0,52666.0,52604.0,52665.0,2.26193793,2024-08-05 09:26:00+00:00,52665.0,3.0,5.696545046962722e-05,79.01650224553485,10.200986575750582,4.0,58.0,0.0167973124300112,0.03
1722850020,52661.0,52744.0,52621.0,52680.0,0.68141087,2024-08-05 09:27:00+00:00,52680.0,15.0,0.0002847785865749642,79.01836123604025,10.201226570392853,79.0,44.0,0.01671541997492687,0.03027777777777778
1722850080,52709.0,52809.0,52709.0,52727.0,2.84362314,2024-08-05 09:28:00+00:00,52727.0,47.0,0.0008917814398440286,79.051445739128,10.2054977613754,129.0,0.0,0.016602102933038185,0.03
1722850140,52756.0,52825.0,52730.0,52778.0,1.13435718,2024-08-05 09:29:00+00:00,52778.0,51.0,0.0009667789009490455,74.53268914652416,9.622128793751413,98.0,0.0,0.016865776528461,0.03
1722850200,52786.0,52824.0,52714.0,52824.0,1.0675419,2024-08-05 09:30:00+00:00,52824.0,46.0,0.0008711956763969443,73.87717704498165,9.537502545334359,46.0,64.0,0.01712817584927205,0.03027777777777778
1722850260,52840.0,52852.0,52732.0,52823.0,0.69550311,2024-08-05 09:31:00+00:00,52823.0,-1.0,-1.8930968224902357e-05,73.81768654907575,9.529822355337654,28.0,92.0,0.017069701280227594,0.03027777777777778
1722850320,52825.0,52825.0,52729.0,52755.0,0.43616603,2024-08-05 09:32:00+00:00,52755.0,-68.0,-0.0012881473299898266,71.89056930364532,9.281032588746282,2.0,94.0,0.017313518972731208,0.030555555555555555
1722850380,52768.0,52768.0,52692.0,52693.0,1.02955553,2024-08-05 09:33:00+00:00,52693.0,-62.0,-0.0011759351935473048,71.32439420730833,9.20793969810793,13.0,63.0,0.01748506484044878,0.030555555555555555
1722850440,52754.0,52757.0,52676.0,52711.0,2.52184152,2024-08-05 09:34:00+00:00,52711.0,18.0,0.0003415430187655271,71.15602931919787,9.186203884516667,64.0,17.0,0.017490161783996504,0.030555555555555555
1722850500,52675.0,52766.0,52675.0,52702.0,0.53893635,2024-08-05 09:35:00+00:00,52702.0,-9.0,-0.00017075692792862865,69.97658002083554,9.033937634841557,55.0,36.0,0.017809439002671415,0.030555555555555555
1722850560,52696.0,52701.0,52631.0,52631.0,0.27004706,2024-08-05 09:36:00+00:00,52631.0,-71.0,-0.0013481057361488839,70.4616015155458,9.096553640560405,0.0,71.0,0.01779623313065401,0.03027777777777778
1722850620,52628.0,52695.0,52622.0,52625.0,2.41847291,2024-08-05 09:37:00+00:00,52625.0,-6.0,-0.00011400775265070509,70.06457675069626,9.045297963817266,64.0,9.0,0.01795063575168287,0.03027777777777778
1722850680,52636.0,52651.0,52623.0,52648.0,0.41014897,2024-08-05 09:38:00+00:00,52648.0,23.0,0.000436959151272613,69.15441454345071,8.927796528116954,26.0,2.0,0.01820664542558034,0.03027777777777778
1722850740,52636.0,52715.0,52634.0,52635.0,0.96349935,2024-08-05 09:39:00+00:00,52635.0,-13.0,-0.0002469534505298793,67.02352019915827,8.652699251184545,67.0,14.0,0.018393623543838136,0.030555555555555555
1722850800,52634.0,52680.0,52619.0,52627.0,0.56221481,2024-08-05 09:40:00+00:00,52627.0,-8.0,-0.00015200167231104795,66.62110590055077,8.600747788625126,45.0,16.0,0.018610421836228287,0.030555555555555555
1722850860,52629.0,52743.0,52629.0,52720.0,0.84984354,2024-08-05 09:41:00+00:00,52720.0,93.0,0.0017655941632746873,67.0665745638525,8.658257545765956,116.0,0.0,0.01848713603450932,0.030555555555555555
1722850920,52728.0,52753.0,52678.0,52701.0,0.43102255,2024-08-05 09:42:00+00:00,52701.0,-19.0,-0.0003604594948961313,64.41851156902287,8.316394083143178,33.0,42.0,0.018788163457022077,0.030555555555555555
1722850980,52708.0,52747.0,52630.0,52638.0,0.84521589,2024-08-05 09:43:00+00:00,52638.0,-63.0,-0.0011961383250537754,64.71095227728256,8.354148016237941,46.0,71.0,0.019246190858059342,0.030555555555555555
1722851040,52634.0,52634.0,52363.0,52413.0,1.84707184,2024-08-05 09:44:00+00:00,52413.0,-225.0,-0.004283640213884694,70.90320249674028,9.153564082088241,0.0,275.0,0.01876759461995621,0.03027777777777778
1722851100,52395.0,52540.0,52390.0,52422.0,0.9743188,2024-08-05 09:45:00+00:00,52422.0,9.0,0.00017169838359527674,70.10381929842312,9.050364154944228,127.0,23.0,0.018706157443491814,0.030555555555555555
1722851160,52435.0,52435.0,52201.0,52201.0,1.63096362,2024-08-05 09:46:00+00:00,52201.0,-221.0,-0.004224698750791595,74.99879471724543,9.682302764184012,13.0,221.0,0.018433179723502304,0.030555555555555555
1722851220,52256.0,52317.0,52000.0,52015.0,2.5087422,2024-08-05 09:47:00+00:00,52015.0,-186.0,-0.0035695132703624345,78.40452829076358,10.12198107791252,116.0,201.0,0.017761989342806397,0.030555555555555555
1722851280,52038.0,52065.0,51871.0,51912.0,1.25409174,2024-08-05 09:48:00+00:00,51912.0,-103.0,-0.001982161203991211,77.26225790885945,9.974514605713164,50.0,144.0,0.017605633802816902,0.030833333333333334
1722851340,51915.0,51915.0,51770.0,51861.0,0.76993054,2024-08-05 09:49:00+00:00,51861.0,-51.0,-0.0009829147101079571,77.15063224949714,9.960103795055842,3.0,142.0,0.01786777843954735,0.030833333333333334
1722851400,51887.0,52026.0,51776.0,52011.0,12.00565268,2024-08-05 09:50:00+00:00,52011.0,150.0,0.002888172063100836,78.90446200497001,10.186522242890158,165.0,85.0,0.01755669348939283,0.030833333333333334
1722851460,51988.0,52025.0,51892.0,52016.0,0.75575086,2024-08-05 09:51:00+00:00,52016.0,5.0,9.61288896892057e-05,78.86729718312733,10.181724285021442,14.0,119.0,0.017497812773403325,0.030833333333333334
1722851520,52030.0,52239.0,52030.0,52154.0,0.87529247,2024-08-05 09:52:00+00:00,52154.0,138.0,0.002649516765465767,81.07766207862413,10.46708116599813,223.0,0.0,0.017313518972731208,0.030555555555555555
1722851580,52126.0,52291.0,52072.0,52247.0,0.85315472,2024-08-05 09:53:00+00:00,52247.0,93.0,0.0017815926015854841,82.02634274399155,10.589555313259362,137.0,82.0,0.016910935738444193,0.030555555555555555
1722851640,52233.0,52233.0,52150.0,52174.0,0.53845992,2024-08-05 09:54:00+00:00,52174.0,-73.0,-0.0013981864163810143,82.49295638481699,10.649794875260367,0.0,97.0,0.016811431773606052,0.03027777777777778
1722851700,52207.0,52281.0,52168.0,52261.0,0.71101281,2024-08-05 09:55:00+00:00,52261.0,87.0,0.001666108490935006,82.88658611736922,10.700612255218596,107.0,6.0,0.016811431773606052,0.030555555555555555
1722851760,52291.0,52374.0,52287.0,52326.0,0.57586697,2024-08-05 09:56:00+00:00,52326.0,65.0,0.0012429844697487869,82.50234716743256,10.651007220082965,113.0,0.0,0.016973125884016973,0.030555555555555555
1722851820,52310.0,52488.0,52307.0,52431.0,0.73420839,2024-08-05 09:57:00+00:00,52431.0,105.0,0.0020046399794301766,79.98441938673271,10.325944141362848,162.0,19.0,0.01708185053380783,0.030555555555555555
1722851880,52419.0,52479.0,52396.0,52467.0,2.17846067,2024-08-05 09:58:00+00:00,52467.0,36.0,0.0006863810828301707,79.31375690192893,10.239361986877142,48.0,35.0,0.017155110793423876,0.030555555555555555
1722851940,52443.0,52660.0,52437.0,52658.0,0.26286879,2024-08-05 09:59:00+00:00,52658.0,191.0,0.0036337733206854264,83.0349051918888,10.719760165403235,193.0,30.0,0.016908552909680147,0.030555555555555555
1722852000,52642.0,52642.0,52513.0,52537.0,0.36634446,2024-08-05 10:00:00+00:00,52537.0,-121.0,-0.0023004905815596434,84.16253444015219,10.865336475377251,0.0,145.0,0.01678556441460344,0.03027777777777778
1722852060,52514.0,52611.0,52491.0,52577.0,1.96776819,2024-08-05 10:01:00+00:00,52577.0,40.0,0.0007610784848982941,84.30118857691271,10.88323664746246,74.0,46.0,0.016771488469601678,0.03027777777777778
1722852120,52534.0,52580.0,52461.0,52495.0,1.24462963,2024-08-05 10:02:00+00:00,52495.0,-82.0,-0.0015608347922834206,84.84309879082299,10.953196955249602,3.0,116.0,0.016692168590902768,0.03027777777777778
1722852180,52492.0,52521.0,52469.0,52469.0,0.07363034,2024-08-05 10:03:00+00:00,52469.0,-26.0,-0.0004954079595244291,84.52521269964883,10.912158037345986,26.0,26.0,0.016842105263157894,0.03027777777777778
1722852240,52461.0,52490.0,52360.0,52385.0,0.27183442,2024-08-05 10:04:00+00:00,52385.0,-84.0,-0.0016022282024519348,85.12267651159206,10.98929028379991,21.0,109.0,0.0166828861393021,0.03027777777777778
1722852300,52415.0,52510.0,52391.0,52476.0,1.55277287,2024-08-05 10:05:00+00:00,52476.0,91.0,0.001735631413855557,85.93450896181608,11.094097402454189,125.0,0.0,0.016618196925633568,0.03
1722852360,52481.0,52501.0,52265.0,52323.0,1.05464413,2024-08-05 10:06:00+00:00,52323.0,-153.0,-0.0029198772641426877,87.5924628493946,11.308138328966571,25.0,211.0,0.01637107776261937,0.03
1722852420,52314.0,52314.0,52089.0,52089.0,0.85540468,2024-08-05 10:07:00+00:00,52089.0,-234.0,-0.004482250924530736,92.23861220725775,11.907953631866446,0.0,234.0,0.016036349057864493,0.03
1722852480,52245.0,52245.0,52136.0,52138.0,0.50510661,2024-08-05 10:08:00+00:00,52138.0,49.0,0.0009402554733416553,92.46573804314968,11.937275451196543,156.0,0.0,0.015858332232060263,0.029722222222222223
1722852540,52131.0,52161.0,51915.0,51972.0,5.89293756,2024-08-05 10:09:00+00:00,51972.0,-166.0,-0.003188937482962251,94.26585047073901,12.16966896630836,23.0,223.0,0.015635179153094463,0.029722222222222223
1722852600,51977.0,52055.0,51952.0,52016.0,0.34426394,2024-08-05 10:10:00+00:00,52016.0,44.0,0.0008462515410595306,94.19075488117036,12.159974167382591,83.0,20.0,0.01564537157757497,0.029722222222222223
1722852660,52037.0,52162.0,52012.0,52105.0,0.60023,2024-08-05 10:11:00+00:00,52105.0,89.0,0.0017095498828413006,94.48046909043157,12.197376110970202,146.0,4.0,0.015560165975103735,0.029722222222222223
1722852720,52102.0,52102.0,51998.0,52031.0,0.29916076,2024-08-05 10:12:00+00:00,52031.0,-74.0,-0.0014212186459210384,94.67060945079673,12.221923125941407,0.0,107.0,0.015467904098994584,0.029444444444444443
1722852780,51963.0,51963.0,51839.0,51862.0,0.32549541,2024-08-05 10:13:00+00:00,51862.0,-169.0,-0.003253350063276864,96.78650277101679,12.495083778993534,0.0,192.0,0.015269118208423466,0.029166666666666667
1722852840,51893.0,51970.0,51859.0,51938.0,0.43163637,2024-08-05 10:14:00+00:00,51938.0,76.0,0.0014643547896105171,96.62160453685712,12.473795508502887,108.0,3.0,0.015255530129672007,0.029166666666666667
1722852900,51927.0,51927.0,51714.0,51794.0,5.34789882,2024-08-05 10:15:00+00:00,51794.0,-144.0,-0.002776387084022106,97.6597040575597,12.60781358034912,0.0,224.0,0.015043249341857842,0.028888888888888888
1722852960,51792.0,51818.0,51714.0,51786.0,104.55019203,2024-08-05 10:16:00+00:00,51786.0,-8.0,-0.00015446997520577075,94.55996662507641,12.20763919856167,24.0,80.0,0.015172588190668858,0.029166666666666667
1722853020,51735.0,51772.0,51714.0,51715.0,4.94723243,2024-08-05 10:17:00+00:00,51715.0,-71.0,-0.0013719676358085536,94.40605140759175,12.187768829426803,0.0,72.0,0.01527689369828135,0.028888888888888888
1722853080,51741.0,51832.0,51714.0,51830.0,5.36785393,2024-08-05 10:18:00+00:00,51830.0,115.0,0.0022212573718481815,95.97112324639696,12.38981873500383,117.0,1.0,0.015163002274450341,0.028888888888888888
1722853140,51823.0,51828.0,51773.0,51828.0,0.43652502,2024-08-05 10:19:00+00:00,51828.0,-2.0,-3.858843505075335e-05,95.98355555954926,12.391423739730286,0.0,57.0,0.015199493350221659,0.02861111111111111
1722853200,51841.0,51841.0,51714.0,51714.0,22.59399516,2024-08-05 10:20:00+00:00,51714.0,-114.0,-0.0022020058732472258,96.76119331154105,12.491816341825166,13.0,114.0,0.015151515151515152,0.02861111111111111
1722853260,51714.0,51715.0,51618.0,51618.0,21.79472292,2024-08-05 10:21:00+00:00,51618.0,-96.0,-0.0018580890260510683,97.19531707349341,12.547861478499646,1.0,96.0,0.015015015015015017,0.02861111111111111
1722853320,51669.0,51702.0,51585.0,51688.0,5.99126311,2024-08-05 10:22:00+00:00,51688.0,70.0,0.001355197388598209,97.83955937416647,12.631032801880616,84.0,33.0,0.01488095238095238,0.02861111111111111
1722853380,51686.0,51686.0,51566.0,51619.0,0.70154653,2024-08-05 10:23:00+00:00,51619.0,-69.0,-0.0013358244893463874,97.90698918398736,12.639737952896425,0.0,122.0,0.014794723215386512,0.028333333333333332
1722853440,51581.0,51641.0,51495.0,51505.0,1.03199273,2024-08-05 10:24:00+00:00,51505.0,-114.0,-0.0022109314308612535,98.51243146193451,12.717900214882398,22.0,124.0,0.014696876913655847,0.028333333333333332
1722853500,51486.0,51553.0,51426.0,51492.0,3.2357332,2024-08-05 10:25:00+00:00,51492.0,-13.0,-0.0002524345382687953,97.11176507125288,12.537074961392317,48.0,79.0,0.014823965410747377,0.028333333333333332
1722853560,51447.0,51541.0,51424.0,51458.0,0.29384181,2024-08-05 10:26:00+00:00,51458.0,-34.0,-0.0006605148370301452,97.08393916059353,12.533482651773094,49.0,68.0,0.014723926380368096,0.028333333333333332
1722853620,51401.0,51416.0,51254.0,51317.0,2.11679154,2024-08-05 10:27:00+00:00,51317.0,-141.0,-0.00274385966359495,98.20992591394503,12.678846916565776,0.0,204.0,0.014579030494472118,0.028055555555555556
1722853680,51310.0,51310.0,51101.0,51151.0,4.15586298,2024-08-05 10:28:00+00:00,51151.0,-166.0,-0.0032400387481017765,99.48849974706059,12.843910088650881,0.0,216.0,0.014426544842510219,0.028055555555555556
1722853740,51156.0,51330.0,51156.0,51254.0,0.15507345,2024-08-05 10:29:00+00:00,51254.0,103.0,0.002011621204696683,100.39535406902074,12.960984478197144,179.0,0.0,0.014287415168472439,0.028055555555555556
1722853800,51221.0,51483.0,51221.0,51299.0,2.52795006,2024-08-05 10:30:00+00:00,51299.0,45.0,0.000877595055983817,100.38338232161564,12.95943893225298,229.0,33.0,0.014033446380540287,0.028055555555555556
1722853860,51300.0,51521.0,51299.0,51473.0,2.93533765,2024-08-05 10:31:00+00:00,51473.0,174.0,0.003386139537152324,103.59577571389039,13.374157135911208,222.0,0.0,0.013868022651103663,0.027777777777777776
1722853920,51473.0,51492.0,51355.0,51355.0,4.12498488,2024-08-05 10:32:00+00:00,51355.0,-118.0,-0.0022950957287262374,104.16750960110905,13.447967663366551,19.0,118.0,0.013802622498274672,0.027777777777777776
1722853980,51355.0,51428.0,51342.0,51410.0,10.5801979,2024-08-05 10:33:00+00:00,51410.0,55.0,0.001070403449645529,104.52590169089073,13.49423588320445,73.0,13.0,0.013786764705882353,0.027777777777777776
1722854040,51407.0,51422.0,51197.0,51210.0,3.19427394,2024-08-05 10:34:00+00:00,51210.0,-200.0,-0.003897880592954347,106.89571849596376,13.80017791719146,12.0,213.0,0.013562386980108499,0.027777777777777776
1722854100,51211.0,51211.0,51046.0,51059.0,2.9329073,2024-08-05 10:35:00+00:00,51059.0,-151.0,-0.0029529986550994574,108.10025034334451,13.955682310020864,1.0,164.0,0.013449899125756557,0.027777777777777776
1722854160,51107.0,51136.0,51012.0,51012.0,55.97956899,2024-08-05 10:36:00+00:00,51012.0,-47.0,-0.000920927654706104,107.98045831784121,13.940217226028105,77.0,47.0,0.013370473537604457,0.028055555555555556
1722854220,51013.0,51039.0,50785.0,50900.0,25.41626544,2024-08-05 10:37:00+00:00,50900.0,-112.0,-0.002197975608176352,108.49722717694087,14.006931798865823,27.0,227.0,0.013106159895150722,0.028055555555555556
1722854280,50858.0,50898.0,50714.0,50714.0,3.08579708,2024-08-05 10:38:00+00:00,50714.0,-186.0,-0.0036609169550614316,110.1500312234683,14.220307883757323,0.0,186.0,0.012883830792355595,0.027777777777777776
1722854340,50763.0,50866.0,50700.0,50740.0,3.58203227,2024-08-05 10:39:00+00:00,50740.0,26.0,0.0005125475697201505,110.3802812878057,14.250033039245388,152.0,14.0,0.012767315671879987,0.027777777777777776
1722854400,50741.0,51104.0,50741.0,50904.0,1.90801718,2024-08-05 10:40:00+00:00,50904.0,164.0,0.0032269517593552107,113.2006006552109,14.614134703943607,364.0,0.0,0.012368583797155226,0.0275
1722854460,50901.0,51036.0,50901.0,50959.0,1.96354916,2024-08-05 10:41:00+00:00,50959.0,55.0,0.0010798819069697903,112.61285488231675,14.53825705093618,132.0,3.0,0.012344409011418577,0.027777777777777776
1722854520,50981.0,51152.0,50937.0,51106.0,1.95377212,2024-08-05 10:42:00+00:00,51106.0,147.0,0.0028805193091271048,114.8876078146747,14.831926391728139,193.0,22.0,0.012169151201703681,0.027777777777777776
1722854580,51106.0,51443.0,51106.0,51443.0,1.59772475,2024-08-05 10:43:00+00:00,51443.0,337.0,0.0065724914554595275,123.98404649514673,16.006271575703643,337.0,0.0,0.011903580993949012,0.0275
1722854640,51418.0,51628.0,51353.0,51619.0,2.35936944,2024-08-05 10:44:00+00:00,51619.0,176.0,0.0034154231644704237,123.5488466725783,15.950087520200979,185.0,90.0,0.011903580993949012,0.027777777777777776
1722854700,51619.0,51759.0,51584.0,51594.0,2.43295771,2024-08-05 10:45:00+00:00,51594.0,-25.0,-0.0004844351097034441,123.52311250140141,15.946765252987761,140.0,35.0,0.011874134177716208,0.027777777777777776
1722854760,51585.0,51619.0,51468.0,51468.0,0.34600421,2024-08-05 10:46:00+00:00,51468.0,-126.0,-0.0024451313340707577,121.41302134208011,15.674353655686732,25.0,126.0,0.011972463334331038,0.027777777777777776
1722854820,51460.0,51547.0,51324.0,51495.0,15.16653841,2024-08-05 10:47:00+00:00,51495.0,27.0,0.0005244602550214343,119.34193385034958,15.406977410219703,79.0,144.0,0.012085809245644074,0.027777777777777776
1722854880,51491.0,51578.0,51358.0,51414.0,8.7250527,2024-08-05 10:48:00+00:00,51414.0,-81.0,-0.0015742066627283248,119.08070187617307,15.373252507370285,83.0,137.0,0.012054244098442994,0.027777777777777776
1722854940,51414.0,51690.0,51414.0,51607.0,5.26868406,2024-08-05 10:49:00+00:00,51607.0,193.0,0.003746813286370509,121.73454959448334,15.71586277458316,276.0,0.0,0.011897679952409281,0.0275
1722855000,51606.0,51623.0,51479.0,51490.0,0.73584315,2024-08-05 10:50:00+00:00,51490.0,-117.0,-0.0022697081433572207,120.87807159319826,15.605291940070822,16.0,128.0,0.012024048096192385,0.0275
1722855060,51468.0,51593.0,51358.0,51374.0,5.49223788,2024-08-05 10:51:00+00:00,51374.0,-116.0,-0.0022554061512860897,121.65278459616108,15.705306958689668,103.0,132.0,0.011902400317397342,0.0275
1722855120,51361.0,51366.0,51101.0,51251.0,0.97750231,2024-08-05 10:52:00+00:00,51251.0,-123.0,-0.0023970778834848383,120.90960694191105,15.60936313608354,0.0,273.0,0.011843663639952625,0.0275
1722855180,51254.0,51307.0,51191.0,51241.0,1.8785769,2024-08-05 10:53:00+00:00,51241.0,-10.0,-0.00019513718205771462,120.07785139433581,15.501983956621054,56.0,60.0,0.011965300628178282,0.0275
1722855240,51266.0,51456.0,51253.0,51440.0,0.22706967,2024-08-05 10:54:00+00:00,51440.0,199.0,0.003876087088142496,123.01734295076704,15.881470684766905,215.0,0.0,0.011826155513945008,0.0275
1722855300,51461.0,51511.0,51353.0,51413.0,0.30428456,2024-08-05 10:55:00+00:00,51413.0,-27.0,-0.0005250211587451189,122.33719262989868,15.79366365591221,71.0,87.0,0.011773940345368916,0.0275
1722855360,51394.0,51460.0,51278.0,51454.0,0.04077097,2024-08-05 10:56:00+00:00,51454.0,41.0,0.0007971458712918668,122.11309937737225,15.764733341411134,47.0,135.0,0.0116947665919501,0.027777777777777776
1722855420,51417.0,51417.0,51291.0,51323.0,0.06804236,2024-08-05 10:57:00+00:00,51323.0,-131.0,-0.002549209860992893,121.99839769254345,15.749925417573671,0.0,163.0,0.011715317777994729,0.0275
1722855480,51309.0,51423.0,51251.0,51364.0,1.08640471,2024-08-05 10:58:00+00:00,51364.0,41.0,0.0007985431881097719,122.03793403951386,15.75502953801988,100.0,72.0,0.011614401858304297,0.0275
1722855540,51370.0,51475.0,51337.0,51435.0,0.52487612,2024-08-05 10:59:00+00:00,51435.0,71.0,0.0013813366139659104,119.50534938266743,15.428074264725659,111.0,27.0,0.011710744608178003,0.0275
1722855600,51414.0,51483.0,51299.0,51317.0,0.06281426,2024-08-05 11:00:00+00:00,51317.0,-118.0,-0.0022967932862304886,119.46315887202876,15.422627493223272,48.0,136.0,0.0116663426015944,0.027777777777777776
1722855660,51375.0,51427.0,51263.0,51263.0,0.42959573,2024-08-05 11:01:00+00:00,51263.0,-54.0,-0.0010528369075472096,119.27474337335472,15.398303156938876,110.0,54.0,0.011616650532429816,0.027777777777777776
1722855720,51330.0,51330.0,51051.0,51051.0,0.2568515,2024-08-05 11:02:00+00:00,51051.0,-212.0,-0.004144111331806349,121.54414231493598,15.691281300493708,67.0,212.0,0.011439466158245948,0.027777777777777776
1722855780,51069.0,51161.0,51000.0,51006.0,0.51743593,2024-08-05 11:03:00+00:00,51006.0,-45.0,-0.0008818601941324755,121.57401200700828,15.695137461158787,110.0,51.0,0.011321822813472968,0.027777777777777776
1722855840,51002.0,51042.0,50918.0,51032.0,0.8403374,2024-08-05 11:04:00+00:00,51032.0,26.0,0.0005096140763773188,121.48912555088464,15.684178666795939,36.0,88.0,0.011328235627301047,0.027777777777777776
1722855900,51021.0,51117.0,50903.0,50992.0,0.08451352,2024-08-05 11:05:00+00:00,50992.0,-40.0,-0.0007841292646735563,120.58766649510402,15.567800803118399,85.0,129.0,0.011233851338700617,0.028055555555555556
1722855960,51008.0,51043.0,50925.0,50960.0,1.53029448,2024-08-05 11:06:00+00:00,50960.0,-32.0,-0.0006277464110727189,119.41227425578084,15.416058317513063,51.0,67.0,0.011359333585762969,0.028055555555555556
1722856020,50946.0,51116.0,50935.0,51064.0,1.57248082,2024-08-05 11:07:00+00:00,51064.0,104.0,0.002038736689848309,117.22863242351237,15.134151369164472,156.0,25.0,0.01141661116925126,0.028333333333333332
1722856080,51100.0,51243.0,51063.0,51063.0,2.21451165,2024-08-05 11:08:00+00:00,51063.0,-1.0,-1.9583459810431293e-05,116.9282398603354,15.095370856014174,179.0,1.0,0.011390602752728999,0.02861111111111111
1722856140,51082.0,51095.0,50987.0,51077.0,0.23557175,2024-08-05 11:09:00+00:00,51077.0,14.0,0.0002741335439137156,115.36313949785793,14.893317268046893,32.0,76.0,0.011541790901221507,0.02861111111111111
1722856200,51140.0,51348.0,51140.0,51319.0,0.53779309,2024-08-05 11:10:00+00:00,51319.0,242.0,0.004726755939059594,119.82276341650751,15.469052240289496,271.0,0.0,0.011358258400378608,0.028333333333333332
1722856260,51312.0,51535.0,51293.0,51419.0,0.39479099,2024-08-05 11:11:00+00:00,51419.0,100.0,0.001946699985990416,119.98762177212716,15.490335362482764,216.0,26.0,0.011260204560382847,0.028333333333333332
1722856320,51398.0,51547.0,51398.0,51486.0,0.32666831,2024-08-05 11:12:00+00:00,51486.0,67.0,0.0013021720901295736,120.122154163601,15.507703419539553,128.0,21.0,0.011216001495466867,0.02861111111111111
1722856380,51494.0,51707.0,51494.0,51626.0,4.38155109,2024-08-05 11:13:00+00:00,51626.0,140.0,0.0027154955006014553,119.77321319422815,15.462655334099868,221.0,0.0,0.011185682326621923,0.02861111111111111
1722856440,51700.0,51796.0,51675.0,51756.0,0.37267386,2024-08-05 11:14:00+00:00,51756.0,130.0,0.0025149459000659677,120.58416663450399,15.567348973057799,170.0,0.0,0.011124501715027348,0.028333333333333332
1722856500,51746.0,51901.0,51700.0,51901.0,0.26264393,2024-08-05 11:15:00+00:00,51901.0,145.0,0.0027976903552504695,120.6298571224326,15.573247589685385,145.0,56.0,0.011148272017837234,0.02861111111111111
1722856560,51926.0,51931.0,51746.0,51804.0,1.44924596,2024-08-05 11:16:00+00:00,51804.0,-97.0,-0.0018706914476161384,121.29754702900718,15.659445985971857,30.0,155.0,0.011065006915629323,0.02861111111111111
1722856620,51821.0,51895.0,51789.0,51895.0,0.36928773,2024-08-05 11:17:00+00:00,51895.0,91.0,0.0017550800559116109,121.48641550618878,15.68382880153012,91.0,15.0,0.01103042559058737,0.028888888888888888
1722856680,51860.0,51881.0,51555.0,51555.0,6.00982546,2024-08-05 11:18:00+00:00,51555.0,-340.0,-0.006573247447345408,128.3818842052506,16.574029982722152,0.0,340.0,0.01080983695162598,0.02861111111111111
1722856740,51623.0,51623.0,51451.0,51479.0,2.29213563,2024-08-05 11:19:00+00:00,51479.0,-76.0,-0.001475241450074123,128.71167248065862,16.616605466003143,68.0,104.0,0.010699001426533523,0.028888888888888888
1722856800,51503.0,51525.0,51334.0,51439.0,1.59402785,2024-08-05 11:20:00+00:00,51439.0,-40.0,-0.0007773179038472464,128.01010178182057,16.526033078243582,46.0,145.0,0.010638297872340425,0.028888888888888888
1722856860,51426.0,51477.0,51360.0,51423.0,3.40760762,2024-08-05 11:21:00+00:00,51423.0,-16.0,-0.0003110964229558182,127.45722113846259,16.454656494104718,38.0,79.0,0.010619469026548672,0.028888888888888888
1722856920,51438.0,51568.0,51438.0,51513.0,0.34128488,2024-08-05 11:22:00+00:00,51513.0,90.0,0.0017486598067456938,127.67799694526373,16.48315852820426,145.0,0.0,0.01059322033898305,0.02861111111111111
1722856980,51518.0,51652.0,51518.0,51568.0,0.05939832,2024-08-05 11:23:00+00:00,51568.0,55.0,0.0010671220733068443,127.59374420135968,16.472281545737175,139.0,0.0,0.010577346848832084,0.02861111111111111
1722857040,51568.0,51751.0,51568.0,51634.0,0.39243925,2024-08-05 11:24:00+00:00,51634.0,66.0,0.0012790451541203815,127.0029794125358,16.39601413944915,183.0,0.0,0.010542962572482868,0.028333333333333332
1722857100,51643.0,51650.0,51530.0,51544.0,0.07447972,2024-08-05 11:25:00+00:00,51544.0,-90.0,-0.0017445583908610007,127.54653078043427,16.46618631930512,16.0,104.0,0.01054945054945055,0.028333333333333332
1722857160,51530.0,51530.0,51245.0,51272.0,1.30241883,2024-08-05 11:26:00+00:00,51272.0,-272.0,-0.005291017634415548,132.26292509971256,17.075070207728857,0.0,299.0,0.010383317469931643,0.028055555555555556
1722857220,51284.0,51284.0,50938.0,50991.0,0.80557212,2024-08-05 11:27:00+00:00,50991.0,-281.0,-0.0054956476386016535,135.92125919283174,17.547359108312637,12.0,334.0,0.01025728694760236,0.028333333333333332
1722857280,50991.0,51007.0,50805.0,51000.0,12.12155068,2024-08-05 11:28:00+00:00,51000.0,9.0,0.0001764861610016212,134.28511176946546,17.33613338422471,16.0,186.0,0.010269576379974325,0.02861111111111111
1722857340,51000.0,51063.0,50866.0,50959.0,1.41143969,2024-08-05 11:29:00+00:00,50959.0,-41.0,-0.0008042448868649439,133.65263497648732,17.254480981355808,63.0,134.0,0.010253781081773904,0.028888888888888888
1722857400,50946.0,51226.0,50905.0,51026.0,1.19225879,2024-08-05 11:30:00+00:00,51026.0,67.0,0.001313918902563539,133.8219693904009,17.27634196019005,267.0,54.0,0.010202346539704131,0.028888888888888888
1722857460,50968.0,51191.0,50968.0,51074.0,1.42914886,2024-08-05 11:31:00+00:00,51074.0,48.0,0.0009402547215732046,131.94809264457876,17.034425512542896,165.0,58.0,0.0102014792144861,0.029166666666666667
1722857520,51075.0,51129.0,50952.0,51062.0,2.23893565,2024-08-05 11:32:00+00:00,51062.0,-12.0,-0.00023498081098176346,131.13908926961193,16.929983625933826,55.0,122.0,0.010166906718630856,0.029166666666666667
1722857580,51038.0,51038.0,50871.0,50900.0,0.86338061,2024-08-05 11:33:00+00:00,50900.0,-162.0,-0.0031776570941387913,132.44538369085166,17.09862551055733,0.0,191.0,0.010077258985555929,0.028888888888888888
1722857640,50911.0,51093.0,50848.0,50929.0,2.51697499,2024-08-05 11:34:00+00:00,50929.0,29.0,0.0005695823544181338,130.1124014291093,16.79743879566648,193.0,52.0,0.01006036217303823,0.028888888888888888
1722857700,50979.0,51067.0,50888.0,51020.0,1.33939425,2024-08-05 11:35:00+00:00,51020.0,91.0,0.001785206802770162,129.24786658567763,16.685827827305584,138.0,41.0,0.010048568079048735,0.028888888888888888
1722857760,51033.0,51074.0,50935.0,51001.0,0.66412861,2024-08-05 11:36:00+00:00,51001.0,-19.0,-0.0003724723384335265,129.12817068043984,16.670375152385745,54.0,85.0,0.010035962197875722,0.028888888888888888
1722857820,51001.0,51152.0,50916.0,51029.0,8.43864001,2024-08-05 11:37:00+00:00,51029.0,28.0,0.0005488581927453473,128.3358709118843,16.56808969209176,151.0,85.0,0.010051093056369882,0.028888888888888888
1722857880,51029.0,51116.0,50914.0,50968.0,5.53735131,2024-08-05 11:38:00+00:00,50968.0,-61.0,-0.0011961137537900535,126.22704411760039,16.29584132361517,87.0,115.0,0.010037641154328732,0.029166666666666667
1722857940,50949.0,50983.0,50713.0,50762.0,2.54704279,2024-08-05 11:39:00+00:00,50762.0,-206.0,-0.004049941640972343,129.07033513720086,16.662908615859628,15.0,255.0,0.009951073886723609,0.029166666666666667
1722858000,50802.0,50899.0,50669.0,50870.0,2.51631176,2024-08-05 11:40:00+00:00,50870.0,108.0,0.002125315661458918,128.06557730473654,16.533194937456106,137.0,93.0,0.010062893081761006,0.029444444444444443
1722858060,50812.0,51044.0,50769.0,50940.0,5.67834659,2024-08-05 11:41:00+00:00,50940.0,70.0,0.0013751107166373815,128.19046894244354,16.54931837855343,174.0,101.0,0.009946125155408206,0.029444444444444443
1722858120,50929.0,51123.0,50929.0,51022.0,1.0866666,2024-08-05 11:42:00+00:00,51022.0,82.0,0.0016084427076446784,127.19519231933457,16.42082871901441,183.0,11.0,0.009963467286615743,0.029444444444444443
1722858180,51016.0,51021.0,50841.0,50882.0,0.09694335,2024-08-05 11:43:00+00:00,50882.0,-140.0,-0.002747685823534353,120.41183918929698,15.545101595545093,0.0,181.0,0.01009421265141319,0.029444444444444443
1722858240,50910.0,51167.0,50895.0,51082.0,1.48165727,2024-08-05 11:44:00+00:00,51082.0,200.0,0.0039229582302242145,121.07602668277524,15.630847832245111,285.0,0.0,0.010085728693898134,0.029166666666666667
1722858300,51072.0,51263.0,51005.0,51241.0,0.68168528,2024-08-05 11:45:00+00:00,51241.0,159.0,0.003107808175576009,122.97789406791163,15.876377855889388,181.0,77.0,0.010015858442534012,0.029166666666666667
1722858360,51253.0,51401.0,51177.0,51358.0,0.97033756,2024-08-05 11:46:00+00:00,51358.0,117.0,0.0022807249723024326,122.9564021763737,15.873603264622558,160.0,64.0,0.009955201592832254,0.029166666666666667
1722858420,51364.0,51467.0,51347.0,51441.0,0.69175085,2024-08-05 11:47:00+00:00,51441.0,83.0,0.0016148020513000727,123.39075316287546,15.929677735860226,109.0,11.0,0.010041000753075057,0.029166666666666667
1722858480,51452.0,51518.0,51402.0,51441.0,2.42806538,2024-08-05 11:48:00+00:00,51441.0,0.0,0.0,122.9418251567843,15.871721379485654,77.0,39.0,0.010129146619397317,0.029166666666666667
1722858540,51436.0,51439.0,51364.0,51389.0,1.02005531,2024-08-05 11:49:00+00:00,51389.0,-52.0,-0.0010113780887387421,120.48221848783902,15.554187523917461,0.0,77.0,0.010302197802197802,0.029166666666666667
1722858600,51403.0,51403.0,51263.0,51327.0,2.36179564,2024-08-05 11:50:00+00:00,51327.0,-62.0,-0.0012072122654640137,119.81243698588699,15.467719103828863,14.0,126.0,0.010305736860185504,0.029166666666666667
1722858660,51327.0,51401.0,51327.0,51393.0,0.94428367,2024-08-05 11:51:00+00:00,51393.0,66.0,0.0012850469058100103,119.1980962859393,15.388408060502368,74.0,0.0,0.010450230775929636,0.028888888888888888
1722858720,51385.0,51526.0,51342.0,51405.0,4.08240032,2024-08-05 11:52:00+00:00,51405.0,12.0,0.00023346757825076133,118.09998158220635,15.246642061842929,133.0,51.0,0.010531858873091101,0.029166666666666667
1722858780,51404.0,51494.0,51345.0,51409.0,0.29521241,2024-08-05 11:53:00+00:00,51409.0,4.0,7.781041496323339e-05,118.08856199724102,15.245167799763216,89.0,60.0,0.010501443948542926,0.029166666666666667
1722858840,51432.0,51656.0,51432.0,51505.0,1.7831415,2024-08-05 11:54:00+00:00,51505.0,96.0,0.0018656359260115574,115.91672809869725,14.964785249103592,247.0,0.0,0.010472117985862641,0.029166666666666667
1722858900,51480.0,51590.0,51478.0,51546.0,0.79491705,2024-08-05 11:55:00+00:00,51546.0,41.0,0.0007957225483177152,115.96991013403925,14.971651020343492,85.0,27.0,0.010514325768860073,0.029166666666666667
1722858960,51544.0,51568.0,51452.0,51496.0,0.62694989,2024-08-05 11:56:00+00:00,51496.0,-50.0,-0.0009704781336596852,116.04912752795673,14.98187794192257,22.0,94.0,0.010575482506389353,0.029166666666666667
1722859020,51495.0,51495.0,51365.0,51411.0,0.23655654,2024-08-05 11:57:00+00:00,51411.0,-85.0,-0.001651977403492955,115.31393651593991,14.886965190395154,0.0,131.0,0.010605391073795845,0.029166666666666667
1722859080,51409.0,51460.0,51359.0,51442.0,0.10607599,2024-08-05 11:58:00+00:00,51442.0,31.0,0.0006028020755585011,115.2630447781308,14.880395095295345,49.0,52.0,0.010672358591248666,0.029166666666666667
1722859140,51461.0,51461.0,51344.0,51344.0,0.38941733,2024-08-05 11:59:00+00:00,51344.0,-98.0,-0.0019068750548791697,115.59536259343325,14.923297140772492,19.0,98.0,0.010692328254477412,0.029166666666666667
1722859200,51335.0,51397.0,51153.0,51153.0,0.72920972,2024-08-05 12:00:00+00:00,51153.0,-191.0,-0.003726942663376782,117.21497947118081,15.132388780597584,53.0,191.0,0.010635469290082425,0.029166666666666667
1722859260,51258.0,51258.0,51144.0,51155.0,0.63395486,2024-08-05 12:01:00+00:00,51155.0,2.0,3.909762677899574e-05,117.02264013892658,15.107557879576207,105.0,9.0,0.010682809578919256,0.029166666666666667
1722859320,51161.0,51161.0,50992.0,51127.0,1.79549341,2024-08-05 12:02:00+00:00,51127.0,-28.0,-0.0005475059286961187,113.78702476842287,14.689841731419753,6.0,163.0,0.010788456351703677,0.029166666666666667
1722859380,51188.0,51338.0,51151.0,51331.0,0.55930574,2024-08-05 12:03:00+00:00,51331.0,204.0,0.003982124764768493,116.57750628552394,15.05009134620749,211.0,0.0,0.010740177212924014,0.028888888888888888
1722859440,51359.0,51528.0,51356.0,51517.0,15.26252541,2024-08-05 12:04:00+00:00,51517.0,186.0,0.0036169921200363874,118.86387195652486,15.34525988511172,197.0,0.0,0.010670460608216255,0.02861111111111111
1722859500,51515.0,51559.0,51437.0,51477.0,2.04026533,2024-08-05 12:05:00+00:00,51477.0,-40.0,-0.0007767443154185062,118.86387195652486,15.34525988511172,42.0,80.0,0.010758472296933835,0.02861111111111111
1722859560,51488.0,51488.0,51372.0,51433.0,4.98173224,2024-08-05 12:06:00+00:00,51433.0,-44.0,-0.0008551161729890804,118.94252873233737,15.35541443120466,11.0,105.0,0.010760401721664275,0.02861111111111111
1722859620,51421.0,51461.0,51211.0,51237.0,5.58160726,2024-08-05 12:07:00+00:00,51237.0,-196.0,-0.003818062493440383,121.11922850697265,15.636425163766521,28.0,222.0,0.010694234025487923,0.02861111111111111
1722859680,51208.0,51346.0,51204.0,51318.0,2.87565423,2024-08-05 12:08:00+00:00,51318.0,81.0,0.0015796405215355274,121.53657815862859,15.690304772113485,109.0,33.0,0.01073057319145131,0.02861111111111111
1722859740,51322.0,51394.0,51320.0,51393.0,2.75891306,2024-08-05 12:09:00+00:00,51393.0,75.0,0.0014604085897315508,121.87418723472275,15.733889916421525,76.0,0.0,0.010761366693570083,0.028333333333333332
1722859800,51394.0,51439.0,51265.0,51272.0,0.57149778,2024-08-05 12:10:00+00:00,51272.0,-121.0,-0.002357182214505475,118.8967778592452,15.34950801888598,46.0,128.0,0.010855798805862132,0.02861111111111111
1722859860,51263.0,51369.0,51243.0,51312.0,0.66066428,2024-08-05 12:11:00+00:00,51312.0,40.0,0.0007798487488732729,118.2855051748237,15.27059305466078,97.0,29.0,0.010970927043335162,0.02861111111111111
1722859920,51277.0,51326.0,51102.0,51102.0,0.51360519,2024-08-05 12:12:00+00:00,51102.0,-210.0,-0.004101007563800283,120.93144156637676,15.612181973981086,14.0,210.0,0.010896213565785889,0.02861111111111111
1722859980,51091.0,51091.0,50949.0,51008.0,1.610344,2024-08-05 12:13:00+00:00,51008.0,-94.0,-0.0018411522192489933,119.8988698155692,15.478877534159688,0.0,153.0,0.0109639104613979,0.02861111111111111
1722860040,51037.0,51050.0,50755.0,50809.0,13.28259142,2024-08-05 12:14:00+00:00,50809.0,-199.0,-0.0039089789209109105,120.8927373947758,15.60718528691311,42.0,253.0,0.01084010840108401,0.028888888888888888
1722860100,50889.0,50915.0,50827.0,50841.0,0.16430114,2024-08-05 12:15:00+00:00,50841.0,32.0,0.0006296114325055718,119.21404573524437,15.390467125553691,106.0,0.0,0.010933940774487472,0.02861111111111111
1722860160,50841.0,50897.0,50810.0,50810.0,0.15994293,2024-08-05 12:16:00+00:00,50810.0,-31.0,-0.0006099300737039313,118.77330160916303,15.3335673035453,56.0,31.0,0.011032453801599706,0.02861111111111111
1722860220,50807.0,50807.0,50644.0,50644.0,4.83348625,2024-08-05 12:17:00+00:00,50644.0,-166.0,-0.0032724219476338015,119.46048563068295,15.422282379249516,0.0,166.0,0.010971930145378074,0.028333333333333332
1722860280,50601.0,50601.0,50450.0,50470.0,2.58313037,2024-08-05 12:18:00+00:00,50470.0,-174.0,-0.0034416633058356964,113.72853370430413,14.68229056751196,0.0,194.0,0.011120378092855158,0.028333333333333332
1722860340,50519.0,50531.0,50384.0,50448.0,1.16727876,2024-08-05 12:19:00+00:00,50448.0,-22.0,-0.0004359975494660641,113.47582310509361,14.649665769440212,61.0,86.0,0.01114620100315809,0.028333333333333332
1722860400,50443.0,50443.0,50305.0,50344.0,1.42245504,2024-08-05 12:20:00+00:00,50344.0,-104.0,-0.0020636565780725634,113.99355096239837,14.716504148413845,0.0,143.0,0.011196118678857996,0.028055555555555556
1722860460,50348.0,50348.0,50228.0,50231.0,3.30592362,2024-08-05 12:21:00+00:00,50231.0,-113.0,-0.0022470802395869053,114.64705849954824,14.800871608680593,4.0,116.0,0.011192985728943195,0.028055555555555556
1722860520,50243.0,50509.0,50243.0,50369.0,5.01620771,2024-08-05 12:22:00+00:00,50369.0,138.0,0.0027435404882834033,115.59028559655759,14.92264170329422,278.0,0.0,0.01105583195135434,0.028055555555555556
1722860580,50393.0,50395.0,50229.0,50300.0,1.6635328,2024-08-05 12:23:00+00:00,50300.0,-69.0,-0.001370829367635417,115.35185181657938,14.891860034659924,26.0,140.0,0.011028398125172319,0.028333333333333332
1722860640,50300.0,50384.0,50278.0,50298.0,1.924709,2024-08-05 12:24:00+00:00,50298.0,-2.0,-3.97622219181576e-05,114.81405256616732,14.822430449978299,84.0,22.0,0.011106997408367271,0.02861111111111111
1722860700,50271.0,50297.0,50228.0,50235.0,1.5773887,2024-08-05 12:25:00+00:00,50235.0,-63.0,-0.0012533199694977674,114.59678636998356,14.79438150466118,0.0,70.0,0.011158638646085179,0.028333333333333332
1722860760,50239.0,50239.0,50180.0,50181.0,56.56377846,2024-08-05 12:26:00+00:00,50181.0,-54.0,-0.0010755259162962341,109.88938840313828,14.186659040342434,4.0,55.0,0.011413353623739776,0.02861111111111111
1722860820,50181.0,50234.0,50163.0,50216.0,2.44569942,2024-08-05 12:27:00+00:00,50216.0,35.0,0.0006972320172493218,104.52123159008082,13.493632975782385,53.0,18.0,0.011719894520949311,0.02861111111111111
1722860880,50206.0,50230.0,50092.0,50093.0,3.14287365,2024-08-05 12:28:00+00:00,50093.0,-123.0,-0.002452423245120337,105.43728020248408,13.61189434312086,14.0,124.0,0.011793611793611793,0.02861111111111111
1722860940,50112.0,50275.0,50112.0,50210.0,3.48461278,2024-08-05 12:29:00+00:00,50210.0,117.0,0.002332932276503809,106.7448235027476,13.78069745733305,182.0,0.0,0.011811023622047244,0.028333333333333332
1722861000,50218.0,50544.0,50151.0,50336.0,5.69581436,2024-08-05 12:30:00+00:00,50336.0,126.0,0.0025063168292532305,107.75639506760639,13.91129078480622,334.0,59.0,0.011727912431587178,0.028333333333333332
1722861060,50341.0,50404.0,50305.0,50342.0,2.25273915,2024-08-05 12:31:00+00:00,50342.0,6.0,0.0001191918792010374,107.49943634065849,13.878117555801824,68.0,31.0,0.01187178472497032,0.028333333333333332
1722861120,50342.0,50342.0,49886.0,49952.0,27.31667944,2024-08-05 12:32:00+00:00,49952.0,-390.0,-0.007777174422046791,118.04645738731375,15.239732117994988,0.0,456.0,0.011552902666795031,0.028055555555555556
1722861180,49925.0,49967.0,49784.0,49932.0,18.9895498,2024-08-05 12:33:00+00:00,49932.0,-20.0,-0.00040046454421704107,116.53448848152073,15.044537771590994,15.0,168.0,0.011561807495905194,0.028333333333333332
1722861240,49982.0,50302.0,49982.0,50302.0,2.60060967,2024-08-05 12:34:00+00:00,50302.0,370.0,0.007382757957835836,126.6491784686329,16.350338633995538,370.0,0.0,0.011424219345011425,0.028055555555555556
1722861300,50292.0,50523.0,50272.0,50482.0,0.3787423,2024-08-05 12:35:00+00:00,50482.0,180.0,0.00357199935282679,128.36705404803726,16.572115417658523,221.0,30.0,0.0113464447806354,0.028055555555555556
1722861360,50441.0,50451.0,50278.0,50383.0,2.19540235,2024-08-05 12:36:00+00:00,50383.0,-99.0,-0.0019630205084212545,128.88745583332152,16.63929899924994,0.0,204.0,0.011277135607555682,0.027777777777777776
1722861420,50369.0,50551.0,50327.0,50551.0,2.5540005,2024-08-05 12:37:00+00:00,50551.0,168.0,0.0033289110734352235,130.84496799540088,16.89201273270767,168.0,56.0,0.011289867344058707,0.027777777777777776
1722861480,50551.0,50957.0,50551.0,50679.0,12.02023878,2024-08-05 12:38:00+00:00,50679.0,128.0,0.0025288959442197577,131.81799106480705,17.01762947081719,406.0,0.0,0.011077263915812794,0.0275
1722861540,50645.0,50647.0,50442.0,50530.0,6.25101727,2024-08-05 12:39:00+00:00,50530.0,-149.0,-0.0029444043048836707,130.5427349557128,16.852994615061483,0.0,237.0,0.011111111111111112,0.02722222222222222
1722861600,50501.0,50886.0,50500.0,50844.0,10.13534174,2024-08-05 12:40:00+00:00,50844.0,314.0,0.0061949021286052145,136.1243657022984,17.573580045934992,356.0,30.0,0.01095290251916758,0.02722222222222222
1722861660,50838.0,51103.0,50756.0,51020.0,8.93925216,2024-08-05 12:41:00+00:00,51020.0,176.0,0.003455591281242924,137.73232042768848,17.7811661083647,259.0,88.0,0.010881392818280738,0.02722222222222222
1722861720,51009.0,51263.0,50983.0,51145.0,151.8408185,2024-08-05 12:42:00+00:00,51145.0,125.0,0.002447023195305465,138.2699919648731,17.85057920533956,243.0,37.0,0.010797192729890229,0.02722222222222222
1722861780,51077.0,51139.0,50982.0,51134.0,1.37007443,2024-08-05 12:43:00+00:00,51134.0,-11.0,-0.00021509791926812858,137.02106729023788,17.689343723155236,0.0,163.0,0.010814708002883922,0.02722222222222222
1722861840,51134.0,51134.0,50796.0,50933.0,0.80949629,2024-08-05 12:44:00+00:00,50933.0,-201.0,-0.003938594449425367,137.088427686839,17.698039912962905,0.0,338.0,0.010763297156695668,0.02722222222222222
1722861900,50909.0,50909.0,50695.0,50754.0,6.21631515,2024-08-05 12:45:00+00:00,50754.0,-179.0,-0.0035206109903447576,137.28469635435448,17.723378088985232,0.0,238.0,0.010782639949681014,0.026944444444444444
1722861960,50708.0,50752.0,50531.0,50576.0,2.3599304,2024-08-05 12:46:00+00:00,50576.0,-178.0,-0.003513277076670562,138.00847022232844,17.816816893554673,0.0,223.0,0.010783608914450037,0.02666666666666667
1722862020,50575.0,50638.0,50338.0,50470.0,1.9105493,2024-08-05 12:47:00+00:00,50470.0,-106.0,-0.002098055121090948,137.93630213373,17.80750003337903,62.0,238.0,0.010611956137247965,0.02666666666666667
1722862080,50442.0,50603.0,50415.0,50550.0,4.52798585,2024-08-05 12:48:00+00:00,50550.0,80.0,0.0015838451143095039,138.48096301890752,17.8778154512998,133.0,55.0,0.01054481546572935,0.02666666666666667
1722862140,50621.0,50645.0,50459.0,50574.0,0.37757383,2024-08-05 12:49:00+00:00,50574.0,24.0,0.00047466477691958966,138.48297841516273,17.878075637837547,95.0,91.0,0.010444773261380451,0.026944444444444444
1722862200,50588.0,50608.0,50450.0,50477.0,0.27225238,2024-08-05 12:50:00+00:00,50477.0,-97.0,-0.0019198232534643615,138.76381185390503,17.914331078881116,34.0,124.0,0.010428434865733902,0.026944444444444444
1722862260,50453.0,50487.0,50301.0,50361.0,0.15707473,2024-08-05 12:51:00+00:00,50361.0,-116.0,-0.0023007209815491996,138.9707687834789,17.94104910360184,10.0,176.0,0.010327911179963851,0.02722222222222222
1722862320,50361.0,50411.0,50273.0,50273.0,0.41804105,2024-08-05 12:52:00+00:00,50273.0,-88.0,-0.0017489123443453463,139.214073254432,17.97245957573715,50.0,88.0,0.010368962239695844,0.02722222222222222
1722862380,50315.0,50315.0,49910.0,50016.0,4.41268244,2024-08-05 12:53:00+00:00,50016.0,-257.0,-0.005125199424975136,142.52577425744292,18.399998336813137,42.0,363.0,0.01014455997971088,0.02722222222222222
1722862440,50021.0,50087.0,49937.0,49981.0,4.6221379,2024-08-05 12:54:00+00:00,49981.0,-35.0,-0.0007000210292159117,141.66936919987853,18.28943691929465,71.0,79.0,0.010228435049437436,0.0275
1722862500,49963.0,49963.0,49577.0,49587.0,158.37429659,2024-08-05 12:55:00+00:00,49587.0,-394.0,-0.007914230606524143,149.14704665337393,19.254800927484595,0.0,404.0,0.00998003992015968,0.02722222222222222
1722862560,49630.0,49797.0,49630.0,49664.0,5.56910791,2024-08-05 12:56:00+00:00,49664.0,77.0,0.0015516219574276033,149.79641174524636,19.338633600365608,210.0,0.0,0.009902624195411784,0.026944444444444444
1722862620,49664.0,49904.0,49664.0,49861.0,10.21404584,2024-08-05 12:57:00+00:00,49861.0,197.0,0.00395880949077653,152.4588487591708,19.682352740874126,240.0,0.0,0.009814345301382187,0.026944444444444444
1722862680,49854.0,49919.0,49773.0,49822.0,4.72414322,2024-08-05 12:58:00+00:00,49822.0,-39.0,-0.0007824805029924126,152.2843014712161,19.659818782894988,58.0,88.0,0.009778357235984355,0.026944444444444444
1722862740,49846.0,49913.0,49786.0,49814.0,2.49001168,2024-08-05 12:59:00+00:00,49814.0,-8.0,-0.0001605845280258733,152.01611199173826,19.62519566997346,91.0,36.0,0.009770395701025891,0.026944444444444444
1722862800,49800.0,49823.0,49633.0,49676.0,0.52071036,2024-08-05 13:00:00+00:00,49676.0,-138.0,-0.002774149934725729,151.18986734798244,19.518527945134817,9.0,181.0,0.009813542688910696,0.026944444444444444
1722862860,49653.0,49949.0,49586.0,49900.0,7.6677457,2024-08-05 13:01:00+00:00,49900.0,224.0,0.004499083671686813,154.53180152840963,19.94996979263201,273.0,90.0,0.00961769656167348,0.026944444444444444
1722862920,49887.0,50160.0,49845.0,50091.0,2.298016,2024-08-05 13:02:00+00:00,50091.0,191.0,0.003820348477456838,156.92942024315602,20.259501037724277,260.0,55.0,0.009506456468351422,0.026944444444444444
1722862980,50058.0,50117.0,49949.0,50117.0,13.02767342,2024-08-05 13:03:00+00:00,50117.0,26.0,0.0005189206567027994,154.33667431802456,19.924778978091567,26.0,142.0,0.009538950715421305,0.02722222222222222
1722863040,50076.0,50131.0,50023.0,50070.0,3.79033549,2024-08-05 13:04:00+00:00,50070.0,-47.0,-0.0009382455497790908,151.9727999376991,19.619604107840672,14.0,94.0,0.009606916980225762,0.0275
1722863100,50060.0,50580.0,49995.0,50580.0,5.9297043,2024-08-05 13:05:00+00:00,50580.0,510.0,0.010134214899965726,166.857030550312,21.54115001729935,510.0,75.0,0.009263547938860583,0.0275
1722863160,50594.0,50603.0,50360.0,50477.0,4.74491066,2024-08-05 13:06:00+00:00,50477.0,-103.0,-0.002038454251883263,167.20462108068193,21.586023761813422,23.0,220.0,0.009173610580230869,0.0275
1722863220,50524.0,50533.0,50417.0,50523.0,0.93033035,2024-08-05 13:07:00+00:00,50523.0,46.0,0.0009108911520912337,165.69941133043955,21.39170201863883,56.0,60.0,0.009268556422337221,0.0275
1722863280,50500.0,50512.0,50424.0,50446.0,1.87370678,2024-08-05 13:08:00+00:00,50446.0,-77.0,-0.0015252209079436817,165.453303019994,21.359929572381535,0.0,99.0,0.009299442033477991,0.02722222222222222
1722863340,50442.0,50477.0,50249.0,50259.0,3.07464959,2024-08-05 13:09:00+00:00,50259.0,-187.0,-0.003713821854578296,166.50430849008885,21.495613795129877,31.0,197.0,0.009191176470588236,0.0275
1722863400,50289.0,50474.0,50289.0,50411.0,0.19936986,2024-08-05 13:10:00+00:00,50411.0,152.0,0.003019769852139567,167.39467470216616,21.61055957884325,215.0,0.0,0.00916240360387875,0.02722222222222222
1722863460,50391.0,50411.0,50275.0,50297.0,0.52581143,2024-08-05 13:11:00+00:00,50297.0,-114.0,-0.002263972051731832,167.7275122380997,21.65352871996536,0.0,136.0,0.009155413138017853,0.026944444444444444
1722863520,50282.0,50328.0,50218.0,50218.0,0.33384449,2024-08-05 13:12:00+00:00,50218.0,-79.0,-0.0015719050145085566,166.01540327419545,21.43249640316224,31.0,79.0,0.009235742322789193,0.026944444444444444
1722863580,50225.0,50247.0,50152.0,50226.0,1.46391674,2024-08-05 13:13:00+00:00,50226.0,8.0,0.00015929274057014384,165.71191733856247,21.393316537345083,29.0,66.0,0.009277155005798222,0.02722222222222222
1722863640,50206.0,50223.0,49970.0,49994.0,9.16194061,2024-08-05 13:14:00+00:00,49994.0,-232.0,-0.004629822678404361,166.3929687712108,21.481239899230342,0.0,256.0,0.009305210918114143,0.026944444444444444
1722863700,50009.0,50064.0,49938.0,50023.0,1.59339563,2024-08-05 13:15:00+00:00,50023.0,29.0,0.0005799014330102998,166.3794893106623,21.479499708356336,70.0,56.0,0.009290802105915144,0.02722222222222222
1722863760,49966.0,49983.0,49849.0,49867.0,0.57391505,2024-08-05 13:16:00+00:00,49867.0,-156.0,-0.003123438318675504,167.3802219515942,21.608693736767513,0.0,174.0,0.00922863954472045,0.026944444444444444
1722863820,49875.0,49922.0,49817.0,49922.0,4.72241276,2024-08-05 13:17:00+00:00,49922.0,55.0,0.0011023260192868623,166.44609924778118,21.488099014261444,55.0,50.0,0.00927213722763097,0.02722222222222222
1722863880,49963.0,50191.0,49941.0,50110.0,1.05212815,2024-08-05 13:18:00+00:00,50110.0,188.0,0.0037588016104415957,167.03546766368837,21.564186149581083,269.0,0.0,0.00921871398939848,0.02722222222222222
1722863940,50107.0,50141.0,50034.0,50141.0,3.30077366,2024-08-05 13:19:00+00:00,50141.0,31.0,0.0006184477159941254,167.08955192226077,21.571168397339182,31.0,76.0,0.00924712953687293,0.02722222222222222
1722864000,50187.0,50273.0,50017.0,50070.0,0.6712982,2024-08-05 13:20:00+00:00,50070.0,-71.0,-0.0014170103457740253,166.81262874058604,21.535417768312346,132.0,124.0,0.009167303284950344,0.0275
1722864060,50063.0,50220.0,50063.0,50115.0,0.80972876,2024-08-05 13:21:00+00:00,50115.0,45.0,0.0008983381349761128,166.31824371394245,21.47159293581885,150.0,7.0,0.009141464157842614,0.0275
1722864120,50120.0,50162.0,50086.0,50095.0,1.44326467,2024-08-05 13:22:00+00:00,50095.0,-20.0,-0.00039916176560323563,165.31288943221983,21.341802256147183,47.0,29.0,0.009284332688588009,0.027777777777777776
1722864180,50085.0,50200.0,49924.0,50004.0,4.17956412,2024-08-05 13:23:00+00:00,50004.0,-91.0,-0.0018182004829095746,165.48253701371976,21.363703664742967,105.0,171.0,0.009205983889528193,0.027777777777777776
1722864240,50003.0,50165.0,49967.0,50057.0,3.55285398,2024-08-05 13:24:00+00:00,50057.0,53.0,0.0010593538932554215,165.651307419282,21.385491830412143,161.0,37.0,0.009141464157842614,0.027777777777777776
1722864300,50041.0,50156.0,50026.0,50082.0,1.674256,2024-08-05 13:25:00+00:00,50082.0,25.0,0.0004993059750823283,165.50973395513105,21.367214774781427,99.0,31.0,0.009099871085159627,0.028055555555555556
1722864360,50067.0,50067.0,49743.0,49765.0,5.12389319,2024-08-05 13:26:00+00:00,49765.0,-317.0,-0.006349736398627782,170.30848050250876,21.986730290136897,0.0,339.0,0.008910670527957229,0.027777777777777776
1722864420,49768.0,49959.0,49756.0,49928.0,3.74354758,2024-08-05 13:27:00+00:00,49928.0,163.0,0.0032700419337150814,171.63913662198064,22.15851725647835,194.0,9.0,0.008824178248400618,0.027777777777777776
1722864480,49918.0,49960.0,49763.0,49836.0,4.04347141,2024-08-05 13:28:00+00:00,49836.0,-92.0,-0.0018443531951250886,171.32366946080182,22.117790621094322,32.0,165.0,0.008786059452335628,0.027777777777777776
1722864540,49832.0,49846.0,49650.0,49749.0,10.37717312,2024-08-05 13:29:00+00:00,49749.0,-87.0,-0.0017472515365453546,170.89966247119483,22.063051554113542,10.0,186.0,0.008777062609713282,0.028055555555555556
1722864600,49739.0,50616.0,49635.0,50537.0,12.40663822,2024-08-05 13:30:00+00:00,50537.0,788.0,0.015715378374541292,198.77300101423066,25.661484086792843,867.0,114.0,0.008415147265077139,0.028055555555555556
1722864660,50571.0,50594.0,50190.0,50324.0,11.71824412,2024-08-05 13:31:00+00:00,50324.0,-213.0,-0.004223640785728264,200.72464485171574,25.91344022280311,57.0,347.0,0.008238928939237899,0.028055555555555556
1722864720,50374.0,50623.0,50338.0,50619.0,4.06599618,2024-08-05 13:32:00+00:00,50619.0,295.0,0.005844899395425736,197.64066791988728,25.515300512901128,299.0,0.0,0.00832870627429206,0.028055555555555556
1722864780,50636.0,51413.0,50560.0,51310.0,162.01739101,2024-08-05 13:33:00+00:00,51310.0,691.0,0.013558665069563266,216.18792567819204,27.909741193425486,794.0,59.0,0.007958615200955033,0.028055555555555556
1722864840,51281.0,51791.0,51058.0,51211.0,34.15207031,2024-08-05 13:34:00+00:00,51211.0,-99.0,-0.0019313122340247132,211.86314938609914,27.35141497491387,481.0,252.0,0.007771517388770157,0.028333333333333332
1722864900,51304.0,51304.0,50957.0,51142.0,5.04758948,2024-08-05 13:35:00+00:00,51142.0,-69.0,-0.00134827529144457,211.016346061353,27.24209313577204,93.0,254.0,0.007723498744931455,0.028333333333333332
1722864960,51144.0,51481.0,50974.0,51415.0,4.80266631,2024-08-05 13:36:00+00:00,51415.0,273.0,0.005323881252749797,213.18344133871395,27.521863933067497,339.0,168.0,0.007575757575757576,0.02861111111111111
1722865020,51382.0,52326.0,51326.0,52125.0,72.48794467,2024-08-05 13:37:00+00:00,52125.0,710.0,0.01371472143781165,230.46448063890048,29.75283651356011,911.0,89.0,0.007221954742416947,0.02861111111111111
1722865080,52099.0,52099.0,51643.0,51806.0,10.58901614,2024-08-05 13:38:00+00:00,51806.0,-319.0,-0.0061387074454878855,234.31176476511922,30.249518758525884,0.0,482.0,0.007189072609633357,0.02861111111111111
1722865140,51759.0,51857.0,51563.0,51771.0,7.49663862,2024-08-05 13:39:00+00:00,51771.0,-35.0,-0.0006758257399259962,233.38856025199073,30.130333568376212,51.0,243.0,0.0071646068421995345,0.028888888888888888
1722865200,51722.0,51728.0,51201.0,51287.0,6.31585648,2024-08-05 13:40:00+00:00,51287.0,-484.0,-0.009392838176941065,239.05889577616108,30.862370736793547,0.0,570.0,0.00708675367625347,0.02861111111111111
1722865260,51281.0,51513.0,51281.0,51340.0,3.63202025,2024-08-05 13:41:00+00:00,51340.0,53.0,0.0010328666863838765,238.11396407394,30.740380578593356,226.0,6.0,0.007135212272565109,0.02861111111111111
1722865320,51306.0,51365.0,50769.0,50861.0,9.90473405,2024-08-05 13:42:00+00:00,50861.0,-479.0,-0.009373753825559938,245.61840781970503,31.709200100256638,25.0,571.0,0.007003618536243726,0.02861111111111111
1722865380,50821.0,51204.0,50821.0,51110.0,1.59655236,2024-08-05 13:43:00+00:00,51110.0,249.0,0.00488375116275365,247.78990554123777,31.98953925065076,343.0,40.0,0.006914832315316353,0.028888888888888888
1722865440,51197.0,51387.0,51098.0,51387.0,7.32026523,2024-08-05 13:44:00+00:00,51387.0,277.0,0.005405049403769453,248.91264322007066,32.13448406172674,277.0,12.0,0.006934412019647501,0.029166666666666667
1722865500,51340.0,51701.0,51320.0,51658.0,6.79574091,2024-08-05 13:45:00+00:00,51658.0,271.0,0.005259850061443569,249.97314206012686,32.27139387326707,314.0,67.0,0.0068775790921595595,0.029444444444444443
1722865560,51612.0,52002.0,51578.0,51948.0,14.93157704,2024-08-05 13:46:00+00:00,51948.0,290.0,0.005598146002442787,251.14554269550385,32.42275014446367,344.0,80.0,0.006799252082270951,0.029722222222222223
1722865620,51953.0,52066.0,51765.0,52066.0,1.4017674,2024-08-05 13:47:00+00:00,52066.0,118.0,0.002268926310347815,250.86218784052636,32.386169189983846,118.0,183.0,0.006798866855524079,0.029722222222222223
1722865680,52082.0,52301.0,51897.0,52301.0,2.37956923,2024-08-05 13:48:00+00:00,52301.0,235.0,0.004503346788783033,252.21584055326232,32.560925003749674,235.0,169.0,0.006716668532407926,0.029722222222222223
1722865740,52283.0,52483.0,52081.0,52211.0,26.9768643,2024-08-05 13:49:00+00:00,52211.0,-90.0,-0.0017222906890526821,252.6845082993083,32.62142974959436,182.0,220.0,0.00663643402278509,0.029722222222222223
1722865800,52203.0,52248.0,51977.0,51993.0,2.15055737,2024-08-05 13:50:00+00:00,51993.0,-218.0,-0.004184106522573985,254.17169338365366,32.813424518407615,37.0,234.0,0.006595218466611707,0.029722222222222223
1722865860,52112.0,52300.0,52112.0,52291.0,2.07077806,2024-08-05 13:51:00+00:00,52291.0,298.0,0.0057151779973374705,255.88537997239263,33.03466050570112,307.0,0.0,0.006551648831622625,0.029444444444444443
1722865920,52258.0,52313.0,52032.0,52098.0,13.69213014,2024-08-05 13:52:00+00:00,52098.0,-193.0,-0.003697711826122257,257.0773999168782,33.188549618812445,22.0,259.0,0.0065008938729075256,0.029444444444444443
1722865980,52111.0,52123.0,51801.0,51953.0,12.85448387,2024-08-05 13:53:00+00:00,51953.0,-145.0,-0.002787096594212527,255.35592253782008,32.96630784481361,25.0,297.0,0.0065302568567697,0.029444444444444443
1722866040,51973.0,52184.0,51969.0,51970.0,12.20850467,2024-08-05 13:54:00+00:00,51970.0,17.0,0.0003271653079998322,255.21189766910229,32.94771431421415,231.0,0.0,0.00650159830958444,0.029166666666666667
1722866100,51925.0,52185.0,51822.0,52092.0,4.70286389,2024-08-05 13:55:00+00:00,52092.0,122.0,0.0023447570851062734,249.19712604104924,32.171210635991144,215.0,148.0,0.006516072980017376,0.029444444444444443
1722866160,52081.0,52171.0,51893.0,52005.0,2.46802638,2024-08-05 13:56:00+00:00,52005.0,-87.0,-0.0016715183003603547,249.70283977578293,32.23649799841021,79.0,199.0,0.006492101276779918,0.029722222222222223
1722866220,52058.0,52058.0,51843.0,51932.0,1.50249165,2024-08-05 13:57:00+00:00,51932.0,-73.0,-0.001404697307089491,249.23996276590148,32.17674083338977,53.0,162.0,0.0065008938729075256,0.03
1722866280,52000.0,52089.0,51942.0,51998.0,1.06306155,2024-08-05 13:58:00+00:00,51998.0,66.0,0.0012700858052947911,249.0835995163522,32.156554424674326,157.0,0.0,0.006497022198159177,0.029722222222222223
1722866340,52001.0,52104.0,51965.0,52000.0,0.83605022,2024-08-05 13:59:00+00:00,52000.0,2.0,3.846227812539641e-05,249.05682196031427,32.15309745705476,106.0,33.0,0.006492803809111568,0.029722222222222223
1722866400,52031.0,53557.0,52029.0,53382.0,130.38965517,2024-08-05 14:00:00+00:00,53382.0,1382.0,0.026229891909257928,302.56935703935545,39.06153602953698,1557.0,0.0,0.006045644616857272,0.029444444444444443
1722866460,53389.0,53434.0,52929.0,53139.0,15.66702098,2024-08-05 14:01:00+00:00,53139.0,-243.0,-0.0045624885521157775,304.3267919978186,39.288419907076,52.0,453.0,0.006002701215546996,0.029444444444444443
1722866520,53203.0,53228.0,52921.0,52992.0,4.06637312,2024-08-05 14:02:00+00:00,52992.0,-147.0,-0.0027701631757749944,304.8753468528474,39.35923803434292,89.0,218.0,0.006005104338687885,0.029444444444444443
1722866580,53010.0,53400.0,52980.0,53375.0,4.83292051,2024-08-05 14:03:00+00:00,53375.0,383.0,0.007201512785994089,307.9003966176206,39.7497702796901,408.0,12.0,0.005930318754633061,0.029444444444444443
1722866640,53343.0,53816.0,53343.0,53613.0,58.61660282,2024-08-05 14:04:00+00:00,53613.0,238.0,0.004449104433981116,308.5089029839154,39.8283281137808,441.0,32.0,0.005825242718446602,0.029444444444444443
1722866700,53591.0,53611.0,53376.0,53397.0,4.28861752,2024-08-05 14:05:00+00:00,53397.0,-216.0,-0.0040370113700441985,304.7365867239041,39.34132417872576,0.0,237.0,0.005925340707090657,0.029166666666666667
1722866760,53383.0,54082.0,53380.0,53779.0,20.77257729,2024-08-05 14:06:00+00:00,53779.0,382.0,0.007128491782153518,307.11483893453476,39.648355218887545,685.0,17.0,0.005794022500120709,0.029166666666666667
1722866820,53763.0,53829.0,53451.0,53456.0,15.07699117,2024-08-05 14:07:00+00:00,53456.0,-323.0,-0.006024170780478322,310.96923885510637,40.14595610895411,50.0,328.0,0.005721642111285939,0.029166666666666667
1722866880,53479.0,53500.0,53000.0,53026.0,8.71368385,2024-08-05 14:08:00+00:00,53026.0,-430.0,-0.008076526312723774,316.6780967309745,40.88296649159086,44.0,456.0,0.005614297744923739,0.029444444444444443
1722866940,52974.0,53044.0,52888.0,53030.0,4.1544677,2024-08-05 14:09:00+00:00,53030.0,4.0,7.543184736166593e-05,315.2838103573449,40.70296489476048,18.0,138.0,0.005633273870998028,0.029444444444444443
1722867000,53032.0,53187.0,52660.0,52741.0,16.72694894,2024-08-05 14:10:00+00:00,52741.0,-289.0,-0.005464649463191717,317.9046422780278,41.041312840827594,157.0,370.0,0.0055519570648653645,0.029722222222222223
1722867060,52730.0,52920.0,52588.0,52688.0,7.4559888,2024-08-05 14:11:00+00:00,52688.0,-53.0,-0.001005416051838436,317.5048818522322,40.98970399177496,179.0,153.0,0.005502063273727648,0.03
1722867120,52646.0,52717.0,52402.0,52582.0,8.36781083,2024-08-05 14:12:00+00:00,52582.0,-106.0,-0.0020138697791412283,317.69525959022684,41.01428165206635,29.0,286.0,0.005450828980240745,0.03
1722867180,52636.0,52928.0,52636.0,52844.0,6.0212247,2024-08-05 14:13:00+00:00,52844.0,262.0,0.0049703211612404175,318.95953553818447,41.1774989751147,346.0,0.0,0.005389382915656157,0.029722222222222223
1722867240,52870.0,53028.0,52771.0,53028.0,1.3195698,2024-08-05 14:14:00+00:00,53028.0,184.0,0.0034758989204956387,317.3839233519237,40.974088316532395,184.0,73.0,0.005389140881124534,0.03
1722867300,53018.0,53185.0,52974.0,53009.0,2.00970495,2024-08-05 14:15:00+00:00,53009.0,-19.0,-0.00035836548003695444,317.4996792560325,40.989032339493676,157.0,54.0,0.005368647100930565,0.03
1722867360,53068.0,53353.0,53068.0,53328.0,1.31543535,2024-08-05 14:16:00+00:00,53328.0,319.0,0.005999811108817546,318.2031912221414,41.07985534378026,344.0,0.0,0.005328123612467809,0.03
1722867420,53282.0,53295.0,53041.0,53195.0,7.67453631,2024-08-05 14:17:00+00:00,53195.0,-133.0,-0.0024971145970545147,319.1542544532238,41.20263707895267,0.0,287.0,0.005285412262156448,0.029722222222222223
1722867480,53202.0,53462.0,53184.0,53364.0,2.83890751,2024-08-05 14:18:00+00:00,53364.0,169.0,0.003171954348230318,319.02900174561273,41.186467023931165,267.0,11.0,0.005283317923656056,0.03
1722867540,53406.0,53721.0,53350.0,53662.0,12.51848664,2024-08-05 14:19:00+00:00,53662.0,298.0,0.005568754697116972,320.5579083393045,41.38384801644033,357.0,14.0,0.005222613918266093,0.03
1722867600,53627.0,53627.0,53320.0,53492.0,7.05418533,2024-08-05 14:20:00+00:00,53492.0,-170.0,-0.0031730060031265536,321.49017259233017,41.50420281398143,0.0,342.0,0.005203139227333825,0.029722222222222223
1722867660,53486.0,53532.0,53394.0,53442.0,1.85332612,2024-08-05 14:21:00+00:00,53442.0,-50.0,-0.0009351563327627371,321.7842431700817,41.542167162322805,40.0,98.0,0.005207429265752473,0.029722222222222223
1722867720,53518.0,53523.0,53292.0,53294.0,0.87433113,2024-08-05 14:22:00+00:00,53294.0,-148.0,-0.002773199198979533,322.7158844717678,41.66244153719178,81.0,150.0,0.00517263675158412,0.029722222222222223
1722867780,53292.0,53292.0,53027.0,53072.0,8.69691674,2024-08-05 14:23:00+00:00,53072.0,-222.0,-0.0041742722741113245,324.1487661535517,41.8474257668796,0.0,267.0,0.00517464424320828,0.029444444444444443
1722867840,53093.0,53321.0,53093.0,53307.0,1.25479501,2024-08-05 14:24:00+00:00,53307.0,235.0,0.004418172426350788,325.01693132776546,41.959505408929175,249.0,0.0,0.00516328901510262,0.029166666666666667
1722867900,53288.0,53556.0,53257.0,53344.0,33.53496431,2024-08-05 14:25:00+00:00,53344.0,37.0,0.0006938519373360939,325.0023711343315,41.9576256960396,249.0,50.0,0.005126014523707817,0.029166666666666667
1722867960,53332.0,53332.0,53053.0,53111.0,0.8917496,2024-08-05 14:26:00+00:00,53111.0,-233.0,-0.004377443465544425,323.5532265261469,41.77054193158142,0.0,291.0,0.005136546528550638,0.029166666666666667
1722868020,53165.0,53255.0,53027.0,53034.0,4.17314926,2024-08-05 14:27:00+00:00,53034.0,-77.0,-0.001450845795973156,323.6885595998399,41.78801335626822,144.0,84.0,0.005131055714713302,0.029166666666666667
1722868080,53029.0,53058.0,52670.0,52751.0,3.12712697,2024-08-05 14:28:00+00:00,52751.0,-283.0,-0.005350487784406651,326.05694062705265,42.093770032130514,24.0,364.0,0.00508949020273136,0.029166666666666667
1722868140,52747.0,52861.0,52601.0,52661.0,7.91342107,2024-08-05 14:29:00+00:00,52661.0,-90.0,-0.0017075858890614377,326.0783137018875,42.09652928422693,110.0,150.0,0.00507571271466035,0.029166666666666667
1722868200,52672.0,52984.0,52672.0,52916.0,3.26339698,2024-08-05 14:30:00+00:00,52916.0,255.0,0.004830606966735912,312.5721516706181,40.35289126361742,323.0,0.0,0.005221023320570832,0.028888888888888888
1722868260,52909.0,53187.0,52901.0,53146.0,1.31462363,2024-08-05 14:31:00+00:00,53146.0,230.0,0.00433709265395775,311.73407651919723,40.244696226806646,271.0,15.0,0.005247966413014956,0.028888888888888888
1722868320,53153.0,53244.0,53146.0,53146.0,1.39316763,2024-08-05 14:32:00+00:00,53146.0,0.0,0.0,310.07883588416144,40.03100557969133,98.0,0.0,0.005294506949040371,0.028888888888888888
1722868380,53147.0,53373.0,53091.0,53290.0,0.92591106,2024-08-05 14:33:00+00:00,53290.0,144.0,0.0027058530545996055,298.50270418671175,38.536533403767116,227.0,55.0,0.005431338825020367,0.028888888888888888
1722868440,53292.0,53484.0,53292.0,53435.0,3.30174971,2024-08-05 14:34:00+00:00,53435.0,145.0,0.0027172656681690973,298.33594229203544,38.51500453573834,194.0,0.0,0.0055671537926235215,0.02861111111111111
1722868500,53409.0,53482.0,53360.0,53403.0,4.22096989,2024-08-05 14:35:00+00:00,53403.0,-32.0,-0.0005990378134544255,298.15116696330705,38.49115014337317,47.0,75.0,0.005625879043600563,0.02861111111111111
1722868560,53439.0,53506.0,53285.0,53461.0,1.91309155,2024-08-05 14:36:00+00:00,53461.0,58.0,0.0010854919466813835,296.5628352545834,38.28609740150184,103.0,118.0,0.00570233795856301,0.02861111111111111
1722868620,53492.0,53560.0,53346.0,53416.0,1.56849378,2024-08-05 14:37:00+00:00,53416.0,-45.0,-0.0008420895545192838,283.110357093811,36.54938993877216,99.0,115.0,0.005923585743903643,0.02861111111111111
1722868680,53441.0,53701.0,53432.0,53648.0,2.57466623,2024-08-05 14:38:00+00:00,53648.0,232.0,0.0043338631683051305,280.80479376853543,36.2517429933582,285.0,0.0,0.00598175564528189,0.02861111111111111
1722868740,53631.0,53926.0,53623.0,53884.0,12.75277417,2024-08-05 14:39:00+00:00,53884.0,236.0,0.004389398112448702,281.90743111438906,36.39409286260478,278.0,25.0,0.005979073243647235,0.02861111111111111
1722868800,53873.0,54307.0,53860.0,54307.0,15.66160664,2024-08-05 14:40:00+00:00,54307.0,423.0,0.00781954423877481,277.88289611777503,35.87452762866761,423.0,24.0,0.00601594224695443,0.028888888888888888
1722868860,54120.0,54192.0,54041.0,54116.0,12.95358254,2024-08-05 14:41:00+00:00,54116.0,-191.0,-0.003523241333982598,279.6231644987476,36.09919531058221,0.0,266.0,0.006005705420149142,0.02861111111111111
1722868920,54035.0,54196.0,54034.0,54195.0,14.21579314,2024-08-05 14:42:00+00:00,54195.0,79.0,0.0014587625265994415,271.00361913066916,34.98641678850065,80.0,82.0,0.006139049470506983,0.02861111111111111
1722868980,54233.0,54540.0,54198.0,54488.0,12.28937248,2024-08-05 14:43:00+00:00,54488.0,293.0,0.005391840671303965,271.59480662017586,35.06273876521217,345.0,0.0,0.006151007227433493,0.028333333333333332
1722869040,54515.0,54516.0,54152.0,54152.0,2.40479957,2024-08-05 14:44:00+00:00,54152.0,-336.0,-0.006185586732710746,274.6643123219264,35.45901024734445,28.0,336.0,0.006127450980392158,0.028333333333333332
1722869100,54198.0,54198.0,53987.0,53992.0,2.28522619,2024-08-05 14:45:00+00:00,53992.0,-160.0,-0.0029590197652011735,274.3181191763943,35.41431690443722,46.0,165.0,0.006181106418048831,0.028333333333333332
1722869160,53983.0,54022.0,53863.0,53950.0,3.61186243,2024-08-05 14:46:00+00:00,53950.0,-42.0,-0.0007781957369617376,272.50973962794484,35.18085610861166,30.0,129.0,0.0062666457778474075,0.028333333333333332
1722869220,54007.0,54195.0,53945.0,54074.0,5.64168453,2024-08-05 14:47:00+00:00,54074.0,124.0,0.002295787129957413,272.5424219298939,35.18507537565047,245.0,5.0,0.006283380458686773,0.028333333333333332
1722869280,54082.0,54128.0,53897.0,53897.0,18.06994454,2024-08-05 14:48:00+00:00,53897.0,-177.0,-0.003278661095235728,272.56889659282547,35.188493239938154,54.0,177.0,0.006340819022457067,0.028333333333333332
1722869340,53935.0,53950.0,53857.0,53920.0,10.17486869,2024-08-05 14:49:00+00:00,53920.0,23.0,0.00042664886518620654,272.13963836303134,35.13307624076431,53.0,40.0,0.006446067898581866,0.028333333333333332
1722869400,53928.0,54131.0,53928.0,54046.0,1.11876834,2024-08-05 14:50:00+00:00,54046.0,126.0,0.0023340691922035515,270.4773615431512,34.91847722609156,211.0,0.0,0.0064669109721922835,0.028055555555555556
1722869460,54025.0,54028.0,53828.0,53982.0,4.74235602,2024-08-05 14:51:00+00:00,53982.0,-64.0,-0.0011848781332183672,268.52399391997426,34.6662985503054,0.0,218.0,0.006498077652027941,0.028055555555555556
1722869520,54044.0,54326.0,54043.0,54301.0,1.98262548,2024-08-05 14:52:00+00:00,54301.0,319.0,0.005891985313538279,269.5094785708805,34.79352407166883,344.0,0.0,0.0064759848893685915,0.027777777777777776
1722869580,54280.0,54355.0,54230.0,54314.0,2.23409714,2024-08-05 14:53:00+00:00,54314.0,13.0,0.0002393776193356533,268.47376698538335,34.65981428093201,54.0,71.0,0.006545573555882834,0.027777777777777776
1722869640,54327.0,54448.0,54286.0,54291.0,7.14102412,2024-08-05 14:54:00+00:00,54291.0,-23.0,-0.0004235532497369931,268.5798490407171,34.67350941538664,134.0,28.0,0.00657030223390276,0.028055555555555556
1722869700,54282.0,54282.0,54130.0,54234.0,6.48264958,2024-08-05 14:55:00+00:00,54234.0,-57.0,-0.0010504493018449084,268.6328412347053,34.68035067821316,0.0,161.0,0.0066437825268519535,0.027777777777777776
1722869760,54206.0,54209.0,54099.0,54099.0,2.0001939,2024-08-05 14:56:00+00:00,54099.0,-135.0,-0.0024923166510845006,269.0755485871162,34.73750395165086,0.0,135.0,0.006696802276912775,0.0275
1722869820,54101.0,54156.0,54053.0,54106.0,3.36831853,2024-08-05 14:57:00+00:00,54106.0,7.0,0.00012938403973494853,268.7298036032339,34.69286846616382,57.0,46.0,0.006738922895490537,0.0275
1722869880,54131.0,54131.0,54020.0,54020.0,8.14031081,2024-08-05 14:58:00+00:00,54020.0,-86.0,-0.001590737068509872,269.1605468860544,34.74847718485898,25.0,86.0,0.0067563763301615905,0.027777777777777776
1722869940,54018.0,54092.0,53935.0,54092.0,4.02366695,2024-08-05 14:59:00+00:00,54092.0,72.0,0.001331952246643781,269.17252149445625,34.750023100156234,72.0,85.0,0.006749535969402104,0.027777777777777776
1722870000,54072.0,54171.0,53897.0,53906.0,2.55863545,2024-08-05 15:00:00+00:00,53906.0,-186.0,-0.0034445116372932866,204.51736212954947,26.403077917933885,79.0,195.0,0.0072744907856450046,0.028055555555555556
1722870060,53904.0,53949.0,53567.0,53669.0,7.59938422,2024-08-05 15:01:00+00:00,53669.0,-237.0,-0.004406235341749442,204.393618815337,26.387102724762237,43.0,339.0,0.007329139436877787,0.028055555555555556
1722870120,53672.0,53876.0,53672.0,53794.0,1.69136865,2024-08-05 15:02:00+00:00,53794.0,125.0,0.00232638315281735,203.8945362703568,26.3226714452592,207.0,0.0,0.007374178086400787,0.027777777777777776
1722870180,53805.0,53936.0,53798.0,53933.0,1.45984886,2024-08-05 15:03:00+00:00,53933.0,139.0,0.002580598682578719,198.76604934666597,25.660586630369295,142.0,0.0,0.007502344482650829,0.0275
1722870240,53939.0,53939.0,53812.0,53812.0,1.60508084,2024-08-05 15:04:00+00:00,53812.0,-121.0,-0.002246044844170246,197.16185312499857,25.45348578868374,6.0,121.0,0.007668221611604575,0.0275
1722870300,53812.0,54026.0,53781.0,53990.0,1.19980402,2024-08-05 15:05:00+00:00,53990.0,178.0,0.0033023536068990467,196.29285382630906,25.341298461627392,214.0,31.0,0.007664303506418855,0.027777777777777776
1722870360,53964.0,54053.0,53915.0,54022.0,2.49127779,2024-08-05 15:06:00+00:00,54022.0,32.0,0.000592526773621996,190.1515385873029,24.548458073478038,63.0,75.0,0.007950705625124229,0.027777777777777776
1722870420,54000.0,54201.0,53987.0,54181.0,4.47552583,2024-08-05 15:07:00+00:00,54181.0,159.0,0.0029389224780043185,186.24180488549163,24.043713622970674,179.0,35.0,0.008038046754638623,0.027777777777777776
1722870480,54183.0,54363.0,54183.0,54301.0,3.44219455,2024-08-05 15:08:00+00:00,54301.0,120.0,0.002212349494752975,177.441384449215,22.907584229993248,182.0,0.0,0.008212990212853329,0.0275
1722870540,54318.0,54401.0,54288.0,54385.0,4.50570161,2024-08-05 15:09:00+00:00,54385.0,84.0,0.0015457375692384647,177.61005579894353,22.92935960760928,100.0,13.0,0.008237232289950576,0.0275
1722870600,54401.0,54401.0,54220.0,54259.0,11.65897739,2024-08-05 15:10:00+00:00,54259.0,-126.0,-0.002319503267387003,173.9727525909379,22.459785782618855,16.0,165.0,0.00843763183799747,0.0275
1722870660,54285.0,54682.0,54248.0,54636.0,62.78352903,2024-08-05 15:11:00+00:00,54636.0,377.0,0.006924128862218779,179.46270720357487,23.168535875491443,423.0,11.0,0.008377548170901984,0.0275
1722870720,54644.0,54728.0,54423.0,54571.0,8.47242336,2024-08-05 15:12:00+00:00,54571.0,-65.0,-0.0011904000233629222,179.0040076248646,23.1093180145162,92.0,213.0,0.008383400866284757,0.0275
1722870780,54580.0,54656.0,54509.0,54556.0,4.48652457,2024-08-05 15:13:00+00:00,54556.0,-15.0,-0.00027490905265372393,176.55704092605555,22.793415972075813,85.0,62.0,0.008501594048884165,0.027777777777777776
1722870840,54553.0,54553.0,54407.0,54463.0,3.1506235,2024-08-05 15:14:00+00:00,54463.0,-93.0,-0.001706125034336857,176.0437437613561,22.727149593057934,0.0,149.0,0.008567144998929107,0.0275
1722870900,54499.0,54724.0,54472.0,54603.0,3.16174424,2024-08-05 15:15:00+00:00,54603.0,140.0,0.0025672542660882367,176.58266097834172,22.79672350660359,261.0,0.0,0.008536672120651633,0.02722222222222222
1722870960,54679.0,54679.0,54538.0,54554.0,2.10320013,2024-08-05 15:16:00+00:00,54554.0,-49.0,-0.0008977894828782421,172.59930736811975,22.282474766788763,76.0,65.0,0.0086617583369424,0.0275
1722871020,54577.0,54679.0,54571.0,54604.0,2.91983616,2024-08-05 15:17:00+00:00,54604.0,50.0,0.0009161033272293434,171.45513735170977,22.13476305282924,125.0,0.0,0.008764241893076249,0.0275
1722871080,54608.0,54811.0,54435.0,54469.0,20.18259548,2024-08-05 15:18:00+00:00,54469.0,-135.0,-0.0024754076432476828,171.57380105668645,22.15008247126837,207.0,169.0,0.00870195794053662,0.0275
1722871140,54461.0,54473.0,54254.0,54277.0,10.73130158,2024-08-05 15:19:00+00:00,54277.0,-192.0,-0.0035311680338830425,169.6918068795125,21.907118067739905,4.0,215.0,0.008798944126704795,0.0275
1722871200,54258.0,54391.0,54244.0,54357.0,6.25062564,2024-08-05 15:20:00+00:00,54357.0,80.0,0.0014728356584795415,168.2540745890544,21.72150762716494,114.0,33.0,0.008926578888640927,0.027777777777777776
1722871260,54367.0,54468.0,54319.0,54357.0,5.86654203,2024-08-05 15:21:00+00:00,54357.0,0.0,0.0,168.05332335757393,21.695590754623122,111.0,38.0,0.008919280511372083,0.027777777777777776
1722871320,54343.0,54343.0,54105.0,54216.0,8.46198877,2024-08-05 15:22:00+00:00,54216.0,-141.0,-0.0025973322882683458,167.94046227772617,21.681020451866946,0.0,252.0,0.008905380333951763,0.0275
1722871380,54217.0,54265.0,54106.0,54265.0,3.04255785,2024-08-05 15:23:00+00:00,54265.0,49.0,0.0009033840641664478,165.0680487994668,21.31019346637627,49.0,110.0,0.008977332236103837,0.027777777777777776
1722871440,54315.0,54434.0,54313.0,54411.0,1.41400286,2024-08-05 15:24:00+00:00,54411.0,146.0,0.0026868874054176844,163.49459121307981,21.107060965441587,169.0,0.0,0.009031384059607135,0.027777777777777776
1722871500,54384.0,54573.0,54353.0,54514.0,1.65625578,2024-08-05 15:25:00+00:00,54514.0,103.0,0.0018912101115409594,163.8435073942636,21.152105850739822,162.0,58.0,0.009085402786190189,0.027777777777777776
1722871560,54516.0,54624.0,54459.0,54477.0,7.69036731,2024-08-05 15:26:00+00:00,54477.0,-37.0,-0.0006789551691673204,160.64661360662637,20.739388637436058,110.0,55.0,0.009172909341079345,0.028055555555555556
1722871620,54442.0,54449.0,54323.0,54431.0,0.90472228,2024-08-05 15:27:00+00:00,54431.0,-46.0,-0.0008447497472265028,160.36992106352358,20.703667783720828,0.0,154.0,0.00922509225092251,0.027777777777777776
1722871680,54406.0,54406.0,54250.0,54387.0,1.35885392,2024-08-05 15:28:00+00:00,54387.0,-44.0,-0.0008086897829021807,155.52849939574952,20.078642934012272,0.0,181.0,0.009374267635340989,0.0275
1722871740,54399.0,54452.0,54351.0,54351.0,1.18501547,2024-08-05 15:29:00+00:00,54351.0,-36.0,-0.0006621420536573317,154.99373050925323,20.00960456762994,65.0,36.0,0.009492168960607499,0.0275
1722871800,54332.0,54504.0,54304.0,54504.0,0.23876204,2024-08-05 15:30:00+00:00,54504.0,153.0,0.002811080809383438,153.01029838683817,19.753544581681727,153.0,47.0,0.00958543014617781,0.027777777777777776
1722871860,54504.0,54586.0,54408.0,54568.0,0.36870492,2024-08-05 15:31:00+00:00,54568.0,64.0,0.0011735368810511658,150.75182209315633,19.46197654590726,82.0,96.0,0.0096688421561518,0.027777777777777776
1722871920,54577.0,54646.0,54550.0,54638.0,0.17513786,2024-08-05 15:32:00+00:00,54638.0,70.0,0.001281981019118777,150.8361403740421,19.472861989162304,78.0,18.0,0.009670400515754695,0.028055555555555556
1722871980,54636.0,54642.0,54563.0,54577.0,2.01979154,2024-08-05 15:33:00+00:00,54577.0,-61.0,-0.0011170627906997095,150.4130386748094,19.418239794666295,4.0,75.0,0.009831230542356219,0.028055555555555556
1722872040,54642.0,54726.0,54627.0,54705.0,2.3274718,2024-08-05 15:34:00+00:00,54705.0,128.0,0.002342564347915981,150.192212064979,19.389731201923876,149.0,0.0,0.009867609571581283,0.028055555555555556
1722872100,54724.0,54805.0,54562.0,54595.0,0.49842041,2024-08-05 15:35:00+00:00,54595.0,-110.0,-0.0020128094627237096,150.99561859920993,19.4934505395009,100.0,143.0,0.009770395701025891,0.028055555555555556
1722872160,54624.0,54691.0,54609.0,54676.0,5.04389849,2024-08-05 15:36:00+00:00,54676.0,81.0,0.00148255282437695,151.12320991916187,19.50992250807738,96.0,0.0,0.009870856296783746,0.027777777777777776
1722872220,54751.0,54859.0,54727.0,54814.0,4.00098381,2024-08-05 15:37:00+00:00,54814.0,138.0,0.002520779488077037,151.62982355008657,19.575326046595148,183.0,0.0,0.009896091044037606,0.0275
1722872280,54830.0,54866.0,54797.0,54820.0,0.97177071,2024-08-05 15:38:00+00:00,54820.0,6.0,0.00010945509615612134,149.14427853326765,19.254443564715533,52.0,17.0,0.010075566750629723,0.027777777777777776
1722872340,54832.0,54840.0,54764.0,54825.0,0.54570519,2024-08-05 15:39:00+00:00,54825.0,5.0,9.12034293121634e-05,146.41831084742205,18.902522649729544,20.0,56.0,0.010271334417529743,0.027777777777777776
1722872400,54810.0,55025.0,54752.0,54942.0,49.39028364,2024-08-05 15:40:00+00:00,54942.0,117.0,0.002131789049698245,137.01778823855386,17.68892039940312,200.0,73.0,0.01042662264314884,0.027777777777777776
1722872460,54941.0,54948.0,54784.0,54810.0,6.79927729,2024-08-05 15:41:00+00:00,54810.0,-132.0,-0.0024054242956250164,135.75243752428605,17.525564324620756,6.0,158.0,0.010519856228631542,0.028055555555555556
1722872520,54817.0,54834.0,54682.0,54687.0,3.32581569,2024-08-05 15:42:00+00:00,54687.0,-123.0,-0.0022466378391309155,136.55417997189429,17.629068829538564,24.0,128.0,0.0105290866017373,0.028055555555555556
1722872580,54702.0,54702.0,54479.0,54483.0,1.33010256,2024-08-05 15:43:00+00:00,54483.0,-204.0,-0.003737294814422927,134.0362070571223,17.30399992403479,15.0,208.0,0.010643015521064302,0.028333333333333332
1722872640,54508.0,54564.0,54477.0,54507.0,0.81562218,2024-08-05 15:44:00+00:00,54507.0,24.0,0.00044040738394190884,126.5953505005672,16.343389473199586,81.0,6.0,0.010911074740861974,0.028333333333333332
1722872700,54520.0,54694.0,54520.0,54657.0,1.18198258,2024-08-05 15:45:00+00:00,54657.0,150.0,0.0027481604632446054,126.03379848906324,16.270893420246782,187.0,0.0,0.010934937124111536,0.028055555555555556
1722872760,54626.0,54779.0,54626.0,54745.0,0.90258572,2024-08-05 15:46:00+00:00,54745.0,88.0,0.0016087460737305762,126.22305048831672,16.29532574829162,122.0,31.0,0.010940919037199124,0.028055555555555556
1722872820,54741.0,54751.0,54553.0,54627.0,2.08847748,2024-08-05 15:47:00+00:00,54627.0,-118.0,-0.0021577743075722696,126.49031471821867,16.329829412006525,6.0,192.0,0.010993037742762916,0.028055555555555556
1722872880,54585.0,54657.0,54551.0,54586.0,11.26436844,2024-08-05 15:48:00+00:00,54586.0,-41.0,-0.0007508264020970151,124.29632331127276,16.0465863393124,30.0,76.0,0.011120378092855158,0.028055555555555556
1722872940,54584.0,54597.0,54436.0,54476.0,1.90633426,2024-08-05 15:49:00+00:00,54476.0,-110.0,-0.002017201909007976,125.26958951196836,16.172234465536423,11.0,150.0,0.011050741320563589,0.028055555555555556
1722873000,54476.0,54476.0,54344.0,54378.0,1.06241718,2024-08-05 15:50:00+00:00,54378.0,-98.0,-0.0018005774060113227,125.06939994363037,16.14639010339451,0.0,132.0,0.011131725417439703,0.028055555555555556
1722873060,54348.0,54441.0,54278.0,54386.0,1.47636123,2024-08-05 15:51:00+00:00,54386.0,8.0,0.00014710749907013513,124.73590632886545,16.103336262859475,63.0,100.0,0.011188811188811189,0.028333333333333332
1722873120,54371.0,54415.0,54332.0,54371.0,1.31794372,2024-08-05 15:52:00+00:00,54371.0,-15.0,-0.0002758443152185976,117.82537591299858,15.211190622389067,29.0,54.0,0.01146788990825688,0.02861111111111111
1722873180,54425.0,54448.0,54325.0,54375.0,0.86613344,2024-08-05 15:53:00+00:00,54375.0,4.0,7.356592429695258e-05,117.81578433956929,15.209952355583882,77.0,46.0,0.011470082202255783,0.02861111111111111
1722873240,54377.0,54587.0,54377.0,54456.0,0.18040275,2024-08-05 15:54:00+00:00,54456.0,81.0,0.0014885467368020656,118.22079673078208,15.262239230456375,212.0,0.0,0.011415525114155252,0.028333333333333332
1722873300,54456.0,54489.0,54314.0,54334.0,0.60326697,2024-08-05 15:55:00+00:00,54334.0,-122.0,-0.0022428541436223773,119.07235610627869,15.37217507310988,33.0,142.0,0.011400342010260307,0.02861111111111111
1722873360,54380.0,54393.0,54286.0,54291.0,5.39380348,2024-08-05 15:56:00+00:00,54291.0,-43.0,-0.0007917146558541256,117.86890160725845,15.216809765355753,59.0,48.0,0.01143074871404077,0.028888888888888888
1722873420,54291.0,54417.0,54288.0,54338.0,4.78958424,2024-08-05 15:57:00+00:00,54338.0,47.0,0.000865330674733117,118.00380152834535,15.234225270281561,126.0,3.0,0.011402508551881414,0.028888888888888888
1722873480,54357.0,54357.0,54284.0,54290.0,1.38156925,2024-08-05 15:58:00+00:00,54290.0,-48.0,-0.0008837501035470949,117.61463935169971,15.183984649310815,19.0,54.0,0.011443829868395955,0.028888888888888888
1722873540,54305.0,54407.0,54294.0,54385.0,2.53581459,2024-08-05 15:59:00+00:00,54385.0,95.0,0.0017483326284538942,117.87555800564051,15.217669102691735,117.0,0.0,0.011487650775416428,0.02861111111111111
1722873600,54378.0,54443.0,54314.0,54398.0,0.56901641,2024-08-05 16:00:00+00:00,54398.0,13.0,0.00023900793436253516,115.18250808821365,14.869997853335086,58.0,71.0,0.011649354431608581,0.02861111111111111
1722873660,54417.0,54610.0,54398.0,54581.0,0.3272952,2024-08-05 16:01:00+00:00,54581.0,183.0,0.0033584483617466326,112.76536311582537,14.557945779220791,212.0,0.0,0.011844832691738229,0.028333333333333332
1722873720,54560.0,54569.0,54459.0,54525.0,1.22028634,2024-08-05 16:02:00+00:00,54525.0,-56.0,-0.0010265247542300877,112.1978415555192,14.484679060831477,0.0,122.0,0.011945052757316344,0.028333333333333332
1722873780,54569.0,54691.0,54569.0,54648.0,0.26692049,2024-08-05 16:03:00+00:00,54648.0,123.0,0.00225330534185548,111.9099655771554,14.447514431832271,166.0,0.0,0.011916583912611717,0.028333333333333332
1722873840,54623.0,54652.0,54514.0,54645.0,0.5184248,2024-08-05 16:04:00+00:00,54645.0,-3.0,-5.4898300911405556e-05,110.56328683374109,14.273658953634433,4.0,134.0,0.011903580993949012,0.028333333333333332
1722873900,54631.0,54694.0,54593.0,54597.0,0.21616027,2024-08-05 16:05:00+00:00,54597.0,-48.0,-0.0008787829422573311,108.71157480772239,14.034603959009685,49.0,52.0,0.0120760792995874,0.028333333333333332
1722873960,54612.0,54722.0,54570.0,54694.0,2.65551043,2024-08-05 16:06:00+00:00,54694.0,97.0,0.0017750780113601997,109.25584962813653,14.104869536183818,125.0,27.0,0.012059089538739826,0.028333333333333332
1722874020,54690.0,54749.0,54587.0,54749.0,1.07423985,2024-08-05 16:07:00+00:00,54749.0,55.0,0.0010050894918835899,107.68495585509613,13.902068022128939,55.0,107.0,0.012122436609758562,0.028333333333333332
1722874080,54731.0,54731.0,54628.0,54630.0,0.48708789,2024-08-05 16:08:00+00:00,54630.0,-119.0,-0.0021759212819970767,107.94701959548443,13.935900305534563,0.0,121.0,0.012197601138442773,0.028333333333333332
1722874140,54660.0,54851.0,54606.0,54841.0,8.76008279,2024-08-05 16:09:00+00:00,54841.0,211.0,0.003854906985296272,110.72215952630879,14.294169330050494,221.0,24.0,0.012036108324974926,0.028333333333333332
1722874200,54816.0,54816.0,54665.0,54748.0,12.72949347,2024-08-05 16:10:00+00:00,54748.0,-93.0,-0.0016972510439026043,110.12763396492156,14.217416410112248,0.0,176.0,0.012042147516307075,0.028055555555555556
1722874260,54747.0,54867.0,54747.0,54807.0,3.86311724,2024-08-05 16:11:00+00:00,54807.0,59.0,0.0010770846735224941,99.18375772579928,12.804568062876394,119.0,1.0,0.012433944668946224,0.028055555555555556
1722874320,54861.0,54983.0,54817.0,54955.0,1.0626194,2024-08-05 16:12:00+00:00,54955.0,148.0,0.002696745498321198,100.51700252499599,12.976689226333278,176.0,0.0,0.012602394454946441,0.027777777777777776
1722874380,54949.0,55064.0,54916.0,55064.0,10.6864536,2024-08-05 16:13:00+00:00,55064.0,109.0,0.0019814765751993706,101.3409192819161,13.083056422273705,109.0,39.0,0.012601071091042738,0.027777777777777776
1722874440,55070.0,55108.0,55031.0,55038.0,6.33347391,2024-08-05 16:14:00+00:00,55038.0,-26.0,-0.0004722893404895905,100.57011917093654,12.983546555837748,44.0,33.0,0.012697069093217647,0.028055555555555556
1722874500,55004.0,55004.0,54805.0,54819.0,1.82755262,2024-08-05 16:15:00+00:00,54819.0,-219.0,-0.003987006565006529,103.32115474068722,13.338703720720037,0.0,233.0,0.012734797835084367,0.028055555555555556
1722874560,54812.0,54905.0,54796.0,54867.0,1.71625143,2024-08-05 16:16:00+00:00,54867.0,48.0,0.0008752256999814897,103.2430227735139,13.32861692713108,86.0,23.0,0.012778191885848151,0.028055555555555556
1722874620,54843.0,55077.0,54841.0,55024.0,1.0791822,2024-08-05 16:17:00+00:00,55024.0,157.0,0.002857378799362039,104.93985363700396,13.547676849652005,210.0,26.0,0.012628920227320563,0.028333333333333332
1722874680,55058.0,55123.0,55000.0,55000.0,2.69496866,2024-08-05 16:18:00+00:00,55000.0,-24.0,-0.000436268457439423,103.36062014427958,13.343798682415521,99.0,24.0,0.012974375608173857,0.028333333333333332
1722874740,55000.0,55029.0,54899.0,54899.0,1.89818526,2024-08-05 16:19:00+00:00,54899.0,-101.0,-0.0018380518191276596,101.00427355729083,13.039595646105518,29.0,101.0,0.013100436681222708,0.028333333333333332
1722874800,54920.0,54960.0,54799.0,54840.0,4.30315744,2024-08-05 16:20:00+00:00,54840.0,-59.0,-0.0010752787192295872,100.97414084132605,13.03570552920193,61.0,100.0,0.013080444735120994,0.028333333333333332
1722874860,54827.0,54895.0,54769.0,54868.0,1.92008294,2024-08-05 16:21:00+00:00,54868.0,28.0,0.0005104459220468533,101.00100547689867,13.039173738741088,55.0,71.0,0.013113320948530214,0.028333333333333332
1722874920,54823.0,54978.0,54796.0,54941.0,1.08909493,2024-08-05 16:22:00+00:00,54941.0,73.0,0.0013295815598728816,99.39738626080722,12.832147388155075,110.0,72.0,0.013214403700033036,0.02861111111111111
1722874980,54946.0,55101.0,54931.0,55041.0,2.2785565,2024-08-05 16:23:00+00:00,55041.0,100.0,0.0018184798886588518,99.93504104856521,12.901558322788254,160.0,10.0,0.013198416190057193,0.02861111111111111
1722875040,55049.0,55274.0,55024.0,55223.0,2.70950422,2024-08-05 16:24:00+00:00,55223.0,182.0,0.0033011711035735546,100.85137019424367,13.019855906816826,233.0,17.0,0.013081870707511175,0.028888888888888888
1722875100,55228.0,55562.0,55205.0,55391.0,39.28395823,2024-08-05 16:25:00+00:00,55391.0,168.0,0.0030375925141038233,102.16920025245315,13.189987035769388,339.0,18.0,0.01288936627282492,0.028888888888888888
1722875160,55389.0,55407.0,55282.0,55403.0,2.63272941,2024-08-05 16:26:00+00:00,55403.0,12.0,0.00021661822927106675,101.94521071978049,13.161070111443856,16.0,109.0,0.012944983818770227,0.028888888888888888
1722875220,55408.0,55485.0,55291.0,55327.0,3.92137902,2024-08-05 16:27:00+00:00,55327.0,-76.0,-0.0013727086053297744,102.32448663429314,13.210034421461357,82.0,112.0,0.01288936627282492,0.029166666666666667
1722875280,55296.0,55432.0,55296.0,55409.0,0.83254782,2024-08-05 16:28:00+00:00,55409.0,82.0,0.0014810001262095232,102.38742750325522,13.218160052704224,105.0,31.0,0.012951969778737183,0.029444444444444443
1722875340,55425.0,55474.0,55410.0,55458.0,0.85907008,2024-08-05 16:29:00+00:00,55458.0,49.0,0.0008839420781752454,102.22912534007367,13.197723331315197,65.0,0.0,0.013002492144327664,0.029166666666666667
1722875400,55482.0,55483.0,55275.0,55297.0,2.47195431,2024-08-05 16:30:00+00:00,55297.0,-161.0,-0.0029073200018868155,103.25648363385837,13.33035471672907,25.0,183.0,0.012991230919129588,0.029166666666666667
1722875460,55345.0,55396.0,55283.0,55396.0,1.70639304,2024-08-05 16:31:00+00:00,55396.0,99.0,0.0017887314716624545,103.6463674786787,13.380688504660553,99.0,14.0,0.013083296990841691,0.029166666666666667
1722875520,55395.0,55395.0,55144.0,55144.0,1.39370935,2024-08-05 16:32:00+00:00,55144.0,-252.0,-0.004559443397120626,108.89076577036448,14.057737412813141,0.0,252.0,0.012864493996569469,0.028888888888888888
1722875580,55180.0,55192.0,55111.0,55151.0,0.42290059,2024-08-05 16:33:00+00:00,55151.0,7.0,0.00012693231804518314,108.5090586965389,14.00845924147794,48.0,33.0,0.012861736334405145,0.028888888888888888
1722875640,55188.0,55202.0,54801.0,54801.0,7.67131597,2024-08-05 16:34:00+00:00,54801.0,-350.0,-0.00636643593873953,116.88995259195308,15.090427990920292,51.0,350.0,0.012523481527864748,0.029166666666666667
1722875700,54798.0,54988.0,54730.0,54961.0,2.94643454,2024-08-05 16:35:00+00:00,54961.0,160.0,0.002915400836855661,117.7150682289038,15.19694996160714,187.0,71.0,0.012503907471084715,0.029166666666666667
1722875760,54940.0,54940.0,54718.0,54728.0,2.82701005,2024-08-05 16:36:00+00:00,54728.0,-233.0,-0.004248381340815208,121.2553639095444,15.654000168666176,0.0,243.0,0.01231527093596059,0.029166666666666667
1722875820,54728.0,54811.0,54717.0,54717.0,0.67518285,2024-08-05 16:37:00+00:00,54717.0,-11.0,-0.0002010142087265336,119.91764005132903,15.481300761176428,83.0,11.0,0.012428793371310204,0.029444444444444443
1722875880,54751.0,54762.0,54590.0,54619.0,2.21112528,2024-08-05 16:38:00+00:00,54619.0,-98.0,-0.0017926396839842281,120.55560992648019,15.56366231790451,45.0,127.0,0.012297601967616315,0.029444444444444443
1722875940,54615.0,54732.0,54538.0,54722.0,0.72094696,2024-08-05 16:39:00+00:00,54722.0,103.0,0.0018840147879869804,121.33202682912358,15.663897309026236,113.0,81.0,0.012150668286755772,0.029444444444444443
1722876000,54721.0,54793.0,54617.0,54724.0,1.70187136,2024-08-05 16:40:00+00:00,54724.0,2.0,3.654770389467341e-05,120.32906388657354,15.534415349914253,71.0,105.0,0.012271193373555579,0.029444444444444443
1722876060,54702.0,54847.0,54668.0,54761.0,0.40319853,2024-08-05 16:41:00+00:00,54761.0,37.0,0.0006758917003892801,119.24643215593828,15.394648194486718,123.0,56.0,0.012252399428221362,0.029444444444444443
1722876120,54818.0,54871.0,54795.0,54811.0,0.36924154,2024-08-05 16:42:00+00:00,54811.0,50.0,0.0009126419791641395,118.33002780455126,15.276340901442921,110.0,0.0,0.012305168170631665,0.029166666666666667
1722876180,54800.0,54800.0,54662.0,54674.0,0.20488945,2024-08-05 16:43:00+00:00,54674.0,-137.0,-0.0025026272366846995,116.65674574444249,15.060321116365957,0.0,149.0,0.01239925604463732,0.028888888888888888
1722876240,54696.0,54727.0,54641.0,54662.0,0.33152745,2024-08-05 16:44:00+00:00,54662.0,-12.0,-0.00021950684217797914,116.64044297692372,15.058216438129381,53.0,33.0,0.012400537356618786,0.028888888888888888
1722876300,54723.0,54723.0,54485.0,54502.0,1.46545777,2024-08-05 16:45:00+00:00,54502.0,-160.0,-0.0029313714149810585,116.86545815909143,15.087265773235359,61.0,177.0,0.012335526315789474,0.029166666666666667
1722876360,54490.0,54502.0,54381.0,54413.0,0.35172479,2024-08-05 16:46:00+00:00,54413.0,-89.0,-0.0016343023423679808,116.77407807700455,15.075468655365441,0.0,121.0,0.012376237623762377,0.028888888888888888
1722876420,54415.0,54503.0,54415.0,54433.0,0.5667029,2024-08-05 16:47:00+00:00,54433.0,20.0,0.0003674916896363375,115.87696085286784,14.959651319742864,90.0,0.0,0.012515644555694618,0.02861111111111111
1722876480,54508.0,54508.0,54427.0,54438.0,0.09858323,2024-08-05 16:48:00+00:00,54438.0,5.0,9.185182470104003e-05,115.7749814410847,14.946485834293128,75.0,6.0,0.012548363484262262,0.02861111111111111
1722876540,54401.0,54501.0,54378.0,54378.0,0.24530841,2024-08-05 16:49:00+00:00,54378.0,-60.0,-0.001102779114847251,115.16619776368638,14.867892199492907,63.0,60.0,0.012598425196850394,0.02861111111111111
1722876600,54391.0,54461.0,54362.0,54461.0,0.16503661,2024-08-05 16:50:00+00:00,54461.0,83.0,0.0015251888769569038,114.96957470280789,14.84250827148415,83.0,16.0,0.012642225031605564,0.028888888888888888
1722876660,54473.0,54519.0,54444.0,54465.0,0.06233528,2024-08-05 16:51:00+00:00,54465.0,4.0,7.344435675223784e-05,114.9668326034511,14.8421542679794,58.0,17.0,0.012760527435133987,0.028888888888888888
1722876720,54460.0,54486.0,54401.0,54411.0,0.68115796,2024-08-05 16:52:00+00:00,54411.0,-54.0,-0.0009919542310128752,115.1707158322402,14.868475479635107,21.0,64.0,0.012757814161173718,0.028888888888888888
1722876780,54414.0,54414.0,54352.0,54352.0,0.05729848,2024-08-05 16:53:00+00:00,54352.0,-59.0,-0.0010849278851677866,115.42670895959404,14.901524050267938,3.0,59.0,0.012841091492776886,0.028888888888888888
1722876840,54370.0,54390.0,54339.0,54350.0,0.25350574,2024-08-05 16:54:00+00:00,54350.0,-2.0,-3.679785100970281e-05,114.93113142987544,14.837545266289446,38.0,13.0,0.013066202090592335,0.029166666666666667
1722876900,54359.0,54397.0,54301.0,54314.0,0.36773684,2024-08-05 16:55:00+00:00,54314.0,-36.0,-0.0006625929713076936,113.938232845497,14.709362610230425,47.0,49.0,0.013179571663920923,0.029166666666666667
1722876960,54332.0,54345.0,54260.0,54270.0,0.07749005,2024-08-05 16:56:00+00:00,54270.0,-44.0,-0.0008104325205973582,113.94465278504723,14.71019142086248,31.0,54.0,0.013211493999779809,0.029166666666666667
1722877020,54258.0,54268.0,54194.0,54194.0,0.97421602,2024-08-05 16:57:00+00:00,54194.0,-76.0,-0.0014013868645438062,114.18453693287967,14.741160331181622,0.0,76.0,0.013289036544850499,0.028888888888888888
1722877080,54200.0,54200.0,54101.0,54139.0,0.43732119,2024-08-05 16:58:00+00:00,54139.0,-55.0,-0.0010153878268943243,114.2354825797391,14.7477373859099,6.0,93.0,0.013250883392226149,0.028888888888888888
1722877140,54121.0,54164.0,54081.0,54088.0,0.59389862,2024-08-05 16:59:00+00:00,54088.0,-51.0,-0.0009424635954984778,113.67667873462648,14.675596119712639,25.0,58.0,0.013300820217246729,0.029166666666666667
1722877200,54088.0,54315.0,54088.0,54309.0,1.14996171,2024-08-05 17:00:00+00:00,54309.0,221.0,0.004077609273539644,117.34571430890246,15.149266575573087,227.0,0.0,0.013157894736842105,0.028888888888888888
1722877260,54276.0,54276.0,54155.0,54189.0,0.31120356,2024-08-05 17:01:00+00:00,54189.0,-120.0,-0.002212023243386275,115.7812763567674,14.94729850441329,0.0,154.0,0.013242109909512249,0.028888888888888888
1722877320,54198.0,54232.0,54122.0,54184.0,0.62199589,2024-08-05 17:02:00+00:00,54184.0,-5.0,-9.227390592761338e-05,115.59902815653058,14.923770362933507,43.0,67.0,0.013259668508287291,0.029166666666666667
1722877380,54181.0,54225.0,54148.0,54195.0,0.07006895,2024-08-05 17:03:00+00:00,54195.0,11.0,0.00020299135511073262,114.38374677122452,14.766878210725299,41.0,36.0,0.013391362571141614,0.029444444444444443
1722877440,54237.0,54286.0,54172.0,54176.0,0.56697401,2024-08-05 17:04:00+00:00,54176.0,-19.0,-0.000350647316988415,114.39160981243386,14.767893324980442,91.0,23.0,0.013427324605572341,0.029444444444444443
1722877500,54223.0,54291.0,54207.0,54246.0,0.56268541,2024-08-05 17:05:00+00:00,54246.0,70.0,0.0012912510325594974,114.70298047048928,14.808091104085317,115.0,0.0,0.013406323315830634,0.029166666666666667
1722877560,54237.0,54255.0,54056.0,54071.0,78.39164927,2024-08-05 17:06:00+00:00,54071.0,-175.0,-0.003231259216283391,115.93760619865037,14.967480600217556,9.0,190.0,0.013336296954878861,0.029166666666666667
1722877620,54061.0,54061.0,53834.0,53834.0,74.09414998,2024-08-05 17:07:00+00:00,53834.0,-237.0,-0.004392759948150483,119.22839853386037,15.3923200638874,0.0,237.0,0.013226055328998126,0.028888888888888888
1722877680,53838.0,53933.0,53838.0,53920.0,1.26264076,2024-08-05 17:08:00+00:00,53920.0,86.0,0.0015962287852010796,119.14215503903108,15.381186076580981,99.0,0.0,0.013258203513423931,0.028888888888888888
1722877740,53937.0,54146.0,53920.0,54136.0,0.52088902,2024-08-05 17:09:00+00:00,54136.0,216.0,0.003997932325872858,119.30229727709818,15.401860350616255,226.0,0.0,0.013286093888396812,0.02861111111111111
1722877800,54113.0,54297.0,54101.0,54230.0,0.38760298,2024-08-05 17:10:00+00:00,54230.0,94.0,0.001734861923044822,119.58600432064956,15.438486772445465,161.0,35.0,0.013256738842244807,0.028888888888888888
1722877860,54219.0,54494.0,54189.0,54366.0,0.4144089,2024-08-05 17:11:00+00:00,54366.0,136.0,0.00250469761500921,120.7317835506538,15.58640623498669,264.0,41.0,0.012991230919129588,0.028888888888888888
1722877920,54372.0,54472.0,54343.0,54436.0,0.18152567,2024-08-05 17:12:00+00:00,54436.0,70.0,0.0012867412300926865,119.4437425197257,15.420120852919478,106.0,23.0,0.013057671381936888,0.029166666666666667
1722877980,54432.0,54484.0,54385.0,54398.0,0.68864898,2024-08-05 17:13:00+00:00,54398.0,-38.0,-0.000698311217894898,118.4934668870615,15.29744079626564,48.0,51.0,0.013127666557269446,0.029166666666666667
1722878040,54449.0,54536.0,54446.0,54488.0,0.60592342,2024-08-05 17:14:00+00:00,54488.0,90.0,0.0016531054588409502,119.19051359514033,15.387429139329573,138.0,0.0,0.013040643338404694,0.028888888888888888
1722878100,54444.0,54718.0,54433.0,54700.0,0.61876733,2024-08-05 17:15:00+00:00,54700.0,212.0,0.003883215488918272,119.3176207974675,15.403838608589444,230.0,55.0,0.012967365463583316,0.029166666666666667
1722878160,54673.0,54710.0,54613.0,54629.0,0.54926961,2024-08-05 17:16:00+00:00,54629.0,-71.0,-0.0012988321484913889,119.46164077150077,15.422431507287847,10.0,87.0,0.012984202553559835,0.029166666666666667
1722878220,54667.0,54667.0,54564.0,54564.0,0.17574823,2024-08-05 17:17:00+00:00,54564.0,-65.0,-0.0011905526485702382,117.81825513449833,15.210271333837616,38.0,65.0,0.01317378416950269,0.029166666666666667
1722878280,54576.0,54628.0,54510.0,54549.0,0.7931267,2024-08-05 17:18:00+00:00,54549.0,-15.0,-0.0002749443255064566,117.80283609527525,15.208280744433434,64.0,54.0,0.013181019332161687,0.029166666666666667
1722878340,54526.0,54600.0,54511.0,54528.0,0.6720612,2024-08-05 17:19:00+00:00,54528.0,-21.0,-0.00038504909851679096,117.17790207399672,15.12760210920376,51.0,38.0,0.013240648791790797,0.029166666666666667
1722878400,54541.0,54639.0,54497.0,54512.0,0.38189209,2024-08-05 17:20:00+00:00,54512.0,-16.0,-0.0002934702882398309,116.98072659835941,15.1021468647563,111.0,31.0,0.013268465280849183,0.029166666666666667
1722878460,54529.0,54549.0,54460.0,54549.0,1.51194256,2024-08-05 17:21:00+00:00,54549.0,37.0,0.0006785193867565156,117.03012674081678,15.108524395724222,37.0,52.0,0.013322971022538025,0.029166666666666667
1722878520,54550.0,54665.0,54550.0,54654.0,0.69293494,2024-08-05 17:22:00+00:00,54654.0,105.0,0.0019230246853604764,117.4651901797068,15.164690844169714,116.0,0.0,0.013421317526003802,0.028888888888888888
1722878580,54653.0,54697.0,54626.0,54684.0,1.26699006,2024-08-05 17:23:00+00:00,54684.0,30.0,0.0005487570790180176,116.75229827520424,15.072656895043565,43.0,28.0,0.013571590137977832,0.028888888888888888
1722878640,54682.0,54692.0,54524.0,54526.0,0.92278767,2024-08-05 17:24:00+00:00,54526.0,-158.0,-0.0028935099393202685,115.72191853481525,14.939635442550362,8.0,160.0,0.0136986301369863,0.028888888888888888
1722878700,54562.0,54624.0,54523.0,54571.0,2.17422131,2024-08-05 17:25:00+00:00,54571.0,45.0,0.0008249539868568871,113.55528283566068,14.659923976546224,98.0,3.0,0.014111006585136407,0.028888888888888888
1722878760,54595.0,54641.0,54551.0,54641.0,1.28581616,2024-08-05 17:26:00+00:00,54641.0,70.0,0.0012819105883215478,114.02338445858251,14.720355636209856,70.0,20.0,0.014169323414806942,0.028888888888888888
1722878820,54641.0,54641.0,54559.0,54593.0,0.47758399,2024-08-05 17:27:00+00:00,54593.0,-48.0,-0.000878847301929665,113.81703525450037,14.693716068512746,0.0,82.0,0.014359219815723346,0.02861111111111111
1722878880,54596.0,54625.0,54477.0,54477.0,0.85496395,2024-08-05 17:28:00+00:00,54477.0,-116.0,-0.0021270751579047648,113.90889411363793,14.705574996234125,32.0,116.0,0.014338630660771897,0.02861111111111111
1722878940,54477.0,54477.0,54349.0,54426.0,1.05598351,2024-08-05 17:29:00+00:00,54426.0,-51.0,-0.0009366133849074293,113.68001479025128,14.676026802641868,0.0,128.0,0.014231499051233398,0.02861111111111111
1722879000,54442.0,54580.0,54442.0,54552.0,0.30257967,2024-08-05 17:30:00+00:00,54552.0,126.0,0.002312394357489661,113.56477904503626,14.661149931905015,154.0,0.0,0.014323227500596803,0.028333333333333332
1722879060,54562.0,54697.0,54531.0,54697.0,1.13589013,2024-08-05 17:31:00+00:00,54697.0,145.0,0.0026544880986164184,114.48126558302633,14.779467835193643,145.0,21.0,0.014233187047799785,0.028333333333333332
1722879120,54723.0,54784.0,54541.0,54541.0,0.8996418,2024-08-05 17:32:00+00:00,54541.0,-156.0,-0.002856150900762713,111.70230184417876,14.420705159184612,87.0,156.0,0.014248397055331274,0.02861111111111111
1722879180,54540.0,54605.0,54489.0,54605.0,0.17062003,2024-08-05 17:33:00+00:00,54605.0,64.0,0.0011727412334862622,112.09147293654692,14.470946931170186,64.0,52.0,0.014189428875487763,0.02861111111111111
1722879240,54636.0,54671.0,54598.0,54654.0,1.08933077,2024-08-05 17:34:00+00:00,54654.0,49.0,0.0008969513410360401,102.9904430320216,13.296009022718112,66.0,7.0,0.014761963341124371,0.02861111111111111
1722879300,54633.0,54633.0,54512.0,54529.0,1.44070761,2024-08-05 17:35:00+00:00,54529.0,-125.0,-0.0022897347501604783,101.93796717878112,13.160134974321918,0.0,142.0,0.014975664545114188,0.028333333333333332
1722879360,54529.0,54661.0,54526.0,54659.0,0.2255574,2024-08-05 17:36:00+00:00,54659.0,130.0,0.002381215177986697,99.04045141733268,12.786067298006474,132.0,3.0,0.015180265654648957,0.02861111111111111
1722879420,54647.0,54647.0,54560.0,54584.0,0.18239867,2024-08-05 17:37:00+00:00,54584.0,-75.0,-0.0013730859054315312,99.49194527770138,12.844354904743902,0.0,99.0,0.015170670037926675,0.028333333333333332
1722879480,54584.0,54664.0,54515.0,54529.0,0.44284004,2024-08-05 17:38:00+00:00,54529.0,-55.0,-0.0010081292725551206,98.94365799598779,12.773571321043434,80.0,69.0,0.015214910612400153,0.028333333333333332
1722879540,54529.0,54533.0,54358.0,54383.0,4.37187355,2024-08-05 17:39:00+00:00,54383.0,-146.0,-0.0026810652169703434,99.70529880688073,12.871898726922776,4.0,171.0,0.01525165226232842,0.028333333333333332
1722879600,54384.0,54533.0,54384.0,54492.0,1.00615626,2024-08-05 17:40:00+00:00,54492.0,109.0,0.0020022968802172686,100.7953904425354,13.012628951947129,150.0,0.0,0.015302218821729153,0.028055555555555556
1722879660,54538.0,54640.0,54521.0,54640.0,1.72266199,2024-08-05 17:41:00+00:00,54640.0,148.0,0.002712313358720295,102.56134859677196,13.240613169329041,148.0,0.0,0.015362949686339777,0.027777777777777776
1722879720,54637.0,54638.0,54558.0,54606.0,0.30009521,2024-08-05 17:42:00+00:00,54606.0,-34.0,-0.0006224484392609443,102.41247468815159,13.22139363036999,0.0,82.0,0.015418219195682899,0.027777777777777776
1722879780,54613.0,54712.0,54610.0,54678.0,0.84748338,2024-08-05 17:43:00+00:00,54678.0,72.0,0.0013176679187710976,101.3406516833975,13.083021875453504,106.0,0.0,0.015503875968992248,0.027777777777777776
1722879840,54678.0,54723.0,54660.0,54707.0,0.67845033,2024-08-05 17:44:00+00:00,54707.0,29.0,0.0005302372478758751,101.39612284901942,13.090183172141785,45.0,18.0,0.01555008422962291,0.027777777777777776
1722879900,54751.0,54751.0,54532.0,54532.0,0.44419329,2024-08-05 17:45:00+00:00,54532.0,-175.0,-0.0032039866660373197,101.81680125082025,13.144492520284576,44.0,175.0,0.015588464536243178,0.027777777777777776
1722879960,54542.0,54660.0,54532.0,54564.0,0.43924243,2024-08-05 17:46:00+00:00,54564.0,32.0,0.000586639306990517,101.2105527536553,13.06622617584514,128.0,0.0,0.015574302401038288,0.027777777777777776
1722880020,54563.0,54689.0,54504.0,54653.0,0.57538801,2024-08-05 17:47:00+00:00,54653.0,89.0,0.001629783270005642,101.80284479836222,13.14269075001984,125.0,60.0,0.015384615384615385,0.028055555555555556
1722880080,54677.0,54930.0,54677.0,54916.0,0.3726414,2024-08-05 17:48:00+00:00,54916.0,263.0,0.004800637134479097,107.16753345108106,13.835269077005439,277.0,0.0,0.015007503751875937,0.027777777777777776
1722880140,54913.0,55033.0,54899.0,54935.0,0.46478917,2024-08-05 17:49:00+00:00,54935.0,19.0,0.0003459231174858037,106.80301710755512,13.788210219408894,117.0,17.0,0.014986886474334958,0.027777777777777776
1722880200,54916.0,54916.0,54858.0,54880.0,0.13544766,2024-08-05 17:50:00+00:00,54880.0,-55.0,-0.0010016847352145113,106.67445990245322,13.771613555595739,0.0,77.0,0.015028177833437694,0.0275
1722880260,54891.0,54902.0,54816.0,54902.0,0.61676382,2024-08-05 17:51:00+00:00,54902.0,22.0,0.0004007943067989993,106.6912370183093,13.773779471939338,22.0,64.0,0.015007503751875937,0.0275
1722880320,54924.0,55098.0,54844.0,54881.0,0.33311356,2024-08-05 17:52:00+00:00,54881.0,-21.0,-0.0003825728984658009,106.4547594953317,13.743250354997851,196.0,58.0,0.014696876913655847,0.0275
1722880380,54881.0,54970.0,54876.0,54917.0,1.3264558,2024-08-05 17:53:00+00:00,54917.0,36.0,0.0006557496728541386,106.14992462161722,13.703896342023203,89.0,5.0,0.014639502256923264,0.0275
1722880440,54976.0,54981.0,54879.0,54938.0,1.74895121,2024-08-05 17:54:00+00:00,54938.0,21.0,0.00038232215658451525,106.14952677189937,13.703844979845487,64.0,38.0,0.014548981571290009,0.0275
1722880500,54967.0,55006.0,54874.0,54879.0,1.04846717,2024-08-05 17:55:00+00:00,54879.0,-59.0,-0.0010745149781308239,106.35904839336011,13.730894104865081,68.0,64.0,0.01448575567358764,0.0275
1722880560,54874.0,54927.0,54773.0,54807.0,0.65424649,2024-08-05 17:56:00+00:00,54807.0,-72.0,-0.0013128386547284427,106.65840054482129,13.769540301440431,48.0,106.0,0.014366096013408356,0.0275
1722880620,54776.0,54813.0,54754.0,54790.0,1.7020039,2024-08-05 17:57:00+00:00,54790.0,-17.0,-0.00031022747221810375,106.13261079162334,13.701661136182357,6.0,53.0,0.01439539347408829,0.027777777777777776
1722880680,54789.0,54789.0,54698.0,54715.0,1.59447536,2024-08-05 17:58:00+00:00,54715.0,-75.0,-0.0013698006799180713,106.3711442966697,13.732455679267593,0.0,92.0,0.01440749189578581,0.0275
1722880740,54712.0,54799.0,54673.0,54770.0,1.54041048,2024-08-05 17:59:00+00:00,54770.0,55.0,0.0010047039252235978,106.2277640407969,13.713945367828583,84.0,42.0,0.01433349259436216,0.0275
1722880800,54748.0,54768.0,54667.0,54681.0,0.11014138,2024-08-05 18:00:00+00:00,54681.0,-89.0,-0.0016262988847238478,103.35897622413628,13.343586453237606,0.0,103.0,0.014548981571290009,0.0275
1722880860,54702.0,54745.0,54599.0,54667.0,0.83943783,2024-08-05 18:01:00+00:00,54667.0,-14.0,-0.00025606321243178034,102.06311883334045,13.176291983450538,64.0,82.0,0.014563106796116504,0.027777777777777776
1722880920,54668.0,54743.0,54586.0,54648.0,0.72832901,2024-08-05 18:02:00+00:00,54648.0,-19.0,-0.0003476192689260762,102.10925797875346,13.182248521510298,76.0,81.0,0.01448051164474478,0.027777777777777776
1722880980,54656.0,54697.0,54548.0,54583.0,1.02313884,2024-08-05 18:03:00+00:00,54583.0,-65.0,-0.0011901384711725874,102.53853623116166,13.237668105592498,49.0,100.0,0.01435578418471109,0.027777777777777776
1722881040,54562.0,54594.0,54538.0,54565.0,0.26666165,2024-08-05 18:04:00+00:00,54565.0,-18.0,-0.0003298273933224487,102.53440789442226,13.23713513961119,11.0,45.0,0.014456089627755693,0.027777777777777776
1722881100,54564.0,54610.0,54544.0,54576.0,0.56897168,2024-08-05 18:05:00+00:00,54576.0,11.0,0.00020157411123678342,102.19730004062288,13.193614702823165,45.0,21.0,0.014541929229277752,0.028055555555555556
1722881160,54657.0,54697.0,54551.0,54641.0,1.04818497,2024-08-05 18:06:00+00:00,54641.0,65.0,0.0011902910293140603,99.67855114979305,12.868445619241088,121.0,25.0,0.014635931211123308,0.028055555555555556
1722881220,54640.0,54645.0,54555.0,54565.0,0.62689085,2024-08-05 18:07:00+00:00,54565.0,-76.0,-0.0013918651405507546,94.9869735344948,12.262765553524765,4.0,86.0,0.01490312965722802,0.028333333333333332
1722881280,54565.0,54623.0,54565.0,54596.0,0.39601777,2024-08-05 18:08:00+00:00,54596.0,31.0,0.0005679684288958597,94.52680844143724,12.203358495460837,58.0,0.0,0.014979403320434402,0.028333333333333332
1722881340,54593.0,54655.0,54543.0,54548.0,1.21016244,2024-08-05 18:09:00+00:00,54548.0,-48.0,-0.0008795719983616157,90.91054770275942,11.736501241579404,59.0,53.0,0.015195643915410915,0.02861111111111111
1722881400,54564.0,54569.0,54469.0,54507.0,1.11485101,2024-08-05 18:10:00+00:00,54507.0,-41.0,-0.0007519142071743713,90.386569361293,11.668855928570311,21.0,79.0,0.015382643250865273,0.02861111111111111
1722881460,54507.0,54597.0,54469.0,54469.0,19.02492874,2024-08-05 18:11:00+00:00,54469.0,-38.0,-0.0006974012909295358,88.87852911616497,11.474168770077265,90.0,38.0,0.015739769150052468,0.02861111111111111
1722881520,54469.0,54504.0,54451.0,54483.0,7.03746654,2024-08-05 18:12:00+00:00,54483.0,14.0,0.00025699390698745434,88.44228064477755,11.4178493345942,35.0,18.0,0.01589825119236884,0.02861111111111111
1722881580,54484.0,54494.0,54411.0,54411.0,0.71626971,2024-08-05 18:13:00+00:00,54411.0,-72.0,-0.0013223871010752217,88.80317059285952,11.464440026552037,11.0,72.0,0.015932023366967606,0.02861111111111111
1722881640,54411.0,54411.0,54331.0,54371.0,1.5380915,2024-08-05 18:14:00+00:00,54371.0,-40.0,-0.0007354158188447716,88.15902907121617,11.381281713687857,0.0,80.0,0.016055659620016056,0.02861111111111111
1722881700,54362.0,54438.0,54265.0,54265.0,1.45758024,2024-08-05 18:15:00+00:00,54265.0,-106.0,-0.0019514715865727918,84.56421188779133,10.917192810885702,67.0,106.0,0.016299918500407497,0.02861111111111111
1722881760,54260.0,54298.0,54151.0,54221.0,1.04823749,2024-08-05 18:16:00+00:00,54221.0,-44.0,-0.0008111646187088676,84.29061913745888,10.881872138696346,33.0,114.0,0.016189962223421478,0.02861111111111111
1722881820,54245.0,54245.0,54177.0,54186.0,0.17113486,2024-08-05 18:17:00+00:00,54186.0,-35.0,-0.0006457147825527225,84.0281026436881,10.84798140508038,24.0,44.0,0.016266775111834077,0.02861111111111111
1722881880,54186.0,54238.0,54146.0,54146.0,0.63699637,2024-08-05 18:18:00+00:00,54146.0,-40.0,-0.0007384706608905638,84.13389080460253,10.86163859792863,52.0,40.0,0.016324309617739084,0.02861111111111111
1722881940,54142.0,54211.0,54105.0,54150.0,2.82930422,2024-08-05 18:19:00+00:00,54150.0,4.0,7.38716111734915e-05,84.12385945029767,10.860343555656543,65.0,41.0,0.016286644951140065,0.02861111111111111
1722882000,54171.0,54176.0,54100.0,54133.0,7.87683452,2024-08-05 18:20:00+00:00,54133.0,-17.0,-0.0003139920419580386,84.12591282737694,10.860608645497592,26.0,50.0,0.016433853738701727,0.02861111111111111
1722882060,54135.0,54135.0,54078.0,54088.0,1.78607773,2024-08-05 18:21:00+00:00,54088.0,-45.0,-0.0008316316166648286,84.07633570743064,10.854208266834094,2.0,55.0,0.016506189821182942,0.02861111111111111
1722882120,54087.0,54103.0,53946.0,53954.0,8.55625916,2024-08-05 18:22:00+00:00,53954.0,-134.0,-0.0024805181079239416,84.30848654764644,10.88417881143289,15.0,142.0,0.016413623307345096,0.028888888888888888
1722882180,53958.0,53958.0,53800.0,53850.0,14.03156942,2024-08-05 18:23:00+00:00,53850.0,-104.0,-0.0019294280780552187,84.95835470333793,10.96807642957368,4.0,154.0,0.016220600162206,0.028888888888888888
1722882240,53826.0,53849.0,53720.0,53750.0,9.44593898,2024-08-05 18:24:00+00:00,53750.0,-100.0,-0.0018587365946254378,83.61024725670629,10.794036506583593,0.0,130.0,0.016304347826086956,0.02861111111111111
1722882300,53741.0,53820.0,53674.0,53786.0,3.51089691,2024-08-05 18:25:00+00:00,53786.0,36.0,0.000669543247747141,83.51256713846351,10.781426057543266,70.0,76.0,0.016205266711681297,0.02861111111111111
1722882360,53875.0,53964.0,53837.0,53837.0,3.59140478,2024-08-05 18:26:00+00:00,53837.0,51.0,0.0009477528747109124,83.22772517189217,10.744653117782207,178.0,0.0,0.016014947284131855,0.028333333333333332
1722882420,53845.0,53856.0,53774.0,53780.0,4.01178594,2024-08-05 18:27:00+00:00,53780.0,-57.0,-0.001059312289511425,83.29922070158523,10.753883150976522,19.0,63.0,0.016014947284131855,0.02861111111111111
1722882480,53801.0,53856.0,53781.0,53848.0,0.43823128,2024-08-05 18:28:00+00:00,53848.0,68.0,0.0012636118676934648,82.84936129305129,10.695806551063633,76.0,0.0,0.016170327449130845,0.028333333333333332
1722882540,53857.0,53968.0,53841.0,53967.0,0.58027015,2024-08-05 18:29:00+00:00,53967.0,119.0,0.0022074859402468746,84.33384526764445,10.887452608107337,120.0,7.0,0.016172506738544475,0.02861111111111111
1722882600,53950.0,54089.0,53946.0,54060.0,7.89432431,2024-08-05 18:30:00+00:00,54060.0,93.0,0.0017217921996428515,83.55142534969693,10.786442631042279,122.0,21.0,0.016196517748684032,0.028888888888888888
1722882660,54046.0,54093.0,53988.0,54049.0,2.78958313,2024-08-05 18:31:00+00:00,54049.0,-11.0,-0.00020349832184112573,81.09437899808238,10.469239311020186,33.0,72.0,0.01633097441480675,0.028888888888888888
1722882720,54033.0,54033.0,53926.0,53988.0,3.96008638,2024-08-05 18:32:00+00:00,53988.0,-61.0,-0.0011292428794249087,79.11461149125556,10.21365242491009,0.0,123.0,0.016602102933038185,0.02861111111111111
1722882780,53979.0,53979.0,53858.0,53937.0,0.93878187,2024-08-05 18:33:00+00:00,53937.0,-51.0,-0.0009451008347679533,78.70271605303193,10.16047695248946,0.0,130.0,0.016570008285004142,0.028333333333333332
1722882840,53917.0,53983.0,53902.0,53914.0,0.39013141,2024-08-05 18:34:00+00:00,53914.0,-23.0,-0.00042651436423713775,78.31826997852579,10.11084517768689,46.0,35.0,0.016551724137931035,0.028333333333333332
1722882900,53910.0,53984.0,53897.0,53948.0,2.32582377,2024-08-05 18:35:00+00:00,53948.0,34.0,0.0006304352065806164,77.1222871493132,9.95644445835721,70.0,17.0,0.01667824878387769,0.02861111111111111
1722882960,53948.0,54021.0,53917.0,53941.0,1.48677005,2024-08-05 18:36:00+00:00,53941.0,-7.0,-0.00012976299733654872,74.9130494089734,9.671233092485577,73.0,31.0,0.01675041876046901,0.02861111111111111
1722883020,53949.0,53973.0,53831.0,53831.0,1.60578381,2024-08-05 18:37:00+00:00,53831.0,-110.0,-0.0020413472552871332,75.54579372243315,9.752920032100146,32.0,110.0,0.016650478701262662,0.028888888888888888
1722883080,53830.0,53840.0,53705.0,53714.0,2.29837016,2024-08-05 18:38:00+00:00,53714.0,-117.0,-0.002175834230489205,76.5535797005707,9.883024642429081,9.0,126.0,0.0166828861393021,0.028888888888888888
1722883140,53745.0,53745.0,53643.0,53643.0,0.76496495,2024-08-05 18:39:00+00:00,53643.0,-71.0,-0.001322689910322774,74.95030368583404,9.676042598947454,31.0,71.0,0.016853932584269662,0.028888888888888888
1722883200,53668.0,53714.0,53590.0,53631.0,1.54832963,2024-08-05 18:40:00+00:00,53631.0,-12.0,-0.00022372616011433815,73.23859892762309,9.455062464874953,71.0,53.0,0.01691570341133352,0.029166666666666667
1722883260,53619.0,53778.0,53599.0,53677.0,4.15445301,2024-08-05 18:41:00+00:00,53677.0,46.0,0.0008573452644285969,70.54038992073527,9.10672517993284,147.0,32.0,0.016842105263157894,0.029444444444444443
1722883320,53647.0,53653.0,53562.0,53580.0,1.13682086,2024-08-05 18:42:00+00:00,53580.0,-97.0,-0.0018087402490272473,71.27713875061524,9.201839044881604,0.0,115.0,0.016764459346186086,0.029444444444444443
1722883380,53566.0,53591.0,53464.0,53513.0,2.313918,2024-08-05 18:43:00+00:00,53513.0,-67.0,-0.0012512490777436228,70.58767637836688,9.112829835363119,11.0,116.0,0.01671541997492687,0.029722222222222223
1722883440,53523.0,53605.0,53511.0,53550.0,1.32436135,2024-08-05 18:44:00+00:00,53550.0,37.0,0.0006911818550388533,70.68816496887258,9.125802856613534,92.0,2.0,0.016643550624133148,0.029722222222222223
1722883500,53535.0,53721.0,53532.0,53644.0,3.36916117,2024-08-05 18:45:00+00:00,53644.0,94.0,0.0017538299549358456,69.15857484488924,8.928333620723174,171.0,18.0,0.016713091922005572,0.029722222222222223
1722883560,53632.0,53681.0,53519.0,53519.0,0.76693913,2024-08-05 18:46:00+00:00,53519.0,-125.0,-0.002332895807166537,70.31823344483377,9.078044902218885,37.0,125.0,0.01663432215137233,0.03
1722883620,53551.0,53598.0,53360.0,53434.0,9.19032423,2024-08-05 18:47:00+00:00,53434.0,-85.0,-0.0015894835655987831,69.43756900050894,8.964351611336651,79.0,159.0,0.016513003990642632,0.03
1722883680,53417.0,53420.0,53360.0,53406.0,33.29734789,2024-08-05 18:48:00+00:00,53406.0,-28.0,-0.0005241482710790049,58.63595433897887,7.569869154794789,0.0,74.0,0.01698754246885617,0.03
1722883740,53424.0,53469.0,53334.0,53338.0,15.75438911,2024-08-05 18:49:00+00:00,53338.0,-68.0,-0.0012740764670339053,58.60094627183659,7.565349632760624,63.0,72.0,0.016985138004246284,0.03
1722883800,53369.0,53485.0,53369.0,53440.0,2.10909086,2024-08-05 18:50:00+00:00,53440.0,102.0,0.001910506490574659,60.77689123733175,7.846262919881512,147.0,0.0,0.016818500350385422,0.03
1722883860,53418.0,53460.0,53415.0,53436.0,1.43438192,2024-08-05 18:51:00+00:00,53436.0,-4.0,-7.48531008246939e-05,60.53556642387815,7.815108020430432,20.0,25.0,0.01691570341133352,0.03
1722883920,53419.0,53555.0,53392.0,53430.0,0.56296809,2024-08-05 18:52:00+00:00,53430.0,-6.0,-0.00011229015788566903,60.580942258862464,7.820966015537581,119.0,44.0,0.01713551335142082,0.03
1722883980,53432.0,53440.0,53355.0,53355.0,1.31685414,2024-08-05 18:53:00+00:00,53355.0,-75.0,-0.0014046919011518073,60.40652301365099,7.798448587805511,10.0,75.0,0.017157563625965114,0.03
1722884040,53334.0,53395.0,53328.0,53370.0,1.40972031,2024-08-05 18:54:00+00:00,53370.0,15.0,0.0002810962773252743,60.33226268675684,7.788861620827346,40.0,27.0,0.01724385687598793,0.03
1722884100,53370.0,53379.0,53296.0,53342.0,3.3358843,2024-08-05 18:55:00+00:00,53342.0,-28.0,-0.000524776981831108,60.17857371575994,7.769020459988454,9.0,74.0,0.01736613603473227,0.03
1722884160,53422.0,53459.0,53358.0,53370.0,2.37351005,2024-08-05 18:56:00+00:00,53370.0,28.0,0.0005247769818311117,60.25691464646809,7.7791342306537565,117.0,0.0,0.017459624618070713,0.029722222222222223
1722884220,53366.0,53366.0,53277.0,53295.0,2.67482764,2024-08-05 18:57:00+00:00,53295.0,-75.0,-0.0014062722047533443,60.60773896623059,7.824425455583246,0.0,93.0,0.0173736788765021,0.029444444444444443
1722884280,53306.0,53321.0,53259.0,53275.0,1.34659472,2024-08-05 18:58:00+00:00,53275.0,-20.0,-0.0003753401564192598,60.25229442146352,7.778537762170474,26.0,36.0,0.017449469245310455,0.029722222222222223
1722884340,53266.0,53275.0,53034.0,53142.0,7.86020231,2024-08-05 18:59:00+00:00,53142.0,-133.0,-0.0024996019291798704,60.95857628421736,7.869718358576274,0.0,241.0,0.017162471395881007,0.029444444444444443
1722884400,53127.0,53144.0,53027.0,53053.0,3.21824808,2024-08-05 19:00:00+00:00,53053.0,-89.0,-0.0016761621702955348,60.95857628421736,7.869718358576274,2.0,115.0,0.01712817584927205,0.029722222222222223
1722884460,53053.0,53293.0,53053.0,53269.0,2.89374357,2024-08-05 19:01:00+00:00,53269.0,216.0,0.004063134575403965,68.55662017260917,8.850621606692759,240.0,0.0,0.016901408450704227,0.029444444444444443
1722884520,53267.0,53423.0,53197.0,53358.0,7.01306538,2024-08-05 19:02:00+00:00,53358.0,89.0,0.0016693711849488366,70.07248063521627,9.046318350921144,154.0,72.0,0.016738736225414982,0.029444444444444443
1722884580,53347.0,53418.0,53299.0,53323.0,4.56984348,2024-08-05 19:03:00+00:00,53323.0,-35.0,-0.0006561618517967397,69.86354739230728,9.019345185245957,60.0,59.0,0.016809076901526825,0.029444444444444443
1722884640,53359.0,53359.0,53246.0,53268.0,1.80681214,2024-08-05 19:04:00+00:00,53268.0,-55.0,-0.0010319821538627642,69.99978006422181,9.036932747563768,36.0,77.0,0.016675931072818232,0.029444444444444443
1722884700,53257.0,53388.0,53257.0,53354.0,1.76000282,2024-08-05 19:05:00+00:00,53354.0,86.0,0.001613175867083231,71.2505644739253,9.198408320513016,120.0,11.0,0.016526649221870266,0.029444444444444443
1722884760,53346.0,53346.0,53211.0,53317.0,1.33786743,2024-08-05 19:06:00+00:00,53317.0,-37.0,-0.0006937218453722968,70.39088603049453,9.08742431069632,0.0,143.0,0.016533480297602644,0.029166666666666667
1722884820,53280.0,53304.0,53203.0,53242.0,2.66984272,2024-08-05 19:07:00+00:00,53242.0,-75.0,-0.001407671100228308,70.37801683933105,9.085762905261143,0.0,114.0,0.016478989288656962,0.028888888888888888
1722884880,53222.0,53292.0,53127.0,53142.0,1.30438687,2024-08-05 19:08:00+00:00,53142.0,-100.0,-0.0018799825058802909,70.73545048136852,9.131907390027322,50.0,115.0,0.016240357287860333,0.029166666666666667
1722884940,53139.0,53139.0,53037.0,53111.0,2.02355535,2024-08-05 19:09:00+00:00,53111.0,-31.0,-0.0005835129526619279,70.67265791146575,9.12380090411069,0.0,105.0,0.01625575724735844,0.028888888888888888
1722885000,53117.0,53188.0,52999.0,52999.0,5.88902521,2024-08-05 19:10:00+00:00,52999.0,-112.0,-0.0021110176532470114,71.5519170683642,9.237312773166293,77.0,112.0,0.016062106813010308,0.028888888888888888
1722885060,52991.0,53014.0,52874.0,52881.0,12.11782522,2024-08-05 19:11:00+00:00,52881.0,-118.0,-0.0022289393436659153,72.53437914666374,9.364148082084107,15.0,125.0,0.016036349057864493,0.028888888888888888
1722885120,52908.0,52939.0,52863.0,52890.0,4.20334299,2024-08-05 19:12:00+00:00,52890.0,9.0,0.00017017897196251402,72.4899583928456,9.358413387425317,58.0,18.0,0.01598721023181455,0.028888888888888888
1722885180,52900.0,52920.0,52872.0,52893.0,1.3944183,2024-08-05 19:13:00+00:00,52893.0,3.0,5.6719888844312073e-05,72.3394306055754,9.338980333650689,30.0,18.0,0.016062106813010308,0.028888888888888888
1722885240,52895.0,52903.0,52790.0,52790.0,7.43386561,2024-08-05 19:14:00+00:00,52790.0,-103.0,-0.0019492261312078903,73.01052280786546,9.425617964425323,10.0,103.0,0.015991471215351813,0.029166666666666667
1722885300,52787.0,52889.0,52717.0,52757.0,62.23554716,2024-08-05 19:15:00+00:00,52757.0,-33.0,-0.0006253138616027946,72.26515832228218,9.32939182310804,99.0,73.0,0.01599360255897641,0.029166666666666667
1722885360,52778.0,52778.0,52660.0,52700.0,12.58575224,2024-08-05 19:16:00+00:00,52700.0,-57.0,-0.00108100942660536,72.34213086649412,9.339328935836308,21.0,97.0,0.016055659620016056,0.029166666666666667
1722885420,52701.0,52777.0,52627.0,52670.0,10.17460378,2024-08-05 19:17:00+00:00,52670.0,-30.0,-0.0005694220520187083,72.33370564094783,9.338241243895347,77.0,73.0,0.015881418740074114,0.029166666666666667
1722885480,52699.0,52703.0,52573.0,52575.0,1.92065834,2024-08-05 19:18:00+00:00,52575.0,-95.0,-0.0018053119065345132,72.87009376261037,9.407488652638763,33.0,97.0,0.01580194890703187,0.029166666666666667
1722885540,52652.0,52741.0,52645.0,52741.0,4.86924269,2024-08-05 19:19:00+00:00,52741.0,166.0,0.0031524200970834753,76.89735435855064,9.927405759935898,166.0,0.0,0.01567807682257643,0.028888888888888888
1722885600,52731.0,52882.0,52669.0,52878.0,4.24580595,2024-08-05 19:20:00+00:00,52878.0,137.0,0.0025942316597315227,79.63865249833957,10.281305828015627,141.0,72.0,0.015402387370042358,0.028888888888888888
1722885660,52865.0,52882.0,52729.0,52755.0,4.53080823,2024-08-05 19:21:00+00:00,52755.0,-123.0,-0.0023288187515228985,80.66841350772297,10.414247402679484,4.0,149.0,0.015214910612400153,0.028888888888888888
1722885720,52769.0,52851.0,52705.0,52827.0,1.98634184,2024-08-05 19:22:00+00:00,52827.0,72.0,0.0013638690526951254,80.21266049667395,10.35540994195359,96.0,50.0,0.015236160487557134,0.028888888888888888
1722885780,52837.0,52975.0,52791.0,52918.0,13.08542067,2024-08-05 19:23:00+00:00,52918.0,91.0,0.001721121990899035,80.65063108113405,10.411951701278348,148.0,36.0,0.015186028853454823,0.028888888888888888
1722885840,52935.0,53134.0,52912.0,53134.0,2.83676947,2024-08-05 19:24:00+00:00,53134.0,216.0,0.004073479023084626,85.22907649520711,11.003026462619172,216.0,6.0,0.015011258443832876,0.029166666666666667
1722885900,53129.0,53505.0,53129.0,53372.0,9.68628853,2024-08-05 19:25:00+00:00,53372.0,238.0,0.004469239219439961,90.88933483330459,11.733762671908611,371.0,5.0,0.014591439688715954,0.029166666666666667
1722885960,53350.0,53376.0,53222.0,53270.0,1.60790704,2024-08-05 19:26:00+00:00,53270.0,-102.0,-0.001912942951266455,91.38230830519831,11.797405273467492,4.0,150.0,0.014634146341463415,0.029444444444444443
1722886020,53276.0,53325.0,53191.0,53315.0,0.95008462,2024-08-05 19:27:00+00:00,53315.0,45.0,0.000844396541235102,91.431483099066,11.803753712057583,55.0,79.0,0.014541929229277752,0.029444444444444443
1722886080,53327.0,53340.0,53223.0,53336.0,1.53300417,2024-08-05 19:28:00+00:00,53336.0,21.0,0.0003938078456160269,90.97167871202275,11.744393220939862,25.0,92.0,0.014470034969251176,0.029722222222222223
1722886140,53354.0,53365.0,53229.0,53306.0,2.08090769,2024-08-05 19:29:00+00:00,53306.0,-30.0,-0.0005626301230544165,89.45228662209134,11.548240545584408,29.0,107.0,0.01445434834979523,0.029722222222222223
1722886200,53306.0,53507.0,53292.0,53401.0,1.0746438,2024-08-05 19:30:00+00:00,53401.0,95.0,0.0017805771898645353,89.49206795011823,11.553376292949013,201.0,14.0,0.014330069262001434,0.029722222222222223
1722886260,53369.0,53369.0,53264.0,53317.0,3.67431995,2024-08-05 19:31:00+00:00,53317.0,-84.0,-0.0015742427209595314,89.98715539227305,11.617291806895082,0.0,137.0,0.014275517487508924,0.029444444444444443
1722886320,53326.0,53366.0,53232.0,53256.0,3.68014204,2024-08-05 19:32:00+00:00,53256.0,-61.0,-0.0011447553632070331,89.98715539227305,11.617291806895082,49.0,85.0,0.014256861114411311,0.029722222222222223
1722886380,53248.0,53453.0,53223.0,53404.0,1.46065201,2024-08-05 19:33:00+00:00,53404.0,148.0,0.0027751752294460923,92.17358194753758,11.899558261436589,197.0,33.0,0.014089468122578374,0.03
1722886440,53393.0,53525.0,53388.0,53478.0,0.56168325,2024-08-05 19:34:00+00:00,53478.0,74.0,0.0013847048487867406,92.77051450532005,11.976621923273271,121.0,16.0,0.013997433803802637,0.03
1722886500,53479.0,53503.0,53353.0,53486.0,1.18246028,2024-08-05 19:35:00+00:00,53486.0,8.0,0.00014958303756244614,92.63511432917615,11.95914183569731,25.0,125.0,0.013895321908290875,0.03
1722886560,53475.0,53484.0,53388.0,53444.0,1.70895639,2024-08-05 19:36:00+00:00,53444.0,-42.0,-0.000785560687550178,92.74077078055599,11.972782024917759,0.0,98.0,0.013904982618771726,0.029722222222222223
1722886620,53445.0,53456.0,53349.0,53445.0,2.99396715,2024-08-05 19:37:00+00:00,53445.0,1.0,1.8710999261452137e-05,91.77946424171941,11.848677884400614,12.0,95.0,0.013961605584642234,0.029722222222222223
1722886680,53445.0,53450.0,53349.0,53367.0,2.08520964,2024-08-05 19:38:00+00:00,53367.0,-78.0,-0.0014605103146666995,91.11886289424994,11.763394617159566,5.0,96.0,0.014017054082467001,0.029722222222222223
1722886740,53365.0,53437.0,53301.0,53301.0,1.85625778,2024-08-05 19:39:00+00:00,53301.0,-66.0,-0.001237484689363691,91.06047534189244,11.755856816562686,70.0,66.0,0.013961605584642234,0.029722222222222223
1722886800,53301.0,53339.0,53213.0,53222.0,2.64053689,2024-08-05 19:40:00+00:00,53222.0,-79.0,-0.001483248021244176,91.54854073514412,11.818865787893483,38.0,88.0,0.013958357566592998,0.029722222222222223
1722886860,53232.0,53232.0,53076.0,53087.0,3.09816327,2024-08-05 19:41:00+00:00,53087.0,-135.0,-0.002539767518595923,92.75284575407971,11.974340897296536,10.0,146.0,0.013995801259622112,0.029722222222222223
1722886920,53094.0,53160.0,53061.0,53160.0,0.80103809,2024-08-05 19:42:00+00:00,53160.0,73.0,0.0013741566630060408,92.64146306037043,11.959961453370141,73.0,26.0,0.014021967749474177,0.03
1722886980,53168.0,53168.0,53049.0,53087.0,1.40190728,2024-08-05 19:43:00+00:00,53087.0,-73.0,-0.0013741566630059898,92.71053914090074,11.968879137020647,8.0,111.0,0.014035087719298246,0.03
1722887040,53087.0,53098.0,53011.0,53045.0,2.80416239,2024-08-05 19:44:00+00:00,53045.0,-42.0,-0.0007914672708037026,92.63456390234914,11.959070775899498,11.0,76.0,0.014046587849701512,0.03
1722887100,53055.0,53073.0,52996.0,53023.0,2.48701098,2024-08-05 19:45:00+00:00,53023.0,-22.0,-0.0004148282293525267,91.66627478087712,11.834065187840332,28.0,49.0,0.014233187047799785,0.03
1722887160,53022.0,53067.0,52966.0,53016.0,1.79551476,2024-08-05 19:46:00+00:00,53016.0,-7.0,-0.00013202689595652873,90.422190854181,11.67345464352772,44.0,57.0,0.014336917562724014,0.03
1722887220,53014.0,53022.0,52901.0,52922.0,6.00802041,2024-08-05 19:47:00+00:00,52922.0,-94.0,-0.0017746233583684897,90.55880506687971,11.691091462548965,6.0,115.0,0.014540167211922935,0.03
1722887280,52919.0,52941.0,52790.0,52795.0,6.07047531,2024-08-05 19:48:00+00:00,52795.0,-127.0,-0.002402642169079562,91.8127223684193,11.852971490095104,19.0,132.0,0.014405762304921969,0.03027777777777778
1722887340,52791.0,52860.0,52768.0,52768.0,1.44750537,2024-08-05 19:49:00+00:00,52768.0,-27.0,-0.0005115428812893019,91.52724888324498,11.816117021632973,65.0,27.0,0.01448051164474478,0.03027777777777778
1722887400,52767.0,52869.0,52683.0,52845.0,8.50072028,2024-08-05 19:50:00+00:00,52845.0,77.0,0.0014581540841223583,91.06680201576427,11.756673586647434,101.0,85.0,0.01441268316118184,0.030555555555555555
1722887460,52837.0,53028.0,52837.0,53018.0,3.54286168,2024-08-05 19:51:00+00:00,53018.0,173.0,0.003268378073605814,94.07875652546863,12.145515241834746,183.0,8.0,0.0141643059490085,0.030555555555555555
1722887520,53017.0,53119.0,52978.0,53106.0,4.01669743,2024-08-05 19:52:00+00:00,53106.0,88.0,0.001658437679878445,94.87443977190998,12.24823750724553,101.0,40.0,0.014201183431952662,0.030555555555555555
1722887580,53097.0,53152.0,53051.0,53066.0,1.2876505,2024-08-05 19:53:00+00:00,53066.0,-40.0,-0.0007534943656051483,94.54628346748487,12.205872710512484,46.0,55.0,0.01417434443656981,0.030555555555555555
1722887640,53068.0,53143.0,53004.0,53071.0,2.48590342,2024-08-05 19:54:00+00:00,53071.0,5.0,9.421785058376047e-05,94.51956871493,12.202423850787715,77.0,62.0,0.014054813773717497,0.030555555555555555
1722887700,53066.0,53098.0,52992.0,53055.0,2.83471512,2024-08-05 19:55:00+00:00,53055.0,-16.0,-0.00030152837421981097,94.48272941756059,12.197667917947792,27.0,79.0,0.014017054082467001,0.030555555555555555
1722887760,53055.0,53340.0,53055.0,53296.0,4.70178413,2024-08-05 19:56:00+00:00,53296.0,241.0,0.004532170125770302,99.59840830983688,12.858099223092154,285.0,0.0,0.013747279184328103,0.030555555555555555
1722887820,53296.0,53371.0,53244.0,53315.0,2.18825119,2024-08-05 19:57:00+00:00,53315.0,19.0,0.0003564360188189911,99.15672693859463,12.801078403253777,75.0,52.0,0.013693940431359122,0.030833333333333334
1722887880,53310.0,53452.0,53308.0,53417.0,0.34374983,2024-08-05 19:58:00+00:00,53417.0,102.0,0.0019113298926665225,99.98016187405109,12.907383396310719,137.0,7.0,0.013566986998304128,0.030833333333333334
1722887940,53403.0,53619.0,53403.0,53483.0,0.47526759,2024-08-05 19:59:00+00:00,53483.0,66.0,0.0012347990343500306,98.70611947898037,12.742905230361682,202.0,14.0,0.013605442176870748,0.03111111111111111
1722888000,53483.0,53691.0,53483.0,53614.0,6.46217869,2024-08-05 20:00:00+00:00,53614.0,131.0,0.0024463816042254983,99.2141708372102,12.808494378676423,208.0,0.0,0.013466502076085735,0.030833333333333334
1722888060,53614.0,53655.0,53524.0,53645.0,1.02927079,2024-08-05 20:01:00+00:00,53645.0,31.0,0.0005780400873244309,95.48784050137324,12.327427200904287,41.0,90.0,0.0136332651670075,0.03111111111111111
1722888120,53623.0,53669.0,53565.0,53604.0,0.86684223,2024-08-05 20:02:00+00:00,53604.0,-41.0,-0.0007645759307276276,95.05265267030107,12.271244693497133,24.0,80.0,0.013824884792626729,0.03111111111111111
1722888180,53605.0,53745.0,53597.0,53669.0,1.1198267,2024-08-05 20:03:00+00:00,53669.0,65.0,0.001211861474088823,95.23198555866722,12.294396469832778,141.0,7.0,0.013778849466069583,0.03111111111111111
1722888240,53659.0,53801.0,53615.0,53794.0,3.57982178,2024-08-05 20:04:00+00:00,53794.0,125.0,0.00232638315281735,96.11634310786722,12.408566538504259,132.0,54.0,0.013664313368253245,0.03111111111111111
1722888300,53804.0,53901.0,53801.0,53901.0,3.64339424,2024-08-05 20:05:00+00:00,53901.0,107.0,0.00198709383365666,96.44003874660255,12.45035546577299,107.0,0.0,0.013701758392327014,0.030833333333333334
1722888360,53936.0,54044.0,53928.0,53980.0,5.357031,2024-08-05 20:06:00+00:00,53980.0,79.0,0.0014645769713138614,96.66233820427952,12.479054202354783,143.0,0.0,0.013701758392327014,0.030833333333333334
1722888420,53996.0,54108.0,53947.0,54102.0,4.30487619,2024-08-05 20:07:00+00:00,54102.0,122.0,0.0022575461559660123,97.03496952508584,12.52716069901339,128.0,33.0,0.013628620102214651,0.03111111111111111
1722888480,54114.0,54249.0,54056.0,54200.0,145.22207333,2024-08-05 20:08:00+00:00,54200.0,98.0,0.0018097546997759364,96.44581629197745,12.45110134367362,147.0,46.0,0.013585418317672364,0.03111111111111111
1722888540,54131.0,54313.0,54122.0,54266.0,4.05965127,2024-08-05 20:09:00+00:00,54266.0,66.0,0.001216971366983285,96.42976279418221,12.449028846019976,113.0,78.0,0.013454423141607804,0.03138888888888889
1722888600,54269.0,54269.0,54000.0,54011.0,4.72605307,2024-08-05 20:10:00+00:00,54011.0,-255.0,-0.004710150289388094,101.36934759959854,13.086726502305197,3.0,266.0,0.013334814979442161,0.03138888888888889
1722888660,54044.0,54163.0,54003.0,54076.0,0.98915003,2024-08-05 20:11:00+00:00,54076.0,65.0,0.0012027349789632135,99.9863196857133,12.908178366377946,152.0,8.0,0.013305244483867391,0.03138888888888889
1722888720,54103.0,54110.0,53964.0,53968.0,2.87066508,2024-08-05 20:12:00+00:00,53968.0,-108.0,-0.001999186182864555,101.3346472558283,13.082246707187537,34.0,112.0,0.013202772582242272,0.03138888888888889
1722888780,53946.0,53946.0,53849.0,53917.0,1.87668827,2024-08-05 20:13:00+00:00,53917.0,-51.0,-0.0009454512452886638,101.70893443858628,13.13056697470489,0.0,119.0,0.013100436681222708,0.03111111111111111
1722888840,53931.0,53932.0,53782.0,53798.0,1.69563288,2024-08-05 20:14:00+00:00,53798.0,-119.0,-0.0022095353184537585,102.0494728808244,13.174530298555943,15.0,135.0,0.013047732956398826,0.03111111111111111
1722888900,53814.0,53852.0,53772.0,53796.0,1.33104881,2024-08-05 20:15:00+00:00,53796.0,-2.0,-3.717679424931604e-05,101.87138645631043,13.15153944001167,54.0,26.0,0.013179571663920923,0.03111111111111111
1722888960,53774.0,53774.0,53651.0,53667.0,1.23171619,2024-08-05 20:16:00+00:00,53667.0,-129.0,-0.0024008274841145695,103.17733486274204,13.320136654315528,0.0,145.0,0.01314060446780552,0.030833333333333334
1722889020,53689.0,53689.0,53631.0,53651.0,1.88718803,2024-08-05 20:17:00+00:00,53651.0,-16.0,-0.00029817924520673033,103.08706621268672,13.308483021703898,22.0,36.0,0.013274336283185842,0.030833333333333334
1722889080,53688.0,53776.0,53688.0,53757.0,0.95796829,2024-08-05 20:18:00+00:00,53757.0,106.0,0.0019737828544067943,102.6723107260686,13.254938318623227,125.0,0.0,0.013281682346430547,0.030555555555555555
1722889140,53749.0,53782.0,53602.0,53602.0,0.88049208,2024-08-05 20:19:00+00:00,53602.0,-155.0,-0.002887510272924976,103.28122296404621,13.333548550522865,25.0,155.0,0.013261133826942204,0.030833333333333334
1722889200,53617.0,53781.0,53604.0,53744.0,2.00416815,2024-08-05 20:20:00+00:00,53744.0,142.0,0.0026456520564735707,103.3838276482783,13.346794758298659,179.0,0.0,0.013311148086522463,0.030555555555555555
1722889260,53751.0,53752.0,53698.0,53746.0,0.62624263,2024-08-05 20:21:00+00:00,53746.0,2.0,3.721276398225259e-05,101.81496870847243,13.144255940084767,8.0,46.0,0.013458950201884253,0.030555555555555555
1722889320,53741.0,53889.0,53728.0,53860.0,1.08336852,2024-08-05 20:22:00+00:00,53860.0,114.0,0.002118841749533556,102.34588938226196,13.212797504342902,143.0,18.0,0.013436345314074572,0.030555555555555555
1722889380,53848.0,53956.0,53827.0,53908.0,1.73545185,2024-08-05 20:23:00+00:00,53908.0,48.0,0.0008908025234600243,101.9703346691686,13.164313599362892,96.0,33.0,0.013519603424966201,0.030555555555555555
1722889440,53907.0,53958.0,53875.0,53884.0,0.9204807,2024-08-05 20:24:00+00:00,53884.0,-24.0,-0.00044530207059127546,98.66558825185517,12.737672671439775,50.0,33.0,0.013734691541719125,0.030555555555555555
1722889500,53864.0,53864.0,53786.0,53800.0,1.50461576,2024-08-05 20:25:00+00:00,53800.0,-84.0,-0.0015601206685827626,94.87663116512313,12.248520414892848,0.0,98.0,0.014186074004019389,0.03027777777777778
1722889560,53787.0,53787.0,53720.0,53771.0,1.05696123,2024-08-05 20:26:00+00:00,53771.0,-29.0,-0.0005391787880108307,93.91662819143015,12.124584563912098,0.0,80.0,0.014311270125223614,0.03
1722889620,53769.0,53781.0,53723.0,53778.0,2.79986156,2024-08-05 20:27:00+00:00,53778.0,7.0,0.0001301732235516927,93.79333424088554,12.108667383340519,10.0,48.0,0.014442171139728007,0.03
1722889680,53766.0,53881.0,53764.0,53881.0,1.16969228,2024-08-05 20:28:00+00:00,53881.0,103.0,0.0019134495290883658,94.58424487477261,12.210773507119951,103.0,14.0,0.014442171139728007,0.03
1722889740,53870.0,53961.0,53870.0,53945.0,0.64668743,2024-08-05 20:29:00+00:00,53945.0,64.0,0.0011870978709353321,94.70432578311178,12.226275885726453,80.0,11.0,0.014520813165537272,0.03
1722889800,53957.0,53957.0,53741.0,53751.0,2.43840991,2024-08-05 20:30:00+00:00,53751.0,-194.0,-0.0036027375174328283,97.64518380802932,12.605939024195322,12.0,204.0,0.014519056261343012,0.03
1722889860,53754.0,53914.0,53754.0,53892.0,1.10943201,2024-08-05 20:31:00+00:00,53892.0,141.0,0.0026197724077307873,98.4538593930091,12.71033859329903,163.0,0.0,0.01447352550958871,0.03
1722889920,53885.0,53976.0,53881.0,53952.0,0.72788974,2024-08-05 20:32:00+00:00,53952.0,60.0,0.0011127184857890175,98.22254220193062,12.680475672341082,84.0,11.0,0.014541929229277752,0.03
1722889980,53946.0,53982.0,53871.0,53873.0,2.42403786,2024-08-05 20:33:00+00:00,53873.0,-79.0,-0.00146533761439047,97.24658360373769,12.554479959094778,30.0,81.0,0.014754703061600883,0.03
1722890040,53909.0,53920.0,53802.0,53828.0,1.55862763,2024-08-05 20:34:00+00:00,53828.0,-45.0,-0.0008356468857047915,97.08726926382892,12.533912566252154,47.0,71.0,0.014789253142716294,0.03
1722890100,53827.0,53835.0,53753.0,53753.0,0.79551328,2024-08-05 20:35:00+00:00,53753.0,-75.0,-0.0013942984755751784,97.64557580646522,12.605989630975788,7.0,75.0,0.014914243102162566,0.03
1722890160,53755.0,53755.0,53594.0,53626.0,0.87528698,2024-08-05 20:36:00+00:00,53626.0,-127.0,-0.0023654543107628264,98.93894139464834,12.772962410428821,2.0,159.0,0.014798372179060302,0.03027777777777778
1722890220,53627.0,53640.0,53597.0,53597.0,0.42253642,2024-08-05 20:37:00+00:00,53597.0,-29.0,-0.0005409287318415957,99.02515802009017,12.784092928912235,14.0,29.0,0.014916096954630203,0.03027777777777778
1722890280,53596.0,53627.0,53547.0,53587.0,1.08016646,2024-08-05 20:38:00+00:00,53587.0,-10.0,-0.00018659501472262664,98.47544074223993,12.713124733504353,30.0,50.0,0.014955134596211367,0.03027777777777778
1722890340,53596.0,53618.0,53560.0,53613.0,0.76046078,2024-08-05 20:39:00+00:00,53613.0,26.0,0.0004850746363770632,98.08778496490736,12.66307858784868,31.0,27.0,0.015101938082053862,0.03027777777777778
1722890400,53612.0,53934.0,53600.0,53883.0,3.54574004,2024-08-05 20:40:00+00:00,53883.0,270.0,0.005023453296664663,103.22355066761291,13.326103089068743,321.0,13.0,0.014716703458425313,0.03027777777777778
1722890460,53883.0,54076.0,53867.0,54048.0,2.53060994,2024-08-05 20:41:00+00:00,54048.0,165.0,0.0030575113459552633,103.2965931586902,13.335532834119004,193.0,16.0,0.014621664432801268,0.03027777777777778
1722890520,54047.0,54184.0,54010.0,54129.0,2.66286141,2024-08-05 20:42:00+00:00,54129.0,81.0,0.0014975459688815198,103.37652505382091,13.345851997408072,136.0,38.0,0.014489253803429124,0.03027777777777778
1722890580,54133.0,54133.0,54058.0,54080.0,0.28509616,2024-08-05 20:43:00+00:00,54080.0,-49.0,-0.000905654859562431,103.07170862386992,13.306500365513052,4.0,71.0,0.01456664238892935,0.03027777777777778
1722890640,54103.0,54103.0,54025.0,54025.0,0.49516044,2024-08-05 20:44:00+00:00,54025.0,-55.0,-0.0010175293417590229,103.21044268980664,13.324410856410537,23.0,55.0,0.014582573824279984,0.03027777777777778
1722890700,54037.0,54064.0,53983.0,54014.0,0.5714006,2024-08-05 20:45:00+00:00,54014.0,-11.0,-0.00020363017129016518,103.15094939738458,13.316730305385148,39.0,42.0,0.014575488886189723,0.03027777777777778
1722890760,54019.0,54132.0,54019.0,54108.0,0.91742506,2024-08-05 20:46:00+00:00,54108.0,94.0,0.0017387770052879772,103.58388069088222,13.372621495044095,118.0,0.0,0.014545454545454545,0.03
1722890820,54128.0,54128.0,53987.0,53987.0,1.23049965,2024-08-05 20:47:00+00:00,53987.0,-121.0,-0.002238772386117577,104.13674598529883,13.443996097643147,20.0,121.0,0.014510278113663844,0.03
1722890880,53998.0,54042.0,53989.0,54001.0,3.11274914,2024-08-05 20:48:00+00:00,54001.0,14.0,0.00025928807049741687,102.39119069628627,13.218645878835485,55.0,0.0,0.014680694886224616,0.029722222222222223
1722890940,53998.0,53998.0,53882.0,53883.0,2.59138309,2024-08-05 20:49:00+00:00,53883.0,-118.0,-0.0021875356318928787,103.76542836751389,13.396059199315332,0.0,119.0,0.014632361907084501,0.029444444444444443
1722891000,53884.0,53924.0,53853.0,53890.0,1.109,2024-08-05 20:50:00+00:00,53890.0,7.0,0.00012990266597098226,103.4906516152608,13.360585673135292,41.0,30.0,0.014840465001236704,0.029444444444444443
1722891060,53884.0,53948.0,53866.0,53909.0,0.66775372,2024-08-05 20:51:00+00:00,53909.0,19.0,0.00035250791188698005,101.45631522140431,13.097953974002298,58.0,24.0,0.015043249341857842,0.029444444444444443
1722891120,53903.0,53984.0,53903.0,53984.0,0.50299462,2024-08-05 20:52:00+00:00,53984.0,75.0,0.0013902665062656126,101.31122826099427,13.079223327954967,75.0,6.0,0.015157256536566882,0.029444444444444443
1722891180,53991.0,54004.0,53932.0,53967.0,0.29253855,2024-08-05 20:53:00+00:00,53967.0,-17.0,-0.0003149577148989996,101.14438273177588,13.057683662753233,20.0,52.0,0.015212981744421906,0.029444444444444443
1722891240,54031.0,54031.0,53946.0,53946.0,0.71808183,2024-08-05 20:54:00+00:00,53946.0,-21.0,-0.0003892024179679242,101.24367176987506,13.07050182245387,64.0,21.0,0.015317845289762573,0.029444444444444443
1722891300,53945.0,54025.0,53935.0,54014.0,0.44252131,2024-08-05 20:55:00+00:00,54014.0,68.0,0.0012597259909686391,101.39426180846472,13.089942912839286,79.0,11.0,0.015349194167306216,0.029444444444444443
1722891360,54043.0,54134.0,54015.0,54134.0,1.11686082,2024-08-05 20:56:00+00:00,54134.0,120.0,0.002219182032911938,97.9890977447799,12.650338122514109,120.0,0.0,0.01568012544100353,0.029444444444444443
1722891420,54127.0,54127.0,54047.0,54081.0,0.38671037,2024-08-05 20:57:00+00:00,54081.0,-53.0,-0.0009795315665612476,98.36655189175494,12.699067243353818,0.0,87.0,0.015762511493497965,0.029166666666666667
1722891480,54076.0,54171.0,54076.0,54132.0,0.38264785,2024-08-05 20:58:00+00:00,54132.0,51.0,0.0009425855262490194,97.80112849278964,12.626071396428866,90.0,5.0,0.015864621893178214,0.029166666666666667
1722891540,54141.0,54407.0,54140.0,54407.0,17.18321669,2024-08-05 20:59:00+00:00,54407.0,275.0,0.005067313840119147,103.32591188949887,13.339317865990802,275.0,0.0,0.015741833923652106,0.028888888888888888
1722891600,54407.0,54452.0,54381.0,54436.0,2.72226484,2024-08-05 21:00:00+00:00,54436.0,29.0,0.0005328776436928253,102.22495963746442,13.197185541420836,45.0,26.0,0.016029922522041145,0.029166666666666667
1722891660,54449.0,54598.0,54449.0,54598.0,0.85310768,2024-08-05 21:01:00+00:00,54598.0,162.0,0.002971552345261943,103.98453138982478,13.424345277865791,162.0,0.0,0.015963815351869096,0.028888888888888888
1722891720,54587.0,54855.0,54587.0,54779.0,1.33728092,2024-08-05 21:02:00+00:00,54779.0,181.0,0.0033096567874454736,105.85892301511846,13.666328196166894,257.0,11.0,0.015622965759666709,0.028888888888888888
1722891780,54748.0,54780.0,54696.0,54735.0,2.38301234,2024-08-05 21:03:00+00:00,54735.0,-44.0,-0.0008035502742579006,106.00149769755222,13.68473450852212,1.0,83.0,0.015754233950374164,0.028888888888888888
1722891840,54719.0,54725.0,54532.0,54532.0,2.61821152,2024-08-05 21:04:00+00:00,54532.0,-203.0,-0.0037156732326374064,108.79841412104366,14.045814866152664,0.0,203.0,0.015719151165837046,0.02861111111111111
1722891900,54500.0,54608.0,54430.0,54564.0,1.5116209,2024-08-05 21:05:00+00:00,54564.0,32.0,0.000586639306990517,108.12068351333016,13.958320220923017,76.0,102.0,0.015574302401038288,0.028888888888888888
1722891960,54528.0,54620.0,54481.0,54481.0,1.23829654,2024-08-05 21:06:00+00:00,54481.0,-83.0,-0.001522307598309434,108.41740197425565,13.996626409512242,56.0,83.0,0.015582391897156215,0.029166666666666667
1722892020,54480.0,54480.0,54314.0,54320.0,0.26360985,2024-08-05 21:07:00+00:00,54320.0,-161.0,-0.0029595337821236895,109.53940033608262,14.14147577517317,0.0,167.0,0.015570260801868433,0.028888888888888888
1722892080,54325.0,54391.0,54301.0,54369.0,0.6311014,2024-08-05 21:08:00+00:00,54369.0,49.0,0.0009016552423828907,109.00528546766381,14.072521842161576,71.0,19.0,0.015781167806417674,0.028888888888888888
1722892140,54381.0,54550.0,54381.0,54545.0,1.01571633,2024-08-05 21:09:00+00:00,54545.0,176.0,0.0032319105568964493,110.99287272888311,14.329118254222788,181.0,0.0,0.01580194890703187,0.02861111111111111
1722892200,54523.0,54592.0,54501.0,54501.0,0.86576414,2024-08-05 21:10:00+00:00,54501.0,-44.0,-0.0008069989250024178,105.8502566655276,13.665209375245633,47.0,44.0,0.016181229773462785,0.02861111111111111
1722892260,54500.0,54628.0,54492.0,54603.0,0.71947286,2024-08-05 21:11:00+00:00,54603.0,102.0,0.0018697761716624727,106.29381914627228,13.722473045276521,127.0,9.0,0.016233766233766232,0.02861111111111111
1722892320,54615.0,54642.0,54570.0,54634.0,0.86655115,2024-08-05 21:12:00+00:00,54634.0,31.0,0.0005675732733816658,105.21466353949288,13.583154655509087,39.0,33.0,0.01639792292976223,0.02861111111111111
1722892380,54631.0,54673.0,54612.0,54662.0,1.36532,2024-08-05 21:13:00+00:00,54662.0,28.0,0.0005123700887966066,104.9182557779155,13.544888578033227,39.0,22.0,0.01652892561983471,0.028888888888888888
1722892440,54697.0,54830.0,54676.0,54785.0,3.18783881,2024-08-05 21:14:00+00:00,54785.0,123.0,0.0022476641987982183,104.43105340488582,13.481991022134004,168.0,0.0,0.016488046166529265,0.02861111111111111
1722892500,54800.0,54814.0,54663.0,54802.0,1.86129578,2024-08-05 21:15:00+00:00,54802.0,17.0,0.00031025578100250085,104.40296227154343,13.478364472413633,29.0,122.0,0.016328752211185196,0.02861111111111111
1722892560,54796.0,55090.0,54790.0,55012.0,66.51211732,2024-08-05 21:16:00+00:00,55012.0,210.0,0.0038246536141020135,105.54736934259006,13.626106789995152,288.0,12.0,0.015991471215351813,0.028888888888888888
1722892620,55009.0,55034.0,54959.0,55034.0,1.93406228,2024-08-05 21:17:00+00:00,55034.0,22.0,0.0003998328025205579,105.42688445601327,13.610552258022432,22.0,53.0,0.015955325089748704,0.028888888888888888
1722892680,55036.0,55197.0,55035.0,55189.0,10.49410925,2024-08-05 21:18:00+00:00,55189.0,155.0,0.002812482007775618,106.26676803545143,13.718980761886336,163.0,0.0,0.015875115756052386,0.028888888888888888
1722892740,55181.0,55198.0,55061.0,55061.0,6.87787509,2024-08-05 21:19:00+00:00,55061.0,-128.0,-0.0023219965081381993,105.55125538866967,13.626608476386783,9.0,128.0,0.015965939329430547,0.028888888888888888
1722892800,55062.0,55066.0,54977.0,54977.0,3.85412738,2024-08-05 21:20:00+00:00,54977.0,-84.0,-0.001526745602731107,105.3126781042596,13.595808281409997,5.0,84.0,0.016159439806086723,0.029166666666666667
1722892860,54976.0,55035.0,54930.0,54941.0,1.15202352,2024-08-05 21:21:00+00:00,54941.0,-36.0,-0.0006550337758548279,105.5401428434333,13.625173852965634,58.0,47.0,0.01604921760064197,0.029166666666666667
1722892920,54937.0,54937.0,54831.0,54888.0,0.93921773,2024-08-05 21:22:00+00:00,54888.0,-53.0,-0.0009651367874436883,105.21849206981727,13.583648916648649,0.0,110.0,0.016159439806086723,0.028888888888888888
1722892980,54883.0,54883.0,54703.0,54777.0,1.83351199,2024-08-05 21:23:00+00:00,54777.0,-111.0,-0.002024347565884085,106.4232820944331,13.73918664001578,0.0,185.0,0.01603849238171612,0.02861111111111111
1722893040,54759.0,54792.0,54685.0,54792.0,1.36097376,2024-08-05 21:24:00+00:00,54792.0,15.0,0.0002738000728985103,106.30328640528876,13.723695263160021,15.0,92.0,0.01598721023181455,0.02861111111111111
1722893100,54790.0,54870.0,54695.0,54703.0,7.80407041,2024-08-05 21:25:00+00:00,54703.0,-89.0,-0.0016256453646320186,106.38424520162053,13.734146998824087,78.0,97.0,0.01582487142291969,0.028888888888888888
1722893160,54695.0,54800.0,54695.0,54800.0,1.16263863,2024-08-05 21:26:00+00:00,54800.0,97.0,0.0017716414229978473,106.7429710304461,13.780458304187283,97.0,8.0,0.015772870662460567,0.029166666666666667
1722893220,54794.0,54794.0,54693.0,54693.0,1.38116339,2024-08-05 21:27:00+00:00,54693.0,-107.0,-0.0019544634645322426,107.93463574414014,13.934301557200618,0.0,107.0,0.015671934177876455,0.028888888888888888
1722893280,54708.0,54724.0,54605.0,54645.0,1.17901697,2024-08-05 21:28:00+00:00,54645.0,-48.0,-0.0008780113608007672,107.6138524676899,13.892888614286163,31.0,88.0,0.015667841754798274,0.028888888888888888
1722893340,54655.0,54688.0,54612.0,54612.0,0.54333675,2024-08-05 21:29:00+00:00,54612.0,-33.0,-0.000604080306131611,107.5592216325126,13.885835803791794,43.0,33.0,0.015698587127158554,0.028888888888888888
1722893400,54623.0,54639.0,54555.0,54636.0,1.525128,2024-08-05 21:30:00+00:00,54636.0,24.0,0.00043936731814024334,104.14065211879888,13.444500377309607,27.0,57.0,0.01597444089456869,0.028888888888888888
1722893460,54636.0,54777.0,54626.0,54694.0,1.0665724,2024-08-05 21:31:00+00:00,54694.0,58.0,0.0010610080570945472,102.9799991551203,13.294660724007825,141.0,10.0,0.016,0.029166666666666667
1722893520,54693.0,54789.0,54669.0,54760.0,0.87570055,2024-08-05 21:32:00+00:00,54760.0,66.0,0.0012059862225083202,103.02895210449967,13.300980522597627,95.0,25.0,0.015946843853820596,0.029166666666666667
1722893580,54792.0,54796.0,54635.0,54637.0,1.25481279,2024-08-05 21:33:00+00:00,54637.0,-123.0,-0.0022486914966641006,103.85156726115763,13.407179682666763,36.0,125.0,0.015841584158415842,0.029166666666666667
1722893640,54619.0,54725.0,54619.0,54722.0,0.36396573,2024-08-05 21:34:00+00:00,54722.0,85.0,0.0015545134303890855,103.98267456730167,13.42410556310883,88.0,18.0,0.015866719555731854,0.029166666666666667
1722893700,54716.0,54781.0,54712.0,54712.0,0.39667125,2024-08-05 21:35:00+00:00,54712.0,-10.0,-0.00018275855817810708,103.36696053901034,13.344617223855542,59.0,10.0,0.015894039735099338,0.029166666666666667
1722893760,54711.0,54803.0,54669.0,54777.0,2.42063891,2024-08-05 21:36:00+00:00,54777.0,65.0,0.0011873340269106234,101.82595514525171,13.14567428297411,91.0,43.0,0.015951083344410474,0.029166666666666667
1722893820,54778.0,54825.0,54778.0,54822.0,0.07953673,2024-08-05 21:37:00+00:00,54822.0,45.0,0.0008211754218329549,101.68050521728742,13.126896778017018,48.0,0.0,0.015940488841657812,0.028888888888888888
1722893880,54821.0,54821.0,54687.0,54718.0,0.17747022,2024-08-05 21:38:00+00:00,54718.0,-104.0,-0.0018988503058026596,102.87425679859993,13.281009444481422,0.0,135.0,0.01582487142291969,0.02861111111111111
1722893940,54701.0,54711.0,54614.0,54619.0,0.34417588,2024-08-05 21:39:00+00:00,54619.0,-99.0,-0.0018109153727497588,103.98669515068484,13.424624618191665,0.0,104.0,0.015729453401494297,0.028333333333333332
1722894000,54658.0,54669.0,54614.0,54618.0,0.45123647,2024-08-05 21:40:00+00:00,54618.0,-1.0,-1.830881477944094e-05,98.5440837426471,12.721986506751376,50.0,5.0,0.0163265306122449,0.028333333333333332
1722894060,54617.0,54618.0,54572.0,54572.0,1.29991569,2024-08-05 21:41:00+00:00,54572.0,-46.0,-0.0008425680505790847,96.74917188217626,12.490264381967584,0.0,46.0,0.016696813691387227,0.028055555555555556
1722894120,54570.0,54570.0,54368.0,54456.0,0.28254873,2024-08-05 21:42:00+00:00,54456.0,-116.0,-0.0021278945549774056,97.59418310673576,12.59935486197016,0.0,204.0,0.016627407510045725,0.027777777777777776
1722894180,54456.0,54547.0,54456.0,54547.0,2.65238435,2024-08-05 21:43:00+00:00,54547.0,91.0,0.0016696792040774677,97.94327165904106,12.644422000284496,91.0,0.0,0.01659062629614268,0.0275
1722894240,54516.0,54601.0,54516.0,54580.0,0.18617622,2024-08-05 21:44:00+00:00,54580.0,33.0,0.0006047999304646093,97.64561052211803,12.605994112747295,54.0,31.0,0.016574585635359115,0.0275
1722894300,54573.0,54573.0,54498.0,54498.0,0.86224755,2024-08-05 21:45:00+00:00,54498.0,-82.0,-0.001503511532060948,98.32303498692168,12.693449235097228,0.0,82.0,0.01657229664410993,0.02722222222222222
1722894360,54477.0,54487.0,54432.0,54432.0,0.15142701,2024-08-05 21:46:00+00:00,54432.0,-66.0,-0.0012117875346802903,98.12240712325037,12.667548289271089,0.0,66.0,0.016692168590902768,0.02722222222222222
1722894420,54432.0,54452.0,54432.0,54432.0,0.15098366,2024-08-05 21:47:00+00:00,54432.0,0.0,0.0,96.71385220866463,12.485704631724117,20.0,0.0,0.01697792869269949,0.026944444444444444
1722894480,54420.0,54420.0,54379.0,54394.0,0.41816865,2024-08-05 21:48:00+00:00,54394.0,-38.0,-0.0006983625520448442,96.88669338940245,12.508018332208664,0.0,53.0,0.016982734220209454,0.026944444444444444
1722894540,54394.0,54394.0,54301.0,54302.0,0.27753469,2024-08-05 21:49:00+00:00,54302.0,-92.0,-0.0016927949872902672,96.37699487555531,12.442216537018108,0.0,93.0,0.017045454545454548,0.026944444444444444
1722894600,54291.0,54468.0,54291.0,54444.0,0.08878079,2024-08-05 21:50:00+00:00,54444.0,142.0,0.0026115917957109506,97.94055039884785,12.644070687104197,166.0,11.0,0.016792611251049538,0.026944444444444444
1722894660,54437.0,54437.0,54391.0,54406.0,0.09722262,2024-08-05 21:51:00+00:00,54406.0,-38.0,-0.0006982085722321724,98.1204883089591,12.667300571411271,0.0,53.0,0.016861036953772657,0.02666666666666667
1722894720,54414.0,54464.0,54414.0,54421.0,0.09348562,2024-08-05 21:52:00+00:00,54421.0,15.0,0.000275666885883018,97.7340028379803,12.617405511656203,58.0,0.0,0.01691570341133352,0.02638888888888889
1722894780,54436.0,54436.0,54342.0,54361.0,0.93697346,2024-08-05 21:53:00+00:00,54361.0,-60.0,-0.001103123790414002,98.0721572241518,12.66106105519251,15.0,79.0,0.016863406408094434,0.02638888888888889
1722894840,54345.0,54348.0,54335.0,54335.0,0.34788328,2024-08-05 21:54:00+00:00,54335.0,-26.0,-0.0004783984782489602,98.09809888906918,12.66441010973244,0.0,26.0,0.017004392801473714,0.026111111111111113
1722894900,54334.0,54395.0,54331.0,54394.0,0.17229118,2024-08-05 21:55:00+00:00,54394.0,59.0,0.0010852671465915566,98.00928123927562,12.652943800449117,60.0,4.0,0.017067273503057884,0.026111111111111113
1722894960,54376.0,54422.0,54361.0,54422.0,0.17013113,2024-08-05 21:56:00+00:00,54422.0,28.0,0.0005146302127990223,96.91439521557093,12.511594622589,28.0,33.0,0.01721170395869191,0.02638888888888889
1722895020,54415.0,54438.0,54397.0,54438.0,1.3873525,2024-08-05 21:57:00+00:00,54438.0,16.0,0.0002939555413413899,96.62585978743421,12.474344858990188,16.0,25.0,0.017326017903551833,0.02666666666666667
1722895080,54471.0,54493.0,54409.0,54412.0,0.42639648,2024-08-05 21:58:00+00:00,54412.0,-26.0,-0.00047772164436333836,96.52867610577876,12.461798499637698,55.0,29.0,0.01735357917570499,0.02666666666666667
1722895140,54413.0,54451.0,54396.0,54396.0,1.7085899,2024-08-05 21:59:00+00:00,54396.0,-16.0,-0.00029409602447100886,89.79118745529902,11.591992455018714,39.0,16.0,0.017923823749066467,0.026944444444444444
1722895200,54392.0,54461.0,54392.0,54451.0,0.06708006,2024-08-05 22:00:00+00:00,54451.0,55.0,0.0010105929365246662,89.9969161430219,11.618551914398308,65.0,4.0,0.017929179740026894,0.026944444444444444
1722895260,54463.0,54463.0,54440.0,54444.0,0.04219171,2024-08-05 22:01:00+00:00,54444.0,-7.0,-0.00012856421340998433,87.45756678927471,11.29072332248946,12.0,11.0,0.0183094293561184,0.02722222222222222
1722895320,54473.0,54618.0,54473.0,54533.0,0.59502538,2024-08-05 22:02:00+00:00,54533.0,89.0,0.0016333725425908743,84.95536215755845,10.96769009357479,174.0,0.0,0.018575851393188854,0.026944444444444444
1722895380,54533.0,54693.0,54533.0,54677.0,0.08622073,2024-08-05 22:03:00+00:00,54677.0,144.0,0.0026371226710555453,86.90340764254809,11.219181684275437,160.0,0.0,0.01835985312117503,0.02666666666666667
1722895440,54697.0,54722.0,54656.0,54656.0,0.07286775,2024-08-05 22:04:00+00:00,54656.0,-21.0,-0.0003841475173689349,82.81199181700948,10.69098217245142,45.0,21.0,0.018752930145335207,0.026944444444444444
1722895500,54653.0,54800.0,54653.0,54789.0,0.11620437,2024-08-05 22:05:00+00:00,54789.0,133.0,0.002430445711909803,84.44125929417633,10.90131969930424,144.0,3.0,0.018844221105527637,0.026944444444444444
1722895560,54794.0,54951.0,54793.0,54805.0,0.24077505,2024-08-05 22:06:00+00:00,54805.0,16.0,0.00029198678967223135,83.68123536697013,10.80320103221128,162.0,0.0,0.018776404318572994,0.02666666666666667
1722895620,54788.0,54788.0,54707.0,54762.0,0.65357371,2024-08-05 22:07:00+00:00,54762.0,-43.0,-0.0007849079048914724,81.04946526170866,10.46344097258714,0.0,98.0,0.018981335020563116,0.02666666666666667
1722895680,54784.0,54784.0,54641.0,54694.0,0.06107128,2024-08-05 22:08:00+00:00,54694.0,-68.0,-0.001242508565055495,81.43736111460522,10.51351811186485,22.0,121.0,0.018823529411764704,0.02666666666666667
1722895740,54717.0,54721.0,54672.0,54700.0,0.27047033,2024-08-05 22:09:00+00:00,54700.0,6.0,0.0001096952301957791,78.29870914074652,10.108319884388324,27.0,22.0,0.019221528111484865,0.026944444444444444
1722895800,54684.0,54684.0,54601.0,54617.0,2.7304874,2024-08-05 22:10:00+00:00,54617.0,-83.0,-0.0015185198267270094,78.8519029502138,10.179736898098051,0.0,99.0,0.01919692849144137,0.02666666666666667
1722895860,54608.0,54622.0,54516.0,54558.0,3.39051154,2024-08-05 22:11:00+00:00,54558.0,-59.0,-0.001080833629377764,78.12498135592921,10.085891723809292,5.0,101.0,0.019289503295290146,0.02666666666666667
1722895920,54557.0,54557.0,54238.0,54277.0,2.08022227,2024-08-05 22:12:00+00:00,54277.0,-281.0,-0.005163791508230157,85.96578448251836,11.098135054814986,0.0,320.0,0.018550007729169888,0.02638888888888889
1722895980,54296.0,54426.0,54258.0,54259.0,0.15370652,2024-08-05 22:13:00+00:00,54259.0,-18.0,-0.0003316871851740523,85.86293603942632,11.08485737790569,149.0,19.0,0.018248175182481754,0.02638888888888889
1722896040,54299.0,54326.0,54289.0,54315.0,0.1347506,2024-08-05 22:14:00+00:00,54315.0,56.0,0.0010315546072876618,84.57333928321623,10.918371152568199,67.0,0.0,0.018532818532818532,0.02638888888888889
1722896100,54306.0,54390.0,54295.0,54372.0,0.3674847,2024-08-05 22:15:00+00:00,54372.0,57.0,0.001048883587287217,84.92931590778801,10.964327537188387,75.0,20.0,0.018694500701043774,0.02638888888888889
1722896160,54405.0,54552.0,54370.0,54552.0,0.70039825,2024-08-05 22:16:00+00:00,54552.0,180.0,0.0033050597453503994,83.7086688637308,10.806742681414022,180.0,2.0,0.0190445960958578,0.02638888888888889
1722896220,54529.0,54545.0,54462.0,54508.0,0.49417403,2024-08-05 22:17:00+00:00,54508.0,-44.0,-0.0008068953307774788,83.7458557875063,10.811543492629998,0.0,90.0,0.018999366687777075,0.026111111111111113
1722896280,54498.0,54655.0,54491.0,54624.0,1.23646463,2024-08-05 22:18:00+00:00,54624.0,116.0,0.0021258667244557603,82.5966904714471,10.663186888258782,147.0,17.0,0.01899635903118569,0.02638888888888889
1722896340,54620.0,54641.0,54594.0,54613.0,0.09094475,2024-08-05 22:19:00+00:00,54613.0,-11.0,-0.0002013969632483643,81.11750561693823,10.47222494467628,17.0,30.0,0.019270916974466035,0.02638888888888889
1722896400,54613.0,54691.0,54613.0,54691.0,0.55130517,2024-08-05 22:20:00+00:00,54691.0,78.0,0.0014272124211388991,81.22293377951385,10.485835661938832,78.0,0.0,0.019305019305019305,0.026111111111111113
1722896460,54686.0,54731.0,54665.0,54708.0,0.31241516,2024-08-05 22:21:00+00:00,54708.0,17.0,0.0003107889493841863,81.16567941022963,10.478444154647653,40.0,26.0,0.01942690626517727,0.026111111111111113
1722896520,54702.0,54810.0,54702.0,54795.0,0.91232203,2024-08-05 22:22:00+00:00,54795.0,87.0,0.0015889978960507386,81.74006444573615,10.552596943875237,102.0,6.0,0.0194331983805668,0.02638888888888889
1722896580,54806.0,54900.0,54806.0,54861.0,0.55931517,2024-08-05 22:23:00+00:00,54861.0,66.0,0.0012037646452501285,80.91284283470146,10.44580309310323,105.0,0.0,0.019688269073010665,0.02638888888888889
1722896640,54888.0,54914.0,54821.0,54844.0,0.48483438,2024-08-05 22:24:00+00:00,54844.0,-17.0,-0.00030992206619709264,80.9271416762441,10.44764906560872,53.0,40.0,0.01973359644795264,0.02638888888888889
1722896700,54839.0,54839.0,54681.0,54702.0,1.6754355,2024-08-05 22:25:00+00:00,54702.0,-142.0,-0.0025925196635878346,82.20385814416007,10.612472452877629,0.0,163.0,0.01977261492832427,0.026111111111111113
1722896760,54698.0,54780.0,54694.0,54768.0,1.26688332,2024-08-05 22:26:00+00:00,54768.0,66.0,0.0012058099570086982,81.67950319962611,10.544778520621579,78.0,8.0,0.019834710743801654,0.026111111111111113
1722896820,54755.0,54758.0,54691.0,54758.0,0.28913383,2024-08-05 22:27:00+00:00,54758.0,-10.0,-0.00018260504405869632,80.48776971345526,10.390926389119665,0.0,77.0,0.01993355481727575,0.026111111111111113
1722896880,54816.0,54973.0,54798.0,54968.0,0.4094119,2024-08-05 22:28:00+00:00,54968.0,210.0,0.003827720985004026,84.60738671655997,10.922766657312247,215.0,0.0,0.01962066710268149,0.025833333333333333
1722896940,54967.0,54972.0,54889.0,54935.0,2.40667233,2024-08-05 22:29:00+00:00,54935.0,-33.0,-0.0006005295759305664,84.60738671655997,10.922766657312247,4.0,79.0,0.019598236158745713,0.025833333333333333
1722897000,54927.0,54933.0,54862.0,54868.0,1.31454972,2024-08-05 22:30:00+00:00,54868.0,-67.0,-0.001220367536683715,85.08230644532608,10.984078530655463,0.0,73.0,0.01963350785340314,0.025555555555555557
1722897060,54865.0,54865.0,54772.0,54774.0,0.07862473,2024-08-05 22:31:00+00:00,54774.0,-94.0,-0.0017146718051618758,85.70379946617146,11.064312934639405,0.0,96.0,0.01981178801386825,0.025277777777777777
1722897120,54776.0,54838.0,54765.0,54836.0,0.22663783,2024-08-05 22:32:00+00:00,54836.0,62.0,0.0011312837626550733,85.65418581728787,11.057907840110381,64.0,9.0,0.019966722129783693,0.025277777777777777
1722897180,54827.0,54901.0,54827.0,54834.0,0.81764199,2024-08-05 22:33:00+00:00,54834.0,-2.0,-3.647305553430281e-05,84.088954446389,10.855837339028623,65.0,9.0,0.02026000337666723,0.025277777777777777
1722897240,54849.0,54855.0,54787.0,54800.0,0.12565918,2024-08-05 22:34:00+00:00,54800.0,-34.0,-0.0006202455641497089,83.530426811969,10.783731731478447,21.0,47.0,0.020390824129141887,0.025277777777777777
1722897300,54791.0,54901.0,54786.0,54896.0,1.20516217,2024-08-05 22:35:00+00:00,54896.0,96.0,0.0017502921621241469,84.40376460932218,10.896479156303858,101.0,14.0,0.020232675771370764,0.025277777777777777
1722897360,54908.0,54908.0,54846.0,54857.0,0.45737865,2024-08-05 22:36:00+00:00,54857.0,-39.0,-0.000710686753737872,84.1779122095261,10.867321736866819,12.0,50.0,0.02048131080389145,0.025277777777777777
1722897420,54855.0,54855.0,54797.0,54852.0,0.43671401,2024-08-05 22:37:00+00:00,54852.0,-5.0,-9.115022474845842e-05,83.98557180365162,10.842490697241665,0.0,60.0,0.020439448134900357,0.025277777777777777
1722897480,54852.0,54917.0,54845.0,54896.0,0.72931066,2024-08-05 22:38:00+00:00,54896.0,44.0,0.0008018369784863178,83.03235364249474,10.719430761792896,65.0,7.0,0.02066115702479339,0.025555555555555557
1722897540,54902.0,54903.0,54858.0,54886.0,0.30993531,2024-08-05 22:39:00+00:00,54886.0,-10.0,-0.00018217922842825776,81.96804358706756,10.582028924463875,7.0,38.0,0.02087319533831971,0.025833333333333333
1722897600,54918.0,54973.0,54852.0,54852.0,0.18015342,2024-08-05 22:40:00+00:00,54852.0,-34.0,-0.000619657750057956,82.1158132131741,10.60110590116341,87.0,34.0,0.020636285468615647,0.025833333333333333
1722897660,54852.0,54852.0,54725.0,54746.0,0.52522313,2024-08-05 22:41:00+00:00,54746.0,-106.0,-0.001934342470693136,83.09331083236862,10.727300301166666,0.0,127.0,0.0203527815468114,0.025833333333333333
1722897720,54770.0,54784.0,54701.0,54724.0,0.16007123,2024-08-05 22:42:00+00:00,54724.0,-22.0,-0.00040193660904687254,81.68780309900079,10.545850033023356,38.0,45.0,0.02077922077922078,0.026111111111111113
1722897780,54719.0,54749.0,54719.0,54725.0,0.33888908,2024-08-05 22:43:00+00:00,54725.0,1.0,1.8273351058945453e-05,80.8943581168744,10.44341672629311,25.0,5.0,0.021001050052502624,0.02638888888888889
1722897840,54736.0,54775.0,54704.0,54739.0,6.03411113,2024-08-05 22:44:00+00:00,54739.0,14.0,0.00025579185990530967,80.81194428413991,10.432777146237184,50.0,21.0,0.021052631578947368,0.02638888888888889
1722897900,54761.0,54791.0,54738.0,54756.0,0.17530992,2024-08-05 22:45:00+00:00,54756.0,17.0,0.0003105164644339751,80.06148061312621,10.335892702911526,52.0,1.0,0.02116028919061894,0.02666666666666667
1722897960,54745.0,54869.0,54724.0,54863.0,0.32009249,2024-08-05 22:46:00+00:00,54863.0,107.0,0.0019522169328813155,80.60018330017917,10.405438920761968,113.0,32.0,0.020869565217391306,0.026944444444444444
1722898020,54856.0,54856.0,54800.0,54803.0,0.46081213,2024-08-05 22:47:00+00:00,54803.0,-60.0,-0.0010942316850567485,81.06170314960083,10.465020877120445,0.0,63.0,0.020714655618850338,0.026944444444444444
1722898080,54799.0,54831.0,54695.0,54704.0,0.33329525,2024-08-05 22:48:00+00:00,54704.0,-99.0,-0.00180810408414499,82.00230808381754,10.586452451973171,28.0,108.0,0.020422055820285907,0.02722222222222222
1722898140,54705.0,54800.0,54705.0,54790.0,0.76227889,2024-08-05 22:49:00+00:00,54790.0,86.0,0.001570862653378804,81.6465027568803,10.540518181782511,96.0,0.0,0.020411634631740092,0.02722222222222222
1722898200,54815.0,54815.0,54684.0,54684.0,0.23650978,2024-08-05 22:50:00+00:00,54684.0,-106.0,-0.0019365334805785193,81.02981246722997,10.460903807729727,25.0,106.0,0.0205726041488085,0.02722222222222222
1722898260,54673.0,54730.0,54638.0,54716.0,0.2401792,2024-08-05 22:51:00+00:00,54716.0,32.0,0.0005850091574521722,80.91870091759984,10.446559368353432,46.0,46.0,0.020435967302452316,0.0275
1722898320,54715.0,54721.0,54660.0,54685.0,0.77060869,2024-08-05 22:52:00+00:00,54685.0,-31.0,-0.000566722440008793,81.04177621156454,10.46244832048193,5.0,56.0,0.020425531914893616,0.027777777777777776
1722898380,54681.0,54716.0,54677.0,54714.0,0.73820621,2024-08-05 22:53:00+00:00,54714.0,29.0,0.0005301693923943909,80.65664655047496,10.412728295030913,31.0,8.0,0.020618556701030927,0.027777777777777776
1722898440,54714.0,54715.0,54554.0,54602.0,0.69219571,2024-08-05 22:54:00+00:00,54602.0,-112.0,-0.002049106062957531,81.98603126163493,10.584351123265092,1.0,160.0,0.020151133501259445,0.028055555555555556
1722898500,54570.0,54594.0,54500.0,54581.0,0.47632722,2024-08-05 22:55:00+00:00,54581.0,-21.0,-0.000384675274703189,81.73398182708719,10.551811681184278,0.0,102.0,0.02002336058735191,0.027777777777777776
1722898560,54584.0,54614.0,54575.0,54575.0,0.28206105,2024-08-05 22:56:00+00:00,54575.0,-6.0,-0.00010993440591525842,81.67638187341606,10.544375559140592,33.0,6.0,0.02009713615809747,0.027777777777777776
1722898620,54577.0,54684.0,54577.0,54656.0,0.68813437,2024-08-05 22:57:00+00:00,54656.0,81.0,0.0014830957300970642,82.28659438705124,10.623153655905805,109.0,0.0,0.01987083954297069,0.0275
1722898680,54655.0,54655.0,54621.0,54635.0,0.19719655,2024-08-05 22:58:00+00:00,54635.0,-21.0,-0.00038429514339598545,82.25860249004783,10.619539917541706,0.0,35.0,0.02003338898163606,0.02722222222222222
1722898740,54678.0,54708.0,54678.0,54706.0,4.56801501,2024-08-05 22:59:00+00:00,54706.0,71.0,0.001298689603698911,82.67091523618559,10.672769264182392,73.0,0.0,0.019973368841544607,0.026944444444444444
1722898800,54719.0,54719.0,54635.0,54642.0,0.04750333,2024-08-05 23:00:00+00:00,54642.0,-64.0,-0.001170574812671009,82.8822917985814,10.700057861046979,13.0,71.0,0.01992362609995019,0.026944444444444444
1722898860,54638.0,54680.0,54609.0,54675.0,0.85413389,2024-08-05 23:01:00+00:00,54675.0,33.0,0.0006037487490950299,82.95982793405095,10.710067733093739,38.0,33.0,0.019766101136550814,0.026944444444444444
1722898920,54668.0,54776.0,54632.0,54757.0,0.10351779,2024-08-05 23:02:00+00:00,54757.0,82.0,0.0014986478424462493,82.84289126272841,10.694971273740636,101.0,43.0,0.01986426088395961,0.02722222222222222
1722898980,54765.0,54835.0,54701.0,54833.0,3.02813155,2024-08-05 23:03:00+00:00,54833.0,76.0,0.0013869880862060326,81.34300674159147,10.50133701468738,78.0,56.0,0.0199501246882793,0.0275
1722899040,54836.0,54907.0,54808.0,54905.0,0.45723242,2024-08-05 23:04:00+00:00,54905.0,72.0,0.00131221655819272,81.77062275513495,10.556542004654897,74.0,25.0,0.01984126984126984,0.0275
1722899100,54888.0,55063.0,54887.0,55028.0,3.88167495,2024-08-05 23:05:00+00:00,55028.0,123.0,0.0022377275490726477,81.51333293595329,10.52332603182692,158.0,18.0,0.01974658548625967,0.0275
1722899160,55026.0,55059.0,54966.0,55056.0,1.17250333,2024-08-05 23:06:00+00:00,55056.0,28.0,0.0005087024563753715,81.55802585840824,10.529095863305633,31.0,62.0,0.019973368841544607,0.027777777777777776
1722899220,55078.0,55100.0,55030.0,55083.0,0.58956584,2024-08-05 23:07:00+00:00,55083.0,27.0,0.0004902895530349754,81.37209470457334,10.505092254560843,44.0,26.0,0.020066889632107024,0.028055555555555556
1722899280,55022.0,55045.0,55000.0,55031.0,0.4733597,2024-08-05 23:08:00+00:00,55031.0,-52.0,-0.0009444757953662949,81.1535668497033,10.476880429807705,0.0,83.0,0.020270270270270268,0.027777777777777776
1722899340,55020.0,55020.0,54906.0,54917.0,1.38422742,2024-08-05 23:09:00+00:00,54917.0,-114.0,-0.0020737083139761494,82.60957626325995,10.664850436828578,0.0,125.0,0.0200133422281521,0.0275
1722899400,54915.0,54924.0,54784.0,54817.0,0.64407211,2024-08-05 23:10:00+00:00,54817.0,-100.0,-0.0018225896747031812,82.94017992702672,10.70753118629404,7.0,133.0,0.01987742256087461,0.027777777777777776
1722899460,54816.0,54854.0,54768.0,54778.0,0.25255797,2024-08-05 23:11:00+00:00,54778.0,-39.0,-0.0007117113307401357,82.72533001438305,10.679794181840604,37.0,49.0,0.019943493435266746,0.027777777777777776
1722899520,54775.0,54819.0,54732.0,54813.0,0.41227031,2024-08-05 23:12:00+00:00,54813.0,35.0,0.0006387386042642746,73.88123008039304,9.538025789956023,41.0,46.0,0.02074688796680498,0.028055555555555556
1722899580,54848.0,54907.0,54847.0,54882.0,0.50268663,2024-08-05 23:13:00+00:00,54882.0,69.0,0.0012580338046443477,74.19673611229403,9.578757443528707,94.0,0.0,0.021015761821366025,0.027777777777777776
1722899640,54881.0,54906.0,54847.0,54851.0,2.31368957,2024-08-05 23:14:00+00:00,54851.0,-31.0,-0.000565007806670505,74.14023968967744,9.571463786731563,24.0,35.0,0.02104524728165556,0.028055555555555556
1722899700,54858.0,54956.0,54767.0,54943.0,0.61252756,2024-08-05 23:15:00+00:00,54943.0,92.0,0.0016758661043780247,74.66069954465374,9.638654865087986,105.0,84.0,0.020703933747412008,0.028055555555555556
1722899760,54942.0,54943.0,54860.0,54905.0,0.34367122,2024-08-05 23:16:00+00:00,54905.0,-38.0,-0.0006918651503133317,71.45938556488306,9.22536700743356,0.0,83.0,0.021063717746182202,0.027777777777777776
1722899820,54865.0,54865.0,54788.0,54791.0,0.2199798,2024-08-05 23:17:00+00:00,54791.0,-114.0,-0.002078472160159663,72.8455742211955,9.40432319345355,0.0,117.0,0.020964360587002094,0.027777777777777776
1722899880,54794.0,54847.0,54761.0,54844.0,0.0735535,2024-08-05 23:18:00+00:00,54844.0,53.0,0.0009668446048917658,71.65871720462427,9.251100611469889,56.0,30.0,0.021253985122210415,0.027777777777777776
1722899940,54847.0,54847.0,54770.0,54770.0,0.50182362,2024-08-05 23:19:00+00:00,54770.0,-74.0,-0.0013501926987786231,72.33563288802151,9.338490050422694,3.0,74.0,0.021141649048625793,0.027777777777777776
1722900000,54766.0,54766.0,54700.0,54704.0,0.19482899,2024-08-05 23:20:00+00:00,54704.0,-66.0,-0.0012057658986844935,72.18082088723213,9.318503907061016,0.0,70.0,0.02117148906139732,0.027777777777777776
1722900060,54750.0,54750.0,54540.0,54540.0,3.83969983,2024-08-05 23:21:00+00:00,54540.0,-164.0,-0.0030024554795030343,75.18717885654883,9.706623051991066,46.0,164.0,0.020646937370956644,0.027777777777777776
1722900120,54602.0,54611.0,54539.0,54611.0,0.26403967,2024-08-05 23:22:00+00:00,54611.0,71.0,0.001300950243493728,74.89107721436224,9.668396494358623,71.0,1.0,0.02077562326869806,0.027777777777777776
1722900180,54595.0,54595.0,54520.0,54538.0,0.11042132,2024-08-05 23:23:00+00:00,54538.0,-73.0,-0.0013376212495668702,74.86826660630425,9.665451657521107,0.0,91.0,0.020826102047900034,0.027777777777777776
1722900240,54562.0,54586.0,54538.0,54552.0,0.11000196,2024-08-05 23:24:00+00:00,54552.0,14.0,0.00025666880698237935,74.89370244998273,9.66873541081989,48.0,0.0,0.020990029735875458,0.0275
1722900300,54551.0,54559.0,54528.0,54541.0,0.29384463,2024-08-05 23:25:00+00:00,54541.0,-11.0,-0.000201662802146416,72.70569689908628,9.386265108818845,7.0,24.0,0.021486123545210387,0.027777777777777776
1722900360,54555.0,54555.0,54535.0,54543.0,0.24808084,2024-08-05 23:26:00+00:00,54543.0,2.0,3.666898904002981e-05,72.14829948546225,9.314305412146014,14.0,6.0,0.021743069396629823,0.027777777777777776
1722900420,54545.0,54601.0,54545.0,54569.0,0.10636763,2024-08-05 23:27:00+00:00,54569.0,26.0,0.0004765745379444529,72.24506903588565,9.32679830738634,58.0,0.0,0.021818181818181816,0.027777777777777776
1722900480,54569.0,54594.0,54530.0,54580.0,0.33290488,2024-08-05 23:28:00+00:00,54580.0,11.0,0.00020155933700251286,66.64463477754718,8.603785353583863,25.0,39.0,0.02243409983174425,0.028055555555555556
1722900540,54579.0,54579.0,54528.0,54537.0,2.60873368,2024-08-05 23:29:00+00:00,54537.0,-43.0,-0.0007881448761580589,66.72457089844643,8.614105062417302,0.0,52.0,0.02256487401278676,0.027777777777777776
1722900600,54560.0,54580.0,54537.0,54578.0,0.26171284,2024-08-05 23:30:00+00:00,54578.0,41.0,0.0007515007456276229,66.52491993043881,8.588330233279047,43.0,0.0,0.0226928895612708,0.027777777777777776
1722900660,54565.0,54629.0,54527.0,54527.0,0.88763184,2024-08-05 23:31:00+00:00,54527.0,-51.0,-0.0009348793128545768,65.77545048880724,8.491574144414697,51.0,51.0,0.022667170381564034,0.028055555555555556
1722900720,54558.0,54577.0,54545.0,54545.0,0.14977736,2024-08-05 23:32:00+00:00,54545.0,18.0,0.00033005721291261834,65.2691494077153,8.426210955906836,50.0,0.0,0.022766078542970976,0.027777777777777776
1722900780,54533.0,54535.0,54489.0,54489.0,0.64970433,2024-08-05 23:33:00+00:00,54489.0,-56.0,-0.0010272026143039697,65.60064721673194,8.469007139027692,0.0,56.0,0.022844089091947458,0.0275
1722900840,54477.0,54556.0,54450.0,54536.0,0.03844324,2024-08-05 23:34:00+00:00,54536.0,47.0,0.0008621876250681185,65.84244162122143,8.500222662420821,67.0,39.0,0.022680022680022678,0.0275
1722900900,54535.0,54568.0,54496.0,54562.0,0.42184257,2024-08-05 23:35:00+00:00,54562.0,26.0,0.0004766356943706423,64.64252854874279,8.345314550867277,32.0,40.0,0.022865853658536585,0.0275
1722900960,54566.0,54601.0,54526.0,54566.0,0.40406916,2024-08-05 23:36:00+00:00,54566.0,4.0,7.330840850731258e-05,64.50379702396098,8.32740438803148,39.0,36.0,0.02280935183425204,0.0275
1722901020,54556.0,54569.0,54503.0,54520.0,0.33390978,2024-08-05 23:37:00+00:00,54520.0,-46.0,-0.0008433713350302599,64.7222138971721,8.355601885114059,3.0,63.0,0.022783368141256883,0.027777777777777776
1722901080,54516.0,54516.0,54451.0,54451.0,0.10060163,2024-08-05 23:38:00+00:00,54451.0,-69.0,-0.0012663921450946662,64.90026028692505,8.37858757519291,0.0,69.0,0.022796352583586626,0.0275
1722901140,54461.0,54516.0,54461.0,54515.0,0.33783027,2024-08-05 23:39:00+00:00,54515.0,64.0,0.001174678475107912,65.55021148698596,8.46249591431569,65.0,0.0,0.022710068130204392,0.02722222222222222
1722901200,54510.0,54526.0,54496.0,54496.0,0.0968821,2024-08-05 23:40:00+00:00,54496.0,-19.0,-0.0003485886780672608,65.4708802307711,8.452254293177228,11.0,19.0,0.023108030040439053,0.02722222222222222
1722901260,54482.0,54482.0,54370.0,54370.0,1.22705622,2024-08-05 23:41:00+00:00,54370.0,-126.0,-0.0023147733224484434,66.03744871486364,8.525397969956442,0.0,126.0,0.023112480739599383,0.02722222222222222
1722901320,54388.0,54388.0,54321.0,54323.0,0.12186654,2024-08-05 23:42:00+00:00,54323.0,-47.0,-0.0008648211555360186,66.21702675874421,8.548581395732906,18.0,49.0,0.023183925811437404,0.02722222222222222
1722901380,54317.0,54401.0,54317.0,54401.0,0.52619334,2024-08-05 23:43:00+00:00,54401.0,78.0,0.0014348260435914325,67.1086142137863,8.663684841235089,78.0,6.0,0.02294455066921606,0.02722222222222222
1722901440,54396.0,54396.0,54310.0,54326.0,2.33582852,2024-08-05 23:44:00+00:00,54326.0,-75.0,-0.0013796023415644724,67.65392785937964,8.734084530163177,0.0,91.0,0.022857142857142857,0.026944444444444444
1722901500,54315.0,54322.0,54250.0,54277.0,1.44403254,2024-08-05 23:45:00+00:00,54277.0,-49.0,-0.0009023692407195886,67.79542799110467,8.752352118618418,0.0,76.0,0.022757443580504456,0.02666666666666667
1722901560,54302.0,54317.0,54274.0,54281.0,1.38138846,2024-08-05 23:46:00+00:00,54281.0,4.0,7.36933252603971e-05,66.117845484599,8.535777148298907,40.0,3.0,0.023206343067105006,0.02666666666666667
1722901620,54291.0,54297.0,54265.0,54276.0,0.31205196,2024-08-05 23:47:00+00:00,54276.0,-5.0,-9.211750515459867e-05,65.78910621960924,8.493337091680578,16.0,16.0,0.023346303501945526,0.026944444444444444
1722901680,54281.0,54297.0,54032.0,54032.0,2.50474564,2024-08-05 23:48:00+00:00,54032.0,-244.0,-0.0045056766404945065,71.56857562470444,9.239463383542212,21.0,244.0,0.022774720060732587,0.026944444444444444
1722901740,54075.0,54085.0,53989.0,54064.0,2.23826622,2024-08-05 23:49:00+00:00,54064.0,32.0,0.0005920663287222691,70.65929233455587,9.122075415551208,53.0,43.0,0.022774720060732587,0.02722222222222222
1722901800,54054.0,54128.0,54053.0,54119.0,0.0449111,2024-08-05 23:50:00+00:00,54119.0,55.0,0.0010167957024410199,70.08766705666706,9.048278909500057,64.0,11.0,0.02301937464032227,0.02722222222222222
1722901860,54119.0,54145.0,54086.0,54122.0,0.06254225,2024-08-05 23:51:00+00:00,54122.0,3.0,5.5431860399757034e-05,69.8969459336196,9.023656918388966,26.0,33.0,0.02316602316602317,0.02722222222222222
1722901920,54132.0,54216.0,54132.0,54164.0,1.3791721,2024-08-05 23:52:00+00:00,54164.0,42.0,0.0007757235858027517,70.1582935809586,9.057396754579445,94.0,0.0,0.02301937464032227,0.026944444444444444
1722901980,54193.0,54206.0,54121.0,54129.0,0.33812978,2024-08-05 23:53:00+00:00,54129.0,-35.0,-0.0006463945263065223,70.06210924988098,9.044979410831788,42.0,43.0,0.022818026240730177,0.026944444444444444
1722902040,54119.0,54119.0,54003.0,54003.0,0.30875255,2024-08-05 23:54:00+00:00,54003.0,-126.0,-0.002330486017593791,70.43075495078651,9.092571366173724,0.0,126.0,0.022970903522205207,0.02666666666666667
1722902100,54000.0,54016.0,53951.0,53999.0,0.20000664,2024-08-05 23:55:00+00:00,53999.0,-4.0,-7.407270239121273e-05,70.41987874197018,9.091167253653207,13.0,52.0,0.02313475997686524,0.026944444444444444
1722902160,54004.0,54057.0,53982.0,53982.0,0.24287718,2024-08-05 23:56:00+00:00,53982.0,-17.0,-0.00031487021124929613,70.42440150745692,9.091751140166838,58.0,17.0,0.022975301550832855,0.026944444444444444
1722902220,53999.0,54031.0,53923.0,54001.0,1.403936,2024-08-05 23:57:00+00:00,54001.0,19.0,0.00035190724829046516,69.51729248756847,8.974643869259422,49.0,59.0,0.02297970126388357,0.02722222222222222
1722902280,53993.0,54046.0,53967.0,53989.0,1.72878681,2024-08-05 23:58:00+00:00,53989.0,-12.0,-0.00022224280117406602,69.5048752507024,8.973040810873147,45.0,34.0,0.02278769464489176,0.0275
1722902340,53986.0,54014.0,53966.0,54014.0,1.84454748,2024-08-05 23:59:00+00:00,54014.0,25.0,0.00046295011150637407,68.83817099045136,8.886969660979888,25.0,23.0,0.02289639381797367,0.027777777777777776
