Timestamp,Open,High,Low,Close,Volume,Datetime
1709596800,68359.0,68359.0,68230.0,68277.0,7.88998668,2024-03-05 00:00:00+00:00
1709596860,68277.0,68355.0,68200.0,68200.0,3.47024234,2024-03-05 00:01:00+00:00
1709596920,68211.0,68335.0,68203.0,68298.0,4.17665773,2024-03-05 00:02:00+00:00
1709596980,68324.0,68339.0,68285.0,68313.0,0.88114243,2024-03-05 00:03:00+00:00
1709597040,68302.0,68389.0,68289.0,68389.0,7.40735166,2024-03-05 00:04:00+00:00
1709597100,68389.0,68446.0,68384.0,68416.0,3.30646884,2024-03-05 00:05:00+00:00
1709597160,68413.0,68470.0,68377.0,68469.0,60.72370839,2024-03-05 00:06:00+00:00
1709597220,68466.0,68466.0,68314.0,68364.0,3.37898552,2024-03-05 00:07:00+00:00
1709597280,68352.0,68359.0,68262.0,68312.0,0.21335545,2024-03-05 00:08:00+00:00
1709597340,68314.0,68345.0,68302.0,68331.0,0.28589522,2024-03-05 00:09:00+00:00
1709597400,68342.0,68344.0,68235.0,68248.0,1.4428959,2024-03-05 00:10:00+00:00
1709597460,68249.0,68387.0,68249.0,68373.0,1.41588769,2024-03-05 00:11:00+00:00
1709597520,68366.0,68366.0,68236.0,68276.0,0.2417509,2024-03-05 00:12:00+00:00
1709597580,68277.0,68300.0,68253.0,68300.0,1.40093955,2024-03-05 00:13:00+00:00
1709597640,68286.0,68392.0,68286.0,68370.0,1.09812394,2024-03-05 00:14:00+00:00
1709597700,68331.0,68384.0,68319.0,68373.0,0.93586806,2024-03-05 00:15:00+00:00
1709597760,68378.0,68378.0,68293.0,68293.0,0.17634826,2024-03-05 00:16:00+00:00
1709597820,68303.0,68391.0,68303.0,68391.0,0.45039204,2024-03-05 00:17:00+00:00
1709597880,68394.0,68418.0,68374.0,68400.0,0.56064113,2024-03-05 00:18:00+00:00
1709597940,68398.0,68474.0,68380.0,68401.0,3.45387196,2024-03-05 00:19:00+00:00
1709598000,68413.0,68487.0,68406.0,68467.0,0.91999331,2024-03-05 00:20:00+00:00
1709598060,68483.0,68544.0,68465.0,68468.0,4.5007211,2024-03-05 00:21:00+00:00
1709598120,68489.0,68553.0,68489.0,68490.0,0.22684119,2024-03-05 00:22:00+00:00
1709598180,68472.0,68472.0,68256.0,68256.0,0.47735466,2024-03-05 00:23:00+00:00
1709598240,68296.0,68296.0,68216.0,68217.0,0.24055712,2024-03-05 00:24:00+00:00
1709598300,68214.0,68259.0,68214.0,68224.0,0.23305841,2024-03-05 00:25:00+00:00
1709598360,68210.0,68210.0,68115.0,68149.0,0.69004661,2024-03-05 00:26:00+00:00
1709598420,68138.0,68139.0,68089.0,68123.0,0.32455475,2024-03-05 00:27:00+00:00
1709598480,68081.0,68156.0,68045.0,68156.0,0.07745909,2024-03-05 00:28:00+00:00
1709598540,68146.0,68146.0,68100.0,68100.0,0.18299949,2024-03-05 00:29:00+00:00
1709598600,68136.0,68156.0,67987.0,67996.0,0.89285577,2024-03-05 00:30:00+00:00
1709598660,67977.0,68046.0,67953.0,68023.0,1.8013469,2024-03-05 00:31:00+00:00
1709598720,67979.0,68041.0,67977.0,68000.0,0.94487188,2024-03-05 00:32:00+00:00
1709598780,67990.0,68025.0,67983.0,67992.0,0.32733758,2024-03-05 00:33:00+00:00
1709598840,67990.0,68003.0,67897.0,67928.0,1.73821532,2024-03-05 00:34:00+00:00
1709598900,67928.0,68019.0,67928.0,67965.0,0.30742802,2024-03-05 00:35:00+00:00
1709598960,67969.0,67969.0,67909.0,67944.0,0.03515024,2024-03-05 00:36:00+00:00
1709599020,67904.0,67952.0,67896.0,67926.0,0.21326726,2024-03-05 00:37:00+00:00
1709599080,67930.0,67935.0,67880.0,67883.0,0.7262368,2024-03-05 00:38:00+00:00
1709599140,67899.0,67995.0,67899.0,67935.0,0.12207367,2024-03-05 00:39:00+00:00
1709599200,67957.0,68063.0,67957.0,68063.0,0.11582845,2024-03-05 00:40:00+00:00
1709599260,68068.0,68170.0,68068.0,68170.0,0.04416385,2024-03-05 00:41:00+00:00
1709599320,68174.0,68190.0,68147.0,68181.0,0.1171711,2024-03-05 00:42:00+00:00
1709599380,68178.0,68287.0,68171.0,68274.0,0.54683493,2024-03-05 00:43:00+00:00
1709599440,68271.0,68283.0,68199.0,68272.0,0.27265989,2024-03-05 00:44:00+00:00
1709599500,68283.0,68283.0,68185.0,68256.0,0.11757657,2024-03-05 00:45:00+00:00
1709599560,68219.0,68285.0,68214.0,68271.0,0.07451395,2024-03-05 00:46:00+00:00
1709599620,68251.0,68258.0,68197.0,68224.0,10.30426554,2024-03-05 00:47:00+00:00
1709599680,68217.0,68217.0,68077.0,68087.0,0.11857245,2024-03-05 00:48:00+00:00
1709599740,68088.0,68088.0,68024.0,68043.0,0.5588817,2024-03-05 00:49:00+00:00
1709599800,68028.0,68173.0,68007.0,68161.0,1.9052571,2024-03-05 00:50:00+00:00
1709599860,68165.0,68248.0,68165.0,68211.0,1.36381441,2024-03-05 00:51:00+00:00
1709599920,68193.0,68193.0,68075.0,68084.0,0.55489485,2024-03-05 00:52:00+00:00
1709599980,68111.0,68181.0,68099.0,68180.0,0.90239561,2024-03-05 00:53:00+00:00
1709600040,68182.0,68201.0,68088.0,68109.0,0.05709615,2024-03-05 00:54:00+00:00
1709600100,68100.0,68174.0,68088.0,68114.0,10.24504146,2024-03-05 00:55:00+00:00
1709600160,68119.0,68184.0,68119.0,68184.0,10.03066996,2024-03-05 00:56:00+00:00
1709600220,68166.0,68209.0,68131.0,68207.0,0.48818617,2024-03-05 00:57:00+00:00
1709600280,68189.0,68199.0,68144.0,68189.0,0.51891671,2024-03-05 00:58:00+00:00
1709600340,68207.0,68218.0,68137.0,68147.0,0.07217034,2024-03-05 00:59:00+00:00
1709600400,68152.0,68155.0,68096.0,68114.0,0.13466971,2024-03-05 01:00:00+00:00
1709600460,68112.0,68170.0,68112.0,68146.0,0.3057934,2024-03-05 01:01:00+00:00
1709600520,68171.0,68255.0,68171.0,68243.0,0.12106433,2024-03-05 01:02:00+00:00
1709600580,68241.0,68255.0,68200.0,68255.0,0.57821597,2024-03-05 01:03:00+00:00
1709600640,68256.0,68348.0,68236.0,68348.0,0.32813793,2024-03-05 01:04:00+00:00
1709600700,68348.0,68451.0,68266.0,68441.0,7.69733921,2024-03-05 01:05:00+00:00
1709600760,68443.0,68443.0,68217.0,68238.0,0.87682496,2024-03-05 01:06:00+00:00
1709600820,68238.0,68326.0,68141.0,68318.0,4.94739052,2024-03-05 01:07:00+00:00
1709600880,68288.0,68313.0,68233.0,68313.0,4.49201068,2024-03-05 01:08:00+00:00
1709600940,68329.0,68475.0,68329.0,68460.0,17.14616819,2024-03-05 01:09:00+00:00
1709601000,68447.0,68553.0,68438.0,68500.0,11.78620221,2024-03-05 01:10:00+00:00
1709601060,68501.0,68561.0,68490.0,68557.0,3.96213328,2024-03-05 01:11:00+00:00
1709601120,68569.0,68610.0,68551.0,68607.0,4.2345437,2024-03-05 01:12:00+00:00
1709601180,68558.0,68618.0,68440.0,68602.0,1.73788945,2024-03-05 01:13:00+00:00
1709601240,68597.0,68597.0,68443.0,68443.0,0.3199135,2024-03-05 01:14:00+00:00
1709601300,68463.0,68621.0,68463.0,68621.0,1.61803896,2024-03-05 01:15:00+00:00
1709601360,68593.0,68621.0,68587.0,68614.0,0.05300141,2024-03-05 01:16:00+00:00
1709601420,68609.0,68627.0,68605.0,68622.0,0.25570759,2024-03-05 01:17:00+00:00
1709601480,68627.0,68627.0,68530.0,68581.0,0.09387961,2024-03-05 01:18:00+00:00
1709601540,68549.0,68550.0,68304.0,68357.0,1.49490694,2024-03-05 01:19:00+00:00
1709601600,68377.0,68456.0,68316.0,68441.0,4.40064868,2024-03-05 01:20:00+00:00
1709601660,68473.0,68560.0,68470.0,68472.0,3.83343144,2024-03-05 01:21:00+00:00
1709601720,68435.0,68557.0,68422.0,68522.0,0.43793033,2024-03-05 01:22:00+00:00
1709601780,68566.0,68634.0,68552.0,68600.0,1.21806366,2024-03-05 01:23:00+00:00
1709601840,68600.0,68643.0,68569.0,68601.0,2.15575005,2024-03-05 01:24:00+00:00
1709601900,68596.0,68598.0,68508.0,68513.0,0.25630633,2024-03-05 01:25:00+00:00
1709601960,68523.0,68548.0,68483.0,68536.0,0.07712291,2024-03-05 01:26:00+00:00
1709602020,68487.0,68595.0,68481.0,68588.0,0.58153821,2024-03-05 01:27:00+00:00
1709602080,68590.0,68602.0,68528.0,68602.0,0.79585454,2024-03-05 01:28:00+00:00
1709602140,68544.0,68571.0,68512.0,68546.0,0.03235773,2024-03-05 01:29:00+00:00
1709602200,68529.0,68529.0,68462.0,68494.0,0.11826255,2024-03-05 01:30:00+00:00
1709602260,68509.0,68575.0,68509.0,68563.0,0.23833598,2024-03-05 01:31:00+00:00
1709602320,68555.0,68575.0,68460.0,68460.0,1.07197191,2024-03-05 01:32:00+00:00
1709602380,68456.0,68545.0,68410.0,68518.0,0.0366214,2024-03-05 01:33:00+00:00
1709602440,68499.0,68506.0,68414.0,68414.0,0.03941278,2024-03-05 01:34:00+00:00
1709602500,68407.0,68425.0,68368.0,68380.0,0.72841714,2024-03-05 01:35:00+00:00
1709602560,68380.0,68406.0,68292.0,68292.0,1.70647585,2024-03-05 01:36:00+00:00
1709602620,68269.0,68340.0,68202.0,68324.0,0.09091938,2024-03-05 01:37:00+00:00
1709602680,68316.0,68420.0,68308.0,68420.0,1.56759336,2024-03-05 01:38:00+00:00
1709602740,68404.0,68466.0,68396.0,68448.0,0.5480654,2024-03-05 01:39:00+00:00
1709602800,68489.0,68539.0,68477.0,68504.0,0.44310781,2024-03-05 01:40:00+00:00
1709602860,68514.0,68547.0,68421.0,68421.0,0.66499327,2024-03-05 01:41:00+00:00
1709602920,68451.0,68548.0,68448.0,68479.0,0.59441996,2024-03-05 01:42:00+00:00
1709602980,68475.0,68496.0,68453.0,68472.0,0.17115075,2024-03-05 01:43:00+00:00
1709603040,68469.0,68475.0,68405.0,68450.0,1.82380384,2024-03-05 01:44:00+00:00
1709603100,68429.0,68517.0,68391.0,68470.0,2.89490001,2024-03-05 01:45:00+00:00
1709603160,68510.0,68556.0,68504.0,68532.0,1.00274286,2024-03-05 01:46:00+00:00
1709603220,68538.0,68611.0,68538.0,68570.0,0.15813564,2024-03-05 01:47:00+00:00
1709603280,68588.0,68643.0,68544.0,68643.0,0.9150689,2024-03-05 01:48:00+00:00
1709603340,68639.0,68726.0,68629.0,68697.0,7.23812199,2024-03-05 01:49:00+00:00
1709603400,68724.0,68759.0,68612.0,68712.0,3.69810278,2024-03-05 01:50:00+00:00
1709603460,68704.0,68767.0,68639.0,68767.0,5.5648508,2024-03-05 01:51:00+00:00
1709603520,68762.0,68789.0,68730.0,68762.0,0.03490077,2024-03-05 01:52:00+00:00
1709603580,68789.0,68850.0,68769.0,68811.0,1.97901682,2024-03-05 01:53:00+00:00
1709603640,68797.0,68847.0,68702.0,68797.0,0.32767133,2024-03-05 01:54:00+00:00
1709603700,68804.0,68822.0,68668.0,68668.0,0.66516243,2024-03-05 01:55:00+00:00
1709603760,68682.0,68743.0,68682.0,68689.0,0.9460858,2024-03-05 01:56:00+00:00
1709603820,68708.0,68725.0,68651.0,68691.0,0.13180519,2024-03-05 01:57:00+00:00
1709603880,68659.0,68684.0,68649.0,68684.0,0.19862702,2024-03-05 01:58:00+00:00
1709603940,68685.0,68685.0,68622.0,68654.0,0.39702899,2024-03-05 01:59:00+00:00
1709604000,68675.0,68687.0,68612.0,68644.0,1.41987555,2024-03-05 02:00:00+00:00
1709604060,68641.0,68641.0,68531.0,68559.0,2.32524513,2024-03-05 02:01:00+00:00
1709604120,68555.0,68654.0,68536.0,68553.0,0.13046411,2024-03-05 02:02:00+00:00
1709604180,68521.0,68586.0,68521.0,68531.0,2.27257819,2024-03-05 02:03:00+00:00
1709604240,68552.0,68574.0,68539.0,68539.0,0.12981135,2024-03-05 02:04:00+00:00
1709604300,68556.0,68565.0,68509.0,68509.0,0.5435463,2024-03-05 02:05:00+00:00
1709604360,68550.0,68591.0,68505.0,68505.0,5.11335168,2024-03-05 02:06:00+00:00
1709604420,68502.0,68534.0,68498.0,68521.0,0.97649267,2024-03-05 02:07:00+00:00
1709604480,68509.0,68623.0,68509.0,68605.0,0.36483273,2024-03-05 02:08:00+00:00
1709604540,68607.0,68607.0,68554.0,68554.0,0.06871448,2024-03-05 02:09:00+00:00
1709604600,68544.0,68575.0,68525.0,68531.0,0.2732239,2024-03-05 02:10:00+00:00
1709604660,68504.0,68504.0,68334.0,68373.0,0.62171524,2024-03-05 02:11:00+00:00
1709604720,68369.0,68373.0,68207.0,68207.0,0.23209222,2024-03-05 02:12:00+00:00
1709604780,68225.0,68283.0,68206.0,68234.0,0.46493489,2024-03-05 02:13:00+00:00
1709604840,68228.0,68260.0,68228.0,68260.0,0.03155083,2024-03-05 02:14:00+00:00
1709604900,68265.0,68265.0,68172.0,68202.0,0.22957707,2024-03-05 02:15:00+00:00
1709604960,68157.0,68157.0,68068.0,68068.0,1.11803915,2024-03-05 02:16:00+00:00
1709605020,68100.0,68134.0,68014.0,68014.0,0.43194169,2024-03-05 02:17:00+00:00
1709605080,68011.0,68068.0,67906.0,67906.0,51.01221702,2024-03-05 02:18:00+00:00
1709605140,67906.0,68092.0,67906.0,68092.0,5.65987281,2024-03-05 02:19:00+00:00
1709605200,68134.0,68187.0,68134.0,68134.0,0.17032066,2024-03-05 02:20:00+00:00
1709605260,68158.0,68215.0,68141.0,68215.0,0.0942483,2024-03-05 02:21:00+00:00
1709605320,68208.0,68292.0,68193.0,68267.0,0.59143373,2024-03-05 02:22:00+00:00
1709605380,68279.0,68394.0,68279.0,68349.0,0.13192813,2024-03-05 02:23:00+00:00
1709605440,68327.0,68421.0,68263.0,68407.0,0.13319397,2024-03-05 02:24:00+00:00
1709605500,68421.0,68424.0,68355.0,68363.0,0.08671227,2024-03-05 02:25:00+00:00
1709605560,68342.0,68349.0,68254.0,68254.0,0.84251426,2024-03-05 02:26:00+00:00
1709605620,68272.0,68442.0,68257.0,68438.0,2.30754559,2024-03-05 02:27:00+00:00
1709605680,68434.0,68450.0,68401.0,68427.0,0.09722681,2024-03-05 02:28:00+00:00
1709605740,68425.0,68443.0,68377.0,68378.0,0.22743598,2024-03-05 02:29:00+00:00
1709605800,68377.0,68377.0,68209.0,68264.0,1.96130695,2024-03-05 02:30:00+00:00
1709605860,68320.0,68428.0,68308.0,68393.0,0.2922435,2024-03-05 02:31:00+00:00
1709605920,68320.0,68404.0,68262.0,68356.0,4.93504322,2024-03-05 02:32:00+00:00
1709605980,68354.0,68354.0,68250.0,68276.0,0.48623258,2024-03-05 02:33:00+00:00
1709606040,68249.0,68249.0,68217.0,68241.0,0.20893696,2024-03-05 02:34:00+00:00
1709606100,68230.0,68266.0,68160.0,68160.0,0.49882871,2024-03-05 02:35:00+00:00
1709606160,68144.0,68193.0,68122.0,68147.0,0.17406338,2024-03-05 02:36:00+00:00
1709606220,68137.0,68137.0,68019.0,68036.0,0.57707644,2024-03-05 02:37:00+00:00
1709606280,68054.0,68128.0,68052.0,68108.0,0.53747916,2024-03-05 02:38:00+00:00
1709606340,68108.0,68108.0,68020.0,68043.0,0.41504415,2024-03-05 02:39:00+00:00
1709606400,68023.0,68112.0,68019.0,68112.0,0.18323129,2024-03-05 02:40:00+00:00
1709606460,68121.0,68151.0,68121.0,68151.0,0.02798409,2024-03-05 02:41:00+00:00
1709606520,68159.0,68243.0,68159.0,68220.0,0.20213625,2024-03-05 02:42:00+00:00
1709606580,68211.0,68279.0,68207.0,68279.0,0.10512892,2024-03-05 02:43:00+00:00
1709606640,68296.0,68321.0,68284.0,68321.0,0.28236976,2024-03-05 02:44:00+00:00
1709606700,68286.0,68374.0,68286.0,68332.0,2.58162128,2024-03-05 02:45:00+00:00
1709606760,68359.0,68371.0,68279.0,68306.0,0.32372405,2024-03-05 02:46:00+00:00
1709606820,68341.0,68358.0,68304.0,68352.0,0.33266723,2024-03-05 02:47:00+00:00
1709606880,68388.0,68389.0,68353.0,68354.0,0.73175125,2024-03-05 02:48:00+00:00
1709606940,68373.0,68402.0,68368.0,68384.0,0.06921864,2024-03-05 02:49:00+00:00
1709607000,68321.0,68368.0,68304.0,68335.0,0.08930736,2024-03-05 02:50:00+00:00
1709607060,68355.0,68408.0,68355.0,68361.0,0.06502525,2024-03-05 02:51:00+00:00
1709607120,68331.0,68331.0,68289.0,68316.0,0.2125364,2024-03-05 02:52:00+00:00
1709607180,68274.0,68308.0,68250.0,68308.0,0.58389443,2024-03-05 02:53:00+00:00
1709607240,68317.0,68335.0,68317.0,68320.0,0.08444657,2024-03-05 02:54:00+00:00
1709607300,68285.0,68367.0,68251.0,68367.0,0.05810334,2024-03-05 02:55:00+00:00
1709607360,68362.0,68362.0,68326.0,68348.0,0.10683143,2024-03-05 02:56:00+00:00
1709607420,68347.0,68372.0,68328.0,68328.0,1.26127004,2024-03-05 02:57:00+00:00
1709607480,68306.0,68306.0,68251.0,68261.0,0.00408751,2024-03-05 02:58:00+00:00
1709607540,68250.0,68263.0,68219.0,68263.0,0.48139562,2024-03-05 02:59:00+00:00
1709607600,68249.0,68249.0,67861.0,68192.0,70.47384328,2024-03-05 03:00:00+00:00
1709607660,68175.0,68177.0,68117.0,68148.0,14.93881122,2024-03-05 03:01:00+00:00
1709607720,68165.0,68165.0,68096.0,68103.0,0.09557204,2024-03-05 03:02:00+00:00
1709607780,68092.0,68092.0,68058.0,68092.0,0.25090928,2024-03-05 03:03:00+00:00
1709607840,68113.0,68156.0,68054.0,68054.0,3.21879736,2024-03-05 03:04:00+00:00
1709607900,68055.0,68086.0,68051.0,68066.0,0.24919924,2024-03-05 03:05:00+00:00
1709607960,68064.0,68068.0,67982.0,67982.0,1.58728873,2024-03-05 03:06:00+00:00
1709608020,67995.0,68057.0,67995.0,68041.0,0.06086069,2024-03-05 03:07:00+00:00
1709608080,68009.0,68081.0,68000.0,68076.0,0.32737827,2024-03-05 03:08:00+00:00
1709608140,68051.0,68114.0,68040.0,68088.0,0.12371031,2024-03-05 03:09:00+00:00
1709608200,68087.0,68087.0,67990.0,68010.0,1.58485157,2024-03-05 03:10:00+00:00
1709608260,68023.0,68023.0,67943.0,67956.0,2.47699132,2024-03-05 03:11:00+00:00
1709608320,67944.0,67944.0,67625.0,67710.0,9.80635861,2024-03-05 03:12:00+00:00
1709608380,67710.0,67853.0,67710.0,67852.0,1.55483205,2024-03-05 03:13:00+00:00
1709608440,67850.0,67850.0,67708.0,67775.0,0.55878266,2024-03-05 03:14:00+00:00
1709608500,67778.0,67853.0,67712.0,67712.0,0.11890684,2024-03-05 03:15:00+00:00
1709608560,67719.0,67871.0,67719.0,67871.0,0.13374556,2024-03-05 03:16:00+00:00
1709608620,67875.0,67970.0,67864.0,67970.0,0.70245943,2024-03-05 03:17:00+00:00
1709608680,67961.0,68020.0,67924.0,67937.0,0.22727032,2024-03-05 03:18:00+00:00
1709608740,67951.0,67957.0,67931.0,67957.0,0.0196974,2024-03-05 03:19:00+00:00
1709608800,67988.0,68024.0,67908.0,67908.0,0.17665588,2024-03-05 03:20:00+00:00
1709608860,67940.0,67994.0,67936.0,67994.0,0.2479101,2024-03-05 03:21:00+00:00
1709608920,67977.0,68066.0,67977.0,68063.0,0.01750162,2024-03-05 03:22:00+00:00
1709608980,68080.0,68138.0,68077.0,68096.0,0.85550029,2024-03-05 03:23:00+00:00
1709609040,68093.0,68148.0,68093.0,68140.0,0.09190872,2024-03-05 03:24:00+00:00
1709609100,68137.0,68177.0,68137.0,68173.0,0.27184696,2024-03-05 03:25:00+00:00
1709609160,68175.0,68206.0,68175.0,68190.0,0.12443411,2024-03-05 03:26:00+00:00
1709609220,68167.0,68167.0,68111.0,68132.0,0.44500004,2024-03-05 03:27:00+00:00
1709609280,68110.0,68128.0,68013.0,68106.0,5.97004158,2024-03-05 03:28:00+00:00
1709609340,68111.0,68126.0,68084.0,68089.0,0.15722284,2024-03-05 03:29:00+00:00
1709609400,68110.0,68157.0,68110.0,68157.0,0.01940117,2024-03-05 03:30:00+00:00
1709609460,68159.0,68166.0,68089.0,68166.0,0.13063488,2024-03-05 03:31:00+00:00
1709609520,68157.0,68168.0,68087.0,68106.0,1.52026188,2024-03-05 03:32:00+00:00
1709609580,68172.0,68172.0,68102.0,68162.0,0.4005879,2024-03-05 03:33:00+00:00
1709609640,68171.0,68173.0,68119.0,68129.0,0.41519897,2024-03-05 03:34:00+00:00
1709609700,68136.0,68153.0,68112.0,68145.0,1.01480303,2024-03-05 03:35:00+00:00
1709609760,68108.0,68158.0,68106.0,68130.0,33.88285289,2024-03-05 03:36:00+00:00
1709609820,68099.0,68130.0,68094.0,68125.0,6.29201254,2024-03-05 03:37:00+00:00
1709609880,68128.0,68130.0,68115.0,68122.0,19.47533109,2024-03-05 03:38:00+00:00
1709609940,68121.0,68130.0,68114.0,68130.0,17.52467624,2024-03-05 03:39:00+00:00
1709610000,68130.0,68130.0,68092.0,68096.0,0.44356617,2024-03-05 03:40:00+00:00
1709610060,68097.0,68130.0,68097.0,68115.0,1.32896026,2024-03-05 03:41:00+00:00
1709610120,68098.0,68210.0,68097.0,68210.0,0.66902518,2024-03-05 03:42:00+00:00
1709610180,68214.0,68279.0,68214.0,68279.0,3.20207761,2024-03-05 03:43:00+00:00
1709610240,68264.0,68306.0,68264.0,68305.0,0.42116298,2024-03-05 03:44:00+00:00
1709610300,68289.0,68318.0,68265.0,68290.0,1.03600039,2024-03-05 03:45:00+00:00
1709610360,68336.0,68346.0,68286.0,68289.0,0.10579557,2024-03-05 03:46:00+00:00
1709610420,68286.0,68322.0,68286.0,68288.0,0.07618951,2024-03-05 03:47:00+00:00
1709610480,68272.0,68286.0,68220.0,68239.0,0.57946287,2024-03-05 03:48:00+00:00
1709610540,68245.0,68339.0,68231.0,68328.0,0.1076206,2024-03-05 03:49:00+00:00
1709610600,68324.0,68324.0,68226.0,68226.0,0.07322089,2024-03-05 03:50:00+00:00
1709610660,68254.0,68261.0,68244.0,68259.0,0.02910316,2024-03-05 03:51:00+00:00
1709610720,68313.0,68315.0,68251.0,68251.0,1.02291452,2024-03-05 03:52:00+00:00
1709610780,68271.0,68321.0,68271.0,68298.0,1.84832121,2024-03-05 03:53:00+00:00
1709610840,68311.0,68311.0,68257.0,68293.0,1.34320825,2024-03-05 03:54:00+00:00
1709610900,68250.0,68259.0,68222.0,68259.0,0.12208083,2024-03-05 03:55:00+00:00
1709610960,68227.0,68260.0,68222.0,68227.0,0.41276942,2024-03-05 03:56:00+00:00
1709611020,68243.0,68257.0,68209.0,68246.0,1.09062368,2024-03-05 03:57:00+00:00
1709611080,68219.0,68272.0,68215.0,68262.0,1.65436706,2024-03-05 03:58:00+00:00
1709611140,68267.0,68267.0,68213.0,68214.0,0.3414674,2024-03-05 03:59:00+00:00
1709611200,68231.0,68297.0,68206.0,68297.0,1.18492143,2024-03-05 04:00:00+00:00
1709611260,68296.0,68336.0,68293.0,68335.0,1.26862305,2024-03-05 04:01:00+00:00
1709611320,68336.0,68364.0,68292.0,68364.0,0.61111306,2024-03-05 04:02:00+00:00
1709611380,68375.0,68404.0,68375.0,68404.0,0.00310809,2024-03-05 04:03:00+00:00
1709611440,68415.0,68472.0,68415.0,68472.0,0.57248339,2024-03-05 04:04:00+00:00
1709611500,68488.0,68550.0,68434.0,68467.0,13.19962622,2024-03-05 04:05:00+00:00
1709611560,68449.0,68473.0,68440.0,68457.0,0.05448927,2024-03-05 04:06:00+00:00
1709611620,68415.0,68415.0,68393.0,68398.0,0.00484836,2024-03-05 04:07:00+00:00
1709611680,68335.0,68335.0,68309.0,68316.0,0.06020155,2024-03-05 04:08:00+00:00
1709611740,68309.0,68309.0,68232.0,68232.0,3.48844891,2024-03-05 04:09:00+00:00
1709611800,68216.0,68216.0,68103.0,68118.0,5.17084054,2024-03-05 04:10:00+00:00
1709611860,68082.0,68179.0,68082.0,68179.0,0.05153277,2024-03-05 04:11:00+00:00
1709611920,68158.0,68160.0,67970.0,67995.0,0.35713758,2024-03-05 04:12:00+00:00
1709611980,67961.0,68023.0,67931.0,67931.0,0.75929461,2024-03-05 04:13:00+00:00
1709612040,67922.0,67958.0,67892.0,67903.0,1.33363176,2024-03-05 04:14:00+00:00
1709612100,67886.0,67956.0,67886.0,67929.0,0.13631955,2024-03-05 04:15:00+00:00
1709612160,67963.0,67974.0,67914.0,67923.0,0.05879787,2024-03-05 04:16:00+00:00
1709612220,67928.0,67992.0,67928.0,67954.0,0.08127005,2024-03-05 04:17:00+00:00
1709612280,67935.0,67935.0,67897.0,67897.0,0.02156033,2024-03-05 04:18:00+00:00
1709612340,67940.0,67942.0,67857.0,67866.0,1.55492104,2024-03-05 04:19:00+00:00
1709612400,67853.0,67853.0,67741.0,67813.0,0.75957331,2024-03-05 04:20:00+00:00
1709612460,67833.0,67833.0,67793.0,67805.0,2.28941188,2024-03-05 04:21:00+00:00
1709612520,67833.0,67909.0,67833.0,67903.0,0.19321041,2024-03-05 04:22:00+00:00
1709612580,67925.0,67925.0,67800.0,67827.0,0.14424765,2024-03-05 04:23:00+00:00
1709612640,67808.0,67892.0,67808.0,67880.0,0.02390571,2024-03-05 04:24:00+00:00
1709612700,67861.0,67924.0,67852.0,67924.0,0.09358723,2024-03-05 04:25:00+00:00
1709612760,67915.0,67970.0,67899.0,67966.0,0.15964097,2024-03-05 04:26:00+00:00
1709612820,67999.0,68014.0,67974.0,68014.0,0.01848718,2024-03-05 04:27:00+00:00
1709612880,68027.0,68039.0,68004.0,68004.0,0.80762499,2024-03-05 04:28:00+00:00
1709612940,68008.0,68080.0,67979.0,68080.0,1.35069697,2024-03-05 04:29:00+00:00
1709613000,68080.0,68085.0,68062.0,68073.0,0.00896415,2024-03-05 04:30:00+00:00
1709613060,68043.0,68054.0,68004.0,68021.0,0.02856869,2024-03-05 04:31:00+00:00
1709613120,68014.0,68055.0,68014.0,68055.0,0.02461138,2024-03-05 04:32:00+00:00
1709613180,68038.0,68038.0,67945.0,67971.0,0.07352043,2024-03-05 04:33:00+00:00
1709613240,67984.0,68017.0,67970.0,67970.0,0.10342524,2024-03-05 04:34:00+00:00
1709613300,67991.0,68015.0,67977.0,67995.0,0.07884696,2024-03-05 04:35:00+00:00
1709613360,68015.0,68025.0,67965.0,67965.0,0.42392085,2024-03-05 04:36:00+00:00
1709613420,67950.0,67957.0,67913.0,67913.0,1.57845669,2024-03-05 04:37:00+00:00
1709613480,67861.0,67899.0,67844.0,67869.0,0.19460755,2024-03-05 04:38:00+00:00
1709613540,67843.0,67843.0,67778.0,67794.0,0.74316298,2024-03-05 04:39:00+00:00
1709613600,67790.0,67836.0,67780.0,67836.0,0.51713843,2024-03-05 04:40:00+00:00
1709613660,67862.0,67939.0,67862.0,67889.0,0.03957211,2024-03-05 04:41:00+00:00
1709613720,67873.0,67873.0,67797.0,67810.0,0.06020522,2024-03-05 04:42:00+00:00
1709613780,67797.0,67831.0,67762.0,67769.0,0.19480364,2024-03-05 04:43:00+00:00
1709613840,67750.0,67751.0,67679.0,67683.0,5.02304327,2024-03-05 04:44:00+00:00
1709613900,67729.0,67729.0,67662.0,67662.0,2.69900772,2024-03-05 04:45:00+00:00
1709613960,67683.0,67717.0,67655.0,67692.0,1.25836583,2024-03-05 04:46:00+00:00
1709614020,67743.0,67743.0,67655.0,67655.0,1.05989171,2024-03-05 04:47:00+00:00
1709614080,67654.0,67659.0,67584.0,67584.0,3.46107955,2024-03-05 04:48:00+00:00
1709614140,67577.0,67577.0,67483.0,67483.0,1.90893612,2024-03-05 04:49:00+00:00
1709614200,67509.0,67514.0,67332.0,67432.0,3.10822532,2024-03-05 04:50:00+00:00
1709614260,67418.0,67431.0,67297.0,67297.0,21.48653932,2024-03-05 04:51:00+00:00
1709614320,67290.0,67313.0,66963.0,67163.0,15.48802113,2024-03-05 04:52:00+00:00
1709614380,67185.0,67344.0,67167.0,67323.0,0.06739072,2024-03-05 04:53:00+00:00
1709614440,67367.0,67548.0,67339.0,67547.0,0.84016937,2024-03-05 04:54:00+00:00
1709614500,67528.0,67528.0,67457.0,67461.0,3.78224172,2024-03-05 04:55:00+00:00
1709614560,67407.0,67407.0,67350.0,67377.0,0.5829875,2024-03-05 04:56:00+00:00
1709614620,67370.0,67393.0,67366.0,67367.0,0.19056489,2024-03-05 04:57:00+00:00
1709614680,67433.0,67455.0,67378.0,67455.0,0.12356127,2024-03-05 04:58:00+00:00
1709614740,67447.0,67447.0,67326.0,67367.0,0.10953852,2024-03-05 04:59:00+00:00
1709614800,67370.0,67370.0,67275.0,67299.0,3.07709339,2024-03-05 05:00:00+00:00
1709614860,67269.0,67269.0,67007.0,67007.0,14.15408252,2024-03-05 05:01:00+00:00
1709614920,67007.0,67007.0,66599.0,66700.0,42.08707499,2024-03-05 05:02:00+00:00
1709614980,66724.0,66724.0,65150.0,65807.0,89.2113348,2024-03-05 05:03:00+00:00
1709615040,65793.0,66400.0,65793.0,66334.0,8.45838265,2024-03-05 05:04:00+00:00
1709615100,66399.0,66600.0,66242.0,66274.0,2.86543058,2024-03-05 05:05:00+00:00
1709615160,66277.0,66409.0,66106.0,66290.0,1.03744764,2024-03-05 05:06:00+00:00
1709615220,66353.0,66535.0,66314.0,66314.0,0.34928868,2024-03-05 05:07:00+00:00
1709615280,66329.0,66530.0,66294.0,66382.0,0.63318428,2024-03-05 05:08:00+00:00
1709615340,66361.0,66575.0,66345.0,66575.0,0.27440416,2024-03-05 05:09:00+00:00
1709615400,66442.0,66611.0,66442.0,66604.0,0.0901277,2024-03-05 05:10:00+00:00
1709615460,66625.0,66687.0,66594.0,66687.0,43.91229734,2024-03-05 05:11:00+00:00
1709615520,66679.0,66687.0,66563.0,66604.0,11.31022434,2024-03-05 05:12:00+00:00
1709615580,66580.0,66580.0,66339.0,66449.0,3.60383995,2024-03-05 05:13:00+00:00
1709615640,66465.0,66584.0,66465.0,66577.0,0.47151743,2024-03-05 05:14:00+00:00
1709615700,66599.0,66687.0,66507.0,66680.0,4.69378502,2024-03-05 05:15:00+00:00
1709615760,66680.0,66733.0,66600.0,66600.0,5.85065092,2024-03-05 05:16:00+00:00
1709615820,66635.0,66766.0,66627.0,66766.0,3.20859572,2024-03-05 05:17:00+00:00
1709615880,66739.0,66746.0,66671.0,66676.0,0.52321389,2024-03-05 05:18:00+00:00
1709615940,66683.0,66721.0,66547.0,66567.0,1.48248399,2024-03-05 05:19:00+00:00
1709616000,66609.0,66688.0,66586.0,66654.0,0.43850167,2024-03-05 05:20:00+00:00
1709616060,66645.0,66833.0,66619.0,66808.0,4.94908308,2024-03-05 05:21:00+00:00
1709616120,66800.0,66957.0,66740.0,66893.0,2.66518072,2024-03-05 05:22:00+00:00
1709616180,66877.0,66951.0,66874.0,66935.0,0.72736556,2024-03-05 05:23:00+00:00
1709616240,66925.0,67006.0,66901.0,67006.0,0.24779081,2024-03-05 05:24:00+00:00
1709616300,67023.0,67032.0,66941.0,66953.0,16.76091317,2024-03-05 05:25:00+00:00
1709616360,66939.0,66970.0,66913.0,66922.0,0.2575676,2024-03-05 05:26:00+00:00
1709616420,66973.0,67072.0,66973.0,67072.0,2.85120417,2024-03-05 05:27:00+00:00
1709616480,67062.0,67090.0,67001.0,67023.0,1.91914144,2024-03-05 05:28:00+00:00
1709616540,67070.0,67070.0,66922.0,66938.0,5.54757803,2024-03-05 05:29:00+00:00
1709616600,66905.0,66941.0,66870.0,66897.0,0.53202163,2024-03-05 05:30:00+00:00
1709616660,66893.0,66893.0,66736.0,66788.0,0.5327808,2024-03-05 05:31:00+00:00
1709616720,66749.0,66789.0,66653.0,66653.0,0.15422784,2024-03-05 05:32:00+00:00
1709616780,66682.0,66864.0,66651.0,66864.0,0.13380435,2024-03-05 05:33:00+00:00
1709616840,66829.0,66829.0,66694.0,66750.0,0.20174458,2024-03-05 05:34:00+00:00
1709616900,66818.0,66850.0,66731.0,66823.0,0.84958913,2024-03-05 05:35:00+00:00
1709616960,66825.0,66858.0,66752.0,66804.0,0.03932416,2024-03-05 05:36:00+00:00
1709617020,66783.0,66857.0,66783.0,66783.0,0.60653842,2024-03-05 05:37:00+00:00
1709617080,66789.0,66789.0,66651.0,66651.0,0.78209727,2024-03-05 05:38:00+00:00
1709617140,66630.0,66630.0,66492.0,66544.0,0.36852535,2024-03-05 05:39:00+00:00
1709617200,66553.0,66630.0,66553.0,66574.0,0.39991139,2024-03-05 05:40:00+00:00
1709617260,66566.0,66608.0,66541.0,66547.0,0.09032049,2024-03-05 05:41:00+00:00
1709617320,66533.0,66533.0,66423.0,66529.0,0.50020745,2024-03-05 05:42:00+00:00
1709617380,66561.0,66561.0,66426.0,66499.0,0.27571112,2024-03-05 05:43:00+00:00
1709617440,66519.0,66519.0,66461.0,66473.0,0.38174362,2024-03-05 05:44:00+00:00
1709617500,66470.0,66577.0,66404.0,66575.0,0.12431139,2024-03-05 05:45:00+00:00
1709617560,66583.0,66695.0,66566.0,66695.0,1.89116287,2024-03-05 05:46:00+00:00
1709617620,66719.0,66761.0,66654.0,66742.0,0.20302554,2024-03-05 05:47:00+00:00
1709617680,66701.0,66718.0,66681.0,66718.0,0.51366432,2024-03-05 05:48:00+00:00
1709617740,66716.0,66746.0,66703.0,66707.0,0.02666105,2024-03-05 05:49:00+00:00
1709617800,66704.0,66765.0,66694.0,66765.0,0.03032416,2024-03-05 05:50:00+00:00
1709617860,66724.0,66756.0,66710.0,66742.0,0.87493407,2024-03-05 05:51:00+00:00
1709617920,66745.0,66768.0,66724.0,66757.0,1.02272388,2024-03-05 05:52:00+00:00
1709617980,66732.0,66809.0,66732.0,66787.0,0.86446092,2024-03-05 05:53:00+00:00
1709618040,66815.0,66826.0,66815.0,66826.0,0.0238,2024-03-05 05:54:00+00:00
1709618100,66802.0,66802.0,66742.0,66765.0,0.10513538,2024-03-05 05:55:00+00:00
1709618160,66757.0,66867.0,66757.0,66867.0,0.18278018,2024-03-05 05:56:00+00:00
1709618220,66884.0,66924.0,66873.0,66921.0,0.40984791,2024-03-05 05:57:00+00:00
1709618280,66906.0,67028.0,66901.0,67006.0,0.36651852,2024-03-05 05:58:00+00:00
1709618340,67040.0,67061.0,66952.0,67013.0,0.21287735,2024-03-05 05:59:00+00:00
1709618400,67000.0,67000.0,66922.0,66922.0,1.16827283,2024-03-05 06:00:00+00:00
1709618460,66935.0,66935.0,66845.0,66859.0,0.80277118,2024-03-05 06:01:00+00:00
1709618520,66880.0,66887.0,66828.0,66828.0,0.56498206,2024-03-05 06:02:00+00:00
1709618580,66860.0,66869.0,66757.0,66757.0,0.73538861,2024-03-05 06:03:00+00:00
1709618640,66736.0,66802.0,66685.0,66802.0,0.27088143,2024-03-05 06:04:00+00:00
1709618700,66757.0,66831.0,66738.0,66831.0,0.28304001,2024-03-05 06:05:00+00:00
1709618760,66836.0,66856.0,66752.0,66752.0,0.54312623,2024-03-05 06:06:00+00:00
1709618820,66781.0,66831.0,66781.0,66831.0,0.08909846,2024-03-05 06:07:00+00:00
1709618880,66837.0,66870.0,66837.0,66862.0,0.11914697,2024-03-05 06:08:00+00:00
1709618940,66858.0,66899.0,66858.0,66888.0,0.03369774,2024-03-05 06:09:00+00:00
1709619000,66878.0,66994.0,66871.0,66994.0,0.09811902,2024-03-05 06:10:00+00:00
1709619060,66966.0,67064.0,66966.0,67053.0,0.47220325,2024-03-05 06:11:00+00:00
1709619120,67054.0,67096.0,67036.0,67096.0,0.50773743,2024-03-05 06:12:00+00:00
1709619180,67096.0,67096.0,67004.0,67018.0,0.37871588,2024-03-05 06:13:00+00:00
1709619240,66998.0,67023.0,66958.0,67017.0,0.12144933,2024-03-05 06:14:00+00:00
1709619300,67005.0,67087.0,67005.0,67078.0,0.95799337,2024-03-05 06:15:00+00:00
1709619360,67096.0,67211.0,67086.0,67211.0,8.38233619,2024-03-05 06:16:00+00:00
1709619420,67175.0,67266.0,67150.0,67241.0,0.52427176,2024-03-05 06:17:00+00:00
1709619480,67209.0,67274.0,67200.0,67274.0,0.04736345,2024-03-05 06:18:00+00:00
1709619540,67265.0,67265.0,67199.0,67237.0,4.9003963,2024-03-05 06:19:00+00:00
1709619600,67245.0,67275.0,67203.0,67275.0,0.47687217,2024-03-05 06:20:00+00:00
1709619660,67284.0,67353.0,67281.0,67344.0,0.64174601,2024-03-05 06:21:00+00:00
1709619720,67335.0,67335.0,67228.0,67251.0,0.41321717,2024-03-05 06:22:00+00:00
1709619780,67291.0,67329.0,67240.0,67240.0,0.15536718,2024-03-05 06:23:00+00:00
1709619840,67264.0,67264.0,67242.0,67246.0,0.12805996,2024-03-05 06:24:00+00:00
1709619900,67221.0,67252.0,67191.0,67193.0,0.57435688,2024-03-05 06:25:00+00:00
1709619960,67148.0,67170.0,67124.0,67124.0,1.15393042,2024-03-05 06:26:00+00:00
1709620020,67133.0,67181.0,67119.0,67181.0,0.26970066,2024-03-05 06:27:00+00:00
1709620080,67169.0,67228.0,67167.0,67221.0,0.60985942,2024-03-05 06:28:00+00:00
1709620140,67215.0,67377.0,67215.0,67367.0,0.50292742,2024-03-05 06:29:00+00:00
1709620200,67350.0,67350.0,67251.0,67253.0,0.17411945,2024-03-05 06:30:00+00:00
1709620260,67268.0,67362.0,67244.0,67362.0,0.40732254,2024-03-05 06:31:00+00:00
1709620320,67397.0,67499.0,67397.0,67466.0,0.72612313,2024-03-05 06:32:00+00:00
1709620380,67449.0,67452.0,67446.0,67450.0,0.17579246,2024-03-05 06:33:00+00:00
1709620440,67411.0,67411.0,67392.0,67392.0,0.05081641,2024-03-05 06:34:00+00:00
1709620500,67419.0,67508.0,67419.0,67505.0,0.14666059,2024-03-05 06:35:00+00:00
1709620560,67475.0,67496.0,67460.0,67473.0,0.50781889,2024-03-05 06:36:00+00:00
1709620620,67482.0,67502.0,67415.0,67462.0,1.45680736,2024-03-05 06:37:00+00:00
1709620680,67454.0,67460.0,67416.0,67442.0,0.39707605,2024-03-05 06:38:00+00:00
1709620740,67463.0,67463.0,67410.0,67415.0,0.22570821,2024-03-05 06:39:00+00:00
1709620800,67424.0,67492.0,67424.0,67488.0,0.07931086,2024-03-05 06:40:00+00:00
1709620860,67500.0,67515.0,67422.0,67438.0,1.22869051,2024-03-05 06:41:00+00:00
1709620920,67414.0,67468.0,67413.0,67468.0,0.09032004,2024-03-05 06:42:00+00:00
1709620980,67478.0,67505.0,67426.0,67429.0,0.11133462,2024-03-05 06:43:00+00:00
1709621040,67412.0,67412.0,67315.0,67355.0,0.52834902,2024-03-05 06:44:00+00:00
1709621100,67350.0,67510.0,67333.0,67499.0,0.30822409,2024-03-05 06:45:00+00:00
1709621160,67454.0,67524.0,67450.0,67472.0,20.76048282,2024-03-05 06:46:00+00:00
1709621220,67453.0,67483.0,67406.0,67406.0,0.26726506,2024-03-05 06:47:00+00:00
1709621280,67419.0,67475.0,67417.0,67430.0,0.30191821,2024-03-05 06:48:00+00:00
1709621340,67414.0,67526.0,67403.0,67501.0,0.9810916,2024-03-05 06:49:00+00:00
1709621400,67516.0,67516.0,67435.0,67445.0,0.20409622,2024-03-05 06:50:00+00:00
1709621460,67434.0,67468.0,67415.0,67463.0,0.74952506,2024-03-05 06:51:00+00:00
1709621520,67462.0,67532.0,67459.0,67459.0,8.17998706,2024-03-05 06:52:00+00:00
1709621580,67460.0,67460.0,67408.0,67412.0,0.39898127,2024-03-05 06:53:00+00:00
1709621640,67436.0,67464.0,67391.0,67408.0,0.12316934,2024-03-05 06:54:00+00:00
1709621700,67431.0,67455.0,67385.0,67385.0,0.11182488,2024-03-05 06:55:00+00:00
1709621760,67381.0,67381.0,67313.0,67313.0,0.38458405,2024-03-05 06:56:00+00:00
1709621820,67305.0,67306.0,67263.0,67302.0,0.18217919,2024-03-05 06:57:00+00:00
1709621880,67334.0,67349.0,67311.0,67325.0,0.49955133,2024-03-05 06:58:00+00:00
1709621940,67310.0,67373.0,67282.0,67354.0,0.15473578,2024-03-05 06:59:00+00:00
1709622000,67338.0,67406.0,67338.0,67398.0,0.52964223,2024-03-05 07:00:00+00:00
1709622060,67417.0,67421.0,67349.0,67360.0,0.66630619,2024-03-05 07:01:00+00:00
1709622120,67360.0,67389.0,67358.0,67375.0,1.46865079,2024-03-05 07:02:00+00:00
1709622180,67334.0,67334.0,67248.0,67268.0,0.20777608,2024-03-05 07:03:00+00:00
1709622240,67258.0,67269.0,67227.0,67237.0,0.1886965,2024-03-05 07:04:00+00:00
1709622300,67216.0,67216.0,67169.0,67178.0,0.17798425,2024-03-05 07:05:00+00:00
1709622360,67186.0,67190.0,67142.0,67142.0,0.27294996,2024-03-05 07:06:00+00:00
1709622420,67152.0,67246.0,67152.0,67246.0,0.51292765,2024-03-05 07:07:00+00:00
1709622480,67245.0,67293.0,67203.0,67203.0,0.15610796,2024-03-05 07:08:00+00:00
1709622540,67198.0,67250.0,67196.0,67199.0,0.17113376,2024-03-05 07:09:00+00:00
1709622600,67196.0,67286.0,67196.0,67259.0,0.25703073,2024-03-05 07:10:00+00:00
1709622660,67258.0,67301.0,67251.0,67301.0,0.54960121,2024-03-05 07:11:00+00:00
1709622720,67299.0,67299.0,67233.0,67233.0,0.1485964,2024-03-05 07:12:00+00:00
1709622780,67228.0,67281.0,67206.0,67265.0,0.14171841,2024-03-05 07:13:00+00:00
1709622840,67268.0,67268.0,67225.0,67241.0,0.10838424,2024-03-05 07:14:00+00:00
1709622900,67246.0,67253.0,67185.0,67185.0,0.56330355,2024-03-05 07:15:00+00:00
1709622960,67200.0,67213.0,67162.0,67162.0,0.17629542,2024-03-05 07:16:00+00:00
1709623020,67158.0,67262.0,67158.0,67219.0,2.6511453,2024-03-05 07:17:00+00:00
1709623080,67254.0,67268.0,67226.0,67266.0,0.28249449,2024-03-05 07:18:00+00:00
1709623140,67271.0,67271.0,67142.0,67142.0,0.16563281,2024-03-05 07:19:00+00:00
1709623200,67140.0,67171.0,67040.0,67069.0,0.7786548,2024-03-05 07:20:00+00:00
1709623260,67101.0,67128.0,67096.0,67115.0,0.37681427,2024-03-05 07:21:00+00:00
1709623320,67094.0,67102.0,67061.0,67095.0,0.68257011,2024-03-05 07:22:00+00:00
1709623380,67091.0,67091.0,67036.0,67036.0,0.0629387,2024-03-05 07:23:00+00:00
1709623440,67034.0,67082.0,67028.0,67067.0,0.92203195,2024-03-05 07:24:00+00:00
1709623500,67088.0,67136.0,67088.0,67123.0,0.56715275,2024-03-05 07:25:00+00:00
1709623560,67120.0,67120.0,67044.0,67094.0,0.21621216,2024-03-05 07:26:00+00:00
1709623620,67076.0,67076.0,67038.0,67038.0,0.13922169,2024-03-05 07:27:00+00:00
1709623680,67004.0,67053.0,67001.0,67020.0,0.13026095,2024-03-05 07:28:00+00:00
1709623740,67028.0,67028.0,66908.0,66908.0,0.11497242,2024-03-05 07:29:00+00:00
1709623800,66909.0,66963.0,66865.0,66865.0,0.21187648,2024-03-05 07:30:00+00:00
1709623860,66839.0,66954.0,66839.0,66899.0,1.45668243,2024-03-05 07:31:00+00:00
1709623920,66873.0,66942.0,66871.0,66888.0,0.17422902,2024-03-05 07:32:00+00:00
1709623980,66877.0,66879.0,66781.0,66796.0,0.21969055,2024-03-05 07:33:00+00:00
1709624040,66802.0,66874.0,66791.0,66820.0,0.39890969,2024-03-05 07:34:00+00:00
1709624100,66818.0,66823.0,66754.0,66760.0,0.62289509,2024-03-05 07:35:00+00:00
1709624160,66751.0,66799.0,66715.0,66724.0,0.28494202,2024-03-05 07:36:00+00:00
1709624220,66738.0,66738.0,66536.0,66672.0,65.81812008,2024-03-05 07:37:00+00:00
1709624280,66681.0,66765.0,66602.0,66653.0,1.38436239,2024-03-05 07:38:00+00:00
1709624340,66611.0,66625.0,66526.0,66625.0,0.40119399,2024-03-05 07:39:00+00:00
1709624400,66630.0,66741.0,66630.0,66662.0,2.44912062,2024-03-05 07:40:00+00:00
1709624460,66649.0,66751.0,66649.0,66706.0,0.0790165,2024-03-05 07:41:00+00:00
1709624520,66705.0,66745.0,66680.0,66693.0,0.06232209,2024-03-05 07:42:00+00:00
1709624580,66647.0,66694.0,66641.0,66694.0,1.08155659,2024-03-05 07:43:00+00:00
1709624640,66644.0,66644.0,66588.0,66588.0,0.07388101,2024-03-05 07:44:00+00:00
1709624700,66561.0,66604.0,66509.0,66556.0,0.21995911,2024-03-05 07:45:00+00:00
1709624760,66552.0,66552.0,66318.0,66455.0,22.93989982,2024-03-05 07:46:00+00:00
1709624820,66453.0,66524.0,66334.0,66497.0,2.39494407,2024-03-05 07:47:00+00:00
1709624880,66462.0,66584.0,66455.0,66515.0,1.34950209,2024-03-05 07:48:00+00:00
1709624940,66550.0,66574.0,66524.0,66524.0,0.06527107,2024-03-05 07:49:00+00:00
1709625000,66534.0,66658.0,66534.0,66625.0,0.10857423,2024-03-05 07:50:00+00:00
1709625060,66651.0,66713.0,66608.0,66713.0,0.75519348,2024-03-05 07:51:00+00:00
1709625120,66731.0,66733.0,66608.0,66722.0,0.11689293,2024-03-05 07:52:00+00:00
1709625180,66685.0,66700.0,66599.0,66668.0,3.34265911,2024-03-05 07:53:00+00:00
1709625240,66664.0,66707.0,66629.0,66653.0,0.63657472,2024-03-05 07:54:00+00:00
1709625300,66616.0,66616.0,66497.0,66497.0,0.8360021,2024-03-05 07:55:00+00:00
1709625360,66511.0,66531.0,66442.0,66466.0,0.32031172,2024-03-05 07:56:00+00:00
1709625420,66460.0,66505.0,66460.0,66484.0,0.13851901,2024-03-05 07:57:00+00:00
1709625480,66475.0,66475.0,66347.0,66347.0,0.80575401,2024-03-05 07:58:00+00:00
1709625540,66334.0,66334.0,66188.0,66238.0,8.4144518,2024-03-05 07:59:00+00:00
1709625600,66190.0,66423.0,66148.0,66423.0,6.50133125,2024-03-05 08:00:00+00:00
1709625660,66406.0,66457.0,66305.0,66400.0,4.91187801,2024-03-05 08:01:00+00:00
1709625720,66372.0,66462.0,66310.0,66405.0,2.54528662,2024-03-05 08:02:00+00:00
1709625780,66401.0,66458.0,66349.0,66397.0,2.29872048,2024-03-05 08:03:00+00:00
1709625840,66400.0,66400.0,66250.0,66288.0,1.88398908,2024-03-05 08:04:00+00:00
1709625900,66290.0,66355.0,66156.0,66205.0,1.95682133,2024-03-05 08:05:00+00:00
1709625960,66228.0,66228.0,66086.0,66158.0,2.82136971,2024-03-05 08:06:00+00:00
1709626020,66158.0,66209.0,66092.0,66209.0,1.44185453,2024-03-05 08:07:00+00:00
1709626080,66219.0,66223.0,66070.0,66070.0,1.95133504,2024-03-05 08:08:00+00:00
1709626140,66069.0,66069.0,65599.0,65633.0,27.10312861,2024-03-05 08:09:00+00:00
1709626200,65651.0,66016.0,65617.0,66016.0,7.48663596,2024-03-05 08:10:00+00:00
1709626260,65978.0,66099.0,65978.0,66027.0,0.93113206,2024-03-05 08:11:00+00:00
1709626320,65965.0,66231.0,65926.0,66231.0,2.13383239,2024-03-05 08:12:00+00:00
1709626380,66267.0,66415.0,66240.0,66415.0,5.48061212,2024-03-05 08:13:00+00:00
1709626440,66423.0,66502.0,66382.0,66490.0,0.95277813,2024-03-05 08:14:00+00:00
1709626500,66450.0,66616.0,66435.0,66493.0,0.69818747,2024-03-05 08:15:00+00:00
1709626560,66575.0,66629.0,66465.0,66612.0,2.2982893,2024-03-05 08:16:00+00:00
1709626620,66571.0,66660.0,66552.0,66563.0,0.5584696,2024-03-05 08:17:00+00:00
1709626680,66569.0,66605.0,66490.0,66529.0,1.29364941,2024-03-05 08:18:00+00:00
1709626740,66520.0,66573.0,66476.0,66544.0,0.61805793,2024-03-05 08:19:00+00:00
1709626800,66532.0,66613.0,66512.0,66586.0,0.78986144,2024-03-05 08:20:00+00:00
1709626860,66589.0,66591.0,66466.0,66523.0,0.59893252,2024-03-05 08:21:00+00:00
1709626920,66513.0,66612.0,66462.0,66612.0,0.32988095,2024-03-05 08:22:00+00:00
1709626980,66647.0,66724.0,66614.0,66685.0,1.13544791,2024-03-05 08:23:00+00:00
1709627040,66683.0,66732.0,66683.0,66732.0,0.15562486,2024-03-05 08:24:00+00:00
1709627100,66733.0,66776.0,66720.0,66776.0,57.30278945,2024-03-05 08:25:00+00:00
1709627160,66737.0,66781.0,66649.0,66781.0,0.58594079,2024-03-05 08:26:00+00:00
1709627220,66751.0,66773.0,66703.0,66703.0,1.30008494,2024-03-05 08:27:00+00:00
1709627280,66703.0,66703.0,66588.0,66643.0,2.48467153,2024-03-05 08:28:00+00:00
1709627340,66640.0,66662.0,66570.0,66604.0,4.40330227,2024-03-05 08:29:00+00:00
1709627400,66603.0,66673.0,66594.0,66661.0,7.78810505,2024-03-05 08:30:00+00:00
1709627460,66664.0,66681.0,66523.0,66591.0,3.55695098,2024-03-05 08:31:00+00:00
1709627520,66588.0,66597.0,66521.0,66521.0,2.99868007,2024-03-05 08:32:00+00:00
1709627580,66505.0,66523.0,66504.0,66504.0,0.76845425,2024-03-05 08:33:00+00:00
1709627640,66467.0,66491.0,66419.0,66428.0,2.52346277,2024-03-05 08:34:00+00:00
1709627700,66459.0,66542.0,66459.0,66540.0,0.68251441,2024-03-05 08:35:00+00:00
1709627760,66540.0,66624.0,66540.0,66598.0,1.88362,2024-03-05 08:36:00+00:00
1709627820,66634.0,66704.0,66578.0,66704.0,0.23225746,2024-03-05 08:37:00+00:00
1709627880,66690.0,66752.0,66690.0,66748.0,0.39085287,2024-03-05 08:38:00+00:00
1709627940,66744.0,66770.0,66708.0,66747.0,1.14641918,2024-03-05 08:39:00+00:00
1709628000,66754.0,66754.0,66689.0,66712.0,0.12734092,2024-03-05 08:40:00+00:00
1709628060,66701.0,66728.0,66622.0,66656.0,0.71947846,2024-03-05 08:41:00+00:00
1709628120,66701.0,66779.0,66676.0,66750.0,0.67258497,2024-03-05 08:42:00+00:00
1709628180,66759.0,66774.0,66692.0,66706.0,0.60227701,2024-03-05 08:43:00+00:00
1709628240,66711.0,66742.0,66694.0,66731.0,0.96517896,2024-03-05 08:44:00+00:00
1709628300,66764.0,66764.0,66656.0,66749.0,1.88468459,2024-03-05 08:45:00+00:00
1709628360,66752.0,66782.0,66704.0,66710.0,0.39551751,2024-03-05 08:46:00+00:00
1709628420,66716.0,66768.0,66711.0,66750.0,0.53965549,2024-03-05 08:47:00+00:00
1709628480,66742.0,66783.0,66682.0,66783.0,1.462855,2024-03-05 08:48:00+00:00
1709628540,66777.0,66819.0,66758.0,66810.0,2.95584369,2024-03-05 08:49:00+00:00
1709628600,66817.0,66817.0,66675.0,66786.0,0.55983261,2024-03-05 08:50:00+00:00
1709628660,66823.0,66831.0,66773.0,66831.0,1.16670741,2024-03-05 08:51:00+00:00
1709628720,66839.0,66847.0,66811.0,66819.0,1.97952305,2024-03-05 08:52:00+00:00
1709628780,66812.0,66847.0,66751.0,66843.0,0.42921147,2024-03-05 08:53:00+00:00
1709628840,66851.0,66851.0,66803.0,66842.0,0.02977447,2024-03-05 08:54:00+00:00
1709628900,66839.0,66855.0,66839.0,66848.0,0.18708916,2024-03-05 08:55:00+00:00
1709628960,66855.0,66855.0,66783.0,66855.0,1.40067784,2024-03-05 08:56:00+00:00
1709629020,66862.0,66879.0,66845.0,66879.0,1.53406364,2024-03-05 08:57:00+00:00
1709629080,66879.0,66879.0,66827.0,66835.0,0.33872756,2024-03-05 08:58:00+00:00
1709629140,66824.0,66919.0,66824.0,66916.0,2.73961585,2024-03-05 08:59:00+00:00
1709629200,66919.0,66933.0,66844.0,66847.0,0.41623106,2024-03-05 09:00:00+00:00
1709629260,66845.0,66854.0,66802.0,66854.0,0.18653443,2024-03-05 09:01:00+00:00
1709629320,66763.0,66764.0,66747.0,66747.0,0.05336627,2024-03-05 09:02:00+00:00
1709629380,66748.0,66764.0,66697.0,66761.0,2.58633088,2024-03-05 09:03:00+00:00
1709629440,66760.0,66760.0,66686.0,66722.0,0.4476421,2024-03-05 09:04:00+00:00
1709629500,66758.0,66795.0,66748.0,66778.0,0.17798488,2024-03-05 09:05:00+00:00
1709629560,66767.0,66846.0,66734.0,66846.0,0.09789444,2024-03-05 09:06:00+00:00
1709629620,66841.0,66851.0,66825.0,66827.0,0.24244096,2024-03-05 09:07:00+00:00
1709629680,66808.0,66810.0,66785.0,66810.0,1.25607169,2024-03-05 09:08:00+00:00
1709629740,66819.0,66833.0,66786.0,66811.0,0.15252465,2024-03-05 09:09:00+00:00
1709629800,66788.0,66802.0,66741.0,66772.0,0.19095489,2024-03-05 09:10:00+00:00
1709629860,66780.0,66790.0,66752.0,66789.0,0.26026867,2024-03-05 09:11:00+00:00
1709629920,66789.0,66799.0,66724.0,66724.0,0.16989806,2024-03-05 09:12:00+00:00
1709629980,66716.0,66744.0,66708.0,66713.0,0.31752928,2024-03-05 09:13:00+00:00
1709630040,66713.0,66727.0,66698.0,66707.0,1.15154245,2024-03-05 09:14:00+00:00
1709630100,66707.0,66715.0,66661.0,66715.0,0.0464807,2024-03-05 09:15:00+00:00
1709630160,66702.0,66735.0,66663.0,66734.0,0.79919806,2024-03-05 09:16:00+00:00
1709630220,66724.0,66746.0,66683.0,66725.0,1.00941812,2024-03-05 09:17:00+00:00
1709630280,66696.0,66763.0,66696.0,66763.0,0.25872136,2024-03-05 09:18:00+00:00
1709630340,66775.0,66785.0,66721.0,66748.0,0.30077534,2024-03-05 09:19:00+00:00
1709630400,66741.0,66800.0,66741.0,66796.0,0.39507829,2024-03-05 09:20:00+00:00
1709630460,66794.0,66816.0,66740.0,66816.0,0.09333424,2024-03-05 09:21:00+00:00
1709630520,66809.0,66842.0,66809.0,66842.0,0.74257516,2024-03-05 09:22:00+00:00
1709630580,66836.0,66841.0,66811.0,66817.0,0.37000813,2024-03-05 09:23:00+00:00
1709630640,66807.0,66838.0,66793.0,66838.0,0.43640709,2024-03-05 09:24:00+00:00
1709630700,66836.0,66836.0,66806.0,66817.0,0.18677078,2024-03-05 09:25:00+00:00
1709630760,66828.0,66828.0,66771.0,66783.0,0.12225362,2024-03-05 09:26:00+00:00
1709630820,66804.0,66837.0,66793.0,66817.0,0.83133695,2024-03-05 09:27:00+00:00
1709630880,66795.0,66795.0,66763.0,66771.0,0.12489567,2024-03-05 09:28:00+00:00
1709630940,66788.0,66788.0,66761.0,66761.0,0.20980348,2024-03-05 09:29:00+00:00
1709631000,66765.0,66766.0,66684.0,66696.0,0.32609088,2024-03-05 09:30:00+00:00
1709631060,66674.0,66684.0,66600.0,66616.0,0.19201669,2024-03-05 09:31:00+00:00
1709631120,66622.0,66651.0,66527.0,66558.0,0.30539909,2024-03-05 09:32:00+00:00
1709631180,66556.0,66629.0,66534.0,66561.0,0.32011627,2024-03-05 09:33:00+00:00
1709631240,66561.0,66564.0,66504.0,66545.0,0.31180624,2024-03-05 09:34:00+00:00
1709631300,66535.0,66535.0,66449.0,66505.0,0.36924432,2024-03-05 09:35:00+00:00
1709631360,66504.0,66504.0,66374.0,66447.0,0.32862677,2024-03-05 09:36:00+00:00
1709631420,66458.0,66458.0,66319.0,66412.0,1.01579713,2024-03-05 09:37:00+00:00
1709631480,66427.0,66486.0,66409.0,66410.0,0.28404365,2024-03-05 09:38:00+00:00
1709631540,66409.0,66476.0,66387.0,66445.0,0.32965057,2024-03-05 09:39:00+00:00
1709631600,66447.0,66555.0,66423.0,66541.0,0.48902927,2024-03-05 09:40:00+00:00
1709631660,66503.0,66503.0,66429.0,66429.0,0.12367138,2024-03-05 09:41:00+00:00
1709631720,66425.0,66437.0,66388.0,66409.0,0.14390366,2024-03-05 09:42:00+00:00
1709631780,66410.0,66420.0,66385.0,66386.0,0.67301429,2024-03-05 09:43:00+00:00
1709631840,66386.0,66427.0,66382.0,66427.0,0.5500791,2024-03-05 09:44:00+00:00
1709631900,66415.0,66438.0,66400.0,66424.0,0.24979953,2024-03-05 09:45:00+00:00
1709631960,66400.0,66400.0,66277.0,66281.0,1.35521343,2024-03-05 09:46:00+00:00
1709632020,66282.0,66318.0,66277.0,66318.0,0.3860778,2024-03-05 09:47:00+00:00
1709632080,66285.0,66285.0,66212.0,66278.0,0.29719339,2024-03-05 09:48:00+00:00
1709632140,66251.0,66251.0,66152.0,66208.0,3.34603245,2024-03-05 09:49:00+00:00
1709632200,66227.0,66264.0,66175.0,66175.0,1.68631717,2024-03-05 09:50:00+00:00
1709632260,66186.0,66208.0,66127.0,66171.0,5.24031849,2024-03-05 09:51:00+00:00
1709632320,66168.0,66224.0,66106.0,66207.0,1.79846993,2024-03-05 09:52:00+00:00
1709632380,66219.0,66349.0,66219.0,66332.0,0.14153396,2024-03-05 09:53:00+00:00
1709632440,66335.0,66377.0,66257.0,66328.0,1.95355926,2024-03-05 09:54:00+00:00
1709632500,66372.0,66399.0,66349.0,66392.0,0.26114714,2024-03-05 09:55:00+00:00
1709632560,66382.0,66409.0,66356.0,66404.0,1.27002589,2024-03-05 09:56:00+00:00
1709632620,66390.0,66406.0,66390.0,66393.0,0.02813281,2024-03-05 09:57:00+00:00
1709632680,66405.0,66405.0,66334.0,66374.0,1.347888,2024-03-05 09:58:00+00:00
1709632740,66382.0,66451.0,66374.0,66436.0,0.69871924,2024-03-05 09:59:00+00:00
1709632800,66463.0,66518.0,66463.0,66511.0,0.47535856,2024-03-05 10:00:00+00:00
1709632860,66511.0,66575.0,66507.0,66563.0,0.90100411,2024-03-05 10:01:00+00:00
1709632920,66547.0,66588.0,66535.0,66550.0,0.26962705,2024-03-05 10:02:00+00:00
1709632980,66581.0,66612.0,66569.0,66612.0,0.07401808,2024-03-05 10:03:00+00:00
1709633040,66564.0,66629.0,66564.0,66609.0,0.31989667,2024-03-05 10:04:00+00:00
1709633100,66620.0,66630.0,66610.0,66611.0,0.4008051,2024-03-05 10:05:00+00:00
1709633160,66638.0,66707.0,66621.0,66704.0,0.67162173,2024-03-05 10:06:00+00:00
1709633220,66699.0,66707.0,66696.0,66700.0,0.0604034,2024-03-05 10:07:00+00:00
1709633280,66707.0,66720.0,66679.0,66685.0,0.28904349,2024-03-05 10:08:00+00:00
1709633340,66682.0,66701.0,66648.0,66701.0,0.15474803,2024-03-05 10:09:00+00:00
1709633400,66712.0,66724.0,66656.0,66712.0,0.28814104,2024-03-05 10:10:00+00:00
1709633460,66706.0,66739.0,66702.0,66739.0,0.27711038,2024-03-05 10:11:00+00:00
1709633520,66749.0,66771.0,66706.0,66706.0,7.03222824,2024-03-05 10:12:00+00:00
1709633580,66680.0,66774.0,66654.0,66763.0,0.21858137,2024-03-05 10:13:00+00:00
1709633640,66762.0,66770.0,66744.0,66744.0,0.48194451,2024-03-05 10:14:00+00:00
1709633700,66760.0,66767.0,66744.0,66755.0,0.19231531,2024-03-05 10:15:00+00:00
1709633760,66767.0,66793.0,66723.0,66782.0,0.54074727,2024-03-05 10:16:00+00:00
1709633820,66764.0,66774.0,66726.0,66743.0,0.09558487,2024-03-05 10:17:00+00:00
1709633880,66744.0,66797.0,66744.0,66797.0,0.2086635,2024-03-05 10:18:00+00:00
1709633940,66790.0,66833.0,66773.0,66833.0,0.25588401,2024-03-05 10:19:00+00:00
1709634000,66833.0,66836.0,66794.0,66796.0,0.70937978,2024-03-05 10:20:00+00:00
1709634060,66792.0,66855.0,66774.0,66855.0,0.7726663,2024-03-05 10:21:00+00:00
1709634120,66832.0,66849.0,66821.0,66821.0,0.05199678,2024-03-05 10:22:00+00:00
1709634180,66824.0,66824.0,66808.0,66821.0,0.13798996,2024-03-05 10:23:00+00:00
1709634240,66802.0,66850.0,66794.0,66841.0,0.92337857,2024-03-05 10:24:00+00:00
1709634300,66846.0,66871.0,66823.0,66856.0,1.15317868,2024-03-05 10:25:00+00:00
1709634360,66852.0,66877.0,66835.0,66877.0,0.17560505,2024-03-05 10:26:00+00:00
1709634420,66884.0,66909.0,66869.0,66869.0,1.41219294,2024-03-05 10:27:00+00:00
1709634480,66865.0,66918.0,66847.0,66896.0,0.78068809,2024-03-05 10:28:00+00:00
1709634540,66903.0,66975.0,66896.0,66972.0,4.22632789,2024-03-05 10:29:00+00:00
1709634600,66951.0,66975.0,66927.0,66932.0,0.45078398,2024-03-05 10:30:00+00:00
1709634660,66918.0,67037.0,66918.0,67008.0,3.7108228,2024-03-05 10:31:00+00:00
1709634720,67007.0,67147.0,66990.0,67147.0,1.02686754,2024-03-05 10:32:00+00:00
1709634780,67132.0,67158.0,67113.0,67146.0,1.81853257,2024-03-05 10:33:00+00:00
1709634840,67142.0,67201.0,67120.0,67125.0,0.12974623,2024-03-05 10:34:00+00:00
1709634900,67123.0,67139.0,67045.0,67139.0,0.76057823,2024-03-05 10:35:00+00:00
1709634960,67120.0,67137.0,67075.0,67132.0,0.14420221,2024-03-05 10:36:00+00:00
1709635020,67128.0,67134.0,67110.0,67124.0,0.22961228,2024-03-05 10:37:00+00:00
1709635080,67112.0,67167.0,67070.0,67167.0,0.40774048,2024-03-05 10:38:00+00:00
1709635140,67156.0,67156.0,67102.0,67142.0,0.19888091,2024-03-05 10:39:00+00:00
1709635200,67133.0,67143.0,67071.0,67078.0,0.46810155,2024-03-05 10:40:00+00:00
1709635260,67099.0,67141.0,67048.0,67065.0,0.97978332,2024-03-05 10:41:00+00:00
1709635320,67059.0,67129.0,67050.0,67075.0,0.28049128,2024-03-05 10:42:00+00:00
1709635380,67083.0,67090.0,67045.0,67090.0,0.16070424,2024-03-05 10:43:00+00:00
1709635440,67101.0,67105.0,67045.0,67045.0,0.53820516,2024-03-05 10:44:00+00:00
1709635500,67080.0,67098.0,67049.0,67049.0,1.11556594,2024-03-05 10:45:00+00:00
1709635560,67080.0,67104.0,67010.0,67010.0,0.28425128,2024-03-05 10:46:00+00:00
1709635620,67020.0,67024.0,66928.0,66943.0,0.34027516,2024-03-05 10:47:00+00:00
1709635680,66972.0,66972.0,66891.0,66923.0,0.13365762,2024-03-05 10:48:00+00:00
1709635740,66944.0,66963.0,66904.0,66946.0,0.35135341,2024-03-05 10:49:00+00:00
1709635800,66945.0,66968.0,66917.0,66952.0,0.28730446,2024-03-05 10:50:00+00:00
1709635860,66960.0,66993.0,66905.0,66910.0,0.85140204,2024-03-05 10:51:00+00:00
1709635920,66952.0,66995.0,66929.0,66984.0,0.2195767,2024-03-05 10:52:00+00:00
1709635980,66963.0,67062.0,66963.0,67033.0,0.06411521,2024-03-05 10:53:00+00:00
1709636040,66993.0,67033.0,66992.0,67015.0,24.95580667,2024-03-05 10:54:00+00:00
1709636100,67008.0,67032.0,66964.0,66967.0,0.70819241,2024-03-05 10:55:00+00:00
1709636160,66945.0,66986.0,66938.0,66946.0,0.34138992,2024-03-05 10:56:00+00:00
1709636220,66969.0,66969.0,66940.0,66963.0,0.05768876,2024-03-05 10:57:00+00:00
1709636280,66959.0,66991.0,66959.0,66989.0,0.03588935,2024-03-05 10:58:00+00:00
1709636340,66962.0,66962.0,66864.0,66866.0,0.31555809,2024-03-05 10:59:00+00:00
1709636400,66869.0,66900.0,66869.0,66885.0,0.06205056,2024-03-05 11:00:00+00:00
1709636460,66862.0,66933.0,66849.0,66919.0,0.09373643,2024-03-05 11:01:00+00:00
1709636520,66917.0,66917.0,66877.0,66882.0,0.04228855,2024-03-05 11:02:00+00:00
1709636580,66853.0,66853.0,66799.0,66803.0,0.33566617,2024-03-05 11:03:00+00:00
1709636640,66820.0,66903.0,66820.0,66903.0,0.44877034,2024-03-05 11:04:00+00:00
1709636700,66927.0,66927.0,66871.0,66884.0,1.19670749,2024-03-05 11:05:00+00:00
1709636760,66908.0,66908.0,66866.0,66870.0,0.22947013,2024-03-05 11:06:00+00:00
1709636820,66857.0,66861.0,66806.0,66861.0,0.4334447,2024-03-05 11:07:00+00:00
1709636880,66861.0,66913.0,66848.0,66848.0,0.74016432,2024-03-05 11:08:00+00:00
1709636940,66838.0,66838.0,66818.0,66838.0,0.11923434,2024-03-05 11:09:00+00:00
1709637000,66815.0,66887.0,66815.0,66867.0,0.13911775,2024-03-05 11:10:00+00:00
1709637060,66856.0,66863.0,66835.0,66835.0,0.07131187,2024-03-05 11:11:00+00:00
1709637120,66834.0,66842.0,66829.0,66842.0,0.42229333,2024-03-05 11:12:00+00:00
1709637180,66831.0,66844.0,66789.0,66790.0,1.15004222,2024-03-05 11:13:00+00:00
1709637240,66759.0,66767.0,66663.0,66748.0,5.77448374,2024-03-05 11:14:00+00:00
1709637300,66756.0,66756.0,66721.0,66741.0,0.55982089,2024-03-05 11:15:00+00:00
1709637360,66725.0,66736.0,66669.0,66669.0,0.21866748,2024-03-05 11:16:00+00:00
1709637420,66668.0,66710.0,66666.0,66666.0,0.10848318,2024-03-05 11:17:00+00:00
1709637480,66665.0,66713.0,66652.0,66713.0,0.29181716,2024-03-05 11:18:00+00:00
1709637540,66680.0,66755.0,66680.0,66749.0,0.44936716,2024-03-05 11:19:00+00:00
1709637600,66749.0,66749.0,66704.0,66718.0,0.12649376,2024-03-05 11:20:00+00:00
1709637660,66714.0,66750.0,66676.0,66749.0,1.69654539,2024-03-05 11:21:00+00:00
1709637720,66753.0,66807.0,66728.0,66807.0,0.28136928,2024-03-05 11:22:00+00:00
1709637780,66797.0,66812.0,66767.0,66772.0,0.25021704,2024-03-05 11:23:00+00:00
1709637840,66767.0,66767.0,66740.0,66754.0,1.50817947,2024-03-05 11:24:00+00:00
1709637900,66772.0,66804.0,66741.0,66804.0,0.46191388,2024-03-05 11:25:00+00:00
1709637960,66801.0,66872.0,66798.0,66872.0,0.28671128,2024-03-05 11:26:00+00:00
1709638020,66875.0,66877.0,66823.0,66856.0,1.14957226,2024-03-05 11:27:00+00:00
1709638080,66875.0,66906.0,66845.0,66893.0,0.16029561,2024-03-05 11:28:00+00:00
1709638140,66889.0,66889.0,66859.0,66859.0,0.02831935,2024-03-05 11:29:00+00:00
1709638200,66842.0,66891.0,66818.0,66871.0,1.03567597,2024-03-05 11:30:00+00:00
1709638260,66857.0,66861.0,66835.0,66846.0,0.94647862,2024-03-05 11:31:00+00:00
1709638320,66816.0,66816.0,66666.0,66683.0,1.01805447,2024-03-05 11:32:00+00:00
1709638380,66697.0,66709.0,66624.0,66649.0,0.90413708,2024-03-05 11:33:00+00:00
1709638440,66663.0,66690.0,66622.0,66673.0,0.59551025,2024-03-05 11:34:00+00:00
1709638500,66659.0,66674.0,66592.0,66639.0,0.3401893,2024-03-05 11:35:00+00:00
1709638560,66647.0,66714.0,66647.0,66689.0,0.47674894,2024-03-05 11:36:00+00:00
1709638620,66686.0,66692.0,66649.0,66692.0,0.16952676,2024-03-05 11:37:00+00:00
1709638680,66681.0,66719.0,66660.0,66714.0,0.19463449,2024-03-05 11:38:00+00:00
1709638740,66700.0,66722.0,66669.0,66722.0,0.13560195,2024-03-05 11:39:00+00:00
1709638800,66700.0,66707.0,66606.0,66606.0,0.12487838,2024-03-05 11:40:00+00:00
1709638860,66619.0,66666.0,66590.0,66599.0,0.64630643,2024-03-05 11:41:00+00:00
1709638920,66609.0,66653.0,66584.0,66587.0,0.69418536,2024-03-05 11:42:00+00:00
1709638980,66590.0,66638.0,66590.0,66637.0,1.82495056,2024-03-05 11:43:00+00:00
1709639040,66626.0,66626.0,66573.0,66573.0,0.48555278,2024-03-05 11:44:00+00:00
1709639100,66564.0,66644.0,66532.0,66644.0,0.24551372,2024-03-05 11:45:00+00:00
1709639160,66661.0,66702.0,66629.0,66702.0,0.11068788,2024-03-05 11:46:00+00:00
1709639220,66700.0,66700.0,66672.0,66682.0,0.21773286,2024-03-05 11:47:00+00:00
1709639280,66717.0,66722.0,66708.0,66720.0,0.04765761,2024-03-05 11:48:00+00:00
1709639340,66721.0,66747.0,66698.0,66698.0,0.33606472,2024-03-05 11:49:00+00:00
1709639400,66720.0,66742.0,66702.0,66707.0,0.32669817,2024-03-05 11:50:00+00:00
1709639460,66722.0,66744.0,66713.0,66741.0,0.19875435,2024-03-05 11:51:00+00:00
1709639520,66724.0,66724.0,66683.0,66683.0,0.33452456,2024-03-05 11:52:00+00:00
1709639580,66682.0,66682.0,66661.0,66664.0,0.30091236,2024-03-05 11:53:00+00:00
1709639640,66683.0,66747.0,66680.0,66743.0,0.12998386,2024-03-05 11:54:00+00:00
1709639700,66740.0,66755.0,66729.0,66750.0,0.45427305,2024-03-05 11:55:00+00:00
1709639760,66738.0,66755.0,66738.0,66740.0,0.42388586,2024-03-05 11:56:00+00:00
1709639820,66740.0,66740.0,66691.0,66696.0,0.11076313,2024-03-05 11:57:00+00:00
1709639880,66698.0,66721.0,66677.0,66688.0,0.17129123,2024-03-05 11:58:00+00:00
1709639940,66690.0,66716.0,66690.0,66701.0,0.07472619,2024-03-05 11:59:00+00:00
1709640000,66704.0,66722.0,66684.0,66685.0,0.89040381,2024-03-05 12:00:00+00:00
1709640060,66685.0,66719.0,66685.0,66718.0,0.61854453,2024-03-05 12:01:00+00:00
1709640120,66714.0,66714.0,66630.0,66632.0,0.18995913,2024-03-05 12:02:00+00:00
1709640180,66640.0,66760.0,66629.0,66760.0,1.11552339,2024-03-05 12:03:00+00:00
1709640240,66751.0,66778.0,66750.0,66778.0,0.30059369,2024-03-05 12:04:00+00:00
1709640300,66798.0,66837.0,66790.0,66827.0,0.17484379,2024-03-05 12:05:00+00:00
1709640360,66828.0,66884.0,66828.0,66849.0,0.68428303,2024-03-05 12:06:00+00:00
1709640420,66847.0,66858.0,66825.0,66844.0,0.41004982,2024-03-05 12:07:00+00:00
1709640480,66845.0,66899.0,66845.0,66889.0,0.0633508,2024-03-05 12:08:00+00:00
1709640540,66892.0,66892.0,66838.0,66838.0,0.1579106,2024-03-05 12:09:00+00:00
1709640600,66883.0,66915.0,66881.0,66898.0,1.12509235,2024-03-05 12:10:00+00:00
1709640660,66899.0,66959.0,66899.0,66959.0,1.15872934,2024-03-05 12:11:00+00:00
1709640720,66988.0,67031.0,66988.0,67031.0,1.02429727,2024-03-05 12:12:00+00:00
1709640780,67028.0,67056.0,67027.0,67056.0,2.0930155,2024-03-05 12:13:00+00:00
1709640840,67049.0,67076.0,67044.0,67067.0,6.39511604,2024-03-05 12:14:00+00:00
1709640900,67067.0,67120.0,67067.0,67119.0,5.49471155,2024-03-05 12:15:00+00:00
1709640960,67120.0,67136.0,67111.0,67136.0,1.89130891,2024-03-05 12:16:00+00:00
1709641020,67136.0,67136.0,67085.0,67091.0,0.39057825,2024-03-05 12:17:00+00:00
1709641080,67116.0,67116.0,66942.0,66980.0,0.15038355,2024-03-05 12:18:00+00:00
1709641140,66981.0,67050.0,66981.0,67050.0,0.24934351,2024-03-05 12:19:00+00:00
1709641200,67072.0,67092.0,67050.0,67057.0,0.40301851,2024-03-05 12:20:00+00:00
1709641260,67052.0,67092.0,66963.0,66978.0,0.37150582,2024-03-05 12:21:00+00:00
1709641320,66981.0,66981.0,66897.0,66897.0,0.05250742,2024-03-05 12:22:00+00:00
1709641380,66906.0,66960.0,66905.0,66947.0,0.22109491,2024-03-05 12:23:00+00:00
1709641440,66942.0,67004.0,66942.0,66951.0,0.16919895,2024-03-05 12:24:00+00:00
1709641500,66963.0,67005.0,66915.0,67005.0,0.06930565,2024-03-05 12:25:00+00:00
1709641560,67015.0,67032.0,66955.0,66961.0,0.7263798,2024-03-05 12:26:00+00:00
1709641620,66983.0,67004.0,66970.0,66970.0,0.80625049,2024-03-05 12:27:00+00:00
1709641680,66973.0,66990.0,66956.0,66956.0,0.31374168,2024-03-05 12:28:00+00:00
1709641740,66968.0,66987.0,66956.0,66987.0,0.07907925,2024-03-05 12:29:00+00:00
1709641800,66967.0,67003.0,66967.0,66967.0,0.06198344,2024-03-05 12:30:00+00:00
1709641860,66966.0,66992.0,66923.0,66992.0,0.99546937,2024-03-05 12:31:00+00:00
1709641920,66987.0,67074.0,66987.0,67046.0,0.51318656,2024-03-05 12:32:00+00:00
1709641980,67045.0,67064.0,67039.0,67064.0,0.17084801,2024-03-05 12:33:00+00:00
1709642040,67058.0,67097.0,67058.0,67093.0,0.50332274,2024-03-05 12:34:00+00:00
1709642100,67119.0,67136.0,67111.0,67136.0,0.25384575,2024-03-05 12:35:00+00:00
1709642160,67135.0,67196.0,67135.0,67196.0,0.92195804,2024-03-05 12:36:00+00:00
1709642220,67201.0,67201.0,67158.0,67158.0,0.09965726,2024-03-05 12:37:00+00:00
1709642280,67162.0,67219.0,67157.0,67219.0,0.22802908,2024-03-05 12:38:00+00:00
1709642340,67209.0,67247.0,67199.0,67247.0,0.39951852,2024-03-05 12:39:00+00:00
1709642400,67235.0,67258.0,67169.0,67169.0,0.99403399,2024-03-05 12:40:00+00:00
1709642460,67188.0,67196.0,67123.0,67196.0,0.98724721,2024-03-05 12:41:00+00:00
1709642520,67190.0,67192.0,67119.0,67144.0,0.52061453,2024-03-05 12:42:00+00:00
1709642580,67138.0,67187.0,67133.0,67184.0,0.32470768,2024-03-05 12:43:00+00:00
1709642640,67157.0,67190.0,67138.0,67189.0,0.25996263,2024-03-05 12:44:00+00:00
1709642700,67161.0,67203.0,67161.0,67172.0,0.20547762,2024-03-05 12:45:00+00:00
1709642760,67167.0,67208.0,67077.0,67208.0,0.42817194,2024-03-05 12:46:00+00:00
1709642820,67203.0,67236.0,67166.0,67166.0,0.59078354,2024-03-05 12:47:00+00:00
1709642880,67208.0,67246.0,67208.0,67246.0,0.32780561,2024-03-05 12:48:00+00:00
1709642940,67247.0,67254.0,67172.0,67218.0,0.37637498,2024-03-05 12:49:00+00:00
1709643000,67217.0,67248.0,67199.0,67248.0,0.13496369,2024-03-05 12:50:00+00:00
1709643060,67248.0,67260.0,67222.0,67232.0,0.69366562,2024-03-05 12:51:00+00:00
1709643120,67247.0,67269.0,67235.0,67245.0,9.32259955,2024-03-05 12:52:00+00:00
1709643180,67264.0,67306.0,67264.0,67289.0,2.21390199,2024-03-05 12:53:00+00:00
1709643240,67282.0,67314.0,67279.0,67297.0,0.77863872,2024-03-05 12:54:00+00:00
1709643300,67307.0,67346.0,67307.0,67346.0,2.71416099,2024-03-05 12:55:00+00:00
1709643360,67354.0,67391.0,67334.0,67373.0,2.06601235,2024-03-05 12:56:00+00:00
1709643420,67372.0,67372.0,67302.0,67364.0,0.0935432,2024-03-05 12:57:00+00:00
1709643480,67391.0,67391.0,67344.0,67388.0,0.07704127,2024-03-05 12:58:00+00:00
1709643540,67365.0,67386.0,67361.0,67385.0,0.09995006,2024-03-05 12:59:00+00:00
1709643600,67392.0,67403.0,67369.0,67402.0,0.37754024,2024-03-05 13:00:00+00:00
1709643660,67389.0,67453.0,67387.0,67446.0,6.46825146,2024-03-05 13:01:00+00:00
1709643720,67451.0,67476.0,67419.0,67457.0,0.15301272,2024-03-05 13:02:00+00:00
1709643780,67457.0,67523.0,67457.0,67523.0,1.17798896,2024-03-05 13:03:00+00:00
1709643840,67524.0,67634.0,67524.0,67532.0,17.1717156,2024-03-05 13:04:00+00:00
1709643900,67531.0,67543.0,67489.0,67518.0,0.92917823,2024-03-05 13:05:00+00:00
1709643960,67515.0,67702.0,67490.0,67693.0,6.47785744,2024-03-05 13:06:00+00:00
1709644020,67687.0,67743.0,67674.0,67724.0,2.47642605,2024-03-05 13:07:00+00:00
1709644080,67734.0,67743.0,67590.0,67657.0,1.05027144,2024-03-05 13:08:00+00:00
1709644140,67654.0,67749.0,67654.0,67719.0,0.44246533,2024-03-05 13:09:00+00:00
1709644200,67742.0,67742.0,67672.0,67725.0,0.62861804,2024-03-05 13:10:00+00:00
1709644260,67712.0,67767.0,67680.0,67730.0,1.10415638,2024-03-05 13:11:00+00:00
1709644320,67699.0,67724.0,67602.0,67724.0,0.25211418,2024-03-05 13:12:00+00:00
1709644380,67738.0,67841.0,67738.0,67841.0,7.75567389,2024-03-05 13:13:00+00:00
1709644440,67849.0,67877.0,67822.0,67877.0,7.10385589,2024-03-05 13:14:00+00:00
1709644500,67881.0,67930.0,67828.0,67930.0,3.80929473,2024-03-05 13:15:00+00:00
1709644560,67930.0,67990.0,67912.0,67967.0,5.39525143,2024-03-05 13:16:00+00:00
1709644620,67953.0,68023.0,67953.0,68022.0,1.96328576,2024-03-05 13:17:00+00:00
1709644680,68016.0,68061.0,67952.0,67989.0,7.67978291,2024-03-05 13:18:00+00:00
1709644740,67979.0,67989.0,67926.0,67965.0,1.3719154,2024-03-05 13:19:00+00:00
1709644800,67965.0,68025.0,67896.0,67932.0,3.44662514,2024-03-05 13:20:00+00:00
1709644860,67916.0,68042.0,67856.0,68038.0,0.84647434,2024-03-05 13:21:00+00:00
1709644920,68013.0,68048.0,67932.0,68009.0,2.15179569,2024-03-05 13:22:00+00:00
1709644980,67991.0,68038.0,67989.0,68018.0,0.5635603,2024-03-05 13:23:00+00:00
1709645040,68037.0,68048.0,67957.0,67959.0,0.25493504,2024-03-05 13:24:00+00:00
1709645100,67957.0,67957.0,67818.0,67843.0,1.30550893,2024-03-05 13:25:00+00:00
1709645160,67838.0,67849.0,67781.0,67788.0,0.46412757,2024-03-05 13:26:00+00:00
1709645220,67773.0,67849.0,67740.0,67835.0,1.52231705,2024-03-05 13:27:00+00:00
1709645280,67854.0,67858.0,67703.0,67771.0,0.9991784,2024-03-05 13:28:00+00:00
1709645340,67766.0,67777.0,67700.0,67700.0,2.83302954,2024-03-05 13:29:00+00:00
1709645400,67712.0,67793.0,67637.0,67637.0,4.71737583,2024-03-05 13:30:00+00:00
1709645460,67657.0,67701.0,67581.0,67581.0,25.0057142,2024-03-05 13:31:00+00:00
1709645520,67582.0,67663.0,67581.0,67662.0,1.98467765,2024-03-05 13:32:00+00:00
1709645580,67681.0,67686.0,67615.0,67641.0,0.41624946,2024-03-05 13:33:00+00:00
1709645640,67615.0,67664.0,67615.0,67660.0,0.38675632,2024-03-05 13:34:00+00:00
1709645700,67658.0,67763.0,67658.0,67677.0,1.42169743,2024-03-05 13:35:00+00:00
1709645760,67685.0,67789.0,67685.0,67738.0,2.17554553,2024-03-05 13:36:00+00:00
1709645820,67773.0,67802.0,67771.0,67791.0,0.53302447,2024-03-05 13:37:00+00:00
1709645880,67799.0,67881.0,67799.0,67881.0,16.57913783,2024-03-05 13:38:00+00:00
1709645940,67890.0,67890.0,67802.0,67862.0,0.50257707,2024-03-05 13:39:00+00:00
1709646000,67882.0,67914.0,67862.0,67910.0,1.80112933,2024-03-05 13:40:00+00:00
1709646060,67906.0,67922.0,67890.0,67890.0,1.10791054,2024-03-05 13:41:00+00:00
1709646120,67899.0,67902.0,67781.0,67781.0,0.72005763,2024-03-05 13:42:00+00:00
1709646180,67806.0,67920.0,67806.0,67900.0,0.21354315,2024-03-05 13:43:00+00:00
1709646240,67894.0,67919.0,67867.0,67889.0,0.19999023,2024-03-05 13:44:00+00:00
1709646300,67854.0,67916.0,67797.0,67876.0,0.16325098,2024-03-05 13:45:00+00:00
1709646360,67888.0,67912.0,67867.0,67867.0,0.0600063,2024-03-05 13:46:00+00:00
1709646420,67884.0,67893.0,67820.0,67852.0,0.32682415,2024-03-05 13:47:00+00:00
1709646480,67863.0,67872.0,67814.0,67872.0,0.4468135,2024-03-05 13:48:00+00:00
1709646540,67876.0,67895.0,67796.0,67796.0,1.42011561,2024-03-05 13:49:00+00:00
1709646600,67806.0,67806.0,67715.0,67717.0,0.48812557,2024-03-05 13:50:00+00:00
1709646660,67711.0,67768.0,67691.0,67768.0,0.3668265,2024-03-05 13:51:00+00:00
1709646720,67771.0,67815.0,67686.0,67686.0,1.5943501,2024-03-05 13:52:00+00:00
1709646780,67687.0,67691.0,67622.0,67622.0,0.11751034,2024-03-05 13:53:00+00:00
1709646840,67612.0,67727.0,67612.0,67710.0,0.19573472,2024-03-05 13:54:00+00:00
1709646900,67725.0,67786.0,67725.0,67743.0,0.19516969,2024-03-05 13:55:00+00:00
1709646960,67777.0,67798.0,67697.0,67697.0,0.23510138,2024-03-05 13:56:00+00:00
1709647020,67687.0,67830.0,67650.0,67830.0,0.86657702,2024-03-05 13:57:00+00:00
1709647080,67825.0,67889.0,67825.0,67878.0,1.11879484,2024-03-05 13:58:00+00:00
1709647140,67867.0,67867.0,67821.0,67830.0,0.06592444,2024-03-05 13:59:00+00:00
1709647200,67830.0,67849.0,67745.0,67745.0,0.07864211,2024-03-05 14:00:00+00:00
1709647260,67743.0,67757.0,67695.0,67697.0,0.71169786,2024-03-05 14:01:00+00:00
1709647320,67693.0,67740.0,67606.0,67617.0,0.81048468,2024-03-05 14:02:00+00:00
1709647380,67606.0,67664.0,67564.0,67664.0,0.56350461,2024-03-05 14:03:00+00:00
1709647440,67696.0,67701.0,67650.0,67696.0,1.93881537,2024-03-05 14:04:00+00:00
1709647500,67688.0,67692.0,67568.0,67589.0,1.27164574,2024-03-05 14:05:00+00:00
1709647560,67582.0,67700.0,67549.0,67676.0,0.45530633,2024-03-05 14:06:00+00:00
1709647620,67676.0,67737.0,67636.0,67691.0,0.9854498,2024-03-05 14:07:00+00:00
1709647680,67659.0,67691.0,67620.0,67637.0,1.25609271,2024-03-05 14:08:00+00:00
1709647740,67649.0,67649.0,67599.0,67634.0,0.08259698,2024-03-05 14:09:00+00:00
1709647800,67629.0,67649.0,67552.0,67552.0,0.75997853,2024-03-05 14:10:00+00:00
1709647860,67573.0,67587.0,67451.0,67583.0,27.89098157,2024-03-05 14:11:00+00:00
1709647920,67567.0,67567.0,67467.0,67560.0,0.92170156,2024-03-05 14:12:00+00:00
1709647980,67545.0,67576.0,67514.0,67515.0,0.48642721,2024-03-05 14:13:00+00:00
1709648040,67523.0,67580.0,67523.0,67552.0,0.9629417,2024-03-05 14:14:00+00:00
1709648100,67566.0,67662.0,67566.0,67659.0,0.18274718,2024-03-05 14:15:00+00:00
1709648160,67648.0,67726.0,67648.0,67722.0,0.75440006,2024-03-05 14:16:00+00:00
1709648220,67712.0,67741.0,67655.0,67702.0,2.83846636,2024-03-05 14:17:00+00:00
1709648280,67675.0,67694.0,67574.0,67574.0,2.47591247,2024-03-05 14:18:00+00:00
1709648340,67593.0,67676.0,67579.0,67676.0,1.03257715,2024-03-05 14:19:00+00:00
1709648400,67671.0,67680.0,67534.0,67534.0,0.16313333,2024-03-05 14:20:00+00:00
1709648460,67524.0,67525.0,67379.0,67399.0,8.92252243,2024-03-05 14:21:00+00:00
1709648520,67398.0,67466.0,67396.0,67431.0,0.44027737,2024-03-05 14:22:00+00:00
1709648580,67422.0,67449.0,67392.0,67399.0,0.45585275,2024-03-05 14:23:00+00:00
1709648640,67395.0,67419.0,67335.0,67335.0,3.62194202,2024-03-05 14:24:00+00:00
1709648700,67354.0,67404.0,67301.0,67404.0,0.33019777,2024-03-05 14:25:00+00:00
1709648760,67410.0,67507.0,67410.0,67476.0,0.95091956,2024-03-05 14:26:00+00:00
1709648820,67484.0,67536.0,67482.0,67508.0,5.29108187,2024-03-05 14:27:00+00:00
1709648880,67508.0,67581.0,67492.0,67581.0,1.34179226,2024-03-05 14:28:00+00:00
1709648940,67595.0,67649.0,67593.0,67611.0,1.14166272,2024-03-05 14:29:00+00:00
1709649000,67642.0,67731.0,67639.0,67700.0,3.34585067,2024-03-05 14:30:00+00:00
1709649060,67707.0,67709.0,67478.0,67551.0,3.00917978,2024-03-05 14:31:00+00:00
1709649120,67552.0,67689.0,67552.0,67622.0,0.71606741,2024-03-05 14:32:00+00:00
1709649180,67597.0,67597.0,67452.0,67483.0,0.83193966,2024-03-05 14:33:00+00:00
1709649240,67493.0,67525.0,67464.0,67469.0,0.53602211,2024-03-05 14:34:00+00:00
1709649300,67469.0,67535.0,67351.0,67518.0,0.15584416,2024-03-05 14:35:00+00:00
1709649360,67538.0,67707.0,67538.0,67682.0,2.92837074,2024-03-05 14:36:00+00:00
1709649420,67660.0,67767.0,67660.0,67713.0,3.4563566,2024-03-05 14:37:00+00:00
1709649480,67685.0,67824.0,67680.0,67758.0,40.59447269,2024-03-05 14:38:00+00:00
1709649540,67788.0,67815.0,67746.0,67761.0,2.19014428,2024-03-05 14:39:00+00:00
1709649600,67789.0,67898.0,67769.0,67897.0,8.92902046,2024-03-05 14:40:00+00:00
1709649660,67880.0,67947.0,67880.0,67947.0,5.33399386,2024-03-05 14:41:00+00:00
1709649720,67947.0,68083.0,67947.0,68080.0,14.44954294,2024-03-05 14:42:00+00:00
1709649780,68100.0,68351.0,68083.0,68299.0,29.02939798,2024-03-05 14:43:00+00:00
1709649840,68275.0,68446.0,68273.0,68426.0,24.13092191,2024-03-05 14:44:00+00:00
1709649900,68419.0,68553.0,68304.0,68542.0,13.23354031,2024-03-05 14:45:00+00:00
1709649960,68552.0,68577.0,68425.0,68541.0,10.072054,2024-03-05 14:46:00+00:00
1709650020,68544.0,68576.0,68376.0,68528.0,0.9436181,2024-03-05 14:47:00+00:00
1709650080,68524.0,68574.0,68409.0,68421.0,1.19250196,2024-03-05 14:48:00+00:00
1709650140,68429.0,68617.0,68429.0,68574.0,3.85912935,2024-03-05 14:49:00+00:00
1709650200,68548.0,68635.0,68548.0,68613.0,6.5952446,2024-03-05 14:50:00+00:00
1709650260,68635.0,68726.0,68550.0,68689.0,19.53123379,2024-03-05 14:51:00+00:00
1709650320,68672.0,68734.0,68615.0,68718.0,6.89686352,2024-03-05 14:52:00+00:00
1709650380,68703.0,68749.0,68622.0,68736.0,5.85276563,2024-03-05 14:53:00+00:00
1709650440,68739.0,68831.0,68710.0,68819.0,13.3843373,2024-03-05 14:54:00+00:00
1709650500,68809.0,68874.0,68751.0,68775.0,24.49817956,2024-03-05 14:55:00+00:00
1709650560,68751.0,68869.0,68564.0,68819.0,7.25303411,2024-03-05 14:56:00+00:00
1709650620,68778.0,68899.0,68739.0,68828.0,8.72708149,2024-03-05 14:57:00+00:00
1709650680,68784.0,68851.0,68662.0,68804.0,13.82997107,2024-03-05 14:58:00+00:00
1709650740,68838.0,68859.0,68685.0,68800.0,3.09782592,2024-03-05 14:59:00+00:00
1709650800,68842.0,68914.0,68751.0,68870.0,11.05769849,2024-03-05 15:00:00+00:00
1709650860,68882.0,68965.0,68872.0,68928.0,13.33145337,2024-03-05 15:01:00+00:00
1709650920,68930.0,68995.0,68893.0,68962.0,8.14478202,2024-03-05 15:02:00+00:00
1709650980,68963.0,69031.0,68960.0,68991.0,15.6282677,2024-03-05 15:03:00+00:00
1709651040,69008.0,69210.0,68750.0,68750.0,37.16600222,2024-03-05 15:04:00+00:00
1709651100,68750.0,68761.0,67666.0,67857.0,113.22984058,2024-03-05 15:05:00+00:00
1709651160,67857.0,68298.0,67538.0,68232.0,48.13471872,2024-03-05 15:06:00+00:00
1709651220,68209.0,68260.0,67946.0,68085.0,10.55199759,2024-03-05 15:07:00+00:00
1709651280,68106.0,68282.0,68063.0,68063.0,2.08594862,2024-03-05 15:08:00+00:00
1709651340,68173.0,68261.0,67937.0,68050.0,1.68832092,2024-03-05 15:09:00+00:00
1709651400,68009.0,68009.0,67784.0,67983.0,44.51576099,2024-03-05 15:10:00+00:00
1709651460,68005.0,68062.0,67936.0,67952.0,29.54958642,2024-03-05 15:11:00+00:00
1709651520,68009.0,68136.0,67972.0,68132.0,1.25747647,2024-03-05 15:12:00+00:00
1709651580,68158.0,68290.0,68157.0,68290.0,34.72541328,2024-03-05 15:13:00+00:00
1709651640,68290.0,68487.0,68261.0,68401.0,12.00887599,2024-03-05 15:14:00+00:00
1709651700,68401.0,68401.0,68237.0,68321.0,3.25878334,2024-03-05 15:15:00+00:00
1709651760,68297.0,68475.0,68294.0,68425.0,1.30238606,2024-03-05 15:16:00+00:00
1709651820,68416.0,68528.0,68363.0,68482.0,0.39282731,2024-03-05 15:17:00+00:00
1709651880,68464.0,68464.0,68102.0,68158.0,14.63952851,2024-03-05 15:18:00+00:00
1709651940,68208.0,68272.0,68056.0,68056.0,0.82184783,2024-03-05 15:19:00+00:00
1709652000,68107.0,68127.0,67824.0,67889.0,31.44503787,2024-03-05 15:20:00+00:00
1709652060,67881.0,68097.0,67881.0,68021.0,0.79474281,2024-03-05 15:21:00+00:00
1709652120,68058.0,68128.0,68058.0,68110.0,3.8505881,2024-03-05 15:22:00+00:00
1709652180,68109.0,68109.0,67919.0,67920.0,0.43086212,2024-03-05 15:23:00+00:00
1709652240,67867.0,67950.0,67605.0,67647.0,22.63164765,2024-03-05 15:24:00+00:00
1709652300,67665.0,67818.0,67582.0,67668.0,2.17238147,2024-03-05 15:25:00+00:00
1709652360,67652.0,67885.0,67638.0,67802.0,0.52548211,2024-03-05 15:26:00+00:00
1709652420,67862.0,67862.0,67467.0,67499.0,11.33724083,2024-03-05 15:27:00+00:00
1709652480,67479.0,67609.0,67419.0,67475.0,4.42652192,2024-03-05 15:28:00+00:00
1709652540,67465.0,67465.0,67201.0,67284.0,17.12105283,2024-03-05 15:29:00+00:00
1709652600,67217.0,67300.0,66838.0,66986.0,23.71943669,2024-03-05 15:30:00+00:00
1709652660,67000.0,67068.0,66527.0,66611.0,25.18032805,2024-03-05 15:31:00+00:00
1709652720,66611.0,67065.0,66565.0,67018.0,1.18363946,2024-03-05 15:32:00+00:00
1709652780,66875.0,67030.0,66788.0,66920.0,3.63687502,2024-03-05 15:33:00+00:00
1709652840,66885.0,67080.0,66858.0,67080.0,28.00107601,2024-03-05 15:34:00+00:00
1709652900,67063.0,67359.0,67063.0,67296.0,16.82348784,2024-03-05 15:35:00+00:00
1709652960,67295.0,67427.0,67188.0,67396.0,18.67265791,2024-03-05 15:36:00+00:00
1709653020,67396.0,67425.0,67209.0,67230.0,1.83518566,2024-03-05 15:37:00+00:00
1709653080,67200.0,67228.0,67059.0,67089.0,12.3622672,2024-03-05 15:38:00+00:00
1709653140,67016.0,67208.0,66999.0,67094.0,3.83763992,2024-03-05 15:39:00+00:00
1709653200,67094.0,67262.0,67054.0,67233.0,3.31005594,2024-03-05 15:40:00+00:00
1709653260,67234.0,67256.0,67108.0,67203.0,9.70832042,2024-03-05 15:41:00+00:00
1709653320,67227.0,67248.0,66863.0,66961.0,2.32055753,2024-03-05 15:42:00+00:00
1709653380,66991.0,67134.0,66883.0,67092.0,7.37563607,2024-03-05 15:43:00+00:00
1709653440,67092.0,67093.0,66856.0,66874.0,5.593143,2024-03-05 15:44:00+00:00
1709653500,66918.0,67155.0,66855.0,67155.0,4.47687535,2024-03-05 15:45:00+00:00
1709653560,67155.0,67314.0,67102.0,67235.0,0.55020628,2024-03-05 15:46:00+00:00
1709653620,67251.0,67372.0,67251.0,67362.0,0.31350379,2024-03-05 15:47:00+00:00
1709653680,67362.0,67399.0,67242.0,67362.0,1.53862496,2024-03-05 15:48:00+00:00
1709653740,67338.0,67362.0,67246.0,67292.0,0.3382636,2024-03-05 15:49:00+00:00
1709653800,67305.0,67398.0,67305.0,67398.0,0.70349073,2024-03-05 15:50:00+00:00
1709653860,67403.0,67419.0,67220.0,67220.0,0.11944264,2024-03-05 15:51:00+00:00
1709653920,67271.0,67410.0,67271.0,67363.0,8.13052129,2024-03-05 15:52:00+00:00
1709653980,67353.0,67353.0,67246.0,67281.0,4.0775519,2024-03-05 15:53:00+00:00
1709654040,67288.0,67338.0,67241.0,67338.0,0.73242129,2024-03-05 15:54:00+00:00
1709654100,67300.0,67319.0,67150.0,67217.0,13.65033353,2024-03-05 15:55:00+00:00
1709654160,67180.0,67214.0,66990.0,66990.0,4.61437707,2024-03-05 15:56:00+00:00
1709654220,67000.0,67038.0,66829.0,66831.0,6.3758837,2024-03-05 15:57:00+00:00
1709654280,66910.0,66956.0,66846.0,66946.0,4.51505697,2024-03-05 15:58:00+00:00
1709654340,66947.0,66967.0,66786.0,66842.0,5.43072549,2024-03-05 15:59:00+00:00
1709654400,66813.0,67018.0,66799.0,67000.0,19.52999346,2024-03-05 16:00:00+00:00
1709654460,67004.0,67004.0,66701.0,66701.0,52.25049991,2024-03-05 16:01:00+00:00
1709654520,66728.0,66760.0,66526.0,66571.0,29.2234055,2024-03-05 16:02:00+00:00
1709654580,66614.0,66713.0,66421.0,66474.0,6.11299494,2024-03-05 16:03:00+00:00
1709654640,66475.0,66678.0,66474.0,66542.0,12.22379429,2024-03-05 16:04:00+00:00
1709654700,66550.0,66677.0,66323.0,66365.0,36.27464008,2024-03-05 16:05:00+00:00
1709654760,66353.0,66401.0,65942.0,66027.0,13.89207527,2024-03-05 16:06:00+00:00
1709654820,66088.0,66088.0,65599.0,65721.0,51.42738919,2024-03-05 16:07:00+00:00
1709654880,65752.0,65752.0,65177.0,65543.0,82.98854701,2024-03-05 16:08:00+00:00
1709654940,65542.0,65970.0,65519.0,65867.0,12.02418531,2024-03-05 16:09:00+00:00
1709655000,65879.0,65982.0,65570.0,65682.0,60.45395999,2024-03-05 16:10:00+00:00
1709655060,65683.0,65758.0,65215.0,65348.0,6.78803996,2024-03-05 16:11:00+00:00
1709655120,65337.0,65384.0,64516.0,64932.0,120.32044194,2024-03-05 16:12:00+00:00
1709655180,64849.0,65375.0,64732.0,65291.0,17.59538229,2024-03-05 16:13:00+00:00
1709655240,65226.0,65481.0,64923.0,65361.0,97.57519195,2024-03-05 16:14:00+00:00
1709655300,65396.0,65447.0,64826.0,65205.0,23.7588417,2024-03-05 16:15:00+00:00
1709655360,65243.0,65473.0,65058.0,65171.0,3.55650578,2024-03-05 16:16:00+00:00
1709655420,65161.0,65360.0,65059.0,65281.0,3.29098783,2024-03-05 16:17:00+00:00
1709655480,65249.0,65249.0,64793.0,65124.0,4.69953114,2024-03-05 16:18:00+00:00
1709655540,65115.0,65230.0,64843.0,65109.0,2.37641831,2024-03-05 16:19:00+00:00
1709655600,65044.0,65175.0,64778.0,64888.0,3.03226727,2024-03-05 16:20:00+00:00
1709655660,64841.0,65215.0,64826.0,65140.0,3.92307385,2024-03-05 16:21:00+00:00
1709655720,65140.0,65343.0,65047.0,65327.0,4.39470288,2024-03-05 16:22:00+00:00
1709655780,65327.0,65615.0,65316.0,65615.0,12.15708253,2024-03-05 16:23:00+00:00
1709655840,65538.0,65747.0,65417.0,65711.0,11.5254235,2024-03-05 16:24:00+00:00
1709655900,65746.0,65766.0,65485.0,65612.0,2.29479212,2024-03-05 16:25:00+00:00
1709655960,65577.0,65634.0,65332.0,65394.0,5.34669526,2024-03-05 16:26:00+00:00
1709656020,65394.0,65561.0,65369.0,65539.0,2.20290899,2024-03-05 16:27:00+00:00
1709656080,65499.0,65675.0,65434.0,65675.0,0.31164041,2024-03-05 16:28:00+00:00
1709656140,65681.0,65812.0,65633.0,65806.0,3.13745932,2024-03-05 16:29:00+00:00
1709656200,65763.0,65878.0,65684.0,65859.0,24.727754,2024-03-05 16:30:00+00:00
1709656260,65882.0,65907.0,65809.0,65907.0,2.7624823,2024-03-05 16:31:00+00:00
1709656320,65907.0,65915.0,65577.0,65577.0,2.35108499,2024-03-05 16:32:00+00:00
1709656380,65559.0,65742.0,65529.0,65741.0,1.02920208,2024-03-05 16:33:00+00:00
1709656440,65698.0,65698.0,65471.0,65524.0,0.38907808,2024-03-05 16:34:00+00:00
1709656500,65527.0,65527.0,65355.0,65390.0,3.60300685,2024-03-05 16:35:00+00:00
1709656560,65372.0,65567.0,65304.0,65567.0,0.7775108,2024-03-05 16:36:00+00:00
1709656620,65568.0,65568.0,65262.0,65445.0,1.2225037,2024-03-05 16:37:00+00:00
1709656680,65396.0,65427.0,65184.0,65380.0,0.3394621,2024-03-05 16:38:00+00:00
1709656740,65468.0,65468.0,65268.0,65306.0,0.37217575,2024-03-05 16:39:00+00:00
1709656800,65278.0,65544.0,65232.0,65481.0,1.13029699,2024-03-05 16:40:00+00:00
1709656860,65511.0,65511.0,65306.0,65313.0,0.6354015,2024-03-05 16:41:00+00:00
1709656920,65336.0,65461.0,65298.0,65459.0,1.68321582,2024-03-05 16:42:00+00:00
1709656980,65379.0,65467.0,65187.0,65208.0,1.42720645,2024-03-05 16:43:00+00:00
1709657040,65209.0,65249.0,65031.0,65031.0,3.48308781,2024-03-05 16:44:00+00:00
1709657100,65079.0,65321.0,65000.0,65321.0,21.73891706,2024-03-05 16:45:00+00:00
1709657160,65284.0,65359.0,65203.0,65251.0,1.18521758,2024-03-05 16:46:00+00:00
1709657220,65254.0,65277.0,65058.0,65072.0,0.47021389,2024-03-05 16:47:00+00:00
1709657280,65072.0,65164.0,64870.0,64949.0,81.07535603,2024-03-05 16:48:00+00:00
1709657340,64938.0,65152.0,64938.0,65029.0,1.869908,2024-03-05 16:49:00+00:00
1709657400,64977.0,65251.0,64977.0,65212.0,3.88628814,2024-03-05 16:50:00+00:00
1709657460,65217.0,65397.0,65186.0,65326.0,2.60202405,2024-03-05 16:51:00+00:00
1709657520,65372.0,65397.0,65215.0,65318.0,1.30022759,2024-03-05 16:52:00+00:00
1709657580,65323.0,65389.0,65244.0,65381.0,1.50065559,2024-03-05 16:53:00+00:00
1709657640,65297.0,65327.0,65165.0,65291.0,0.76442728,2024-03-05 16:54:00+00:00
1709657700,65268.0,65284.0,65198.0,65271.0,0.1407759,2024-03-05 16:55:00+00:00
1709657760,65282.0,65293.0,65226.0,65226.0,0.10993459,2024-03-05 16:56:00+00:00
1709657820,65253.0,65293.0,65215.0,65293.0,0.44777087,2024-03-05 16:57:00+00:00
1709657880,65293.0,65309.0,65223.0,65270.0,43.77039157,2024-03-05 16:58:00+00:00
1709657940,65270.0,65464.0,65270.0,65464.0,50.09722311,2024-03-05 16:59:00+00:00
1709658000,65432.0,65441.0,65199.0,65244.0,2.83697738,2024-03-05 17:00:00+00:00
1709658060,65261.0,65304.0,65100.0,65100.0,0.45684695,2024-03-05 17:01:00+00:00
1709658120,65100.0,65185.0,65084.0,65128.0,6.32024783,2024-03-05 17:02:00+00:00
1709658180,65184.0,65184.0,64906.0,64970.0,0.80838948,2024-03-05 17:03:00+00:00
1709658240,65024.0,65034.0,64890.0,64930.0,2.60392693,2024-03-05 17:04:00+00:00
1709658300,64927.0,65112.0,64817.0,65112.0,4.04363703,2024-03-05 17:05:00+00:00
1709658360,65020.0,65028.0,64553.0,64553.0,31.99530591,2024-03-05 17:06:00+00:00
1709658420,64553.0,64821.0,64173.0,64271.0,20.36311824,2024-03-05 17:07:00+00:00
1709658480,64351.0,64412.0,63967.0,64176.0,51.60558768,2024-03-05 17:08:00+00:00
1709658540,64218.0,64237.0,63798.0,63881.0,11.46255808,2024-03-05 17:09:00+00:00
1709658600,63822.0,63887.0,63348.0,63843.0,103.44433306,2024-03-05 17:10:00+00:00
1709658660,63815.0,64074.0,63808.0,64032.0,17.82143488,2024-03-05 17:11:00+00:00
1709658720,64048.0,64379.0,63954.0,64297.0,9.3823717,2024-03-05 17:12:00+00:00
1709658780,64240.0,64295.0,63906.0,64106.0,13.63953387,2024-03-05 17:13:00+00:00
1709658840,64118.0,64166.0,63884.0,64148.0,8.71284124,2024-03-05 17:14:00+00:00
1709658900,64166.0,64304.0,63938.0,64293.0,11.25408199,2024-03-05 17:15:00+00:00
1709658960,64234.0,64423.0,64212.0,64380.0,1.70303021,2024-03-05 17:16:00+00:00
1709659020,64361.0,64418.0,64284.0,64292.0,0.72341124,2024-03-05 17:17:00+00:00
1709659080,64299.0,64404.0,64205.0,64323.0,1.32482601,2024-03-05 17:18:00+00:00
1709659140,64320.0,64368.0,64166.0,64323.0,2.22490507,2024-03-05 17:19:00+00:00
1709659200,64240.0,64595.0,64239.0,64516.0,1.80653293,2024-03-05 17:20:00+00:00
1709659260,64534.0,64733.0,64499.0,64668.0,3.37675121,2024-03-05 17:21:00+00:00
1709659320,64670.0,64739.0,64566.0,64734.0,12.50532358,2024-03-05 17:22:00+00:00
1709659380,64697.0,64739.0,64513.0,64687.0,5.78177561,2024-03-05 17:23:00+00:00
1709659440,64695.0,64695.0,64564.0,64612.0,1.250756,2024-03-05 17:24:00+00:00
1709659500,64657.0,64694.0,64500.0,64591.0,0.51610974,2024-03-05 17:25:00+00:00
1709659560,64591.0,64623.0,64395.0,64454.0,3.37527373,2024-03-05 17:26:00+00:00
1709659620,64443.0,64649.0,64441.0,64559.0,1.6114396,2024-03-05 17:27:00+00:00
1709659680,64499.0,64627.0,64499.0,64571.0,2.56647312,2024-03-05 17:28:00+00:00
1709659740,64548.0,64564.0,64295.0,64412.0,0.96882609,2024-03-05 17:29:00+00:00
1709659800,64410.0,64522.0,64347.0,64387.0,2.33257234,2024-03-05 17:30:00+00:00
1709659860,64360.0,64371.0,64242.0,64252.0,1.40276023,2024-03-05 17:31:00+00:00
1709659920,64246.0,64414.0,64242.0,64414.0,0.54063394,2024-03-05 17:32:00+00:00
1709659980,64432.0,64450.0,64281.0,64345.0,9.0604543,2024-03-05 17:33:00+00:00
1709660040,64287.0,64317.0,64232.0,64305.0,1.01925184,2024-03-05 17:34:00+00:00
1709660100,64293.0,64598.0,64197.0,64538.0,3.43894813,2024-03-05 17:35:00+00:00
1709660160,64492.0,64732.0,64427.0,64707.0,0.34216774,2024-03-05 17:36:00+00:00
1709660220,64663.0,64705.0,64580.0,64648.0,9.24776731,2024-03-05 17:37:00+00:00
1709660280,64739.0,64739.0,64658.0,64739.0,75.40130702,2024-03-05 17:38:00+00:00
1709660340,64738.0,64887.0,64738.0,64885.0,62.77945351,2024-03-05 17:39:00+00:00
1709660400,64858.0,64926.0,64791.0,64855.0,1.44399604,2024-03-05 17:40:00+00:00
1709660460,64841.0,64965.0,64779.0,64965.0,0.95437958,2024-03-05 17:41:00+00:00
1709660520,64943.0,64997.0,64879.0,64979.0,1.20753269,2024-03-05 17:42:00+00:00
1709660580,64977.0,64989.0,64843.0,64899.0,0.43488634,2024-03-05 17:43:00+00:00
1709660640,64916.0,64988.0,64863.0,64988.0,1.55328541,2024-03-05 17:44:00+00:00
1709660700,64997.0,64997.0,64902.0,64975.0,1.21837624,2024-03-05 17:45:00+00:00
1709660760,64956.0,65073.0,64875.0,65062.0,0.44732791,2024-03-05 17:46:00+00:00
1709660820,65067.0,65121.0,64914.0,65096.0,0.92047458,2024-03-05 17:47:00+00:00
1709660880,65096.0,65180.0,65082.0,65155.0,7.30027011,2024-03-05 17:48:00+00:00
1709660940,65183.0,65183.0,65062.0,65117.0,3.75464279,2024-03-05 17:49:00+00:00
1709661000,65128.0,65184.0,65078.0,65182.0,6.42018392,2024-03-05 17:50:00+00:00
1709661060,65141.0,65232.0,65141.0,65185.0,28.88081177,2024-03-05 17:51:00+00:00
1709661120,65204.0,65254.0,65186.0,65209.0,0.917717,2024-03-05 17:52:00+00:00
1709661180,65262.0,65362.0,65262.0,65341.0,0.78852776,2024-03-05 17:53:00+00:00
1709661240,65342.0,65342.0,65200.0,65200.0,1.31950418,2024-03-05 17:54:00+00:00
1709661300,65200.0,65288.0,65106.0,65271.0,2.55399268,2024-03-05 17:55:00+00:00
1709661360,65286.0,65286.0,65170.0,65170.0,0.24658741,2024-03-05 17:56:00+00:00
1709661420,65156.0,65623.0,65133.0,65622.0,47.90833793,2024-03-05 17:57:00+00:00
1709661480,65622.0,65622.0,65498.0,65555.0,0.81182934,2024-03-05 17:58:00+00:00
1709661540,65538.0,65623.0,65501.0,65603.0,2.60147275,2024-03-05 17:59:00+00:00
1709661600,65568.0,65593.0,65324.0,65385.0,1.35920227,2024-03-05 18:00:00+00:00
1709661660,65364.0,65403.0,65309.0,65362.0,1.0995232,2024-03-05 18:01:00+00:00
1709661720,65362.0,65362.0,65272.0,65274.0,1.09103846,2024-03-05 18:02:00+00:00
1709661780,65301.0,65306.0,65253.0,65284.0,0.54244025,2024-03-05 18:03:00+00:00
1709661840,65279.0,65303.0,65221.0,65258.0,0.12082318,2024-03-05 18:04:00+00:00
1709661900,65239.0,65267.0,65108.0,65256.0,1.55327203,2024-03-05 18:05:00+00:00
1709661960,65233.0,65263.0,65117.0,65135.0,2.25517442,2024-03-05 18:06:00+00:00
1709662020,65120.0,65223.0,65120.0,65197.0,0.24110989,2024-03-05 18:07:00+00:00
1709662080,65227.0,65302.0,65227.0,65234.0,0.54554786,2024-03-05 18:08:00+00:00
1709662140,65235.0,65286.0,65176.0,65184.0,0.1626809,2024-03-05 18:09:00+00:00
1709662200,65157.0,65204.0,65047.0,65115.0,0.76526432,2024-03-05 18:10:00+00:00
1709662260,65128.0,65224.0,65046.0,65141.0,1.84497606,2024-03-05 18:11:00+00:00
1709662320,65141.0,65194.0,65139.0,65157.0,0.69619304,2024-03-05 18:12:00+00:00
1709662380,65156.0,65170.0,65083.0,65098.0,0.81083886,2024-03-05 18:13:00+00:00
1709662440,65097.0,65188.0,65097.0,65143.0,0.96545542,2024-03-05 18:14:00+00:00
1709662500,65169.0,65223.0,65120.0,65222.0,1.63050981,2024-03-05 18:15:00+00:00
1709662560,65223.0,65247.0,65117.0,65117.0,4.11605333,2024-03-05 18:16:00+00:00
1709662620,65127.0,65163.0,65062.0,65079.0,5.11375257,2024-03-05 18:17:00+00:00
1709662680,65075.0,65088.0,64914.0,64916.0,4.128051,2024-03-05 18:18:00+00:00
1709662740,64942.0,64942.0,64852.0,64916.0,2.2086577,2024-03-05 18:19:00+00:00
1709662800,64923.0,64936.0,64744.0,64772.0,7.21615795,2024-03-05 18:20:00+00:00
1709662860,64762.0,64811.0,64682.0,64773.0,5.5423196,2024-03-05 18:21:00+00:00
1709662920,64772.0,64815.0,64772.0,64804.0,14.25959708,2024-03-05 18:22:00+00:00
1709662980,64802.0,64848.0,64752.0,64771.0,0.03746962,2024-03-05 18:23:00+00:00
1709663040,64770.0,64828.0,64751.0,64751.0,11.70957977,2024-03-05 18:24:00+00:00
1709663100,64771.0,64771.0,64613.0,64663.0,0.58754426,2024-03-05 18:25:00+00:00
1709663160,64664.0,64714.0,64505.0,64662.0,8.46458663,2024-03-05 18:26:00+00:00
1709663220,64675.0,64744.0,64644.0,64672.0,1.70498578,2024-03-05 18:27:00+00:00
1709663280,64657.0,64722.0,64615.0,64615.0,6.55074819,2024-03-05 18:28:00+00:00
1709663340,64580.0,64663.0,64577.0,64607.0,13.69796108,2024-03-05 18:29:00+00:00
1709663400,64607.0,64664.0,64510.0,64664.0,10.50897391,2024-03-05 18:30:00+00:00
1709663460,64651.0,64651.0,64473.0,64542.0,4.03548832,2024-03-05 18:31:00+00:00
1709663520,64559.0,64631.0,64516.0,64531.0,4.05180248,2024-03-05 18:32:00+00:00
1709663580,64568.0,64632.0,64516.0,64632.0,0.30249524,2024-03-05 18:33:00+00:00
1709663640,64632.0,64745.0,64632.0,64726.0,0.05964721,2024-03-05 18:34:00+00:00
1709663700,64729.0,64813.0,64722.0,64766.0,2.93371879,2024-03-05 18:35:00+00:00
1709663760,64741.0,64741.0,64618.0,64634.0,0.23647968,2024-03-05 18:36:00+00:00
1709663820,64631.0,64686.0,64609.0,64662.0,0.09795749,2024-03-05 18:37:00+00:00
1709663880,64640.0,64648.0,64562.0,64562.0,4.74893618,2024-03-05 18:38:00+00:00
1709663940,64600.0,64615.0,64563.0,64563.0,5.73380402,2024-03-05 18:39:00+00:00
1709664000,64560.0,64593.0,64510.0,64574.0,0.52414082,2024-03-05 18:40:00+00:00
1709664060,64561.0,64582.0,64522.0,64540.0,0.76477547,2024-03-05 18:41:00+00:00
1709664120,64589.0,64710.0,64589.0,64681.0,1.08834156,2024-03-05 18:42:00+00:00
1709664180,64628.0,64642.0,64499.0,64549.0,3.18275423,2024-03-05 18:43:00+00:00
1709664240,64491.0,64546.0,64480.0,64546.0,0.91742775,2024-03-05 18:44:00+00:00
1709664300,64526.0,64585.0,64497.0,64561.0,0.11641088,2024-03-05 18:45:00+00:00
1709664360,64542.0,64542.0,64350.0,64369.0,1.50469196,2024-03-05 18:46:00+00:00
1709664420,64357.0,64454.0,64345.0,64454.0,0.23982483,2024-03-05 18:47:00+00:00
1709664480,64485.0,64485.0,64077.0,64129.0,2.66818674,2024-03-05 18:48:00+00:00
1709664540,64230.0,64342.0,64153.0,64292.0,0.26369175,2024-03-05 18:49:00+00:00
1709664600,64335.0,64335.0,64112.0,64134.0,0.90029359,2024-03-05 18:50:00+00:00
1709664660,64126.0,64126.0,63770.0,63869.0,0.42103828,2024-03-05 18:51:00+00:00
1709664720,63869.0,64016.0,63807.0,63946.0,3.87819226,2024-03-05 18:52:00+00:00
1709664780,64019.0,64031.0,63822.0,63827.0,0.85196389,2024-03-05 18:53:00+00:00
1709664840,63814.0,63947.0,63723.0,63768.0,2.83074913,2024-03-05 18:54:00+00:00
1709664900,63734.0,63985.0,63734.0,63964.0,1.49090568,2024-03-05 18:55:00+00:00
1709664960,63972.0,64009.0,63934.0,64009.0,0.71942014,2024-03-05 18:56:00+00:00
1709665020,64026.0,64131.0,63869.0,64091.0,3.29450702,2024-03-05 18:57:00+00:00
1709665080,64096.0,64160.0,64084.0,64140.0,0.28778984,2024-03-05 18:58:00+00:00
1709665140,64132.0,64132.0,63987.0,64022.0,0.83642143,2024-03-05 18:59:00+00:00
1709665200,64021.0,64113.0,64008.0,64112.0,0.38270167,2024-03-05 19:00:00+00:00
1709665260,64085.0,64230.0,64047.0,64128.0,8.59701301,2024-03-05 19:01:00+00:00
1709665320,64131.0,64246.0,64112.0,64246.0,1.4345714,2024-03-05 19:02:00+00:00
1709665380,64247.0,64276.0,64205.0,64240.0,1.8499031,2024-03-05 19:03:00+00:00
1709665440,64235.0,64266.0,64154.0,64239.0,2.36931234,2024-03-05 19:04:00+00:00
1709665500,64179.0,64179.0,64126.0,64152.0,0.30136076,2024-03-05 19:05:00+00:00
1709665560,64117.0,64136.0,64031.0,64040.0,0.65736779,2024-03-05 19:06:00+00:00
1709665620,64039.0,64057.0,63877.0,63924.0,1.81964389,2024-03-05 19:07:00+00:00
1709665680,63925.0,63994.0,63846.0,63846.0,0.50205192,2024-03-05 19:08:00+00:00
1709665740,63818.0,63863.0,63575.0,63585.0,0.78417711,2024-03-05 19:09:00+00:00
1709665800,63605.0,63696.0,63336.0,63336.0,2.89269635,2024-03-05 19:10:00+00:00
1709665860,63386.0,63607.0,63303.0,63607.0,110.76203609,2024-03-05 19:11:00+00:00
1709665920,63625.0,63690.0,63505.0,63690.0,0.96515897,2024-03-05 19:12:00+00:00
1709665980,63692.0,63692.0,63477.0,63631.0,4.82465991,2024-03-05 19:13:00+00:00
1709666040,63615.0,63615.0,63396.0,63412.0,3.97196331,2024-03-05 19:14:00+00:00
1709666100,63395.0,63450.0,63303.0,63338.0,18.98090697,2024-03-05 19:15:00+00:00
1709666160,63349.0,63438.0,63303.0,63323.0,18.33255658,2024-03-05 19:16:00+00:00
1709666220,63328.0,63338.0,62694.0,62830.0,46.87905225,2024-03-05 19:17:00+00:00
1709666280,62868.0,63102.0,62589.0,62624.0,8.20194852,2024-03-05 19:18:00+00:00
1709666340,62624.0,62950.0,62383.0,62950.0,16.90081157,2024-03-05 19:19:00+00:00
1709666400,62890.0,63162.0,62890.0,63101.0,1.87857844,2024-03-05 19:20:00+00:00
1709666460,63067.0,63198.0,63023.0,63075.0,5.22494671,2024-03-05 19:21:00+00:00
1709666520,63080.0,63255.0,63027.0,63238.0,3.68652604,2024-03-05 19:22:00+00:00
1709666580,63228.0,63228.0,62852.0,62985.0,3.06721003,2024-03-05 19:23:00+00:00
1709666640,62986.0,62986.0,62831.0,62848.0,3.86283138,2024-03-05 19:24:00+00:00
1709666700,62917.0,63110.0,62845.0,63110.0,2.7536529,2024-03-05 19:25:00+00:00
1709666760,63106.0,63163.0,63055.0,63143.0,3.20372098,2024-03-05 19:26:00+00:00
1709666820,63160.0,63218.0,63131.0,63206.0,5.47824457,2024-03-05 19:27:00+00:00
1709666880,63170.0,63285.0,63134.0,63253.0,52.07205832,2024-03-05 19:28:00+00:00
1709666940,63251.0,63259.0,63152.0,63248.0,4.47554034,2024-03-05 19:29:00+00:00
1709667000,63244.0,63262.0,63209.0,63209.0,30.68641638,2024-03-05 19:30:00+00:00
1709667060,63210.0,63367.0,63209.0,63354.0,36.59681162,2024-03-05 19:31:00+00:00
1709667120,63353.0,63353.0,62999.0,63042.0,18.06579601,2024-03-05 19:32:00+00:00
1709667180,63028.0,63028.0,62792.0,62969.0,5.5677963,2024-03-05 19:33:00+00:00
1709667240,62982.0,62999.0,62762.0,62762.0,1.94639329,2024-03-05 19:34:00+00:00
1709667300,62749.0,62812.0,62323.0,62427.0,16.24595818,2024-03-05 19:35:00+00:00
1709667360,62363.0,62399.0,61852.0,61955.0,96.55646386,2024-03-05 19:36:00+00:00
1709667420,62114.0,62350.0,61868.0,61950.0,6.10004138,2024-03-05 19:37:00+00:00
1709667480,61946.0,61975.0,61565.0,61869.0,15.95996855,2024-03-05 19:38:00+00:00
1709667540,61889.0,62139.0,61646.0,61805.0,25.21944131,2024-03-05 19:39:00+00:00
1709667600,61803.0,62309.0,61758.0,62265.0,18.83989678,2024-03-05 19:40:00+00:00
1709667660,62328.0,62429.0,62193.0,62284.0,10.76474416,2024-03-05 19:41:00+00:00
1709667720,62270.0,62392.0,62174.0,62388.0,7.10197321,2024-03-05 19:42:00+00:00
1709667780,62385.0,62505.0,62226.0,62305.0,3.45477962,2024-03-05 19:43:00+00:00
1709667840,62261.0,62416.0,62261.0,62308.0,2.72857353,2024-03-05 19:44:00+00:00
1709667900,62305.0,62373.0,61927.0,62053.0,4.32500695,2024-03-05 19:45:00+00:00
1709667960,61976.0,62129.0,61576.0,61882.0,10.02442311,2024-03-05 19:46:00+00:00
1709668020,61817.0,62082.0,61608.0,62010.0,30.81030049,2024-03-05 19:47:00+00:00
1709668080,62005.0,62198.0,61950.0,62188.0,5.76823462,2024-03-05 19:48:00+00:00
1709668140,62188.0,62298.0,62031.0,62110.0,7.9877069,2024-03-05 19:49:00+00:00
1709668200,62100.0,62260.0,62011.0,62184.0,1.13068641,2024-03-05 19:50:00+00:00
1709668260,62210.0,62250.0,62071.0,62165.0,60.53433483,2024-03-05 19:51:00+00:00
1709668320,62138.0,62143.0,61770.0,61811.0,4.87304189,2024-03-05 19:52:00+00:00
1709668380,61792.0,61879.0,61393.0,61529.0,20.82784962,2024-03-05 19:53:00+00:00
1709668440,61468.0,61758.0,61314.0,61329.0,48.99943752,2024-03-05 19:54:00+00:00
1709668500,61338.0,61338.0,60598.0,60721.0,57.12860531,2024-03-05 19:55:00+00:00
1709668560,60653.0,60769.0,59961.0,60134.0,91.05710875,2024-03-05 19:56:00+00:00
1709668620,60131.0,61481.0,59313.0,61417.0,54.7662594,2024-03-05 19:57:00+00:00
1709668680,61226.0,61417.0,60856.0,61216.0,3.27063432,2024-03-05 19:58:00+00:00
1709668740,61201.0,61582.0,61088.0,61443.0,5.36879245,2024-03-05 19:59:00+00:00
1709668800,61465.0,61928.0,61316.0,61895.0,36.00931243,2024-03-05 20:00:00+00:00
1709668860,61822.0,62151.0,61814.0,61973.0,10.18267019,2024-03-05 20:01:00+00:00
1709668920,62119.0,62530.0,61971.0,62393.0,233.09074848,2024-03-05 20:02:00+00:00
1709668980,62439.0,62439.0,61996.0,62230.0,49.58294768,2024-03-05 20:03:00+00:00
1709669040,62228.0,62538.0,62100.0,62461.0,46.60622465,2024-03-05 20:04:00+00:00
1709669100,62452.0,62711.0,62443.0,62627.0,51.82458039,2024-03-05 20:05:00+00:00
1709669160,62672.0,62690.0,62200.0,62408.0,45.19548631,2024-03-05 20:06:00+00:00
1709669220,62306.0,62306.0,62063.0,62257.0,19.49986313,2024-03-05 20:07:00+00:00
1709669280,62274.0,62781.0,62264.0,62721.0,14.82197367,2024-03-05 20:08:00+00:00
1709669340,62684.0,62873.0,62622.0,62821.0,21.01295549,2024-03-05 20:09:00+00:00
1709669400,62821.0,62933.0,62731.0,62731.0,26.19700725,2024-03-05 20:10:00+00:00
1709669460,62721.0,62897.0,62662.0,62851.0,10.80873588,2024-03-05 20:11:00+00:00
1709669520,62816.0,63100.0,62753.0,63024.0,24.58369775,2024-03-05 20:12:00+00:00
1709669580,62985.0,63071.0,62850.0,63071.0,29.91108238,2024-03-05 20:13:00+00:00
1709669640,63009.0,63166.0,62970.0,63111.0,35.59500469,2024-03-05 20:14:00+00:00
1709669700,63162.0,63166.0,62771.0,62771.0,93.98741661,2024-03-05 20:15:00+00:00
1709669760,62775.0,62841.0,62654.0,62773.0,29.41202919,2024-03-05 20:16:00+00:00
1709669820,62773.0,62773.0,62390.0,62473.0,24.13608422,2024-03-05 20:17:00+00:00
1709669880,62519.0,62785.0,62519.0,62658.0,51.60540265,2024-03-05 20:18:00+00:00
1709669940,62592.0,62911.0,62589.0,62706.0,17.74254316,2024-03-05 20:19:00+00:00
1709670000,62746.0,62799.0,62612.0,62648.0,55.21368459,2024-03-05 20:20:00+00:00
1709670060,62641.0,62751.0,62456.0,62751.0,10.88297224,2024-03-05 20:21:00+00:00
1709670120,62751.0,62902.0,62692.0,62902.0,10.71306898,2024-03-05 20:22:00+00:00
1709670180,62876.0,62926.0,62802.0,62862.0,2.87308648,2024-03-05 20:23:00+00:00
1709670240,62892.0,62957.0,62738.0,62892.0,33.32429895,2024-03-05 20:24:00+00:00
1709670300,62892.0,62993.0,62819.0,62974.0,9.15077733,2024-03-05 20:25:00+00:00
1709670360,62974.0,63036.0,62956.0,62980.0,40.83814707,2024-03-05 20:26:00+00:00
1709670420,62980.0,62998.0,62840.0,62929.0,1.71471181,2024-03-05 20:27:00+00:00
1709670480,62928.0,63003.0,62747.0,62942.0,83.66719908,2024-03-05 20:28:00+00:00
1709670540,62879.0,62917.0,62830.0,62896.0,0.21563656,2024-03-05 20:29:00+00:00
1709670600,62900.0,63024.0,62829.0,62906.0,2.28547575,2024-03-05 20:30:00+00:00
1709670660,62913.0,62921.0,62874.0,62876.0,15.19168649,2024-03-05 20:31:00+00:00
1709670720,62876.0,63032.0,62754.0,62967.0,2.47638484,2024-03-05 20:32:00+00:00
1709670780,62974.0,62987.0,62925.0,62925.0,4.72995158,2024-03-05 20:33:00+00:00
1709670840,62925.0,62979.0,62666.0,62672.0,20.59979593,2024-03-05 20:34:00+00:00
1709670900,62672.0,62756.0,62598.0,62675.0,22.6799329,2024-03-05 20:35:00+00:00
1709670960,62675.0,62676.0,62380.0,62456.0,10.54629635,2024-03-05 20:36:00+00:00
1709671020,62456.0,62494.0,62182.0,62182.0,41.19452729,2024-03-05 20:37:00+00:00
1709671080,62252.0,62332.0,62084.0,62250.0,13.08595313,2024-03-05 20:38:00+00:00
1709671140,62250.0,62295.0,61775.0,61985.0,12.64046629,2024-03-05 20:39:00+00:00
1709671200,61986.0,62135.0,61986.0,62069.0,10.02725832,2024-03-05 20:40:00+00:00
1709671260,62069.0,62100.0,61670.0,61888.0,19.81323278,2024-03-05 20:41:00+00:00
1709671320,61888.0,62250.0,61888.0,62250.0,2.61554147,2024-03-05 20:42:00+00:00
1709671380,62286.0,62446.0,62284.0,62439.0,4.34589524,2024-03-05 20:43:00+00:00
1709671440,62444.0,62444.0,62226.0,62236.0,35.95116215,2024-03-05 20:44:00+00:00
1709671500,62236.0,62276.0,62213.0,62252.0,6.61251944,2024-03-05 20:45:00+00:00
1709671560,62264.0,62591.0,62241.0,62557.0,2.63693702,2024-03-05 20:46:00+00:00
1709671620,62591.0,62659.0,62582.0,62613.0,17.06946395,2024-03-05 20:47:00+00:00
1709671680,62613.0,62613.0,62215.0,62329.0,24.72031908,2024-03-05 20:48:00+00:00
1709671740,62215.0,62326.0,62124.0,62250.0,4.81892708,2024-03-05 20:49:00+00:00
1709671800,62280.0,62366.0,62235.0,62274.0,3.60625029,2024-03-05 20:50:00+00:00
1709671860,62300.0,62466.0,62297.0,62419.0,3.65028596,2024-03-05 20:51:00+00:00
1709671920,62419.0,62527.0,62399.0,62449.0,1.13059205,2024-03-05 20:52:00+00:00
1709671980,62449.0,62551.0,62399.0,62488.0,12.1127346,2024-03-05 20:53:00+00:00
1709672040,62488.0,62556.0,62334.0,62374.0,12.70179608,2024-03-05 20:54:00+00:00
1709672100,62390.0,62454.0,62337.0,62398.0,3.39609995,2024-03-05 20:55:00+00:00
1709672160,62398.0,62399.0,62235.0,62244.0,1.79024968,2024-03-05 20:56:00+00:00
1709672220,62244.0,62284.0,62235.0,62240.0,4.37488425,2024-03-05 20:57:00+00:00
1709672280,62240.0,62240.0,62072.0,62122.0,4.57767222,2024-03-05 20:58:00+00:00
1709672340,62123.0,62207.0,61989.0,62047.0,8.63788262,2024-03-05 20:59:00+00:00
1709672400,62041.0,62113.0,61956.0,62049.0,2.05266638,2024-03-05 21:00:00+00:00
1709672460,62050.0,62275.0,62049.0,62220.0,0.87393307,2024-03-05 21:01:00+00:00
1709672520,62220.0,62383.0,62220.0,62374.0,0.23706953,2024-03-05 21:02:00+00:00
1709672580,62330.0,62351.0,62074.0,62074.0,8.33215649,2024-03-05 21:03:00+00:00
1709672640,62188.0,62284.0,62079.0,62234.0,2.25462744,2024-03-05 21:04:00+00:00
1709672700,62259.0,62463.0,62259.0,62421.0,1.19511609,2024-03-05 21:05:00+00:00
1709672760,62428.0,62535.0,62392.0,62535.0,0.06984711,2024-03-05 21:06:00+00:00
1709672820,62582.0,62649.0,62507.0,62649.0,0.52957014,2024-03-05 21:07:00+00:00
1709672880,62650.0,62765.0,62607.0,62638.0,0.58658023,2024-03-05 21:08:00+00:00
1709672940,62682.0,62963.0,62679.0,62837.0,1.59845148,2024-03-05 21:09:00+00:00
1709673000,62839.0,62970.0,62810.0,62878.0,8.74136678,2024-03-05 21:10:00+00:00
1709673060,62909.0,63105.0,62864.0,63098.0,2.07795658,2024-03-05 21:11:00+00:00
1709673120,63099.0,63331.0,63038.0,63297.0,9.589367,2024-03-05 21:12:00+00:00
1709673180,63281.0,63281.0,63092.0,63135.0,5.43399709,2024-03-05 21:13:00+00:00
1709673240,63118.0,63131.0,62965.0,63071.0,4.74314277,2024-03-05 21:14:00+00:00
1709673300,63057.0,63368.0,63057.0,63368.0,2.84362879,2024-03-05 21:15:00+00:00
1709673360,63345.0,63482.0,63299.0,63482.0,3.60385628,2024-03-05 21:16:00+00:00
1709673420,63470.0,63606.0,63432.0,63535.0,4.60296474,2024-03-05 21:17:00+00:00
1709673480,63587.0,63600.0,63361.0,63463.0,3.73604713,2024-03-05 21:18:00+00:00
1709673540,63447.0,63702.0,63405.0,63653.0,11.83205775,2024-03-05 21:19:00+00:00
1709673600,63686.0,63686.0,63527.0,63657.0,11.38837004,2024-03-05 21:20:00+00:00
1709673660,63606.0,63868.0,63606.0,63815.0,4.10012723,2024-03-05 21:21:00+00:00
1709673720,63823.0,63859.0,63665.0,63797.0,5.12027647,2024-03-05 21:22:00+00:00
1709673780,63736.0,63787.0,63584.0,63687.0,6.00291595,2024-03-05 21:23:00+00:00
1709673840,63645.0,63886.0,63636.0,63715.0,10.78250687,2024-03-05 21:24:00+00:00
1709673900,63690.0,64000.0,63690.0,63984.0,9.33507598,2024-03-05 21:25:00+00:00
1709673960,63989.0,63989.0,63576.0,63634.0,3.19877587,2024-03-05 21:26:00+00:00
1709674020,63635.0,63855.0,63635.0,63855.0,4.4779337,2024-03-05 21:27:00+00:00
1709674080,63856.0,63929.0,63777.0,63910.0,4.23285765,2024-03-05 21:28:00+00:00
1709674140,63890.0,64038.0,63889.0,64034.0,7.10458469,2024-03-05 21:29:00+00:00
1709674200,64038.0,64045.0,63729.0,64005.0,4.89477869,2024-03-05 21:30:00+00:00
1709674260,63956.0,63956.0,63736.0,63741.0,4.5736615,2024-03-05 21:31:00+00:00
1709674320,63725.0,63903.0,63725.0,63812.0,4.16230039,2024-03-05 21:32:00+00:00
1709674380,63897.0,63897.0,63606.0,63625.0,5.08065728,2024-03-05 21:33:00+00:00
1709674440,63628.0,63714.0,63416.0,63416.0,8.73113326,2024-03-05 21:34:00+00:00
1709674500,63435.0,63500.0,63311.0,63339.0,2.77635061,2024-03-05 21:35:00+00:00
1709674560,63362.0,63382.0,63248.0,63296.0,1.54221696,2024-03-05 21:36:00+00:00
1709674620,63287.0,63568.0,63284.0,63562.0,1.64009729,2024-03-05 21:37:00+00:00
1709674680,63563.0,63630.0,63422.0,63617.0,0.26854052,2024-03-05 21:38:00+00:00
1709674740,63629.0,63786.0,63622.0,63740.0,4.91849471,2024-03-05 21:39:00+00:00
1709674800,63721.0,63933.0,63721.0,63823.0,2.28099124,2024-03-05 21:40:00+00:00
1709674860,63822.0,63847.0,63686.0,63709.0,1.39897852,2024-03-05 21:41:00+00:00
1709674920,63697.0,63916.0,63682.0,63904.0,1.02440676,2024-03-05 21:42:00+00:00
1709674980,63875.0,63926.0,63771.0,63790.0,6.81653756,2024-03-05 21:43:00+00:00
1709675040,63759.0,63869.0,63743.0,63792.0,0.42286946,2024-03-05 21:44:00+00:00
1709675100,63840.0,63917.0,63684.0,63897.0,1.12581954,2024-03-05 21:45:00+00:00
1709675160,63853.0,63883.0,63745.0,63745.0,1.1436127,2024-03-05 21:46:00+00:00
1709675220,63740.0,63740.0,63561.0,63569.0,1.73865671,2024-03-05 21:47:00+00:00
1709675280,63555.0,63600.0,63313.0,63313.0,2.84226406,2024-03-05 21:48:00+00:00
1709675340,63306.0,63535.0,63250.0,63301.0,6.94205762,2024-03-05 21:49:00+00:00
1709675400,63340.0,63567.0,63340.0,63471.0,0.49626419,2024-03-05 21:50:00+00:00
1709675460,63462.0,63483.0,63292.0,63371.0,1.02050398,2024-03-05 21:51:00+00:00
1709675520,63352.0,63439.0,63209.0,63244.0,0.64299048,2024-03-05 21:52:00+00:00
1709675580,63227.0,63281.0,63227.0,63243.0,0.05954627,2024-03-05 21:53:00+00:00
1709675640,63256.0,63352.0,63207.0,63352.0,0.37850383,2024-03-05 21:54:00+00:00
1709675700,63369.0,63370.0,63140.0,63173.0,0.25107364,2024-03-05 21:55:00+00:00
1709675760,63176.0,63189.0,63103.0,63151.0,2.01236554,2024-03-05 21:56:00+00:00
1709675820,63234.0,63282.0,63194.0,63282.0,0.26498419,2024-03-05 21:57:00+00:00
1709675880,63288.0,63311.0,63238.0,63307.0,0.5726272,2024-03-05 21:58:00+00:00
1709675940,63321.0,63379.0,63290.0,63320.0,0.71691799,2024-03-05 21:59:00+00:00
1709676000,63326.0,63329.0,63235.0,63239.0,0.15684284,2024-03-05 22:00:00+00:00
1709676060,63237.0,63483.0,63205.0,63453.0,0.56614986,2024-03-05 22:01:00+00:00
1709676120,63429.0,63670.0,63395.0,63635.0,2.05589942,2024-03-05 22:02:00+00:00
1709676180,63631.0,63635.0,63490.0,63511.0,1.94597529,2024-03-05 22:03:00+00:00
1709676240,63550.0,63590.0,63431.0,63458.0,0.4043583,2024-03-05 22:04:00+00:00
1709676300,63439.0,63528.0,63439.0,63453.0,0.27621821,2024-03-05 22:05:00+00:00
1709676360,63430.0,63526.0,63355.0,63490.0,1.04065853,2024-03-05 22:06:00+00:00
1709676420,63501.0,63508.0,63392.0,63397.0,0.23484008,2024-03-05 22:07:00+00:00
1709676480,63400.0,63526.0,63370.0,63526.0,0.23364547,2024-03-05 22:08:00+00:00
1709676540,63530.0,63552.0,63384.0,63384.0,0.37041562,2024-03-05 22:09:00+00:00
1709676600,63385.0,63459.0,63253.0,63255.0,0.51510318,2024-03-05 22:10:00+00:00
1709676660,63289.0,63304.0,63213.0,63216.0,0.18682721,2024-03-05 22:11:00+00:00
1709676720,63250.0,63382.0,63199.0,63292.0,0.20482118,2024-03-05 22:12:00+00:00
1709676780,63330.0,63358.0,63267.0,63327.0,0.22761537,2024-03-05 22:13:00+00:00
1709676840,63260.0,63290.0,63177.0,63250.0,2.56716803,2024-03-05 22:14:00+00:00
1709676900,63247.0,63288.0,63173.0,63197.0,0.33047524,2024-03-05 22:15:00+00:00
1709676960,63163.0,63255.0,63147.0,63165.0,0.56665698,2024-03-05 22:16:00+00:00
1709677020,63201.0,63205.0,62848.0,62902.0,1.3846838,2024-03-05 22:17:00+00:00
1709677080,62878.0,62987.0,62785.0,62987.0,1.1180603,2024-03-05 22:18:00+00:00
1709677140,63000.0,63184.0,63000.0,63184.0,0.04627806,2024-03-05 22:19:00+00:00
1709677200,63121.0,63121.0,62914.0,62914.0,0.37785868,2024-03-05 22:20:00+00:00
1709677260,63000.0,63072.0,62804.0,62842.0,1.33267626,2024-03-05 22:21:00+00:00
1709677320,62838.0,62840.0,62686.0,62686.0,4.011049,2024-03-05 22:22:00+00:00
1709677380,62684.0,62814.0,62659.0,62667.0,2.48629557,2024-03-05 22:23:00+00:00
1709677440,62655.0,62682.0,62542.0,62542.0,0.4198136,2024-03-05 22:24:00+00:00
1709677500,62574.0,62974.0,62574.0,62957.0,0.82869595,2024-03-05 22:25:00+00:00
1709677560,62884.0,63332.0,62884.0,63192.0,1.36773775,2024-03-05 22:26:00+00:00
1709677620,63144.0,63145.0,63011.0,63023.0,0.66486906,2024-03-05 22:27:00+00:00
1709677680,63024.0,63055.0,63021.0,63055.0,0.02141777,2024-03-05 22:28:00+00:00
1709677740,63030.0,63198.0,63025.0,63198.0,2.99972937,2024-03-05 22:29:00+00:00
1709677800,63198.0,63290.0,63088.0,63290.0,1.97782296,2024-03-05 22:30:00+00:00
1709677860,63290.0,63417.0,63290.0,63417.0,0.16248138,2024-03-05 22:31:00+00:00
1709677920,63423.0,63447.0,63377.0,63393.0,7.90678624,2024-03-05 22:32:00+00:00
1709677980,63392.0,63400.0,63229.0,63229.0,1.98327566,2024-03-05 22:33:00+00:00
1709678040,63229.0,63334.0,63189.0,63314.0,0.90412474,2024-03-05 22:34:00+00:00
1709678100,63295.0,63304.0,63241.0,63287.0,0.12377413,2024-03-05 22:35:00+00:00
1709678160,63282.0,63410.0,63258.0,63410.0,1.23864195,2024-03-05 22:36:00+00:00
1709678220,63390.0,63410.0,63371.0,63387.0,0.18165843,2024-03-05 22:37:00+00:00
1709678280,63410.0,63435.0,63273.0,63273.0,0.60496664,2024-03-05 22:38:00+00:00
1709678340,63271.0,63277.0,63235.0,63236.0,0.4745326,2024-03-05 22:39:00+00:00
1709678400,63234.0,63235.0,63167.0,63167.0,0.06210011,2024-03-05 22:40:00+00:00
1709678460,63160.0,63167.0,63149.0,63150.0,0.05371361,2024-03-05 22:41:00+00:00
1709678520,63165.0,63167.0,62941.0,62992.0,0.39714673,2024-03-05 22:42:00+00:00
1709678580,63006.0,63127.0,62986.0,63127.0,0.80296721,2024-03-05 22:43:00+00:00
1709678640,63167.0,63242.0,62983.0,62983.0,1.96590462,2024-03-05 22:44:00+00:00
1709678700,62994.0,63008.0,62824.0,62867.0,5.90858615,2024-03-05 22:45:00+00:00
1709678760,62868.0,63007.0,62862.0,62998.0,0.33667454,2024-03-05 22:46:00+00:00
1709678820,62996.0,63040.0,62993.0,63040.0,0.79598054,2024-03-05 22:47:00+00:00
1709678880,63028.0,63028.0,62780.0,62939.0,1.01453751,2024-03-05 22:48:00+00:00
1709678940,62954.0,62986.0,62869.0,62869.0,0.29631132,2024-03-05 22:49:00+00:00
1709679000,62882.0,62907.0,62861.0,62904.0,0.24124749,2024-03-05 22:50:00+00:00
1709679060,62930.0,63025.0,62930.0,63025.0,0.03546866,2024-03-05 22:51:00+00:00
1709679120,63024.0,63100.0,63024.0,63095.0,0.63225457,2024-03-05 22:52:00+00:00
1709679180,63085.0,63419.0,63085.0,63419.0,3.22232192,2024-03-05 22:53:00+00:00
1709679240,63390.0,63390.0,63295.0,63303.0,1.78902371,2024-03-05 22:54:00+00:00
1709679300,63300.0,63303.0,63226.0,63249.0,0.82678997,2024-03-05 22:55:00+00:00
1709679360,63265.0,63290.0,63211.0,63289.0,1.00001964,2024-03-05 22:56:00+00:00
1709679420,63346.0,63388.0,63333.0,63361.0,0.26677762,2024-03-05 22:57:00+00:00
1709679480,63344.0,63389.0,63315.0,63383.0,0.75577588,2024-03-05 22:58:00+00:00
1709679540,63384.0,63482.0,63336.0,63440.0,1.10653779,2024-03-05 22:59:00+00:00
1709679600,63449.0,63486.0,63312.0,63312.0,1.75928419,2024-03-05 23:00:00+00:00
1709679660,63329.0,63456.0,63329.0,63419.0,0.3277596,2024-03-05 23:01:00+00:00
1709679720,63403.0,63474.0,63403.0,63438.0,0.4498323,2024-03-05 23:02:00+00:00
1709679780,63480.0,63516.0,63454.0,63483.0,0.6462874,2024-03-05 23:03:00+00:00
1709679840,63473.0,63515.0,63470.0,63483.0,0.95698827,2024-03-05 23:04:00+00:00
1709679900,63473.0,63548.0,63473.0,63539.0,0.86628736,2024-03-05 23:05:00+00:00
1709679960,63547.0,63547.0,63500.0,63543.0,0.4054287,2024-03-05 23:06:00+00:00
1709680020,63556.0,63631.0,63510.0,63566.0,0.64372131,2024-03-05 23:07:00+00:00
1709680080,63556.0,63556.0,63488.0,63517.0,0.89712475,2024-03-05 23:08:00+00:00
1709680140,63517.0,63577.0,63517.0,63557.0,0.09902309,2024-03-05 23:09:00+00:00
1709680200,63565.0,63605.0,63560.0,63571.0,2.88297266,2024-03-05 23:10:00+00:00
1709680260,63575.0,63621.0,63566.0,63618.0,3.39804809,2024-03-05 23:11:00+00:00
1709680320,63610.0,63659.0,63590.0,63659.0,0.76536592,2024-03-05 23:12:00+00:00
1709680380,63647.0,63684.0,63646.0,63650.0,1.90557246,2024-03-05 23:13:00+00:00
1709680440,63659.0,63699.0,63565.0,63699.0,33.72470476,2024-03-05 23:14:00+00:00
1709680500,63699.0,63745.0,63644.0,63665.0,4.3967901,2024-03-05 23:15:00+00:00
1709680560,63680.0,63752.0,63680.0,63729.0,0.78766936,2024-03-05 23:16:00+00:00
1709680620,63751.0,63775.0,63751.0,63775.0,3.41303735,2024-03-05 23:17:00+00:00
1709680680,63783.0,63842.0,63783.0,63784.0,2.76121582,2024-03-05 23:18:00+00:00
1709680740,63779.0,63820.0,63745.0,63820.0,0.52599188,2024-03-05 23:19:00+00:00
1709680800,63808.0,63821.0,63708.0,63708.0,2.21886908,2024-03-05 23:20:00+00:00
1709680860,63696.0,63736.0,63656.0,63677.0,1.61797815,2024-03-05 23:21:00+00:00
1709680920,63639.0,63691.0,63609.0,63689.0,0.33854768,2024-03-05 23:22:00+00:00
1709680980,63701.0,63751.0,63701.0,63710.0,0.93904394,2024-03-05 23:23:00+00:00
1709681040,63687.0,63712.0,63608.0,63633.0,1.03754878,2024-03-05 23:24:00+00:00
1709681100,63641.0,63742.0,63641.0,63712.0,1.8863758,2024-03-05 23:25:00+00:00
1709681160,63688.0,63725.0,63607.0,63699.0,3.43677742,2024-03-05 23:26:00+00:00
1709681220,63705.0,63819.0,63705.0,63787.0,1.82393206,2024-03-05 23:27:00+00:00
1709681280,63799.0,63825.0,63726.0,63726.0,1.71593135,2024-03-05 23:28:00+00:00
1709681340,63741.0,63842.0,63740.0,63835.0,0.54952537,2024-03-05 23:29:00+00:00
1709681400,63830.0,63859.0,63783.0,63790.0,2.2754185,2024-03-05 23:30:00+00:00
1709681460,63807.0,63820.0,63742.0,63771.0,1.498844,2024-03-05 23:31:00+00:00
1709681520,63773.0,63818.0,63767.0,63767.0,2.23450782,2024-03-05 23:32:00+00:00
1709681580,63748.0,63806.0,63718.0,63751.0,6.07631111,2024-03-05 23:33:00+00:00
1709681640,63757.0,63817.0,63757.0,63817.0,1.6877999,2024-03-05 23:34:00+00:00
1709681700,63830.0,63864.0,63818.0,63864.0,8.65493662,2024-03-05 23:35:00+00:00
1709681760,63861.0,63877.0,63849.0,63877.0,0.7048857,2024-03-05 23:36:00+00:00
1709681820,63867.0,63907.0,63867.0,63886.0,0.29877278,2024-03-05 23:37:00+00:00
1709681880,63873.0,63921.0,63851.0,63888.0,1.4688004,2024-03-05 23:38:00+00:00
1709681940,63892.0,64068.0,63861.0,64037.0,2.33730318,2024-03-05 23:39:00+00:00
1709682000,64023.0,64105.0,63950.0,64081.0,1.74785733,2024-03-05 23:40:00+00:00
1709682060,64106.0,64111.0,63985.0,64018.0,2.17530143,2024-03-05 23:41:00+00:00
1709682120,64007.0,64093.0,64007.0,64093.0,0.16416357,2024-03-05 23:42:00+00:00
1709682180,64093.0,64132.0,64041.0,64073.0,0.7842158,2024-03-05 23:43:00+00:00
1709682240,64055.0,64224.0,64017.0,64173.0,1.71229111,2024-03-05 23:44:00+00:00
1709682300,64182.0,64272.0,64101.0,64248.0,2.86426009,2024-03-05 23:45:00+00:00
1709682360,64259.0,64344.0,64195.0,64316.0,0.92228509,2024-03-05 23:46:00+00:00
1709682420,64300.0,64380.0,64233.0,64358.0,0.48837046,2024-03-05 23:47:00+00:00
1709682480,64361.0,64380.0,64306.0,64353.0,0.87495633,2024-03-05 23:48:00+00:00
1709682540,64380.0,64459.0,64378.0,64391.0,1.06308895,2024-03-05 23:49:00+00:00
1709682600,64379.0,64408.0,64312.0,64398.0,0.77057371,2024-03-05 23:50:00+00:00
1709682660,64395.0,64424.0,64310.0,64401.0,0.93451341,2024-03-05 23:51:00+00:00
1709682720,64411.0,64423.0,64359.0,64359.0,0.62752072,2024-03-05 23:52:00+00:00
1709682780,64360.0,64361.0,64190.0,64194.0,1.25905123,2024-03-05 23:53:00+00:00
1709682840,64202.0,64214.0,63989.0,64068.0,2.52426305,2024-03-05 23:54:00+00:00
1709682900,64038.0,64039.0,63830.0,63891.0,3.51932962,2024-03-05 23:55:00+00:00
1709682960,63877.0,63931.0,63834.0,63931.0,0.32411176,2024-03-05 23:56:00+00:00
1709683020,63891.0,63929.0,63830.0,63830.0,0.65539611,2024-03-05 23:57:00+00:00
1709683080,63827.0,63829.0,63743.0,63805.0,0.34190875,2024-03-05 23:58:00+00:00
1709683140,63777.0,63908.0,63777.0,63796.0,0.53129762,2024-03-05 23:59:00+00:00
