Timestamp,Open,High,Low,Close,Volume,Datetime,mid_price,price_diff,log_return,rolling_stdev,sigma,delta_ask,delta_bid,kappa,A
1709596800,68359.0,68359.0,68230.0,68277.0,7.88998668,2024-03-05 00:00:00+00:00,68277.0,,,,,,,,
1709596860,68277.0,68355.0,68200.0,68200.0,3.47024234,2024-03-05 00:01:00+00:00,68200.0,-77.0,-0.0011283953804697862,,,78.0,77.0,,
1709596920,68211.0,68335.0,68203.0,68298.0,4.17665773,2024-03-05 00:02:00+00:00,68298.0,98.0,0.0014359187217182013,,,135.0,0.0,,
1709596980,68324.0,68339.0,68285.0,68313.0,0.88114243,2024-03-05 00:03:00+00:00,68313.0,15.0,0.00021960164350289684,,,41.0,13.0,,
1709597040,68302.0,68389.0,68289.0,68389.0,7.40735166,2024-03-05 00:04:00+00:00,68389.0,76.0,0.0011119077677012941,,,76.0,24.0,,
1709597100,68389.0,68446.0,68384.0,68416.0,3.30646884,2024-03-05 00:05:00+00:00,68416.0,27.0,0.0003947224202413636,,,57.0,5.0,,
1709597160,68413.0,68470.0,68377.0,68469.0,60.72370839,2024-03-05 00:06:00+00:00,68469.0,53.0,0.0007743726872699104,,,54.0,39.0,,
1709597220,68466.0,68466.0,68314.0,68364.0,3.37898552,2024-03-05 00:07:00+00:00,68364.0,-105.0,-0.0015347178035910855,,,0.0,155.0,,
1709597280,68352.0,68359.0,68262.0,68312.0,0.21335545,2024-03-05 00:08:00+00:00,68312.0,-52.0,-0.0007609236809538369,,,0.0,102.0,,
1709597340,68314.0,68345.0,68302.0,68331.0,0.28589522,2024-03-05 00:09:00+00:00,68331.0,19.0,0.0002780969405304532,,,33.0,10.0,,
1709597400,68342.0,68344.0,68235.0,68248.0,1.4428959,2024-03-05 00:10:00+00:00,68248.0,-83.0,-0.0012154139394418917,,,13.0,96.0,,
1709597460,68249.0,68387.0,68249.0,68373.0,1.41588769,2024-03-05 00:11:00+00:00,68373.0,125.0,0.0018298802509103568,,,139.0,0.0,,
1709597520,68366.0,68366.0,68236.0,68276.0,0.2417509,2024-03-05 00:12:00+00:00,68276.0,-97.0,-0.001419695955217454,,,0.0,137.0,,
1709597580,68277.0,68300.0,68253.0,68300.0,1.40093955,2024-03-05 00:13:00+00:00,68300.0,24.0,0.0003514526746579595,,,24.0,23.0,,
1709597640,68286.0,68392.0,68286.0,68370.0,1.09812394,2024-03-05 00:14:00+00:00,68370.0,70.0,0.0010243653489581434,,,92.0,14.0,,
1709597700,68331.0,68384.0,68319.0,68373.0,0.93586806,2024-03-05 00:15:00+00:00,68373.0,3.0,4.387793160131599e-05,,,14.0,51.0,,
1709597760,68378.0,68378.0,68293.0,68293.0,0.17634826,2024-03-05 00:16:00+00:00,68293.0,-80.0,-0.0011707375519516415,,,5.0,80.0,,
1709597820,68303.0,68391.0,68303.0,68391.0,0.45039204,2024-03-05 00:17:00+00:00,68391.0,98.0,0.0014339647185148254,,,98.0,0.0,,
1709597880,68394.0,68418.0,68374.0,68400.0,0.56064113,2024-03-05 00:18:00+00:00,68400.0,9.0,0.00013158760463762766,,,27.0,17.0,,
1709597940,68398.0,68474.0,68380.0,68401.0,3.45387196,2024-03-05 00:19:00+00:00,68401.0,1.0,1.46197761714077e-05,,,74.0,20.0,,
1709598000,68413.0,68487.0,68406.0,68467.0,0.91999331,2024-03-05 00:20:00+00:00,68467.0,66.0,0.0009644329589929539,,,86.0,0.0,,
1709598060,68483.0,68544.0,68465.0,68468.0,4.5007211,2024-03-05 00:21:00+00:00,68468.0,1.0,1.460546974858441e-05,,,77.0,2.0,,
1709598120,68489.0,68553.0,68489.0,68490.0,0.22684119,2024-03-05 00:22:00+00:00,68490.0,22.0,0.00032126637639591233,,,85.0,0.0,,
1709598180,68472.0,68472.0,68256.0,68256.0,0.47735466,2024-03-05 00:23:00+00:00,68256.0,-234.0,-0.003422406920873827,,,0.0,234.0,,
1709598240,68296.0,68296.0,68216.0,68217.0,0.24055712,2024-03-05 00:24:00+00:00,68217.0,-39.0,-0.0005715416391761758,,,40.0,40.0,,
1709598300,68214.0,68259.0,68214.0,68224.0,0.23305841,2024-03-05 00:25:00+00:00,68224.0,7.0,0.0001026084535608258,,,42.0,3.0,,
1709598360,68210.0,68210.0,68115.0,68149.0,0.69004661,2024-03-05 00:26:00+00:00,68149.0,-75.0,-0.0010999245827467475,,,0.0,109.0,,
1709598420,68138.0,68139.0,68089.0,68123.0,0.32455475,2024-03-05 00:27:00+00:00,68123.0,-26.0,-0.00038158976628345937,,,0.0,60.0,,
1709598480,68081.0,68156.0,68045.0,68156.0,0.07745909,2024-03-05 00:28:00+00:00,68156.0,33.0,0.0004843005986982537,,,33.0,78.0,,
1709598540,68146.0,68146.0,68100.0,68100.0,0.18299949,2024-03-05 00:29:00+00:00,68100.0,-56.0,-0.0008219821975260131,,,0.0,56.0,,
1709598600,68136.0,68156.0,67987.0,67996.0,0.89285577,2024-03-05 00:30:00+00:00,67996.0,-104.0,-0.0015283332389434074,,,56.0,113.0,,
1709598660,67977.0,68046.0,67953.0,68023.0,1.8013469,2024-03-05 00:31:00+00:00,68023.0,27.0,0.00039700336503916436,,,50.0,43.0,,
1709598720,67979.0,68041.0,67977.0,68000.0,0.94487188,2024-03-05 00:32:00+00:00,68000.0,-23.0,-0.00033817810545567334,,,18.0,46.0,,
1709598780,67990.0,68025.0,67983.0,67992.0,0.32733758,2024-03-05 00:33:00+00:00,67992.0,-8.0,-0.00011765397978160611,,,25.0,17.0,,
1709598840,67990.0,68003.0,67897.0,67928.0,1.73821532,2024-03-05 00:34:00+00:00,67928.0,-64.0,-0.0009417304992627655,,,11.0,95.0,,
1709598900,67928.0,68019.0,67928.0,67965.0,0.30742802,2024-03-05 00:35:00+00:00,67965.0,37.0,0.000544546090148875,,,91.0,0.0,,
1709598960,67969.0,67969.0,67909.0,67944.0,0.03515024,2024-03-05 00:36:00+00:00,67944.0,-21.0,-0.0003090303095030062,,,4.0,56.0,,
1709599020,67904.0,67952.0,67896.0,67926.0,0.21326726,2024-03-05 00:37:00+00:00,67926.0,-18.0,-0.000264959153680849,,,8.0,48.0,,
1709599080,67930.0,67935.0,67880.0,67883.0,0.7262368,2024-03-05 00:38:00+00:00,67883.0,-43.0,-0.0006332422952367602,,,9.0,46.0,,
1709599140,67899.0,67995.0,67899.0,67935.0,0.12207367,2024-03-05 00:39:00+00:00,67935.0,52.0,0.0007657306474962299,,,112.0,0.0,,
1709599200,67957.0,68063.0,67957.0,68063.0,0.11582845,2024-03-05 00:40:00+00:00,68063.0,128.0,0.0018823811790736032,,,128.0,0.0,,
1709599260,68068.0,68170.0,68068.0,68170.0,0.04416385,2024-03-05 00:41:00+00:00,68170.0,107.0,0.0015708385193333849,,,107.0,0.0,,
1709599320,68174.0,68190.0,68147.0,68181.0,0.1171711,2024-03-05 00:42:00+00:00,68181.0,11.0,0.00016134828529121333,,,20.0,23.0,,
1709599380,68178.0,68287.0,68171.0,68274.0,0.54683493,2024-03-05 00:43:00+00:00,68274.0,93.0,0.001363086942941651,,,106.0,10.0,,
1709599440,68271.0,68283.0,68199.0,68272.0,0.27265989,2024-03-05 00:44:00+00:00,68272.0,-2.0,-2.9294157282444868e-05,,,9.0,75.0,,
1709599500,68283.0,68283.0,68185.0,68256.0,0.11757657,2024-03-05 00:45:00+00:00,68256.0,-16.0,-0.00023438415670412767,,,11.0,87.0,,
1709599560,68219.0,68285.0,68214.0,68271.0,0.07451395,2024-03-05 00:46:00+00:00,68271.0,15.0,0.00021973675625121714,,,29.0,42.0,,
1709599620,68251.0,68258.0,68197.0,68224.0,10.30426554,2024-03-05 00:47:00+00:00,68224.0,-47.0,-0.0006886699418666436,,,0.0,74.0,,
1709599680,68217.0,68217.0,68077.0,68087.0,0.11857245,2024-03-05 00:48:00+00:00,68087.0,-137.0,-0.0020101099123257422,,,0.0,147.0,,
1709599740,68088.0,68088.0,68024.0,68043.0,0.5588817,2024-03-05 00:49:00+00:00,68043.0,-44.0,-0.0006464409245904803,,,1.0,63.0,,
1709599800,68028.0,68173.0,68007.0,68161.0,1.9052571,2024-03-05 00:50:00+00:00,68161.0,118.0,0.001732695508530679,,,130.0,36.0,,
1709599860,68165.0,68248.0,68165.0,68211.0,1.36381441,2024-03-05 00:51:00+00:00,68211.0,50.0,0.0007332883911721922,,,87.0,0.0,,
1709599920,68193.0,68193.0,68075.0,68084.0,0.55489485,2024-03-05 00:52:00+00:00,68084.0,-127.0,-0.0018636052203848381,,,0.0,136.0,,
1709599980,68111.0,68181.0,68099.0,68180.0,0.90239561,2024-03-05 00:53:00+00:00,68180.0,96.0,0.0014090297640304546,,,97.0,0.0,,
1709600040,68182.0,68201.0,68088.0,68109.0,0.05709615,2024-03-05 00:54:00+00:00,68109.0,-71.0,-0.0010419036961591011,,,21.0,92.0,,
1709600100,68100.0,68174.0,68088.0,68114.0,10.24504146,2024-03-05 00:55:00+00:00,68114.0,5.0,7.340904255873143e-05,,,65.0,21.0,,
1709600160,68119.0,68184.0,68119.0,68184.0,10.03066996,2024-03-05 00:56:00+00:00,68184.0,70.0,0.001027161163839878,,,70.0,0.0,,
1709600220,68166.0,68209.0,68131.0,68207.0,0.48818617,2024-03-05 00:57:00+00:00,68207.0,23.0,0.00033726565855532605,,,25.0,53.0,,
1709600280,68189.0,68199.0,68144.0,68189.0,0.51891671,2024-03-05 00:58:00+00:00,68189.0,-18.0,-0.00026393736039901803,,,0.0,63.0,,
1709600340,68207.0,68218.0,68137.0,68147.0,0.07217034,2024-03-05 00:59:00+00:00,68147.0,-42.0,-0.0006161248874637858,,,29.0,52.0,,0.02638888888888889
1709600400,68152.0,68155.0,68096.0,68114.0,0.13466971,2024-03-05 01:00:00+00:00,68114.0,-33.0,-0.00048436457453235294,71.57669625183662,9.240511751997003,8.0,51.0,0.021489971346704873,0.026944444444444444
1709600460,68112.0,68170.0,68112.0,68146.0,0.3057934,2024-03-05 01:01:00+00:00,68146.0,32.0,0.0004696903065945973,71.0406186032007,9.17130442514897,56.0,2.0,0.02186987424822307,0.026944444444444444
1709600520,68171.0,68255.0,68171.0,68243.0,0.12106433,2024-03-05 01:02:00+00:00,68243.0,97.0,0.0014224023396963404,71.0171360716497,9.16827284336151,109.0,0.0,0.021973997436366965,0.026944444444444444
1709600580,68241.0,68255.0,68200.0,68255.0,0.57821597,2024-03-05 01:03:00+00:00,68255.0,12.0,0.00017582675249338165,71.00679525053509,9.166937849096076,12.0,43.0,0.02196997436836324,0.026944444444444444
1709600640,68256.0,68348.0,68236.0,68348.0,0.32813793,2024-03-05 01:04:00+00:00,68348.0,93.0,0.0013616101310857818,71.35219205276361,9.21152838452489,93.0,19.0,0.021921812203142127,0.026944444444444444
1709600700,68348.0,68451.0,68266.0,68441.0,7.69733921,2024-03-05 01:05:00+00:00,68441.0,93.0,0.0013597586696198981,72.28880206473754,9.33244421713376,103.0,82.0,0.021440057173485797,0.026944444444444444
1709600760,68443.0,68443.0,68217.0,68238.0,0.87682496,2024-03-05 01:06:00+00:00,68238.0,-203.0,-0.002970465825284335,76.56122508450787,9.884011657251216,2.0,224.0,0.020942408376963352,0.026944444444444444
1709600820,68238.0,68326.0,68141.0,68318.0,4.94739052,2024-03-05 01:07:00+00:00,68318.0,80.0,0.0011716806167761406,76.14267755098166,9.829977403019777,88.0,97.0,0.020833333333333332,0.02722222222222222
1709600880,68288.0,68313.0,68233.0,68313.0,4.49201068,2024-03-05 01:08:00+00:00,68313.0,-5.0,-7.318983250113901e-05,75.84786102850144,9.791916753628021,0.0,85.0,0.020895002611875328,0.02722222222222222
1709600940,68329.0,68475.0,68329.0,68460.0,17.14616819,2024-03-05 01:09:00+00:00,68460.0,147.0,0.0021495478874017904,78.1558254440925,10.089873678468804,162.0,0.0,0.020470829068577275,0.026944444444444444
1709601000,68447.0,68553.0,68438.0,68500.0,11.78620221,2024-03-05 01:10:00+00:00,68500.0,40.0,0.0005841121661402883,77.4948440056345,10.004541341692137,93.0,22.0,0.02044989775051125,0.026944444444444444
1709601060,68501.0,68561.0,68490.0,68557.0,3.96213328,2024-03-05 01:11:00+00:00,68557.0,57.0,0.0008317707710843403,76.18440310743503,9.835364149194948,61.0,10.0,0.020689655172413793,0.02722222222222222
1709601120,68569.0,68610.0,68551.0,68607.0,4.2345437,2024-03-05 01:12:00+00:00,68607.0,50.0,0.0007290543030922196,75.2700205174714,9.717317864428576,53.0,6.0,0.020971688220901785,0.0275
1709601180,68558.0,68618.0,68440.0,68602.0,1.73788945,2024-03-05 01:13:00+00:00,68602.0,-5.0,-7.288151655089336e-05,75.24242552489955,9.713755366206259,11.0,167.0,0.02050230650948232,0.0275
1709601240,68597.0,68597.0,68443.0,68443.0,0.3199135,2024-03-05 01:14:00+00:00,68443.0,-159.0,-0.002320406747299093,77.6602971370341,10.02590124910842,0.0,159.0,0.02031832035218422,0.02722222222222222
1709601300,68463.0,68621.0,68463.0,68621.0,1.61803896,2024-03-05 01:15:00+00:00,68621.0,178.0,0.0025973282563962023,80.94515127000686,10.44997409416589,178.0,0.0,0.01993686658913441,0.026944444444444444
1709601360,68593.0,68621.0,68587.0,68614.0,0.05300141,2024-03-05 01:16:00+00:00,68614.0,-7.0,-0.00010201479223336287,80.20436291442302,10.354338728691204,0.0,34.0,0.020107238605898123,0.02666666666666667
1709601420,68609.0,68627.0,68605.0,68622.0,0.25570759,2024-03-05 01:17:00+00:00,68622.0,8.0,0.0001165874844657004,79.27848897121666,10.234808916600349,13.0,9.0,0.020366598778004074,0.026944444444444444
1709601480,68627.0,68627.0,68530.0,68581.0,0.09387961,2024-03-05 01:18:00+00:00,68581.0,-41.0,-0.0005976545880250353,79.48595263734761,10.261592360729292,5.0,92.0,0.020185029436501262,0.026944444444444444
1709601540,68549.0,68550.0,68304.0,68357.0,1.49490694,2024-03-05 01:19:00+00:00,68357.0,-224.0,-0.0032715564677565094,84.7180501581503,10.937053246189357,0.0,277.0,0.019582245430809397,0.02666666666666667
1709601600,68377.0,68456.0,68316.0,68441.0,4.40064868,2024-03-05 01:20:00+00:00,68441.0,84.0,0.0012280882842936537,84.98980330996575,10.972136427231378,99.0,41.0,0.019411193788417987,0.026944444444444444
1709601660,68473.0,68560.0,68470.0,68472.0,3.83343144,2024-03-05 01:21:00+00:00,68472.0,31.0,0.0004528423236617824,85.08656940895732,10.98462887689377,119.0,0.0,0.019286403085824494,0.02666666666666667
1709601720,68435.0,68557.0,68422.0,68522.0,0.43793033,2024-03-05 01:22:00+00:00,68522.0,50.0,0.0007299590087180494,85.28545620179342,11.010305051441598,85.0,50.0,0.01913265306122449,0.026944444444444444
1709601780,68566.0,68634.0,68552.0,68600.0,1.21806366,2024-03-05 01:23:00+00:00,68600.0,78.0,0.001137673143812907,80.09694690782416,10.340471381868754,112.0,0.0,0.01951219512195122,0.026944444444444444
1709601840,68600.0,68643.0,68569.0,68601.0,2.15575005,2024-03-05 01:24:00+00:00,68601.0,1.0,1.4577153228075828e-05,79.88449288435041,10.313043685377133,43.0,31.0,0.01953125,0.026944444444444444
1709601900,68596.0,68598.0,68508.0,68513.0,0.25630633,2024-03-05 01:25:00+00:00,68513.0,-88.0,-0.0012836036011301976,80.80851852785489,10.432334883002515,0.0,93.0,0.01937984496124031,0.02666666666666667
1709601960,68523.0,68548.0,68483.0,68536.0,0.07712291,2024-03-05 01:26:00+00:00,68536.0,23.0,0.00033564637780547114,80.15565894568485,10.348051073363965,35.0,30.0,0.01951854261548471,0.026944444444444444
1709602020,68487.0,68595.0,68481.0,68588.0,0.58153821,2024-03-05 01:27:00+00:00,68588.0,52.0,0.00075843765486218,80.25291060775895,10.360606208950765,59.0,55.0,0.019348597226701066,0.02722222222222222
1709602080,68590.0,68602.0,68528.0,68602.0,0.79585454,2024-03-05 01:28:00+00:00,68602.0,14.0,0.00020409650920026896,80.18904922630776,10.352361740056557,14.0,60.0,0.019464720194647202,0.02722222222222222
1709602140,68544.0,68571.0,68512.0,68546.0,0.03235773,2024-03-05 01:29:00+00:00,68546.0,-56.0,-0.0008166360881991982,80.18904922630776,10.352361740056557,0.0,90.0,0.019357960961445396,0.02722222222222222
1709602200,68529.0,68529.0,68462.0,68494.0,0.11826255,2024-03-05 01:30:00+00:00,68494.0,-52.0,-0.0007589025466390956,79.23967076994208,10.229797508364811,0.0,84.0,0.01962708537782139,0.026944444444444444
1709602260,68509.0,68575.0,68509.0,68563.0,0.23833598,2024-03-05 01:31:00+00:00,68563.0,69.0,0.0010068804341171619,79.5923938108559,10.275333857140906,81.0,0.0,0.01966568338249754,0.02666666666666667
1709602320,68555.0,68575.0,68460.0,68460.0,1.07197191,2024-03-05 01:32:00+00:00,68460.0,-103.0,-0.0015033975230447937,80.79848686841845,10.43103980133811,12.0,103.0,0.019502681618722574,0.02666666666666667
1709602380,68456.0,68545.0,68410.0,68518.0,0.0366214,2024-03-05 01:33:00+00:00,68518.0,58.0,0.0008468513698002948,81.03051667593117,10.460994720682127,85.0,50.0,0.01921229586935639,0.02666666666666667
1709602440,68499.0,68506.0,68414.0,68414.0,0.03941278,2024-03-05 01:34:00+00:00,68414.0,-104.0,-0.0015190024245200528,81.80023206630707,10.560364550290307,0.0,104.0,0.019218449711723255,0.02638888888888889
1709602500,68407.0,68425.0,68368.0,68380.0,0.72841714,2024-03-05 01:35:00+00:00,68380.0,-34.0,-0.000497097836164388,81.88857490862183,10.571769562191697,11.0,46.0,0.01932367149758454,0.02666666666666667
1709602560,68380.0,68406.0,68292.0,68292.0,1.70647585,2024-03-05 01:36:00+00:00,68292.0,-88.0,-0.0012877548021681259,82.72822566714396,10.680168009004584,26.0,88.0,0.019157088122605363,0.02666666666666667
1709602620,68269.0,68340.0,68202.0,68324.0,0.09091938,2024-03-05 01:37:00+00:00,68324.0,32.0,0.0004684663668271705,82.73624964699401,10.681203900348903,48.0,90.0,0.018909549322407817,0.02666666666666667
1709602680,68316.0,68420.0,68308.0,68420.0,1.56759336,2024-03-05 01:38:00+00:00,68420.0,96.0,0.0014040837736442413,83.2672692934818,10.749758241927442,96.0,16.0,0.01874121505544276,0.02666666666666667
1709602740,68404.0,68466.0,68396.0,68448.0,0.5480654,2024-03-05 01:39:00+00:00,68448.0,28.0,0.0004091533505364712,83.11446568907039,10.730031381423245,46.0,24.0,0.018864958339883667,0.026944444444444444
1709602800,68489.0,68539.0,68477.0,68504.0,0.44310781,2024-03-05 01:40:00+00:00,68504.0,56.0,0.0008178048238957593,81.87109028056736,10.569512306416042,91.0,0.0,0.018975332068311195,0.026944444444444444
1709602860,68514.0,68547.0,68421.0,68421.0,0.66499327,2024-03-05 01:41:00+00:00,68421.0,-83.0,-0.0012123426717683993,81.62553847340575,10.537811704423776,43.0,83.0,0.018918492826738135,0.02722222222222222
1709602920,68451.0,68548.0,68448.0,68479.0,0.59441996,2024-03-05 01:42:00+00:00,68479.0,58.0,0.0008473338710038321,81.91706568058643,10.575447705036346,127.0,0.0,0.018671230745293296,0.026944444444444444
1709602980,68475.0,68496.0,68453.0,68472.0,0.17115075,2024-03-05 01:43:00+00:00,68472.0,-7.0,-0.00010222634381778068,81.1089035635924,10.47111442436456,17.0,26.0,0.018885741265344664,0.026944444444444444
1709603040,68469.0,68475.0,68405.0,68450.0,1.82380384,2024-03-05 01:44:00+00:00,68450.0,-22.0,-0.00032135084485065496,81.17212652317163,10.479276473349502,3.0,67.0,0.01892744479495268,0.026944444444444444
1709603100,68429.0,68517.0,68391.0,68470.0,2.89490001,2024-03-05 01:45:00+00:00,68470.0,20.0,0.0002921413985135488,81.16260445292474,10.478047179366582,67.0,59.0,0.018844221105527637,0.026944444444444444
1709603160,68510.0,68556.0,68504.0,68532.0,1.00274286,2024-03-05 01:46:00+00:00,68532.0,62.0,0.0009050963377545535,81.50092543927109,10.521724230892977,86.0,0.0,0.01879993733354222,0.02666666666666667
1709603220,68538.0,68611.0,68538.0,68570.0,0.15813564,2024-03-05 01:47:00+00:00,68570.0,38.0,0.0005543318255469465,81.3317889081855,10.499888798621985,79.0,0.0,0.01878522229179712,0.02666666666666667
1709603280,68588.0,68643.0,68544.0,68643.0,0.9150689,2024-03-05 01:48:00+00:00,68643.0,73.0,0.0010640392220478824,79.58363401013982,10.274202971731256,73.0,26.0,0.01892744479495268,0.026944444444444444
1709603340,68639.0,68726.0,68629.0,68697.0,7.23812199,2024-03-05 01:49:00+00:00,68697.0,54.0,0.0007863696342319015,79.47746722568709,10.260496898794397,83.0,14.0,0.018829436686019142,0.026944444444444444
1709603400,68724.0,68759.0,68612.0,68712.0,3.69810278,2024-03-05 01:50:00+00:00,68712.0,15.0,0.000218326311370993,78.22750213572894,10.099127099569444,62.0,85.0,0.018885741265344664,0.026944444444444444
1709603460,68704.0,68767.0,68639.0,68767.0,5.5648508,2024-03-05 01:51:00+00:00,68767.0,55.0,0.0008001222431676952,78.27436896045977,10.105177580625181,55.0,73.0,0.018764659890539485,0.02722222222222222
1709603520,68762.0,68789.0,68730.0,68762.0,0.03490077,2024-03-05 01:52:00+00:00,68762.0,-5.0,-7.271193715078741e-05,76.23253898434707,9.841578464182795,22.0,37.0,0.01899335232668566,0.0275
1709603580,68789.0,68850.0,68769.0,68811.0,1.97901682,2024-03-05 01:53:00+00:00,68811.0,49.0,0.000712349110247677,75.58618196439609,9.758134131716982,88.0,0.0,0.019020446980504042,0.0275
1709603640,68797.0,68847.0,68702.0,68797.0,0.32767133,2024-03-05 01:54:00+00:00,68797.0,-14.0,-0.00020347654276349974,74.89935997252434,9.669465793839372,36.0,109.0,0.018924459864374705,0.0275
1709603700,68804.0,68822.0,68668.0,68668.0,0.66516243,2024-03-05 01:55:00+00:00,68668.0,-129.0,-0.0018768419287419227,77.06201919402244,9.948663898785506,25.0,129.0,0.0187236698392885,0.0275
1709603760,68682.0,68743.0,68682.0,68689.0,0.9460858,2024-03-05 01:56:00+00:00,68689.0,21.0,0.00030577255128787315,76.66574858207355,9.897505582763191,75.0,0.0,0.018709073900841908,0.0275
1709603820,68708.0,68725.0,68651.0,68691.0,0.13180519,2024-03-05 01:57:00+00:00,68691.0,2.0,2.911631969915136e-05,76.6459760830111,9.894952964110466,36.0,38.0,0.0187207488299532,0.0275
1709603880,68659.0,68684.0,68649.0,68684.0,0.19862702,2024-03-05 01:58:00+00:00,68684.0,-7.0,-0.00010191082811363728,76.59570838090654,9.888463431673697,0.0,42.0,0.018782282047268742,0.0275
1709603940,68685.0,68685.0,68622.0,68654.0,0.39702899,2024-03-05 01:59:00+00:00,68654.0,-30.0,-0.000436878365451083,76.47785211684999,9.873248253409121,1.0,62.0,0.018835347669125726,0.0275
1709604000,68675.0,68687.0,68612.0,68644.0,1.41987555,2024-03-05 02:00:00+00:00,68644.0,-10.0,-0.00014566854604853045,76.32405637753342,9.853393308839431,33.0,42.0,0.018788163457022077,0.0275
1709604060,68641.0,68641.0,68531.0,68559.0,2.32524513,2024-03-05 02:01:00+00:00,68559.0,-85.0,-0.001239040121199638,77.21159385732622,9.967973904785177,0.0,113.0,0.018627755355479666,0.02722222222222222
1709604120,68555.0,68654.0,68536.0,68553.0,0.13046411,2024-03-05 02:02:00+00:00,68553.0,-6.0,-8.751969198660323e-05,76.3138405525957,9.852074451511045,95.0,23.0,0.01860176716788095,0.0275
1709604180,68521.0,68586.0,68521.0,68531.0,2.27257819,2024-03-05 02:03:00+00:00,68531.0,-22.0,-0.00032097108617885526,76.38843643077779,9.86170473797421,33.0,32.0,0.018572976319455193,0.0275
1709604240,68552.0,68574.0,68539.0,68539.0,0.12981135,2024-03-05 02:04:00+00:00,68539.0,8.0,0.00011672867890978215,75.50429141842777,9.747562107692078,43.0,0.0,0.01877346683354193,0.02722222222222222
1709604300,68556.0,68565.0,68509.0,68509.0,0.5435463,2024-03-05 02:05:00+00:00,68509.0,-30.0,-0.00043780282060555046,74.6897462312625,9.642404776204595,26.0,30.0,0.019160146894459523,0.02722222222222222
1709604360,68550.0,68591.0,68505.0,68505.0,5.11335168,2024-03-05 02:06:00+00:00,68505.0,-4.0,-5.8388193923821456e-05,69.72474331618919,9.001425656072922,82.0,4.0,0.019598236158745713,0.02722222222222222
1709604420,68502.0,68534.0,68498.0,68521.0,0.97649267,2024-03-05 02:07:00+00:00,68521.0,16.0,0.0002335323233943824,69.03550834483204,8.912445803883255,29.0,7.0,0.020087043856712422,0.02722222222222222
1709604480,68509.0,68623.0,68509.0,68605.0,0.36483273,2024-03-05 02:08:00+00:00,68605.0,84.0,0.0012251507446721795,69.80419750058417,9.011683147171196,102.0,12.0,0.01999000499750125,0.0275
1709604540,68607.0,68607.0,68554.0,68554.0,0.06871448,2024-03-05 02:09:00+00:00,68554.0,-51.0,-0.0007436624990032988,67.6169085930702,8.729305363433003,2.0,51.0,0.02035968781812012,0.027777777777777776
1709604600,68544.0,68575.0,68525.0,68531.0,0.2732239,2024-03-05 02:10:00+00:00,68531.0,-23.0,-0.0003355582334437492,67.49902489356359,8.714086643267054,21.0,29.0,0.020586721564590838,0.027777777777777776
1709604660,68504.0,68504.0,68334.0,68373.0,0.62171524,2024-03-05 02:11:00+00:00,68373.0,-158.0,-0.0023081877833876626,70.10618258155402,9.050669253484507,0.0,197.0,0.020151133501259445,0.0275
1709604720,68369.0,68373.0,68207.0,68207.0,0.23209222,2024-03-05 02:12:00+00:00,68207.0,-166.0,-0.0024308109787519894,72.8280227931172,9.402057313831902,0.0,166.0,0.01979544704717915,0.02722222222222222
1709604780,68225.0,68283.0,68206.0,68234.0,0.46493489,2024-03-05 02:13:00+00:00,68234.0,27.0,0.0003957754685532988,72.9574909123524,9.418771576153993,76.0,1.0,0.020130850528434826,0.02722222222222222
1709604840,68228.0,68260.0,68228.0,68260.0,0.03155083,2024-03-05 02:14:00+00:00,68260.0,26.0,0.0003809691314557449,70.24640047476463,9.06877130565934,26.0,6.0,0.02056907781967775,0.0275
1709604900,68265.0,68265.0,68172.0,68202.0,0.22957707,2024-03-05 02:15:00+00:00,68202.0,-58.0,-0.0008500535459324885,66.44112767200508,8.577512699230548,5.0,88.0,0.02087319533831971,0.027777777777777776
1709604960,68157.0,68157.0,68068.0,68068.0,1.11803915,2024-03-05 02:16:00+00:00,68068.0,-134.0,-0.001966684423438175,68.43472703537857,8.834885270342388,0.0,134.0,0.02051632757736365,0.027777777777777776
1709605020,68100.0,68134.0,68014.0,68014.0,0.43194169,2024-03-05 02:17:00+00:00,68014.0,-54.0,-0.0007936391710054398,68.6399267775148,8.861376443140378,66.0,54.0,0.020178241129981504,0.027777777777777776
1709605080,68011.0,68068.0,67906.0,67906.0,51.01221702,2024-03-05 02:18:00+00:00,67906.0,-108.0,-0.0015891704345079658,69.68758978104725,8.996629155311005,54.0,108.0,0.01996007984031936,0.027777777777777776
1709605140,67906.0,68092.0,67906.0,68092.0,5.65987281,2024-03-05 02:19:00+00:00,68092.0,186.0,0.0027353360486473367,68.5650233674468,8.85170645448146,186.0,0.0,0.020266846816416145,0.027777777777777776
1709605200,68134.0,68187.0,68134.0,68134.0,0.17032066,2024-03-05 02:20:00+00:00,68134.0,42.0,0.0006166223970575058,67.85780038762178,8.76040436038421,95.0,0.0,0.020422055820285907,0.0275
1709605260,68158.0,68215.0,68141.0,68215.0,0.0942483,2024-03-05 02:21:00+00:00,68215.0,81.0,0.001188127665455813,68.61167852034029,8.857729608820502,81.0,0.0,0.020554984583761562,0.0275
1709605320,68208.0,68292.0,68193.0,68267.0,0.59143373,2024-03-05 02:22:00+00:00,68267.0,52.0,0.0007620052829847348,68.63897815406267,8.861253976379315,77.0,22.0,0.020682523267838676,0.0275
1709605380,68279.0,68394.0,68279.0,68349.0,0.13192813,2024-03-05 02:23:00+00:00,68349.0,82.0,0.0012004451872006474,68.72211093289728,8.87198637197766,127.0,0.0,0.020629190304280558,0.0275
1709605440,68327.0,68421.0,68263.0,68407.0,0.13319397,2024-03-05 02:24:00+00:00,68407.0,58.0,0.0008482260884718145,69.18738169139462,8.932052568615577,72.0,86.0,0.020335536349771227,0.0275
1709605500,68421.0,68424.0,68355.0,68363.0,0.08671227,2024-03-05 02:25:00+00:00,68363.0,-44.0,-0.0006434159759880467,68.50349490032838,8.84376316353255,17.0,52.0,0.02041858090862685,0.027777777777777776
1709605560,68342.0,68349.0,68254.0,68254.0,0.84251426,2024-03-05 02:26:00+00:00,68254.0,-109.0,-0.001595702191214498,69.77841441766975,9.008354565479815,0.0,109.0,0.020266846816416145,0.0275
1709605620,68272.0,68442.0,68257.0,68438.0,2.30754559,2024-03-05 02:27:00+00:00,68438.0,184.0,0.0026921855139127246,73.57401438837175,9.498364414659621,188.0,0.0,0.020016680567139282,0.02722222222222222
1709605680,68434.0,68450.0,68401.0,68427.0,0.09722681,2024-03-05 02:28:00+00:00,68427.0,-11.0,-0.00016074233768580885,73.54977368448895,9.495234953245008,12.0,37.0,0.020100502512562814,0.02722222222222222
1709605740,68425.0,68443.0,68377.0,68378.0,0.22743598,2024-03-05 02:29:00+00:00,68378.0,-49.0,-0.0007163481173258528,73.46965244581241,9.484891345809283,16.0,50.0,0.020181634712411706,0.0275
1709605800,68377.0,68377.0,68209.0,68264.0,1.96130695,2024-03-05 02:30:00+00:00,68264.0,-114.0,-0.0016685942309093936,74.600669480948,9.63090501718785,0.0,169.0,0.01989719781130824,0.0275
1709605860,68320.0,68428.0,68308.0,68393.0,0.2922435,2024-03-05 02:31:00+00:00,68393.0,129.0,0.0018879389759231993,75.98286306941839,9.8093454421672,164.0,0.0,0.01962708537782139,0.0275
1709605920,68320.0,68404.0,68262.0,68356.0,4.93504322,2024-03-05 02:32:00+00:00,68356.0,-37.0,-0.0005411374255445336,74.97928904244645,9.67978459239558,11.0,131.0,0.019540791402051783,0.0275
1709605980,68354.0,68354.0,68250.0,68276.0,0.48623258,2024-03-05 02:33:00+00:00,68276.0,-80.0,-0.001171028882575928,75.23206282454412,9.712417547342982,0.0,106.0,0.01963350785340314,0.02722222222222222
1709606040,68249.0,68249.0,68217.0,68241.0,0.20893696,2024-03-05 02:34:00+00:00,68241.0,-35.0,-0.0005127566642520827,74.19833514205762,9.578963877383522,0.0,59.0,0.019779133014669523,0.02722222222222222
1709606100,68230.0,68266.0,68160.0,68160.0,0.49882871,2024-03-05 02:35:00+00:00,68160.0,-81.0,-0.0011876747167741046,74.77824089087987,9.653829387635474,25.0,81.0,0.01962066710268149,0.02722222222222222
1709606160,68144.0,68193.0,68122.0,68147.0,0.17406338,2024-03-05 02:36:00+00:00,68147.0,-13.0,-0.00019074589037126525,73.96707734575864,9.549108624258636,33.0,38.0,0.019759591635106207,0.02722222222222222
1709606220,68137.0,68137.0,68019.0,68036.0,0.57707644,2024-03-05 02:37:00+00:00,68036.0,-111.0,-0.0016301597788437434,75.1339594617958,9.699752457671943,0.0,128.0,0.019792182088075212,0.026944444444444444
1709606280,68054.0,68128.0,68052.0,68108.0,0.53747916,2024-03-05 02:38:00+00:00,68108.0,72.0,0.0010577037065522404,74.65055314427187,9.637344970431222,92.0,0.0,0.019857686579513485,0.02666666666666667
1709606340,68108.0,68108.0,68020.0,68043.0,0.41504415,2024-03-05 02:39:00+00:00,68043.0,-65.0,-0.0009548222919889552,74.91455584842038,9.67142757298192,0.0,88.0,0.019798713083649562,0.02638888888888889
1709606400,68023.0,68112.0,68019.0,68112.0,0.18323129,2024-03-05 02:40:00+00:00,68112.0,69.0,0.0010135508193880305,75.11764031840754,9.697645665319707,69.0,24.0,0.019792182088075212,0.02666666666666667
1709606460,68121.0,68151.0,68121.0,68151.0,0.02798409,2024-03-05 02:41:00+00:00,68151.0,39.0,0.0005724224633968143,74.6625175400865,9.638889567289139,39.0,0.0,0.020080321285140562,0.02638888888888889
1709606520,68159.0,68243.0,68159.0,68220.0,0.20213625,2024-03-05 02:42:00+00:00,68220.0,69.0,0.0010119454413064174,74.8319001284623,9.660756765419704,92.0,0.0,0.020198619760983,0.02638888888888889
1709606580,68211.0,68279.0,68207.0,68279.0,0.10512892,2024-03-05 02:43:00+00:00,68279.0,59.0,0.0008644752514569337,75.27555969241043,9.718032968838262,59.0,13.0,0.020100502512562814,0.02638888888888889
1709606640,68296.0,68321.0,68284.0,68321.0,0.28236976,2024-03-05 02:44:00+00:00,68321.0,42.0,0.0006149341335797709,75.45810937988333,9.74160003215286,42.0,0.0,0.02019522046449007,0.026111111111111113
1709606700,68286.0,68374.0,68286.0,68332.0,2.58162128,2024-03-05 02:45:00+00:00,68332.0,11.0,0.0001609917092746834,75.42226888703226,9.736973044421791,53.0,35.0,0.02032520325203252,0.026111111111111113
1709606760,68359.0,68371.0,68279.0,68306.0,0.32372405,2024-03-05 02:46:00+00:00,68306.0,-26.0,-0.00038056763585238475,75.00516743027066,9.683125477897907,39.0,53.0,0.02030456852791878,0.02638888888888889
1709606820,68341.0,68358.0,68304.0,68352.0,0.33266723,2024-03-05 02:47:00+00:00,68352.0,46.0,0.0006732134487161734,75.08773775778518,9.693785261343061,52.0,2.0,0.020390824129141887,0.02666666666666667
1709606880,68388.0,68389.0,68353.0,68354.0,0.73175125,2024-03-05 02:48:00+00:00,68354.0,2.0,2.9259871551249782e-05,74.41602972630281,9.607068127361561,37.0,0.0,0.020607934054611025,0.02638888888888889
1709606940,68373.0,68402.0,68368.0,68384.0,0.06921864,2024-03-05 02:49:00+00:00,68384.0,30.0,0.00043879536751097403,74.15857760750511,9.573831201743252,48.0,0.0,0.020782819535850365,0.026111111111111113
1709607000,68321.0,68368.0,68304.0,68335.0,0.08930736,2024-03-05 02:50:00+00:00,68335.0,-49.0,-0.0007167987199733493,74.32295346949941,9.595052034277332,0.0,80.0,0.021026809181706678,0.025833333333333333
1709607060,68355.0,68408.0,68355.0,68361.0,0.06502525,2024-03-05 02:51:00+00:00,68361.0,26.0,0.0003804061613146179,74.01130620606341,9.554818545571374,73.0,0.0,0.021231422505307854,0.025555555555555557
1709607120,68331.0,68331.0,68289.0,68316.0,0.2125364,2024-03-05 02:52:00+00:00,68316.0,-45.0,-0.0006584868211332937,74.1750944237239,9.575963513548176,0.0,72.0,0.021182700794351278,0.025277777777777777
1709607180,68274.0,68308.0,68250.0,68308.0,0.58389443,2024-03-05 02:53:00+00:00,68308.0,-8.0,-0.0001171097319525205,73.8041594681645,9.52807601670125,0.0,66.0,0.02126528442317916,0.025277777777777777
1709607240,68317.0,68335.0,68317.0,68320.0,0.08444657,2024-03-05 02:54:00+00:00,68320.0,12.0,0.00017565945532180532,73.84693858910501,9.533598777466851,27.0,0.0,0.021719457013574663,0.025
1709607300,68285.0,68367.0,68251.0,68367.0,0.05810334,2024-03-05 02:55:00+00:00,68367.0,47.0,0.0006877025884294498,72.43921862831088,9.351862911990871,47.0,69.0,0.02186987424822307,0.025
1709607360,68362.0,68362.0,68326.0,68348.0,0.10683143,2024-03-05 02:56:00+00:00,68348.0,-19.0,-0.00027795048271690026,72.37976392603596,9.344187342932054,0.0,41.0,0.022006235099944982,0.025
1709607420,68347.0,68372.0,68328.0,68328.0,1.26127004,2024-03-05 02:57:00+00:00,68328.0,-20.0,-0.0002926629421808552,72.39590422912431,9.346271047100851,24.0,20.0,0.022127973446431862,0.025
1709607480,68306.0,68306.0,68251.0,68261.0,0.00408751,2024-03-05 02:58:00+00:00,68261.0,-67.0,-0.0009810454044422781,72.82238084917554,9.401328942001026,0.0,77.0,0.021986075485525832,0.025
1709607540,68250.0,68263.0,68219.0,68263.0,0.48139562,2024-03-05 02:59:00+00:00,68263.0,2.0,2.9298877855092864e-05,72.76861207934915,9.394387423664904,2.0,42.0,0.02206287920573635,0.025
1709607600,68249.0,68249.0,67861.0,68192.0,70.47384328,2024-03-05 03:00:00+00:00,68192.0,-71.0,-0.0010406362010523783,73.24268151481226,9.455589524614723,0.0,402.0,0.02081165452653486,0.024722222222222222
1709607660,68175.0,68177.0,68117.0,68148.0,14.93881122,2024-03-05 03:01:00+00:00,68148.0,-44.0,-0.0006454452329108164,72.69691551519723,9.385131437033548,0.0,75.0,0.02094972067039106,0.024722222222222222
1709607720,68165.0,68165.0,68096.0,68103.0,0.09557204,2024-03-05 03:02:00+00:00,68103.0,-45.0,-0.000660545634691903,72.86335016048992,9.406618057348565,17.0,52.0,0.021130480718436342,0.024722222222222222
1709607780,68092.0,68092.0,68058.0,68092.0,0.25090928,2024-03-05 03:03:00+00:00,68092.0,-11.0,-0.00016153309627987833,72.84008294624475,9.40361427290576,0.0,45.0,0.021205159922247748,0.024444444444444446
1709607840,68113.0,68156.0,68054.0,68054.0,3.21879736,2024-03-05 03:04:00+00:00,68054.0,-38.0,-0.0005582242737469983,72.91817835398298,9.41369634669194,64.0,38.0,0.020986358866736624,0.024722222222222222
1709607900,68055.0,68086.0,68051.0,68066.0,0.24919924,2024-03-05 03:05:00+00:00,68066.0,12.0,0.00017631501661907308,72.90581145994305,9.412099787536576,32.0,3.0,0.021063717746182202,0.024722222222222222
1709607960,68064.0,68068.0,67982.0,67982.0,1.58728873,2024-03-05 03:06:00+00:00,67982.0,-84.0,-0.0012348584422281375,73.57138621812486,9.498025119339715,2.0,84.0,0.021063717746182202,0.024722222222222222
1709608020,67995.0,68057.0,67995.0,68041.0,0.06086069,2024-03-05 03:07:00+00:00,68041.0,59.0,0.0008675004036091806,74.0242745343646,9.556492749555995,75.0,0.0,0.020920502092050212,0.024444444444444446
1709608080,68009.0,68081.0,68000.0,68076.0,0.32737827,2024-03-05 03:08:00+00:00,68076.0,35.0,0.0005142634758532584,73.25842154785762,9.457621554143172,40.0,41.0,0.021041557075223566,0.024444444444444446
1709608140,68051.0,68114.0,68040.0,68088.0,0.12371031,2024-03-05 03:09:00+00:00,68088.0,12.0,0.00017625804222949347,73.09486908809431,9.43650702238002,38.0,36.0,0.020964360587002094,0.024444444444444446
1709608200,68087.0,68087.0,67990.0,68010.0,1.58485157,2024-03-05 03:10:00+00:00,68010.0,-78.0,-0.0011462329871126144,73.63204250607077,9.505855812441624,0.0,98.0,0.020790020790020788,0.024166666666666666
1709608260,68023.0,68023.0,67943.0,67956.0,2.47699132,2024-03-05 03:11:00+00:00,67956.0,-54.0,-0.0007943162678791183,71.24282301052133,9.197408901885055,13.0,67.0,0.021220159151193633,0.024444444444444446
1709608320,67944.0,67944.0,67625.0,67710.0,9.80635861,2024-03-05 03:12:00+00:00,67710.0,-246.0,-0.0036265574221142184,74.9234845096879,9.672580258195019,0.0,331.0,0.020618556701030927,0.024444444444444446
1709608380,67710.0,67853.0,67710.0,67852.0,1.55483205,2024-03-05 03:13:00+00:00,67852.0,142.0,0.002094983135922461,77.27541908964467,9.976213706846417,143.0,0.0,0.020387359836901122,0.024166666666666666
1709608440,67850.0,67850.0,67708.0,67775.0,0.55878266,2024-03-05 03:14:00+00:00,67775.0,-77.0,-0.0011354672487471848,77.68718055508815,10.029371883455502,0.0,144.0,0.020006668889629875,0.02388888888888889
1709608500,67778.0,67853.0,67712.0,67712.0,0.11890684,2024-03-05 03:15:00+00:00,67712.0,-63.0,-0.0009299785889497612,77.74429330338616,10.03674510755598,78.0,63.0,0.019847833278200465,0.02388888888888889
1709608560,67719.0,67871.0,67719.0,67871.0,0.13374556,2024-03-05 03:16:00+00:00,67871.0,159.0,0.0023454278617329617,78.89987039293915,10.185929468325899,159.0,0.0,0.019766101136550814,0.02388888888888889
1709608620,67875.0,67970.0,67864.0,67970.0,0.70245943,2024-03-05 03:17:00+00:00,67970.0,99.0,0.001457586701034471,79.70132097381918,10.28939629341112,99.0,7.0,0.01981178801386825,0.02388888888888889
1709608680,67961.0,68020.0,67924.0,67937.0,0.22727032,2024-03-05 03:18:00+00:00,67937.0,-33.0,-0.00048562620981321424,78.57059692127181,10.143420445922049,50.0,46.0,0.020030045067601403,0.02388888888888889
1709608740,67951.0,67957.0,67931.0,67957.0,0.0196974,2024-03-05 03:19:00+00:00,67957.0,20.0,0.00029434706674914157,74.75873623910314,9.651311347918645,20.0,6.0,0.02057966043560281,0.024166666666666666
1709608800,67988.0,68024.0,67908.0,67908.0,0.17665588,2024-03-05 03:20:00+00:00,67908.0,-49.0,-0.0007213042670956612,74.76887929302177,9.652620810548862,67.0,49.0,0.02050580997949419,0.024444444444444446
1709608860,67940.0,67994.0,67936.0,67994.0,0.2479101,2024-03-05 03:21:00+00:00,67994.0,86.0,0.0012656180406393578,74.86767799951822,9.665375668711782,86.0,0.0,0.020488304592794947,0.024444444444444446
1709608920,67977.0,68066.0,67977.0,68063.0,0.01750162,2024-03-05 03:22:00+00:00,68063.0,69.0,0.0010142808663340887,75.11374425676824,9.69714268592488,72.0,17.0,0.02052334530528476,0.024444444444444446
1709608980,68080.0,68138.0,68077.0,68096.0,0.85550029,2024-03-05 03:23:00+00:00,68096.0,33.0,0.00048472742376391443,74.43279113052407,9.609232015341828,75.0,0.0,0.020707506471095774,0.024444444444444446
1709609040,68093.0,68148.0,68093.0,68140.0,0.09190872,2024-03-05 03:24:00+00:00,68140.0,44.0,0.0006459379536959322,74.25618161792708,9.586431825306164,52.0,3.0,0.02108222066057625,0.024444444444444446
1709609100,68137.0,68177.0,68137.0,68173.0,0.27184696,2024-03-05 03:25:00+00:00,68173.0,33.0,0.00048417980155509893,74.22644388458475,9.58259270043987,37.0,3.0,0.02119018188239449,0.024444444444444446
1709609160,68175.0,68206.0,68175.0,68190.0,0.12443411,2024-03-05 03:26:00+00:00,68190.0,17.0,0.00024933449818605614,72.95293738737546,9.418183718607251,33.0,0.0,0.021478432074458566,0.024444444444444446
1709609220,68167.0,68167.0,68111.0,68132.0,0.44500004,2024-03-05 03:27:00+00:00,68132.0,-58.0,-0.0008509265342306775,69.13771567540799,8.92564071352262,0.0,79.0,0.02190580503833516,0.024444444444444446
1709609280,68110.0,68128.0,68013.0,68106.0,5.97004158,2024-03-05 03:28:00+00:00,68106.0,-26.0,-0.00038168499707347465,69.18651406750853,8.931940558853523,0.0,119.0,0.021629416005767843,0.024166666666666666
1709609340,68111.0,68126.0,68084.0,68089.0,0.15722284,2024-03-05 03:29:00+00:00,68089.0,-17.0,-0.00024964205864078126,68.96732010842416,8.903642740416089,20.0,22.0,0.02172338884866039,0.024166666666666666
1709609400,68110.0,68157.0,68110.0,68157.0,0.01940117,2024-03-05 03:30:00+00:00,68157.0,68.0,0.0009981945252884275,68.08048369310401,8.789152651504581,68.0,0.0,0.022127973446431862,0.024166666666666666
1709609460,68159.0,68166.0,68089.0,68166.0,0.13063488,2024-03-05 03:31:00+00:00,68166.0,9.0,0.0001320393479174439,65.9010793529742,8.50779276103875,9.0,68.0,0.022488755622188904,0.024444444444444446
1709609520,68157.0,68168.0,68087.0,68106.0,1.52026188,2024-03-05 03:32:00+00:00,68106.0,-60.0,-0.0008805918145651302,66.16393781106639,8.541727642058778,2.0,79.0,0.022748815165876776,0.024444444444444446
1709609580,68172.0,68172.0,68102.0,68162.0,0.4005879,2024-03-05 03:33:00+00:00,68162.0,56.0,0.0008219098123184716,65.85080723544182,8.501302658572701,66.0,4.0,0.022905134567665585,0.024722222222222222
1709609640,68171.0,68173.0,68119.0,68129.0,0.41519897,2024-03-05 03:34:00+00:00,68129.0,-33.0,-0.0004842579575304071,65.83427232399075,8.499168010683334,11.0,43.0,0.02292701566679404,0.025
1709609700,68136.0,68153.0,68112.0,68145.0,1.01480303,2024-03-05 03:35:00+00:00,68145.0,16.0,0.00023482102343103228,65.04434601986969,8.397188963330267,24.0,17.0,0.023215322112594312,0.025
1709609760,68108.0,68158.0,68106.0,68130.0,33.88285289,2024-03-05 03:36:00+00:00,68130.0,-15.0,-0.00022014309389957546,65.051502846582,8.398112905685881,13.0,39.0,0.02330097087378641,0.025
1709609820,68099.0,68130.0,68094.0,68125.0,6.29201254,2024-03-05 03:37:00+00:00,68125.0,-5.0,-7.339180216861604e-05,63.4124223692366,8.186508525957468,0.0,36.0,0.02372479240806643,0.025
1709609880,68128.0,68130.0,68115.0,68122.0,19.47533109,2024-03-05 03:38:00+00:00,68122.0,-3.0,-4.4037666891548026e-05,62.73440562974602,8.098976941274238,5.0,10.0,0.024091547881951416,0.025277777777777777
1709609940,68121.0,68130.0,68114.0,68130.0,17.52467624,2024-03-05 03:39:00+00:00,68130.0,8.0,0.00011742946906028019,62.15301648051456,8.023919924852933,8.0,8.0,0.024444897127724588,0.025555555555555557
1709610000,68130.0,68130.0,68092.0,68096.0,0.44356617,2024-03-05 03:40:00+00:00,68096.0,-34.0,-0.0004991705064522564,61.67626433175813,7.962371487106191,0.0,38.0,0.024721878862793572,0.025277777777777777
1709610060,68097.0,68130.0,68097.0,68115.0,1.32896026,2024-03-05 03:41:00+00:00,68115.0,19.0,0.00027897893889957965,61.51428110334228,7.941459542238874,34.0,0.0,0.024747370591874613,0.025277777777777777
1709610120,68098.0,68210.0,68097.0,68210.0,0.66902518,2024-03-05 03:42:00+00:00,68210.0,95.0,0.001393728448603883,62.101657137382695,8.017289462165538,95.0,18.0,0.02464065708418891,0.025555555555555557
1709610180,68214.0,68279.0,68214.0,68279.0,3.20207761,2024-03-05 03:43:00+00:00,68279.0,69.0,0.0010110705753286395,62.27631157230527,8.039837252758751,69.0,0.0,0.024655845490034932,0.025277777777777777
1709610240,68264.0,68306.0,68264.0,68305.0,0.42116298,2024-03-05 03:44:00+00:00,68305.0,26.0,0.0003807180974939508,62.1274978467712,8.020625483402734,27.0,15.0,0.024655845490034932,0.025555555555555557
1709610300,68289.0,68318.0,68265.0,68290.0,1.03600039,2024-03-05 03:45:00+00:00,68290.0,-15.0,-0.00021962736645263328,62.138254818303366,8.022014202456058,13.0,40.0,0.024834437086092717,0.025555555555555557
1709610360,68336.0,68346.0,68286.0,68289.0,0.10579557,2024-03-05 03:46:00+00:00,68289.0,-1.0,-1.4643539636627886e-05,62.049485900891774,8.010554184496192,56.0,4.0,0.025,0.025555555555555557
1709610420,68286.0,68322.0,68286.0,68288.0,0.07618951,2024-03-05 03:47:00+00:00,68288.0,-1.0,-1.4643754073016928e-05,61.75124143860619,7.972050989978504,33.0,3.0,0.025094102885821833,0.025555555555555557
1709610480,68272.0,68286.0,68220.0,68239.0,0.57946287,2024-03-05 03:48:00+00:00,68239.0,-49.0,-0.0007178067650197389,62.05855399776715,8.011724870768862,0.0,68.0,0.0249324745480989,0.025555555555555557
1709610540,68245.0,68339.0,68231.0,68328.0,0.1076206,2024-03-05 03:49:00+00:00,68328.0,89.0,0.0013033897295776828,63.03264332307333,8.13747926192317,100.0,8.0,0.02462548737943772,0.025833333333333333
1709610600,68324.0,68324.0,68226.0,68226.0,0.07322089,2024-03-05 03:50:00+00:00,68226.0,-102.0,-0.001493914773205374,64.08032344727468,8.27273418436265,0.0,102.0,0.024514811031664967,0.025833333333333333
1709610660,68254.0,68261.0,68244.0,68259.0,0.02910316,2024-03-05 03:51:00+00:00,68259.0,33.0,0.0004835696324586981,64.1381718226031,8.280202377504386,35.0,0.0,0.02470660901791229,0.025833333333333333
1709610720,68313.0,68315.0,68251.0,68251.0,1.02291452,2024-03-05 03:52:00+00:00,68251.0,-8.0,-0.00011720753071806969,63.89220043820806,8.2484476083242,56.0,8.0,0.024747370591874613,0.026111111111111113
1709610780,68271.0,68321.0,68271.0,68298.0,1.84832121,2024-03-05 03:53:00+00:00,68298.0,47.0,0.0006883975987531749,64.18515765562029,8.286268222463828,70.0,0.0,0.0247269730063878,0.026111111111111113
1709610840,68311.0,68311.0,68257.0,68293.0,1.34320825,2024-03-05 03:54:00+00:00,68293.0,-5.0,-7.321126578230327e-05,64.1680592702356,8.284060830402431,13.0,41.0,0.024590163934426233,0.02638888888888889
1709610900,68250.0,68259.0,68222.0,68259.0,0.12208083,2024-03-05 03:55:00+00:00,68259.0,-34.0,-0.0004979788022529165,64.00471380945707,8.262973022093304,0.0,71.0,0.024819027921406413,0.026111111111111113
1709610960,68227.0,68260.0,68222.0,68227.0,0.41276942,2024-03-05 03:56:00+00:00,68227.0,-32.0,-0.0004689125710526004,64.08587767608492,8.273451232218752,1.0,37.0,0.024834437086092717,0.02638888888888889
1709611020,68243.0,68257.0,68209.0,68246.0,1.09062368,2024-03-05 03:57:00+00:00,68246.0,19.0,0.00027844335689484654,64.09816800223649,8.275037906502234,30.0,18.0,0.02481389578163772,0.02638888888888889
1709611080,68219.0,68272.0,68215.0,68262.0,1.65436706,2024-03-05 03:58:00+00:00,68262.0,16.0,0.0002344184966928954,63.55099158214168,8.204397734420082,26.0,31.0,0.024916943521594685,0.02666666666666667
1709611140,68267.0,68267.0,68213.0,68214.0,0.3414674,2024-03-05 03:59:00+00:00,68214.0,-48.0,-0.0007034204106099145,63.85165319566287,8.243212981820463,5.0,49.0,0.02486531288852051,0.02666666666666667
1709611200,68231.0,68297.0,68206.0,68297.0,1.18492143,2024-03-05 04:00:00+00:00,68297.0,83.0,0.0012160193717385428,64.07744916525172,8.272363116149075,83.0,8.0,0.026578073089700997,0.026944444444444444
1709611260,68296.0,68336.0,68293.0,68335.0,1.26862305,2024-03-05 04:01:00+00:00,68335.0,38.0,0.0005562386700007649,63.95949238906342,8.257134961824088,39.0,4.0,0.026767789426723174,0.02722222222222222
1709611320,68336.0,68364.0,68292.0,68364.0,0.61111306,2024-03-05 04:02:00+00:00,68364.0,29.0,0.00042428986949507056,63.7289878964438,8.227376959786028,29.0,43.0,0.026749888542131076,0.02722222222222222
1709611380,68375.0,68404.0,68375.0,68404.0,0.00310809,2024-03-05 04:03:00+00:00,68404.0,40.0,0.0005849321645485894,63.860759548955315,8.24438860697534,40.0,0.0,0.026779736665922784,0.02722222222222222
1709611440,68415.0,68472.0,68415.0,68472.0,0.57248339,2024-03-05 04:04:00+00:00,68472.0,68.0,0.000993600128501254,64.11112351372486,8.276710455843437,68.0,0.0,0.026984483921745,0.026944444444444444
1709611500,68488.0,68550.0,68434.0,68467.0,13.19962622,2024-03-05 04:05:00+00:00,68467.0,-5.0,-7.302521563941266e-05,64.12606537038587,8.278639441243755,78.0,38.0,0.026501766784452298,0.026944444444444444
1709611560,68449.0,68473.0,68440.0,68457.0,0.05448927,2024-03-05 04:06:00+00:00,68457.0,-10.0,-0.00014606643127256256,63.055071884785576,8.140374776789535,6.0,27.0,0.02681564245810056,0.026944444444444444
1709611620,68415.0,68415.0,68393.0,68398.0,0.00484836,2024-03-05 04:07:00+00:00,68398.0,-59.0,-0.0008622264974640696,63.27460330755784,8.168716161601742,0.0,64.0,0.026881720430107524,0.026944444444444444
1709611680,68335.0,68335.0,68309.0,68316.0,0.06020155,2024-03-05 04:08:00+00:00,68316.0,-82.0,-0.0011995846779874846,64.1608149066977,8.283125587091225,0.0,89.0,0.026833631484794278,0.02666666666666667
1709611740,68309.0,68309.0,68232.0,68232.0,3.48844891,2024-03-05 04:09:00+00:00,68232.0,-84.0,-0.0012303367401367872,65.14734277916817,8.410485787779477,0.0,84.0,0.02677376171352075,0.02638888888888889
1709611800,68216.0,68216.0,68103.0,68118.0,5.17084054,2024-03-05 04:10:00+00:00,68118.0,-114.0,-0.0016721676063567862,66.05975723103835,8.528277987010549,0.0,129.0,0.026589851539995567,0.02638888888888889
1709611860,68082.0,68179.0,68082.0,68179.0,0.05153277,2024-03-05 04:11:00+00:00,68179.0,61.0,0.0008951041339549635,66.08163714952572,8.531102672341149,61.0,36.0,0.026490066225165563,0.02638888888888889
1709611920,68158.0,68160.0,67970.0,67995.0,0.35713758,2024-03-05 04:12:00+00:00,67995.0,-184.0,-0.002702426483484207,62.4981694647185,8.068478983510122,0.0,209.0,0.02722323049001815,0.02638888888888889
1709611980,67961.0,68023.0,67931.0,67931.0,0.75929461,2024-03-05 04:13:00+00:00,67931.0,-64.0,-0.0009416889297041959,60.45547224440299,7.804767906322583,28.0,64.0,0.02754188661923342,0.02666666666666667
1709612040,67922.0,67958.0,67892.0,67903.0,1.33363176,2024-03-05 04:14:00+00:00,67903.0,-28.0,-0.0004122679210888035,59.705908252249074,7.707999611038288,27.0,39.0,0.028043935498948354,0.026944444444444444
1709612100,67886.0,67956.0,67886.0,67929.0,0.13631955,2024-03-05 04:15:00+00:00,67929.0,26.0,0.0003828258483646034,59.16340247222425,7.637962415996374,53.0,17.0,0.028517110266159693,0.026944444444444444
1709612160,67963.0,67974.0,67914.0,67923.0,0.05879787,2024-03-05 04:16:00+00:00,67923.0,-6.0,-8.8331419543322e-05,55.54246098032934,7.1705008794730265,45.0,15.0,0.029204185933317108,0.02722222222222222
1709612220,67928.0,67992.0,67928.0,67954.0,0.08127005,2024-03-05 04:17:00+00:00,67954.0,31.0,0.0004562950394527286,54.18326299421769,6.995029173992725,69.0,0.0,0.02946954813359529,0.026944444444444444
1709612280,67935.0,67935.0,67897.0,67897.0,0.02156033,2024-03-05 04:18:00+00:00,67897.0,-57.0,-0.0008391547113360187,54.51657084937695,7.038059033065788,0.0,57.0,0.029754525167369202,0.02666666666666667
1709612340,67940.0,67942.0,67857.0,67866.0,1.55492104,2024-03-05 04:19:00+00:00,67866.0,-31.0,-0.0004566781897684674,54.58642398633395,7.047077034269615,45.0,40.0,0.029325513196480937,0.02666666666666667
1709612400,67853.0,67853.0,67741.0,67813.0,0.75957331,2024-03-05 04:20:00+00:00,67813.0,-53.0,-0.0007812557978134126,54.64780661985966,7.055001498182663,0.0,125.0,0.02926115581565472,0.02638888888888889
1709612460,67833.0,67833.0,67793.0,67805.0,2.28941188,2024-03-05 04:21:00+00:00,67805.0,-8.0,-0.00011797843957702947,53.42817925947923,6.897548283004919,20.0,20.0,0.029593094944512947,0.02666666666666667
1709612520,67833.0,67909.0,67833.0,67903.0,0.19321041,2024-03-05 04:22:00+00:00,67903.0,98.0,0.0014442776702206623,54.21728621292088,6.9994215526401184,104.0,0.0,0.029484029484029485,0.02638888888888889
1709612580,67925.0,67925.0,67800.0,67827.0,0.14424765,2024-03-05 04:23:00+00:00,67827.0,-76.0,-0.0011198704478404527,54.82467948128821,7.07783568640629,22.0,103.0,0.029126213592233007,0.02666666666666667
1709612640,67808.0,67892.0,67808.0,67880.0,0.02390571,2024-03-05 04:24:00+00:00,67880.0,53.0,0.0007810946037366827,54.971692766820574,7.0968150199575595,65.0,19.0,0.028922631959508314,0.02666666666666667
1709612700,67861.0,67924.0,67852.0,67924.0,0.09358723,2024-03-05 04:25:00+00:00,67924.0,44.0,0.0006479927180290309,55.116463749692635,7.115504873480146,44.0,28.0,0.028701267639320734,0.02666666666666667
1709612760,67915.0,67970.0,67899.0,67966.0,0.15964097,2024-03-05 04:26:00+00:00,67966.0,42.0,0.0006181470503696196,55.37296246139815,7.148618714772116,46.0,25.0,0.02844275894761792,0.026944444444444444
1709612820,67999.0,68014.0,67974.0,68014.0,0.01848718,2024-03-05 04:27:00+00:00,68014.0,48.0,0.0007059862037604416,55.30316038005961,7.13960730482029,48.0,0.0,0.02865329512893983,0.026944444444444444
1709612880,68027.0,68039.0,68004.0,68004.0,0.80762499,2024-03-05 04:28:00+00:00,68004.0,-10.0,-0.00014703936270228212,55.223828067607506,7.129365547322186,25.0,10.0,0.029239766081871343,0.02722222222222222
1709612940,68008.0,68080.0,67979.0,68080.0,1.35069697,2024-03-05 04:29:00+00:00,68080.0,76.0,0.001116957289636301,56.085535462680475,7.240611493669565,76.0,25.0,0.02882536632236368,0.02722222222222222
1709613000,68080.0,68085.0,68062.0,68073.0,0.00896415,2024-03-05 04:30:00+00:00,68073.0,-7.0,-0.00010282549787617816,55.3721462133371,7.148513337600556,5.0,18.0,0.029140359397765905,0.0275
1709613060,68043.0,68054.0,68004.0,68021.0,0.02856869,2024-03-05 04:31:00+00:00,68021.0,-52.0,-0.0007641777378947968,55.73675769357316,7.195584477293565,0.0,69.0,0.029197080291970802,0.02722222222222222
1709613120,68014.0,68055.0,68014.0,68055.0,0.02461138,2024-03-05 04:32:00+00:00,68055.0,34.0,0.0004997207546892801,55.41089197217943,7.153515393558306,34.0,7.0,0.029484029484029485,0.02722222222222222
1709613180,68038.0,68038.0,67945.0,67971.0,0.07352043,2024-03-05 04:33:00+00:00,67971.0,-84.0,-0.0012350581606102263,55.92170424486108,7.219460974396119,0.0,110.0,0.029197080291970802,0.026944444444444444
1709613240,67984.0,68017.0,67970.0,67970.0,0.10342524,2024-03-05 04:34:00+00:00,67970.0,-1.0,-1.4712264879888305e-05,55.784945724554774,7.201805525342842,46.0,1.0,0.029246892517669994,0.026944444444444444
1709613300,67991.0,68015.0,67977.0,67995.0,0.07884696,2024-03-05 04:35:00+00:00,67995.0,25.0,0.00036774170237534104,55.84800802177278,7.209946832906139,45.0,0.0,0.029218407596785973,0.02666666666666667
1709613360,68015.0,68025.0,67965.0,67965.0,0.42392085,2024-03-05 04:36:00+00:00,67965.0,-30.0,-0.00044130627371108687,55.938411956395285,7.221617930680293,30.0,30.0,0.029161603888213854,0.02666666666666667
1709613420,67950.0,67957.0,67913.0,67913.0,1.57845669,2024-03-05 04:37:00+00:00,67913.0,-52.0,-0.0007653925218000829,56.29837781528669,7.268089323236615,0.0,52.0,0.029048656499636893,0.02666666666666667
1709613480,67861.0,67899.0,67844.0,67869.0,0.19460755,2024-03-05 04:38:00+00:00,67869.0,-44.0,-0.0006480977086817954,56.540098765049734,7.299295363665339,0.0,69.0,0.02867383512544803,0.02638888888888889
1709613540,67843.0,67843.0,67778.0,67794.0,0.74316298,2024-03-05 04:39:00+00:00,67794.0,-75.0,-0.0011056811015651509,57.24707083025353,7.390565064824277,0.0,91.0,0.028169014084507043,0.026111111111111113
1709613600,67790.0,67836.0,67780.0,67836.0,0.51713843,2024-03-05 04:40:00+00:00,67836.0,42.0,0.0006193320259897648,57.44847851436813,7.416566685036745,42.0,14.0,0.028050490883590466,0.02638888888888889
1709613660,67862.0,67939.0,67862.0,67889.0,0.03957211,2024-03-05 04:41:00+00:00,67889.0,53.0,0.0007809910140936699,57.848828904738546,7.468251698188488,103.0,0.0,0.027605244996549344,0.02638888888888889
1709613720,67873.0,67873.0,67797.0,67810.0,0.06020522,2024-03-05 04:42:00+00:00,67810.0,-79.0,-0.0011643417994970126,57.171068500127966,7.380753206195968,0.0,92.0,0.027739251040221916,0.026111111111111113
1709613780,67797.0,67831.0,67762.0,67769.0,0.19480364,2024-03-05 04:43:00+00:00,67769.0,-41.0,-0.0006048134482451163,56.462827129516135,7.2893196384134775,21.0,48.0,0.027739251040221916,0.02638888888888889
1709613840,67750.0,67751.0,67679.0,67683.0,5.02304327,2024-03-05 04:44:00+00:00,67683.0,-86.0,-0.0012698226907818027,57.15010466549324,7.378046786782203,0.0,90.0,0.027434842249657063,0.026111111111111113
1709613900,67729.0,67729.0,67662.0,67662.0,2.69900772,2024-03-05 04:45:00+00:00,67662.0,-21.0,-0.00031031807851813597,57.16359712402805,7.379788655689028,46.0,21.0,0.027347310847766634,0.026111111111111113
1709613960,67683.0,67717.0,67655.0,67692.0,1.25836583,2024-03-05 04:46:00+00:00,67692.0,30.0,0.00044328206763382565,57.390256363112066,7.409050237630242,55.0,7.0,0.027334851936218676,0.026111111111111113
1709614020,67743.0,67743.0,67655.0,67655.0,1.05989171,2024-03-05 04:47:00+00:00,67655.0,-37.0,-0.0005467428302317946,57.48321051859769,7.421050567502128,51.0,37.0,0.0270148581719946,0.026111111111111113
1709614080,67654.0,67659.0,67584.0,67584.0,3.46107955,2024-03-05 04:48:00+00:00,67584.0,-71.0,-0.0010499930718659422,57.80190943613604,7.4621944208381406,4.0,71.0,0.026972353337828724,0.02638888888888889
1709614140,67577.0,67577.0,67483.0,67483.0,1.90893612,2024-03-05 04:49:00+00:00,67483.0,-101.0,-0.0014955543371128527,57.438630969789074,7.415295372498221,0.0,101.0,0.0270148581719946,0.026111111111111113
1709614200,67509.0,67514.0,67332.0,67432.0,3.10822532,2024-03-05 04:50:00+00:00,67432.0,-51.0,-0.0007560316114477079,56.48499625794343,7.292181660586772,31.0,151.0,0.026536930561698365,0.02638888888888889
1709614260,67418.0,67431.0,67297.0,67297.0,21.48653932,2024-03-05 04:51:00+00:00,67297.0,-135.0,-0.0020040235610928932,58.28944919113274,7.5251355325620155,0.0,135.0,0.025962786672436174,0.02638888888888889
1709614320,67290.0,67313.0,66963.0,67163.0,15.48802113,2024-03-05 04:52:00+00:00,67163.0,-134.0,-0.0019931584762992315,60.23244991363763,7.775975847226364,16.0,334.0,0.02444987775061125,0.02638888888888889
1709614380,67185.0,67344.0,67167.0,67323.0,0.06739072,2024-03-05 04:53:00+00:00,67323.0,160.0,0.002379430951760321,63.955128602609086,8.256571599415286,181.0,0.0,0.02390914524805738,0.02638888888888889
1709614440,67367.0,67548.0,67339.0,67547.0,0.84016937,2024-03-05 04:54:00+00:00,67547.0,224.0,0.003321720263434399,71.07464843189524,9.175697657142578,225.0,0.0,0.023121387283236993,0.026111111111111113
1709614500,67528.0,67528.0,67457.0,67461.0,3.78224172,2024-03-05 04:55:00+00:00,67461.0,-86.0,-0.0012739987501780962,71.6567382427725,9.2508451285934,0.0,90.0,0.02303705125743905,0.026111111111111113
1709614560,67407.0,67407.0,67350.0,67377.0,0.5829875,2024-03-05 04:56:00+00:00,67377.0,-84.0,-0.0012459397331102677,72.19915175488067,9.320870411898495,0.0,111.0,0.022718667171525937,0.025833333333333333
1709614620,67370.0,67393.0,67366.0,67367.0,0.19056489,2024-03-05 04:57:00+00:00,67367.0,-10.0,-0.00014842961494925552,72.07031053781401,9.304237082298352,16.0,11.0,0.02280935183425204,0.025833333333333333
1709614680,67433.0,67455.0,67378.0,67455.0,0.12356127,2024-03-05 04:58:00+00:00,67455.0,88.0,0.001305425116034377,73.18016425697583,9.447518581333021,88.0,0.0,0.022675736961451247,0.025555555555555557
1709614740,67447.0,67447.0,67326.0,67367.0,0.10953852,2024-03-05 04:59:00+00:00,67367.0,-88.0,-0.001305425116034268,73.68073401488172,9.512141859199176,0.0,129.0,0.022358859698155393,0.025277777777777777
1709614800,67370.0,67370.0,67275.0,67299.0,3.07709339,2024-03-05 05:00:00+00:00,67299.0,-68.0,-0.0010099060754681043,72.88183300329995,9.409004182095025,3.0,92.0,0.022342208154905976,0.025277777777777777
1709614860,67269.0,67269.0,67007.0,67007.0,14.15408252,2024-03-05 05:01:00+00:00,67007.0,-292.0,-0.0043482861537772624,80.7193225909882,10.420819737068047,0.0,292.0,0.021352313167259787,0.025
1709614920,67007.0,67007.0,66599.0,66700.0,42.08707499,2024-03-05 05:02:00+00:00,66700.0,-307.0,-0.004592138623922721,88.40140858350628,11.41257277417324,0.0,408.0,0.020147750167897917,0.024722222222222222
1709614980,66724.0,66724.0,65150.0,65807.0,89.2113348,2024-03-05 05:03:00+00:00,65807.0,-893.0,-0.01347873726985095,142.05896265303537,18.33973321782358,24.0,1550.0,0.01602136181575434,0.025
1709615040,65793.0,66400.0,65793.0,66334.0,8.45838265,2024-03-05 05:04:00+00:00,66334.0,527.0,0.007976370605408378,159.44777229674762,20.584618889839195,593.0,14.0,0.0149458213974343,0.025277777777777777
1709615100,66399.0,66600.0,66242.0,66274.0,2.86543058,2024-03-05 05:05:00+00:00,66274.0,-60.0,-0.0009049228416750647,159.42677241514946,20.58190781678246,266.0,92.0,0.014508523757707654,0.025277777777777777
1709615160,66277.0,66409.0,66106.0,66290.0,1.03744764,2024-03-05 05:06:00+00:00,66290.0,16.0,0.0002413928378398499,159.53545821972784,20.59593909381917,135.0,168.0,0.014049877063575694,0.025277777777777777
1709615220,66353.0,66535.0,66314.0,66314.0,0.34928868,2024-03-05 05:07:00+00:00,66314.0,24.0,0.000361980034720885,159.69344219543262,20.616334737381578,245.0,0.0,0.01375831231368952,0.025277777777777777
1709615280,66329.0,66530.0,66294.0,66382.0,0.63318428,2024-03-05 05:08:00+00:00,66382.0,68.0,0.001024899107017087,160.11451057657186,20.67069443164047,216.0,20.0,0.013530273988048258,0.025555555555555557
1709615340,66361.0,66575.0,66345.0,66575.0,0.27440416,2024-03-05 05:09:00+00:00,66575.0,193.0,0.002903196304957825,162.57119344414343,20.987850826074396,193.0,37.0,0.013311148086522463,0.025833333333333333
1709615400,66442.0,66611.0,66442.0,66604.0,0.0901277,2024-03-05 05:10:00+00:00,66604.0,29.0,0.00043550410287440075,162.33135882046074,20.956888309295497,36.0,133.0,0.013252346769740476,0.026111111111111113
1709615460,66625.0,66687.0,66594.0,66687.0,43.91229734,2024-03-05 05:11:00+00:00,66687.0,83.0,0.0012453955740121536,162.5541335299832,20.98564840062672,83.0,10.0,0.013258203513423931,0.026111111111111113
1709615520,66679.0,66687.0,66563.0,66604.0,11.31022434,2024-03-05 05:12:00+00:00,66604.0,-83.0,-0.001245395574012005,161.39713013501574,20.836279904619573,0.0,124.0,0.013383894713361587,0.026111111111111113
1709615580,66580.0,66580.0,66339.0,66449.0,3.60383995,2024-03-05 05:13:00+00:00,66449.0,-155.0,-0.002329899665806026,162.2126977829846,20.941569235229203,0.0,265.0,0.01313053944632892,0.025833333333333333
1709615640,66465.0,66584.0,66465.0,66577.0,0.47151743,2024-03-05 05:14:00+00:00,66577.0,128.0,0.0019244364184974065,163.40473822559818,21.095460994637474,135.0,0.0,0.013032145960034752,0.025555555555555557
1709615700,66599.0,66687.0,66507.0,66680.0,4.69378502,2024-03-05 05:15:00+00:00,66680.0,103.0,0.0015458853270315257,164.08983604655504,21.183906743007103,110.0,70.0,0.0128783000643915,0.025555555555555557
1709615760,66680.0,66733.0,66600.0,66600.0,5.85065092,2024-03-05 05:16:00+00:00,66600.0,-80.0,-0.0012004803362497818,164.25460032770332,21.205177720238343,53.0,80.0,0.012778191885848151,0.025555555555555557
1709615820,66635.0,66766.0,66627.0,66766.0,3.20859572,2024-03-05 05:17:00+00:00,66766.0,166.0,0.0024893913850024675,165.90989999169497,21.418875987959087,166.0,0.0,0.012647554806070826,0.025555555555555557
1709615880,66739.0,66746.0,66671.0,66676.0,0.52321389,2024-03-05 05:18:00+00:00,66676.0,-90.0,-0.0013489008505043875,166.08991081512528,21.442115285335177,0.0,95.0,0.01259710266638673,0.025555555555555557
1709615940,66683.0,66721.0,66547.0,66567.0,1.48248399,2024-03-05 05:19:00+00:00,66567.0,-109.0,-0.0016361088284523124,166.47948160842574,21.49240865848923,45.0,129.0,0.0124804992199688,0.025555555555555557
1709616000,66609.0,66688.0,66586.0,66654.0,0.43850167,2024-03-05 05:20:00+00:00,66654.0,87.0,0.0013061005752511004,167.0128881322034,21.561271144600866,121.0,0.0,0.012485693476225159,0.025555555555555557
1709616060,66645.0,66833.0,66619.0,66808.0,4.94908308,2024-03-05 05:21:00+00:00,66808.0,154.0,0.002307774023287891,168.5017820824805,21.753486527057277,179.0,35.0,0.012263668880940213,0.025555555555555557
1709616120,66800.0,66957.0,66740.0,66893.0,2.66518072,2024-03-05 05:22:00+00:00,66893.0,85.0,0.0012714940269945895,168.36020370648876,21.73520883731064,149.0,68.0,0.012123661345726408,0.025833333333333333
1709616180,66877.0,66951.0,66874.0,66935.0,0.72736556,2024-03-05 05:23:00+00:00,66935.0,42.0,0.0006276713599382255,168.34654196653517,21.733445114266623,58.0,19.0,0.01218274111675127,0.025833333333333333
1709616240,66925.0,67006.0,66901.0,67006.0,0.24779081,2024-03-05 05:24:00+00:00,67006.0,71.0,0.0010601683823486762,168.4855138033591,21.751386301253657,71.0,34.0,0.012156823016918245,0.025833333333333333
1709616300,67023.0,67032.0,66941.0,66953.0,16.76091317,2024-03-05 05:25:00+00:00,66953.0,-53.0,-0.0007912869275738564,168.3793630080766,21.737682292509795,26.0,65.0,0.012133468149646106,0.025833333333333333
1709616360,66939.0,66970.0,66913.0,66922.0,0.2575676,2024-03-05 05:26:00+00:00,66922.0,-31.0,-0.00046311858904302865,168.2154792450062,21.716524989673612,17.0,40.0,0.012150668286755772,0.025833333333333333
1709616420,66973.0,67072.0,66973.0,67072.0,2.85120417,2024-03-05 05:27:00+00:00,67072.0,150.0,0.0022389071549293697,169.39886738460336,21.869299741565584,150.0,0.0,0.012026458208057726,0.025833333333333333
1709616480,67062.0,67090.0,67001.0,67023.0,1.91914144,2024-03-05 05:28:00+00:00,67023.0,-49.0,-0.0007308251937944402,169.45144047179446,21.876086897937245,18.0,71.0,0.011961722488038277,0.025833333333333333
1709616540,67070.0,67070.0,66922.0,66938.0,5.54757803,2024-03-05 05:29:00+00:00,66938.0,-85.0,-0.001269026230129617,169.2388710675712,21.84864430585492,47.0,101.0,0.011905943049905745,0.025833333333333333
1709616600,66905.0,66941.0,66870.0,66897.0,0.53202163,2024-03-05 05:30:00+00:00,66897.0,-41.0,-0.0006126947552224851,169.25481742136319,21.85070297127722,3.0,68.0,0.011849511207662684,0.025833333333333333
1709616660,66893.0,66893.0,66736.0,66788.0,0.5327808,2024-03-05 05:31:00+00:00,66788.0,-109.0,-0.0016306993926651777,169.59937090145556,21.895184634286405,0.0,161.0,0.011742831979645757,0.025833333333333333
1709616720,66749.0,66789.0,66653.0,66653.0,0.15422784,2024-03-05 05:32:00+00:00,66653.0,-135.0,-0.0020233668221557866,170.08073523234532,21.957328502186215,1.0,135.0,0.011634671320535195,0.025833333333333333
1709616780,66682.0,66864.0,66651.0,66864.0,0.13380435,2024-03-05 05:33:00+00:00,66864.0,211.0,0.003160648841004848,172.544312657672,22.275374980198976,211.0,2.0,0.011519631371796102,0.026111111111111113
1709616840,66829.0,66829.0,66694.0,66750.0,0.20174458,2024-03-05 05:34:00+00:00,66750.0,-114.0,-0.0017064084252006522,172.96680064189712,22.329917944428196,0.0,170.0,0.011385199240986717,0.025833333333333333
1709616900,66818.0,66850.0,66731.0,66823.0,0.84958913,2024-03-05 05:35:00+00:00,66823.0,73.0,0.0010930353779270588,173.29072922738308,22.371736944993117,100.0,19.0,0.011305822498586773,0.026111111111111113
1709616960,66825.0,66858.0,66752.0,66804.0,0.03932416,2024-03-05 05:36:00+00:00,66804.0,-19.0,-0.0002843736689148417,173.28528696333717,22.371034351725935,35.0,71.0,0.01125703564727955,0.026111111111111113
1709617020,66783.0,66857.0,66783.0,66783.0,0.60653842,2024-03-05 05:37:00+00:00,66783.0,-21.0,-0.0003144018530693521,173.2324945705662,22.364218883125652,53.0,21.0,0.011233851338700617,0.02638888888888889
1709617080,66789.0,66789.0,66651.0,66651.0,0.78209727,2024-03-05 05:38:00+00:00,66651.0,-132.0,-0.0019785068732015017,173.82070442883264,22.44015644929702,6.0,132.0,0.011161752395126035,0.02666666666666667
1709617140,66630.0,66630.0,66492.0,66544.0,0.36852535,2024-03-05 05:39:00+00:00,66544.0,-107.0,-0.0016066672625443979,174.04033885287228,22.468511131515665,0.0,159.0,0.01109159811442832,0.02666666666666667
1709617200,66553.0,66630.0,66553.0,66574.0,0.39991139,2024-03-05 05:40:00+00:00,66574.0,30.0,0.0004507279332304163,173.97379177907433,22.45991994123039,86.0,0.0,0.01106092727440317,0.02638888888888889
1709617260,66566.0,66608.0,66541.0,66547.0,0.09032049,2024-03-05 05:41:00+00:00,66547.0,-27.0,-0.0004056459968034242,173.70313333694776,22.4249780866015,34.0,33.0,0.011097752705077221,0.02666666666666667
1709617320,66533.0,66533.0,66423.0,66529.0,0.50020745,2024-03-05 05:42:00+00:00,66529.0,-18.0,-0.0002705221093175693,173.54448704309468,22.404496938133818,0.0,124.0,0.011065006915629323,0.02666666666666667
1709617380,66561.0,66561.0,66426.0,66499.0,0.27571112,2024-03-05 05:43:00+00:00,66499.0,-30.0,-0.0004510328729076095,173.52918639546908,22.402521633019145,32.0,103.0,0.010998075336816057,0.02666666666666667
1709617440,66519.0,66519.0,66461.0,66473.0,0.38174362,2024-03-05 05:44:00+00:00,66473.0,-26.0,-0.000391059776965776,173.32199550055321,22.37577340350265,20.0,38.0,0.01103042559058737,0.026944444444444444
1709617500,66470.0,66577.0,66404.0,66575.0,0.12431139,2024-03-05 05:45:00+00:00,66575.0,102.0,0.0015332815222040045,174.03789687313107,22.46819587328668,104.0,69.0,0.010923987255348202,0.026944444444444444
1709617560,66583.0,66695.0,66566.0,66695.0,1.89116287,2024-03-05 05:46:00+00:00,66695.0,120.0,0.0018008558930114878,174.84560663108496,22.572470754657505,120.0,9.0,0.010857763300760045,0.026944444444444444
1709617620,66719.0,66761.0,66654.0,66742.0,0.20302554,2024-03-05 05:47:00+00:00,66742.0,47.0,0.0007044523174779373,175.01584351202607,22.59444824148401,66.0,41.0,0.010839129256616384,0.026944444444444444
1709617680,66701.0,66718.0,66681.0,66718.0,0.51366432,2024-03-05 05:48:00+00:00,66718.0,-24.0,-0.00035965832846859315,174.8670552323957,22.575239757180036,0.0,61.0,0.010852853396038708,0.02666666666666667
1709617740,66716.0,66746.0,66703.0,66707.0,0.02666105,2024-03-05 05:49:00+00:00,66707.0,-11.0,-0.00016488664080829948,174.49752236273864,22.527533268844767,28.0,15.0,0.010910082734794073,0.026944444444444444
1709617800,66704.0,66765.0,66694.0,66765.0,0.03032416,2024-03-05 05:50:00+00:00,66765.0,58.0,0.0008690961947186783,174.66181285574848,22.548743080290343,58.0,13.0,0.011021307861866276,0.026944444444444444
1709617860,66724.0,66756.0,66710.0,66742.0,0.87493407,2024-03-05 05:51:00+00:00,66742.0,-23.0,-0.0003445512254419527,173.91227332640824,22.451977943141713,0.0,55.0,0.011102886750555145,0.026944444444444444
1709617920,66745.0,66768.0,66724.0,66757.0,1.02272388,2024-03-05 05:52:00+00:00,66757.0,15.0,0.00022472078537102237,173.16293558347587,22.355238856506325,26.0,18.0,0.011426394972386213,0.026944444444444444
1709617980,66732.0,66809.0,66732.0,66787.0,0.86446092,2024-03-05 05:53:00+00:00,66787.0,30.0,0.00044929012916582184,171.84925071629328,22.185642869414227,52.0,25.0,0.011540680900173109,0.02722222222222222
1709618040,66815.0,66826.0,66815.0,66826.0,0.0238,2024-03-05 05:54:00+00:00,66826.0,39.0,0.0005837755474029779,169.2389236459396,21.84865109369309,39.0,0.0,0.011750881316098707,0.02722222222222222
1709618100,66802.0,66802.0,66742.0,66765.0,0.10513538,2024-03-05 05:55:00+00:00,66765.0,-61.0,-0.0009132352364978067,169.0843937310296,21.828701367461846,0.0,84.0,0.011757789535567314,0.02722222222222222
1709618160,66757.0,66867.0,66757.0,66867.0,0.18278018,2024-03-05 05:56:00+00:00,66867.0,102.0,0.001526580756238321,169.43920463634328,21.874507258372933,102.0,8.0,0.011758941695247428,0.0275
1709618220,66884.0,66924.0,66873.0,66921.0,0.40984791,2024-03-05 05:57:00+00:00,66921.0,54.0,0.0008072473305890362,169.63094203940256,21.899260450669388,57.0,0.0,0.01172447484123107,0.02722222222222222
1709618280,66906.0,67028.0,66901.0,67006.0,0.36651852,2024-03-05 05:58:00+00:00,67006.0,85.0,0.0012693483974552298,169.6027753677085,21.89562414898975,107.0,20.0,0.011679968853416392,0.0275
1709618340,67040.0,67061.0,66952.0,67013.0,0.21287735,2024-03-05 05:59:00+00:00,67013.0,7.0,0.00010446280014576058,169.28150258857013,21.854148011549995,55.0,54.0,0.011702750146284377,0.027777777777777776
1709618400,67000.0,67000.0,66922.0,66922.0,1.16827283,2024-03-05 06:00:00+00:00,66922.0,-91.0,-0.0013588683167626216,169.45046690541542,21.875961211058165,0.0,91.0,0.011707317073170732,0.0275
1709618460,66935.0,66935.0,66845.0,66859.0,0.80277118,2024-03-05 06:01:00+00:00,66859.0,-63.0,-0.0009418378492768738,165.43742394917138,21.357879593153225,13.0,77.0,0.011942675159235668,0.027777777777777776
1709618520,66880.0,66887.0,66828.0,66828.0,0.56498206,2024-03-05 06:02:00+00:00,66828.0,-31.0,-0.0004637698587840387,160.59249055481666,20.73240138149256,28.0,31.0,0.012372409526755335,0.028055555555555556
1709618580,66860.0,66869.0,66757.0,66757.0,0.73538861,2024-03-05 06:03:00+00:00,66757.0,-71.0,-0.0010629936996753777,110.04085014468481,14.206212667095675,41.0,71.0,0.014568410829185384,0.028055555555555556
1709618640,66736.0,66802.0,66685.0,66802.0,0.27088143,2024-03-05 06:04:00+00:00,66802.0,45.0,0.0006738595183075557,87.34478727667032,11.27616355001912,45.0,72.0,0.01548986704530786,0.028055555555555556
1709618700,66757.0,66831.0,66738.0,66831.0,0.28304001,2024-03-05 06:05:00+00:00,66831.0,29.0,0.00043402453668239295,86.92858780936845,11.22243242983377,29.0,64.0,0.01603849238171612,0.028055555555555556
1709618760,66836.0,66856.0,66752.0,66752.0,0.54312623,2024-03-05 06:06:00+00:00,66752.0,-79.0,-0.0011827853725393492,87.66621984376265,11.31766031599503,25.0,79.0,0.016476726623644102,0.028055555555555556
1709618820,66781.0,66831.0,66781.0,66831.0,0.08909846,2024-03-05 06:07:00+00:00,66831.0,79.0,0.0011827853725392627,88.12589062738637,11.377003558985455,79.0,0.0,0.016861036953772657,0.028055555555555556
1709618880,66837.0,66870.0,66837.0,66862.0,0.11914697,2024-03-05 06:08:00+00:00,66862.0,31.0,0.00046374904528413956,87.83227467495237,11.3390979025202,39.0,0.0,0.017341040462427747,0.027777777777777776
1709618940,66858.0,66899.0,66858.0,66888.0,0.03369774,2024-03-05 06:09:00+00:00,66888.0,26.0,0.000388785051626242,84.45138841753715,10.902627363507177,37.0,4.0,0.017827960184222256,0.027777777777777776
1709619000,66878.0,66994.0,66871.0,66994.0,0.09811902,2024-03-05 06:10:00+00:00,66994.0,106.0,0.0015834842943622204,85.39866628577896,11.024920410438224,106.0,17.0,0.01795063575168287,0.027777777777777776
1709619060,66966.0,67064.0,66966.0,67053.0,0.47220325,2024-03-05 06:11:00+00:00,67053.0,59.0,0.0008802883139489545,85.08992252466943,10.985061762270803,70.0,28.0,0.017937219730941704,0.027777777777777776
1709619120,67054.0,67096.0,67036.0,67096.0,0.50773743,2024-03-05 06:12:00+00:00,67096.0,43.0,0.0006410782260424962,84.40575930225282,10.896736670053897,43.0,17.0,0.018110473890733475,0.028055555555555556
1709619180,67096.0,67096.0,67004.0,67018.0,0.37871588,2024-03-05 06:13:00+00:00,67018.0,-78.0,-0.0011631896564797731,82.44494653427556,10.643596830207004,0.0,92.0,0.018596001859600187,0.028055555555555556
1709619240,66998.0,67023.0,66958.0,67017.0,0.12144933,2024-03-05 06:14:00+00:00,67017.0,-1.0,-1.4921475734280002e-05,80.97073475648877,10.453276908068634,5.0,60.0,0.01879993733354222,0.028333333333333332
1709619300,67005.0,67087.0,67005.0,67078.0,0.95799337,2024-03-05 06:15:00+00:00,67078.0,61.0,0.0009098028145372953,80.30850824897166,10.367783833567607,70.0,12.0,0.01909307875894988,0.028333333333333332
1709619360,67096.0,67211.0,67086.0,67211.0,8.38233619,2024-03-05 06:16:00+00:00,67211.0,133.0,0.0019808032450364856,81.11771978598044,10.472252593780738,133.0,0.0,0.01909307875894988,0.028055555555555556
1709619420,67175.0,67266.0,67150.0,67241.0,0.52427176,2024-03-05 06:17:00+00:00,67241.0,30.0,0.000446255920296704,78.54941048159213,10.140685288320554,55.0,61.0,0.019246190858059342,0.028333333333333332
1709619480,67209.0,67274.0,67200.0,67274.0,0.04736345,2024-03-05 06:18:00+00:00,67274.0,33.0,0.0004906516100365195,77.54932091992328,10.011574281085242,33.0,41.0,0.01931123270035404,0.02861111111111111
1709619540,67265.0,67265.0,67199.0,67237.0,4.9003963,2024-03-05 06:19:00+00:00,67237.0,-37.0,-0.000550140894546727,76.22294833649084,9.840340316868579,0.0,75.0,0.019623875715453803,0.028333333333333332
1709619600,67245.0,67275.0,67203.0,67275.0,0.47687217,2024-03-05 06:20:00+00:00,67275.0,38.0,0.0005650053677129343,75.6570820729733,9.767287296375775,38.0,34.0,0.019782393669634028,0.02861111111111111
1709619660,67284.0,67353.0,67281.0,67344.0,0.64174601,2024-03-05 06:21:00+00:00,67344.0,69.0,0.0010251154152453505,73.69195312109909,9.513590239583815,78.0,0.0,0.020236087689713324,0.028333333333333332
1709619720,67335.0,67335.0,67228.0,67251.0,0.41321717,2024-03-05 06:22:00+00:00,67251.0,-93.0,-0.001381923768346181,74.1592346939711,9.573916031241245,0.0,116.0,0.020586721564590838,0.028055555555555556
1709619780,67291.0,67329.0,67240.0,67240.0,0.15536718,2024-03-05 06:23:00+00:00,67240.0,-11.0,-0.00016357971945381135,74.0383070035695,9.558304333540555,78.0,11.0,0.020544427324088343,0.028055555555555556
1709619840,67264.0,67264.0,67242.0,67246.0,0.12805996,2024-03-05 06:24:00+00:00,67246.0,6.0,8.922861865150911e-05,73.53126857077284,9.492845953336934,24.0,0.0,0.020833333333333332,0.027777777777777776
1709619900,67221.0,67252.0,67191.0,67193.0,0.57435688,2024-03-05 06:25:00+00:00,67193.0,-53.0,-0.000788461722353203,73.53126857077284,9.492845953336934,6.0,55.0,0.020942408376963352,0.027777777777777776
1709619960,67148.0,67170.0,67124.0,67124.0,1.15393042,2024-03-05 06:26:00+00:00,67124.0,-69.0,-0.0010274202977978,73.99999236524626,9.553357935002492,0.0,69.0,0.02089864158829676,0.0275
1709620020,67133.0,67181.0,67119.0,67181.0,0.26970066,2024-03-05 06:27:00+00:00,67181.0,57.0,0.0008488143169995553,71.81838952139162,9.271714218926233,57.0,5.0,0.02122391227449593,0.027777777777777776
1709620080,67169.0,67228.0,67167.0,67221.0,0.60985942,2024-03-05 06:28:00+00:00,67221.0,40.0,0.0005952292552340949,71.66998284273531,9.252554999096171,47.0,14.0,0.02132954141485958,0.027777777777777776
1709620140,67215.0,67377.0,67215.0,67367.0,0.50292742,2024-03-05 06:29:00+00:00,67367.0,146.0,0.0021695850635970065,73.03767892240886,9.429123803737799,156.0,6.0,0.02127659574468085,0.027777777777777776
1709620200,67350.0,67350.0,67251.0,67253.0,0.17411945,2024-03-05 06:30:00+00:00,67253.0,-114.0,-0.001693656622351648,74.4477673036417,9.611165430977644,0.0,116.0,0.021108179419525065,0.0275
1709620260,67268.0,67362.0,67244.0,67362.0,0.40732254,2024-03-05 06:31:00+00:00,67362.0,109.0,0.001619433552302976,74.06212844670685,9.561379668625673,109.0,9.0,0.021269053527118043,0.027777777777777776
1709620320,67397.0,67499.0,67397.0,67466.0,0.72612313,2024-03-05 06:32:00+00:00,67466.0,104.0,0.0015427065687568346,72.56707592617043,9.368369218167574,137.0,0.0,0.02126528442317916,0.0275
1709620380,67449.0,67452.0,67446.0,67450.0,0.17579246,2024-03-05 06:33:00+00:00,67450.0,-16.0,-0.0002371846196893756,67.86336388797787,8.761122605191737,0.0,20.0,0.022018348623853212,0.02722222222222222
1709620440,67411.0,67411.0,67392.0,67392.0,0.05081641,2024-03-05 06:34:00+00:00,67392.0,-58.0,-0.0008602661422546286,66.50380389273532,8.585604164533596,0.0,58.0,0.022480329711502434,0.02722222222222222
1709620500,67419.0,67508.0,67419.0,67505.0,0.14666059,2024-03-05 06:35:00+00:00,67505.0,113.0,0.0016753526976991066,67.33421994158135,8.69281041545373,116.0,0.0,0.022492970946579195,0.026944444444444444
1709620560,67475.0,67496.0,67460.0,67473.0,0.50781889,2024-03-05 06:36:00+00:00,67473.0,-32.0,-0.00047415135206505416,67.45439765287266,8.708325291267615,0.0,45.0,0.022753128555176336,0.02666666666666667
1709620620,67482.0,67502.0,67415.0,67462.0,1.45680736,2024-03-05 06:37:00+00:00,67462.0,-11.0,-0.00016304146476994229,67.3859341724502,8.699486693950965,29.0,58.0,0.022697181766597317,0.02666666666666667
1709620680,67454.0,67460.0,67416.0,67442.0,0.39707605,2024-03-05 06:38:00+00:00,67442.0,-20.0,-0.0002965071479945707,64.85224187980063,8.372388425489433,0.0,46.0,0.02309913378248316,0.02638888888888889
1709620740,67463.0,67463.0,67410.0,67415.0,0.22570821,2024-03-05 06:39:00+00:00,67415.0,-27.0,-0.00040042415834196066,63.139203665773536,8.151236143011307,21.0,32.0,0.02358027117311849,0.02666666666666667
1709620800,67424.0,67492.0,67424.0,67488.0,0.07931086,2024-03-05 06:40:00+00:00,67488.0,73.0,0.0010822592103262299,63.56055878269455,8.205632854700452,77.0,0.0,0.023622047244094488,0.02666666666666667
1709620860,67500.0,67515.0,67422.0,67438.0,1.22869051,2024-03-05 06:41:00+00:00,67438.0,-50.0,-0.0007411470330217258,63.88809735037392,8.247917901962547,27.0,66.0,0.023501762632197415,0.02666666666666667
1709620920,67414.0,67468.0,67413.0,67468.0,0.09032004,2024-03-05 06:42:00+00:00,67468.0,30.0,0.0004447541324257175,63.77019786383941,8.23269714370006,30.0,25.0,0.023823704586063133,0.026944444444444444
1709620980,67478.0,67505.0,67426.0,67429.0,0.11133462,2024-03-05 06:43:00+00:00,67429.0,-39.0,-0.0005782189535215033,63.88986816575298,8.248146513244956,37.0,42.0,0.024091547881951416,0.026944444444444444
1709621040,67412.0,67412.0,67315.0,67355.0,0.52834902,2024-03-05 06:44:00+00:00,67355.0,-74.0,-0.0010980532917152976,64.7135277818024,8.354480512441723,0.0,114.0,0.023823704586063133,0.02666666666666667
1709621100,67350.0,67510.0,67333.0,67499.0,0.30822409,2024-03-05 06:45:00+00:00,67499.0,144.0,0.0021356438033975655,65.8903043200579,8.506401710270762,155.0,22.0,0.023804800634794683,0.02666666666666667
1709621160,67454.0,67524.0,67450.0,67472.0,20.76048282,2024-03-05 06:46:00+00:00,67472.0,-27.0,-0.0004000859497248537,64.65643884986066,8.347110363019619,25.0,49.0,0.024067388688327317,0.02666666666666667
1709621220,67453.0,67483.0,67406.0,67406.0,0.26726506,2024-03-05 06:47:00+00:00,67406.0,-66.0,-0.000978662276543135,65.29045058699714,8.428960926327273,11.0,66.0,0.02421307506053269,0.02666666666666667
1709621280,67419.0,67475.0,67417.0,67430.0,0.30191821,2024-03-05 06:48:00+00:00,67430.0,24.0,0.00035598801882963453,65.14741215684988,8.410494744399672,69.0,0.0,0.024174053182917002,0.02666666666666667
1709621340,67414.0,67526.0,67403.0,67501.0,0.9810916,2024-03-05 06:49:00+00:00,67501.0,71.0,0.0010523898370701963,65.51862632473483,8.458418287402827,96.0,27.0,0.02379064234734338,0.02666666666666667
1709621400,67516.0,67516.0,67435.0,67445.0,0.20409622,2024-03-05 06:50:00+00:00,67445.0,-56.0,-0.0008299616619175964,65.85054126816836,8.501268322345343,15.0,66.0,0.02374356944994064,0.02666666666666667
1709621460,67434.0,67468.0,67415.0,67463.0,0.74952506,2024-03-05 06:51:00+00:00,67463.0,18.0,0.0002668485205743119,65.70078338842785,8.481934663205399,23.0,30.0,0.023752969121140142,0.026944444444444444
1709621520,67462.0,67532.0,67459.0,67459.0,8.17998706,2024-03-05 06:52:00+00:00,67459.0,-4.0,-5.929351775357426e-05,65.7319415169918,8.485957160306304,69.0,4.0,0.023617398149970478,0.026944444444444444
1709621580,67460.0,67460.0,67408.0,67412.0,0.39898127,2024-03-05 06:53:00+00:00,67412.0,-47.0,-0.0006969623106901645,66.11912507410379,8.535942342593641,1.0,51.0,0.023734177215189875,0.026944444444444444
1709621640,67436.0,67464.0,67391.0,67408.0,0.12316934,2024-03-05 06:54:00+00:00,67408.0,-4.0,-5.933837711283751e-05,66.03704661342553,8.525346058883999,52.0,21.0,0.023575638506876228,0.02722222222222222
1709621700,67431.0,67455.0,67385.0,67385.0,0.11182488,2024-03-05 06:55:00+00:00,67385.0,-23.0,-0.0003412640155381823,65.52775752038006,8.45959711969166,47.0,23.0,0.023640661938534282,0.0275
1709621760,67381.0,67381.0,67313.0,67313.0,0.38458405,2024-03-05 06:56:00+00:00,67313.0,-72.0,-0.0010690582912487965,65.25188916459072,8.423982668101068,0.0,72.0,0.023818975784041286,0.02722222222222222
1709621820,67305.0,67306.0,67263.0,67302.0,0.18217919,2024-03-05 06:57:00+00:00,67302.0,-11.0,-0.0001634290387324836,65.00477818161282,8.392080777376457,0.0,50.0,0.02385211687537269,0.02722222222222222
1709621880,67334.0,67349.0,67311.0,67325.0,0.49955133,2024-03-05 06:58:00+00:00,67325.0,23.0,0.00034168480652114515,64.22141035529046,8.290948425866416,47.0,0.0,0.024237527772167238,0.026944444444444444
1709621940,67310.0,67373.0,67282.0,67354.0,0.15473578,2024-03-05 06:59:00+00:00,67354.0,29.0,0.0004306536349126037,64.29394669734401,8.30031282735869,48.0,43.0,0.024325967970808837,0.026944444444444444
1709622000,67338.0,67406.0,67338.0,67398.0,0.52964223,2024-03-05 07:00:00+00:00,67398.0,44.0,0.0006530515549120144,63.206110696502606,8.159873803536568,52.0,16.0,0.02443991853360489,0.02722222222222222
1709622060,67417.0,67421.0,67349.0,67360.0,0.66630619,2024-03-05 07:01:00+00:00,67360.0,-38.0,-0.0005639739534158636,62.81175130256221,8.108962224698182,23.0,49.0,0.024529844644317254,0.02722222222222222
1709622120,67360.0,67389.0,67358.0,67375.0,1.46865079,2024-03-05 07:02:00+00:00,67375.0,15.0,0.0002226592950898771,62.60370153854877,8.082103115657967,29.0,2.0,0.024671052631578948,0.02722222222222222
1709622180,67334.0,67334.0,67248.0,67268.0,0.20777608,2024-03-05 07:03:00+00:00,67268.0,-107.0,-0.0015893885686577081,63.549924766699114,8.204260009138665,0.0,127.0,0.02459520393523263,0.026944444444444444
1709622240,67258.0,67269.0,67227.0,67237.0,0.1886965,2024-03-05 07:04:00+00:00,67237.0,-31.0,-0.00046094941524692885,63.567827114569575,8.206571192310674,1.0,41.0,0.024979184013322234,0.026944444444444444
1709622300,67216.0,67216.0,67169.0,67178.0,0.17798425,2024-03-05 07:05:00+00:00,67178.0,-59.0,-0.0008778782693765884,64.07069497673855,8.271491154161453,0.0,68.0,0.025109855618330193,0.02666666666666667
1709622360,67186.0,67190.0,67142.0,67142.0,0.27294996,2024-03-05 07:06:00+00:00,67142.0,-36.0,-0.000536033366021377,63.34262495029102,8.177497717917984,12.0,36.0,0.025407579928011858,0.02666666666666667
1709622420,67152.0,67246.0,67152.0,67246.0,0.51292765,2024-03-05 07:07:00+00:00,67246.0,104.0,0.0015477575492076783,63.907319457367315,8.250399465304694,104.0,0.0,0.025273799494524008,0.02666666666666667
1709622480,67245.0,67293.0,67203.0,67203.0,0.15610796,2024-03-05 07:08:00+00:00,67203.0,-43.0,-0.0006396477692822637,64.14826355805849,8.281505214949489,47.0,43.0,0.025005209418628882,0.026944444444444444
1709622540,67198.0,67250.0,67196.0,67199.0,0.17113376,2024-03-05 07:09:00+00:00,67199.0,-4.0,-5.952292378362502e-05,64.10412389671184,8.275806809172728,47.0,7.0,0.024937655860349125,0.026944444444444444
1709622600,67196.0,67286.0,67196.0,67259.0,0.25703073,2024-03-05 07:10:00+00:00,67259.0,60.0,0.0008924720579292407,63.14586065225602,8.152095556270726,87.0,3.0,0.025109855618330193,0.026944444444444444
1709622660,67258.0,67301.0,67251.0,67301.0,0.54960121,2024-03-05 07:11:00+00:00,67301.0,42.0,0.0006242568573711525,62.934581764884356,8.124819569197536,42.0,8.0,0.025364616360177554,0.026944444444444444
1709622720,67299.0,67299.0,67233.0,67233.0,0.1485964,2024-03-05 07:12:00+00:00,67233.0,-68.0,-0.0010108969597400995,63.402425143872094,8.185217889712634,0.0,68.0,0.02532179784764718,0.02666666666666667
1709622780,67228.0,67281.0,67206.0,67265.0,0.14171841,2024-03-05 07:13:00+00:00,67265.0,32.0,0.00047584351594533956,62.62725124791976,8.085143370064696,48.0,27.0,0.025412960609911054,0.026944444444444444
1709622840,67268.0,67268.0,67225.0,67241.0,0.10838424,2024-03-05 07:14:00+00:00,67241.0,-24.0,-0.00035686140773942283,62.729407227180594,8.098331650277787,3.0,40.0,0.025531914893617023,0.026944444444444444
1709622900,67246.0,67253.0,67185.0,67185.0,0.56330355,2024-03-05 07:15:00+00:00,67185.0,-56.0,-0.0008331722023936678,62.7375733300599,8.099385889626285,12.0,56.0,0.025608194622279132,0.026944444444444444
1709622960,67200.0,67213.0,67162.0,67162.0,0.17629542,2024-03-05 07:16:00+00:00,67162.0,-23.0,-0.0003423969307048897,60.39628781573347,7.797127229436189,28.0,23.0,0.026064291920069503,0.02722222222222222
1709623020,67158.0,67262.0,67158.0,67219.0,2.6511453,2024-03-05 07:17:00+00:00,67219.0,57.0,0.000848334264790857,60.729454687710465,7.840138887658686,100.0,4.0,0.02613240418118467,0.02722222222222222
1709623080,67254.0,67268.0,67226.0,67266.0,0.28249449,2024-03-05 07:18:00+00:00,67266.0,47.0,0.0006989627380523772,60.88652036027295,7.8604159787951975,49.0,0.0,0.026275454346398077,0.026944444444444444
1709623140,67271.0,67271.0,67142.0,67142.0,0.16563281,2024-03-05 07:19:00+00:00,67142.0,-124.0,-0.0018451287896529298,62.78569729891312,8.10559866729035,5.0,124.0,0.02596840510711967,0.02722222222222222
1709623200,67140.0,67171.0,67040.0,67069.0,0.7786548,2024-03-05 07:20:00+00:00,67069.0,-73.0,-0.001087839405100625,63.23332276058759,8.163386865903805,29.0,102.0,0.02564102564102564,0.02722222222222222
1709623260,67101.0,67128.0,67096.0,67115.0,0.37681427,2024-03-05 07:21:00+00:00,67115.0,46.0,0.0006856257348414974,62.85536037350854,8.114592131548806,59.0,0.0,0.02574554816562969,0.02722222222222222
1709623320,67094.0,67102.0,67061.0,67095.0,0.68257011,2024-03-05 07:22:00+00:00,67095.0,-20.0,-0.0002980403866782484,61.79742740517858,7.978013572623949,0.0,54.0,0.02609262883235486,0.02722222222222222
1709623380,67091.0,67091.0,67036.0,67036.0,0.0629387,2024-03-05 07:23:00+00:00,67036.0,-59.0,-0.0008797370302941733,62.217279195642156,8.032216205701975,0.0,59.0,0.026263952724885093,0.026944444444444444
1709623440,67034.0,67082.0,67028.0,67067.0,0.92203195,2024-03-05 07:24:00+00:00,67067.0,31.0,0.0004623312014226104,62.364834633550245,8.051265530823988,46.0,8.0,0.02609262883235486,0.02722222222222222
1709623500,67088.0,67136.0,67088.0,67123.0,0.56715275,2024-03-05 07:25:00+00:00,67123.0,56.0,0.0008346375028079068,62.47064847513564,8.064926039032603,69.0,0.0,0.02604731929672238,0.026944444444444444
1709623560,67120.0,67120.0,67044.0,67094.0,0.21621216,2024-03-05 07:26:00+00:00,67094.0,-29.0,-0.00043213602526194126,61.94571160654053,7.9971569807032985,0.0,79.0,0.02599090318388564,0.026944444444444444
1709623620,67076.0,67076.0,67038.0,67038.0,0.13922169,2024-03-05 07:27:00+00:00,67038.0,-56.0,-0.0008349984083396553,61.88564951440051,7.9894029979500765,0.0,56.0,0.02602472348731295,0.02666666666666667
1709623680,67004.0,67053.0,67001.0,67020.0,0.13026095,2024-03-05 07:28:00+00:00,67020.0,-18.0,-0.00026854048409154024,61.664984707555575,7.960915293883259,15.0,37.0,0.026075619295958277,0.02666666666666667
1709623740,67028.0,67028.0,66908.0,66908.0,0.11497242,2024-03-05 07:29:00+00:00,66908.0,-112.0,-0.0016725408594020297,60.04823626024426,7.7521939668351445,8.0,112.0,0.02631578947368421,0.02666666666666667
1709623800,66909.0,66963.0,66865.0,66865.0,0.21187648,2024-03-05 07:30:00+00:00,66865.0,-43.0,-0.0006428801250023815,58.59903009166302,7.565102254963938,55.0,43.0,0.02642007926023778,0.026944444444444444
1709623860,66839.0,66954.0,66839.0,66899.0,1.45668243,2024-03-05 07:31:00+00:00,66899.0,34.0,0.0005083580145960249,56.86859419442096,7.341703941240672,89.0,26.0,0.026437541308658292,0.026944444444444444
1709623920,66873.0,66942.0,66871.0,66888.0,0.17422902,2024-03-05 07:32:00+00:00,66888.0,-11.0,-0.000164440491599157,54.94495447808544,7.093363121724985,43.0,28.0,0.02682763246143528,0.02722222222222222
1709623980,66877.0,66879.0,66781.0,66796.0,0.21969055,2024-03-05 07:33:00+00:00,66796.0,-92.0,-0.0013763803375708278,55.960851933763074,7.22451491930145,0.0,107.0,0.02631578947368421,0.02722222222222222
1709624040,66802.0,66874.0,66791.0,66820.0,0.39890969,2024-03-05 07:34:00+00:00,66820.0,24.0,0.000359238418424516,55.792128315031285,7.202732793786114,78.0,5.0,0.026172300981461286,0.0275
1709624100,66818.0,66823.0,66754.0,66760.0,0.62289509,2024-03-05 07:35:00+00:00,66760.0,-60.0,-0.0008983381349761454,53.78654978573285,6.943813719003314,3.0,66.0,0.02644336712208021,0.027777777777777776
1709624160,66751.0,66799.0,66715.0,66724.0,0.28494202,2024-03-05 07:36:00+00:00,66724.0,-36.0,-0.0005393905018252886,53.813706170003044,6.94731959313737,39.0,45.0,0.026218046755516713,0.028055555555555556
1709624220,66738.0,66738.0,66536.0,66672.0,65.81812008,2024-03-05 07:37:00+00:00,66672.0,-52.0,-0.0007796336117113287,54.054325048946694,6.978383356835098,14.0,188.0,0.02557544757033248,0.028055555555555556
1709624280,66681.0,66765.0,66602.0,66653.0,1.38436239,2024-03-05 07:38:00+00:00,66653.0,-19.0,-0.00028501781554280726,54.05233653363907,6.9781266406127616,93.0,70.0,0.02495321272613849,0.028333333333333332
1709624340,66611.0,66625.0,66526.0,66625.0,0.40119399,2024-03-05 07:39:00+00:00,66625.0,-28.0,-0.00042017437854620024,54.056833452745494,6.978707190373043,0.0,127.0,0.024575056317837393,0.028055555555555556
1709624400,66630.0,66741.0,66630.0,66662.0,2.44912062,2024-03-05 07:40:00+00:00,66662.0,37.0,0.0005551929438039673,53.2784074514712,6.87821282573337,116.0,0.0,0.024380333197887037,0.028055555555555556
1709624460,66649.0,66751.0,66649.0,66706.0,0.0790165,2024-03-05 07:41:00+00:00,66706.0,44.0,0.000659828468543733,53.576114080810406,6.916646586316246,89.0,13.0,0.02433583451632529,0.028055555555555556
1709624520,66705.0,66745.0,66680.0,66693.0,0.06232209,2024-03-05 07:42:00+00:00,66693.0,-13.0,-0.00019490401039219085,53.28888066247871,6.879564911460483,39.0,26.0,0.024286581663630846,0.028055555555555556
1709624580,66647.0,66694.0,66641.0,66694.0,1.08155659,2024-03-05 07:43:00+00:00,66694.0,1.0,1.4993964929460102e-05,53.207182196468054,6.869017684851484,1.0,52.0,0.024415055951169887,0.028055555555555556
1709624640,66644.0,66644.0,66588.0,66588.0,0.07388101,2024-03-05 07:44:00+00:00,66588.0,-106.0,-0.0015906127211291375,53.99123961164692,6.970239061900091,0.0,106.0,0.024454860403505196,0.028055555555555556
1709624700,66561.0,66604.0,66509.0,66556.0,0.21995911,2024-03-05 07:45:00+00:00,66556.0,-32.0,-0.00048068257850368643,49.959336572201146,6.4497226177235385,16.0,79.0,0.024870466321243522,0.028055555555555556
1709624760,66552.0,66552.0,66318.0,66455.0,22.93989982,2024-03-05 07:46:00+00:00,66455.0,-101.0,-0.001518671679964769,51.142017287191564,6.602406041491491,0.0,238.0,0.02405291641611545,0.027777777777777776
1709624820,66453.0,66524.0,66334.0,66497.0,2.39494407,2024-03-05 07:47:00+00:00,66497.0,42.0,0.0006318069889452901,51.28677266944634,6.621093880983046,69.0,121.0,0.023520188161505293,0.027777777777777776
1709624880,66462.0,66584.0,66455.0,66515.0,1.34950209,2024-03-05 07:48:00+00:00,66515.0,18.0,0.00027065227362770916,51.21494253616869,6.6118206506517065,87.0,42.0,0.02324680356450988,0.028055555555555556
1709624940,66550.0,66574.0,66524.0,66524.0,0.06527107,2024-03-05 07:49:00+00:00,66524.0,9.0,0.00013529867202444754,50.057624985700734,6.4624115973438405,59.0,0.0,0.023538642604943115,0.027777777777777776
1709625000,66534.0,66658.0,66534.0,66625.0,0.10857423,2024-03-05 07:50:00+00:00,66625.0,101.0,0.0015170976781150364,52.0116240810459,6.714671795836381,134.0,0.0,0.023296447291788005,0.0275
1709625060,66651.0,66713.0,66608.0,66713.0,0.75519348,2024-03-05 07:51:00+00:00,66713.0,88.0,0.001319953993260769,53.49782191035962,6.906539110573101,88.0,17.0,0.023063617143955408,0.0275
1709625120,66731.0,66733.0,66608.0,66722.0,0.11689293,2024-03-05 07:52:00+00:00,66722.0,9.0,0.00013489714113450795,53.55912040475538,6.914452712171181,20.0,105.0,0.022835394862036156,0.0275
1709625180,66685.0,66700.0,66599.0,66668.0,3.34265911,2024-03-05 07:53:00+00:00,66668.0,-54.0,-0.000809655940474401,53.643582079360584,6.925356667475806,0.0,123.0,0.022530980097634247,0.02722222222222222
1709625240,66664.0,66707.0,66629.0,66653.0,0.63657472,2024-03-05 07:54:00+00:00,66653.0,-15.0,-0.00022502081537484892,53.63318339966342,6.924014203699484,39.0,39.0,0.022509848058525607,0.02722222222222222
1709625300,66616.0,66616.0,66497.0,66497.0,0.8360021,2024-03-05 07:55:00+00:00,66497.0,-156.0,-0.002343223002313476,56.7300476386611,7.323817657802928,0.0,156.0,0.022152482924127748,0.026944444444444444
1709625360,66511.0,66531.0,66442.0,66466.0,0.32031172,2024-03-05 07:56:00+00:00,66466.0,-31.0,-0.0004662951431856486,56.27447615630623,7.2650036323306795,34.0,55.0,0.022083179977916822,0.02722222222222222
1709625420,66460.0,66505.0,66460.0,66484.0,0.13851901,2024-03-05 07:57:00+00:00,66484.0,18.0,0.0002707784898079272,56.42603277868518,7.284569508146717,39.0,6.0,0.022103518143304475,0.0275
1709625480,66475.0,66475.0,66347.0,66347.0,0.80575401,2024-03-05 07:58:00+00:00,66347.0,-137.0,-0.0020627722230239227,58.41125384950402,7.540860446340765,0.0,137.0,0.021743069396629823,0.0275
1709625540,66334.0,66334.0,66188.0,66238.0,8.4144518,2024-03-05 07:59:00+00:00,66238.0,-109.0,-0.0016442286013753865,59.30735799093076,7.656546993547873,0.0,159.0,0.021478432074458566,0.02722222222222222
1709625600,66190.0,66423.0,66148.0,66423.0,6.50133125,2024-03-05 08:00:00+00:00,66423.0,185.0,0.002789065662470453,64.40434373181235,8.314565023224242,185.0,90.0,0.020711080428028997,0.02722222222222222
1709625660,66406.0,66457.0,66305.0,66400.0,4.91187801,2024-03-05 08:01:00+00:00,66400.0,-23.0,-0.0003463255645465787,64.34757314375996,8.307235971821532,34.0,118.0,0.020429009193054137,0.02722222222222222
1709625720,66372.0,66462.0,66310.0,66405.0,2.54528662,2024-03-05 08:02:00+00:00,66405.0,5.0,7.529836982595019e-05,64.2788329201918,8.298361647118396,62.0,90.0,0.020016680567139282,0.02722222222222222
1709625780,66401.0,66458.0,66349.0,66397.0,2.29872048,2024-03-05 08:03:00+00:00,66397.0,-8.0,-0.00012048011339701928,63.16872527689122,8.155047366618373,53.0,56.0,0.02007696168646478,0.0275
1709625840,66400.0,66400.0,66250.0,66288.0,1.88398908,2024-03-05 08:04:00+00:00,66288.0,-109.0,-0.001642989403770963,64.30607206131326,8.30187820511601,3.0,147.0,0.01972062448644207,0.0275
1709625900,66290.0,66355.0,66156.0,66205.0,1.95682133,2024-03-05 08:05:00+00:00,66205.0,-83.0,-0.0012528965433258401,64.65294353194327,8.346659119416826,67.0,132.0,0.019305019305019305,0.027777777777777776
1709625960,66228.0,66228.0,66086.0,66158.0,2.82136971,2024-03-05 08:06:00+00:00,66158.0,-47.0,-0.0007101682792823669,64.72554835742609,8.356032362081802,23.0,119.0,0.01901743264659271,0.027777777777777776
1709626020,66158.0,66209.0,66092.0,66209.0,1.44185453,2024-03-05 08:07:00+00:00,66209.0,51.0,0.0007705848515665082,63.40269246987379,8.185252401351052,51.0,66.0,0.018978333069745373,0.028055555555555556
1709626080,66219.0,66223.0,66070.0,66070.0,1.95133504,2024-03-05 08:08:00+00:00,66070.0,-139.0,-0.0021016193222099548,65.24714206785313,8.423369820547485,14.0,139.0,0.018791105543376135,0.028055555555555556
1709626140,66069.0,66069.0,65599.0,65633.0,27.10312861,2024-03-05 08:09:00+00:00,65633.0,-437.0,-0.006636167797883479,84.63775252534997,10.926686866370172,0.0,471.0,0.017639276789651624,0.027777777777777776
1709626200,65651.0,66016.0,65617.0,66016.0,7.48663596,2024-03-05 08:10:00+00:00,66016.0,383.0,0.0058185186449304475,99.22241608178746,12.809558835174194,383.0,16.0,0.01687289088863892,0.027777777777777776
1709626260,65978.0,66099.0,65978.0,66027.0,0.93113206,2024-03-05 08:11:00+00:00,66027.0,11.0,0.00016661239180326709,98.97069702723381,12.777062044967215,83.0,38.0,0.016706111652512876,0.027777777777777776
1709626320,65965.0,66231.0,65926.0,66231.0,2.13383239,2024-03-05 08:12:00+00:00,66231.0,204.0,0.0030848820000366002,102.94202745695834,13.28975859885421,204.0,101.0,0.016172506738544475,0.028055555555555556
1709626380,66267.0,66415.0,66240.0,66415.0,5.48061212,2024-03-05 08:13:00+00:00,66415.0,184.0,0.0027743033037853195,105.98611464326424,13.682748564753082,184.0,0.0,0.015938371629698498,0.027777777777777776
1709626440,66423.0,66502.0,66382.0,66490.0,0.95277813,2024-03-05 08:14:00+00:00,66490.0,75.0,0.001128625829896966,106.59928000308047,13.761907872321064,87.0,33.0,0.015777018143570864,0.027777777777777776
1709626500,66450.0,66616.0,66435.0,66493.0,0.69818747,2024-03-05 08:15:00+00:00,66493.0,3.0,4.5118548995007926e-05,106.46340449739127,13.744366419964672,126.0,55.0,0.015546055188495918,0.027777777777777776
1709626560,66575.0,66629.0,66465.0,66612.0,2.2982893,2024-03-05 08:16:00+00:00,66612.0,119.0,0.0017880625326658576,107.77442963716314,13.91361903772453,136.0,28.0,0.015321756894790603,0.027777777777777776
1709626620,66571.0,66660.0,66552.0,66563.0,0.5584696,2024-03-05 08:17:00+00:00,66563.0,-49.0,-0.0007358738834040916,107.53995972592288,13.883349102343855,48.0,60.0,0.015313935681470138,0.027777777777777776
1709626680,66569.0,66605.0,66490.0,66529.0,1.29364941,2024-03-05 08:18:00+00:00,66529.0,-34.0,-0.0005109247849551517,107.30853531482218,13.85347233934056,42.0,73.0,0.015186028853454823,0.028055555555555556
1709626740,66520.0,66573.0,66476.0,66544.0,0.61805793,2024-03-05 08:19:00+00:00,66544.0,15.0,0.00022544017289050585,106.35198462073178,13.72998217574005,44.0,53.0,0.015247776365946633,0.028055555555555556
1709626800,66532.0,66613.0,66512.0,66586.0,0.78986144,2024-03-05 08:20:00+00:00,66586.0,42.0,0.0006309622383144778,106.23294279832987,13.714613942551225,69.0,32.0,0.015306122448979593,0.028055555555555556
1709626860,66589.0,66591.0,66466.0,66523.0,0.59893252,2024-03-05 08:21:00+00:00,66523.0,-63.0,-0.0009465927128022934,106.22497179462262,13.713584890397533,5.0,120.0,0.015178345560333923,0.028333333333333332
1709626920,66513.0,66612.0,66462.0,66612.0,0.32988095,2024-03-05 08:22:00+00:00,66612.0,89.0,0.001336988969956577,106.9781262292691,13.810816709814468,89.0,61.0,0.014996250937265683,0.02861111111111111
1709626980,66647.0,66724.0,66614.0,66685.0,1.13544791,2024-03-05 08:23:00+00:00,66685.0,73.0,0.0010952985783333653,107.26947296648979,13.848429411855388,112.0,0.0,0.0148975791433892,0.02861111111111111
1709627040,66683.0,66732.0,66683.0,66732.0,0.15562486,2024-03-05 08:24:00+00:00,66732.0,47.0,0.0007045579190694686,107.38246103462667,13.863016108729198,47.0,2.0,0.014906832298136647,0.02861111111111111
1709627100,66733.0,66776.0,66720.0,66776.0,57.30278945,2024-03-05 08:25:00+00:00,66776.0,44.0,0.0006591365550082094,107.27694109358026,13.849393542917014,44.0,12.0,0.014930944382232178,0.028888888888888888
1709627160,66737.0,66781.0,66649.0,66781.0,0.58594079,2024-03-05 08:26:00+00:00,66781.0,5.0,7.487439823193948e-05,107.24201865393881,13.844885075345672,5.0,127.0,0.014833127317676142,0.029166666666666667
1709627220,66751.0,66773.0,66703.0,66703.0,1.30008494,2024-03-05 08:27:00+00:00,66703.0,-78.0,-0.0011686795253030569,107.45598888857991,13.872508513857307,0.0,78.0,0.014792899408284025,0.029166666666666667
1709627280,66703.0,66703.0,66588.0,66643.0,2.48467153,2024-03-05 08:28:00+00:00,66643.0,-60.0,-0.0008999145688544349,107.67482302806124,13.900759879783735,0.0,115.0,0.014678899082568808,0.028888888888888888
1709627340,66640.0,66662.0,66570.0,66604.0,4.40330227,2024-03-05 08:29:00+00:00,66604.0,-39.0,-0.0005853790496397465,106.86945412974052,13.796787202092082,19.0,73.0,0.014729348226340984,0.028888888888888888
1709627400,66603.0,66673.0,66594.0,66661.0,7.78810505,2024-03-05 08:30:00+00:00,66661.0,57.0,0.0008554384643519531,107.04746294066904,13.81976804076556,69.0,10.0,0.014763779527559055,0.028888888888888888
1709627460,66664.0,66681.0,66523.0,66591.0,3.55695098,2024-03-05 08:31:00+00:00,66591.0,-70.0,-0.0010506409875889727,107.27336641143945,13.848932053437036,20.0,138.0,0.014686084934524538,0.028888888888888888
1709627520,66588.0,66597.0,66521.0,66521.0,2.99868007,2024-03-05 08:32:00+00:00,66521.0,-70.0,-0.0010517459951417717,107.59797926189388,13.890839392229534,6.0,70.0,0.014677103718199608,0.028888888888888888
1709627580,66505.0,66523.0,66504.0,66504.0,0.76845425,2024-03-05 08:33:00+00:00,66504.0,-17.0,-0.0002555910557045126,107.01741766467657,13.81588921231386,2.0,17.0,0.014836795252225518,0.029166666666666667
1709627640,66467.0,66491.0,66419.0,66428.0,2.52346277,2024-03-05 08:34:00+00:00,66428.0,-76.0,-0.0011434418842803534,107.33844252148371,13.857333343118283,0.0,85.0,0.014833127317676142,0.028888888888888888
1709627700,66459.0,66542.0,66459.0,66540.0,0.68251441,2024-03-05 08:35:00+00:00,66540.0,112.0,0.0016846162458240283,108.17980429126864,13.96595268053537,114.0,0.0,0.014751075599262446,0.02861111111111111
1709627760,66540.0,66624.0,66540.0,66598.0,1.88362,2024-03-05 08:36:00+00:00,66598.0,58.0,0.0008712764750722985,108.38407851052793,13.992324368843727,84.0,0.0,0.014751075599262446,0.028333333333333332
1709627820,66634.0,66704.0,66578.0,66704.0,0.23225746,2024-03-05 08:37:00+00:00,66704.0,106.0,0.0015903740730380163,109.0683919579536,14.080668855025907,106.0,20.0,0.01489018488646234,0.028333333333333332
1709627880,66690.0,66752.0,66690.0,66748.0,0.39085287,2024-03-05 08:38:00+00:00,66748.0,44.0,0.0006594131462153741,109.18035020119923,14.09512260207794,48.0,14.0,0.015079165619502389,0.028333333333333332
1709627940,66744.0,66770.0,66708.0,66747.0,1.14641918,2024-03-05 08:39:00+00:00,66747.0,-1.0,-1.498183452586826e-05,109.11197275675143,14.086295111957854,22.0,40.0,0.015203344735841885,0.02861111111111111
1709628000,66754.0,66754.0,66689.0,66712.0,0.12734092,2024-03-05 08:40:00+00:00,66712.0,-35.0,-0.0005245056654462394,109.11681917096331,14.086920781342236,7.0,58.0,0.015302218821729153,0.028888888888888888
1709628060,66701.0,66728.0,66622.0,66656.0,0.71947846,2024-03-05 08:41:00+00:00,66656.0,-56.0,-0.000839781706122735,109.20997760754076,14.098947483789676,16.0,90.0,0.015294417537598776,0.028888888888888888
1709628120,66701.0,66779.0,66676.0,66750.0,0.67258497,2024-03-05 08:42:00+00:00,66750.0,94.0,0.00140923220179736,109.8795064250081,14.185383282451575,123.0,0.0,0.015182186234817815,0.02861111111111111
1709628180,66759.0,66774.0,66692.0,66706.0,0.60227701,2024-03-05 08:43:00+00:00,66706.0,-44.0,-0.0006593933820025619,110.03262998318706,14.205151448809545,24.0,58.0,0.015126685995209882,0.02861111111111111
1709628240,66711.0,66742.0,66694.0,66731.0,0.96517896,2024-03-05 08:44:00+00:00,66731.0,25.0,0.0003747086683979449,109.18606288205297,14.095860106004897,36.0,12.0,0.015238095238095238,0.028888888888888888
1709628300,66764.0,66764.0,66656.0,66749.0,1.88468459,2024-03-05 08:45:00+00:00,66749.0,18.0,0.0002697033279758969,109.10997277147537,14.086036914968961,33.0,75.0,0.015212981744421906,0.028888888888888888
1709628360,66752.0,66782.0,66704.0,66710.0,0.39551751,2024-03-05 08:46:00+00:00,66710.0,-39.0,-0.000584449173306225,108.39751466911355,13.994058969458365,33.0,45.0,0.015527950310559004,0.029166666666666667
1709628420,66716.0,66768.0,66711.0,66750.0,0.53965549,2024-03-05 08:47:00+00:00,66750.0,40.0,0.0005994305589349658,108.3860163077943,13.992574537395095,58.0,0.0,0.015797788309636653,0.028888888888888888
1709628480,66742.0,66783.0,66682.0,66783.0,1.462855,2024-03-05 08:48:00+00:00,66783.0,33.0,0.0004942598559427669,108.43563531261171,13.998980323372201,33.0,68.0,0.015856236786469344,0.028888888888888888
1709628540,66777.0,66819.0,66758.0,66810.0,2.95584369,2024-03-05 08:49:00+00:00,66810.0,27.0,0.0004042128010842765,108.47328291954955,14.003840608528694,36.0,25.0,0.015852047556142668,0.029166666666666667
1709628600,66817.0,66817.0,66675.0,66786.0,0.55983261,2024-03-05 08:50:00+00:00,66786.0,-24.0,-0.0003592921982421991,107.7919357485957,13.91587906699237,7.0,135.0,0.015835312747426764,0.029444444444444443
1709628660,66823.0,66831.0,66773.0,66831.0,1.16670741,2024-03-05 08:51:00+00:00,66831.0,45.0,0.0006735670117027293,107.35715249619098,13.859748790466588,45.0,13.0,0.015934138892577346,0.029444444444444443
1709628720,66839.0,66847.0,66811.0,66819.0,1.97952305,2024-03-05 08:52:00+00:00,66819.0,-12.0,-0.00017957351338944032,107.36806514243138,13.861157607038326,16.0,20.0,0.01612469766191884,0.029444444444444443
1709628780,66812.0,66847.0,66751.0,66843.0,0.42921147,2024-03-05 08:53:00+00:00,66843.0,24.0,0.00035911478592168613,107.15524800559817,13.833683032813573,28.0,68.0,0.016183412002697236,0.029722222222222223
1709628840,66851.0,66851.0,66803.0,66842.0,0.02977447,2024-03-05 08:54:00+00:00,66842.0,-1.0,-1.496054157187927e-05,107.13081264019777,13.8305284407051,8.0,40.0,0.016249153689911984,0.029722222222222223
1709628900,66839.0,66855.0,66839.0,66848.0,0.18708916,2024-03-05 08:55:00+00:00,66848.0,6.0,8.97598923484384e-05,105.0734730831846,13.56492704597824,13.0,3.0,0.016563146997929608,0.03
1709628960,66855.0,66855.0,66783.0,66855.0,1.40067784,2024-03-05 08:56:00+00:00,66855.0,7.0,0.00010470969247346108,104.96205798201184,13.550543418266304,7.0,65.0,0.016602102933038185,0.03
1709629020,66862.0,66879.0,66845.0,66879.0,1.53406364,2024-03-05 08:57:00+00:00,66879.0,24.0,0.0003589214449227261,104.97607341056614,13.55235280231233,24.0,10.0,0.016627407510045725,0.03
1709629080,66879.0,66879.0,66827.0,66835.0,0.33872756,2024-03-05 08:58:00+00:00,66835.0,-44.0,-0.0006581210881151895,103.4962484649936,13.361308223328837,0.0,52.0,0.01682557487380819,0.03
1709629140,66824.0,66919.0,66824.0,66916.0,2.73961585,2024-03-05 08:59:00+00:00,66916.0,81.0,0.0012112060455978819,102.75564234580169,13.265696384471186,84.0,11.0,0.01697792869269949,0.03027777777777778
1709629200,66919.0,66933.0,66844.0,66847.0,0.41623106,2024-03-05 09:00:00+00:00,66847.0,-69.0,-0.0010316755174456483,100.68963332879414,12.9989757672717,17.0,72.0,0.017436791630340016,0.03027777777777778
1709629260,66845.0,66854.0,66802.0,66854.0,0.18653443,2024-03-05 09:01:00+00:00,66854.0,7.0,0.00010471125879971256,100.61225565854575,12.98898635299702,7.0,45.0,0.017693895606015926,0.03027777777777778
1709629320,66763.0,66764.0,66747.0,66747.0,0.05336627,2024-03-05 09:02:00+00:00,66747.0,-107.0,-0.0016017847602580683,101.69384095477758,13.128618414323977,0.0,107.0,0.01781208252931572,0.03
1709629380,66748.0,66764.0,66697.0,66761.0,2.58633088,2024-03-05 09:03:00+00:00,66761.0,14.0,0.00020972526067834291,101.68326807125017,13.127253460929875,17.0,50.0,0.017923823749066467,0.03
1709629440,66760.0,66760.0,66686.0,66722.0,0.4476421,2024-03-05 09:04:00+00:00,66722.0,-39.0,-0.0005843440904045828,100.73784851928193,13.005200321598146,0.0,75.0,0.01812688821752266,0.029722222222222223
1709629500,66758.0,66795.0,66748.0,66778.0,0.17798488,2024-03-05 09:05:00+00:00,66778.0,56.0,0.0008389513600687278,100.22456564795898,12.938935787847237,73.0,0.0,0.018478595626732368,0.029444444444444443
1709629560,66767.0,66846.0,66734.0,66846.0,0.09789444,2024-03-05 09:06:00+00:00,66846.0,68.0,0.0010177813247616652,100.22440358239272,12.938914865272599,68.0,44.0,0.018564356435643563,0.029444444444444443
1709629620,66841.0,66851.0,66825.0,66827.0,0.24244096,2024-03-05 09:07:00+00:00,66827.0,-19.0,-0.0002842758092951136,100.16381497581091,12.931092909797224,5.0,21.0,0.018829436686019142,0.029444444444444443
1709629680,66808.0,66810.0,66785.0,66810.0,1.25607169,2024-03-05 09:08:00+00:00,66810.0,-17.0,-0.00025442055855339385,98.30265728543934,12.690818485148059,0.0,42.0,0.01916320664324497,0.029166666666666667
1709629740,66819.0,66833.0,66786.0,66811.0,0.15252465,2024-03-05 09:09:00+00:00,66811.0,1.0,1.496770717206136e-05,78.67245262644286,10.156569960916839,23.0,24.0,0.020554984583761562,0.029444444444444443
1709629800,66788.0,66802.0,66741.0,66772.0,0.19095489,2024-03-05 09:10:00+00:00,66772.0,-39.0,-0.0005839066514163956,62.92400582031142,8.123454220624156,0.0,70.0,0.02178253766563805,0.029166666666666667
1709629860,66780.0,66790.0,66752.0,66789.0,0.26026867,2024-03-05 09:11:00+00:00,66789.0,17.0,0.00025456533107415556,62.926187591063965,8.123735886017151,18.0,20.0,0.022115739034279394,0.029166666666666667
1709629920,66789.0,66799.0,66724.0,66724.0,0.16989806,2024-03-05 09:12:00+00:00,66724.0,-65.0,-0.0009736880324068626,58.492094690162595,7.5512969539929005,10.0,65.0,0.023094688221709007,0.029166666666666667
1709629980,66716.0,66744.0,66708.0,66713.0,0.31752928,2024-03-05 09:13:00+00:00,66713.0,-11.0,-0.0001648718125395036,53.78770783482322,6.9439632224980175,20.0,16.0,0.023771790808240885,0.029444444444444443
1709630040,66713.0,66727.0,66698.0,66707.0,1.15154245,2024-03-05 09:14:00+00:00,66707.0,-6.0,-8.994153806097862e-05,53.011061099265554,6.843698560074644,14.0,15.0,0.02420819043776478,0.029444444444444443
1709630100,66707.0,66715.0,66661.0,66715.0,0.0464807,2024-03-05 09:15:00+00:00,66715.0,8.0,0.00011992025317555463,53.01400518507088,6.844078639917772,8.0,46.0,0.024844720496894408,0.029444444444444443
1709630160,66702.0,66735.0,66663.0,66734.0,0.79919806,2024-03-05 09:16:00+00:00,66734.0,19.0,0.00028475297871668895,50.8557170316403,6.5654448374326595,20.0,52.0,0.02532714225411566,0.029444444444444443
1709630220,66724.0,66746.0,66683.0,66725.0,1.00941812,2024-03-05 09:17:00+00:00,66725.0,-9.0,-0.00013487288251287343,50.43582934141107,6.511237569714815,12.0,51.0,0.025569997869166843,0.029444444444444443
1709630280,66696.0,66763.0,66696.0,66763.0,0.25872136,2024-03-05 09:18:00+00:00,66763.0,38.0,0.0005693395814825257,50.404364890354586,6.507175526550172,38.0,29.0,0.025834230355220665,0.029444444444444443
1709630340,66775.0,66785.0,66721.0,66748.0,0.30077534,2024-03-05 09:19:00+00:00,66748.0,-15.0,-0.00022470058741396343,50.441172313961836,6.511927344505094,22.0,42.0,0.026019080659150047,0.029444444444444443
1709630400,66741.0,66800.0,66741.0,66796.0,0.39507829,2024-03-05 09:20:00+00:00,66796.0,48.0,0.0007188642255296695,50.524872210273,6.522732954654842,52.0,7.0,0.0262582056892779,0.029444444444444443
1709630460,66794.0,66816.0,66740.0,66816.0,0.09333424,2024-03-05 09:21:00+00:00,66816.0,20.0,0.000299374309932946,49.80439421994639,6.429719646060043,20.0,56.0,0.026542800265428004,0.029444444444444443
1709630520,66809.0,66842.0,66809.0,66842.0,0.74257516,2024-03-05 09:22:00+00:00,66842.0,26.0,0.00038905266168801886,48.65170809504001,6.280908507221151,26.0,7.0,0.02724795640326975,0.029444444444444443
1709630580,66836.0,66841.0,66811.0,66817.0,0.37000813,2024-03-05 09:23:00+00:00,66817.0,-25.0,-0.00037408629858883783,47.9299630286965,6.187731619815958,0.0,31.0,0.02775850104094379,0.029444444444444443
1709630640,66807.0,66838.0,66793.0,66838.0,0.43640709,2024-03-05 09:24:00+00:00,66838.0,21.0,0.00031424189402287975,47.63468564854992,6.149611473955309,21.0,24.0,0.02778420930771012,0.029444444444444443
1709630700,66836.0,66836.0,66806.0,66817.0,0.18677078,2024-03-05 09:25:00+00:00,66817.0,-21.0,-0.0003142418940228495,47.396449722818836,6.118855348194483,0.0,32.0,0.02793946449359721,0.029166666666666667
1709630760,66828.0,66828.0,66771.0,66783.0,0.12225362,2024-03-05 09:26:00+00:00,66783.0,-34.0,-0.000508982046916318,47.60322117952394,6.145549428470813,11.0,46.0,0.028436018957345974,0.029166666666666667
1709630820,66804.0,66837.0,66793.0,66817.0,0.83133695,2024-03-05 09:27:00+00:00,66817.0,34.0,0.0005089820469163549,46.6783802893876,6.026152982957823,54.0,0.0,0.02859866539561487,0.029166666666666667
1709630880,66795.0,66795.0,66763.0,66771.0,0.12489567,2024-03-05 09:28:00+00:00,66771.0,-46.0,-0.000688684639609833,46.397861824882774,5.989938204913462,0.0,54.0,0.029020556227327687,0.029166666666666667
1709630940,66788.0,66788.0,66761.0,66761.0,0.20980348,2024-03-05 09:29:00+00:00,66761.0,-10.0,-0.00014977683279953242,46.11227700293589,5.953069362935799,17.0,10.0,0.029484029484029485,0.029166666666666667
1709631000,66765.0,66766.0,66684.0,66696.0,0.32609088,2024-03-05 09:30:00+00:00,66696.0,-65.0,-0.0009740966024964458,46.362715757701125,5.985400867150821,5.0,77.0,0.029462312791554136,0.029166666666666667
1709631060,66674.0,66684.0,66600.0,66616.0,0.19201669,2024-03-05 09:31:00+00:00,66616.0,-80.0,-0.0012001921747941003,46.63790982418028,6.0209282683657825,0.0,96.0,0.02991772625280479,0.028888888888888888
1709631120,66622.0,66651.0,66527.0,66558.0,0.30539909,2024-03-05 09:32:00+00:00,66558.0,-58.0,-0.0008710409489406101,46.35569614375089,5.984494638886619,35.0,89.0,0.02956393200295639,0.028888888888888888
1709631180,66556.0,66629.0,66534.0,66561.0,0.32011627,2024-03-05 09:33:00+00:00,66561.0,3.0,4.507245397737046e-05,46.298744354610406,5.977142194524025,71.0,24.0,0.029020556227327687,0.028888888888888888
1709631240,66561.0,66564.0,66504.0,66545.0,0.31180624,2024-03-05 09:34:00+00:00,66545.0,-16.0,-0.0002404099000354528,45.24450523806507,5.8410405098140075,3.0,57.0,0.029197080291970802,0.029166666666666667
1709631300,66535.0,66535.0,66449.0,66505.0,0.36924432,2024-03-05 09:35:00+00:00,66505.0,-40.0,-0.0006012777332599259,43.186741400207204,5.57538434066563,0.0,96.0,0.029325513196480937,0.029166666666666667
1709631360,66504.0,66504.0,66374.0,66447.0,0.32862677,2024-03-05 09:36:00+00:00,66447.0,-58.0,-0.0008724953920116109,43.116118998747254,5.56626702784151,0.0,131.0,0.02899251026818072,0.029166666666666667
1709631420,66458.0,66458.0,66319.0,66412.0,1.01579713,2024-03-05 09:37:00+00:00,66412.0,-35.0,-0.000526874367707931,40.8861447945169,5.278378595992968,11.0,128.0,0.028901734104046242,0.029166666666666667
1709631480,66427.0,66486.0,66409.0,66410.0,0.28404365,2024-03-05 09:38:00+00:00,66410.0,-2.0,-3.0115492917622394e-05,40.38247927961297,5.213355657616904,74.0,3.0,0.028797696184305253,0.029166666666666667
1709631540,66409.0,66476.0,66387.0,66445.0,0.32965057,2024-03-05 09:39:00+00:00,66445.0,35.0,0.0005268902308486561,40.718532267955176,5.256739911859991,66.0,23.0,0.028612303290414875,0.029166666666666667
1709631600,66447.0,66555.0,66423.0,66541.0,0.48902927,2024-03-05 09:40:00+00:00,66541.0,96.0,0.0014437612481850676,42.55517853727079,5.493849925657769,110.0,22.0,0.02816240319173903,0.029166666666666667
1709631660,66503.0,66503.0,66429.0,66429.0,0.12367138,2024-03-05 09:41:00+00:00,66429.0,-112.0,-0.0016845909075215203,44.318222011492026,5.721457859467719,0.0,112.0,0.02812280290602297,0.028888888888888888
1709631720,66425.0,66437.0,66388.0,66409.0,0.14390366,2024-03-05 09:42:00+00:00,66409.0,-20.0,-0.0003011186580815448,42.45974830340743,5.481529935441853,8.0,41.0,0.02861912711662294,0.029166666666666667
1709631780,66410.0,66420.0,66385.0,66386.0,0.67301429,2024-03-05 09:43:00+00:00,66386.0,-23.0,-0.0003463985877478252,42.224447359347046,5.451152714185429,11.0,24.0,0.028943560057887122,0.029166666666666667
1709631840,66386.0,66427.0,66382.0,66427.0,0.5500791,2024-03-05 09:44:00+00:00,66427.0,41.0,0.0006174094599535838,42.46907814952034,5.482734413395786,41.0,4.0,0.02896451846488052,0.029166666666666667
1709631900,66415.0,66438.0,66400.0,66424.0,0.24979953,2024-03-05 09:45:00+00:00,66424.0,-3.0,-4.516337852948925e-05,42.36215598723719,5.468930821600348,11.0,27.0,0.029462312791554136,0.029166666666666667
1709631960,66400.0,66400.0,66277.0,66281.0,1.35521343,2024-03-05 09:46:00+00:00,66281.0,-143.0,-0.0021551570076388483,45.751660153262975,5.906513927830965,0.0,147.0,0.02897151134717528,0.028888888888888888
1709632020,66282.0,66318.0,66277.0,66318.0,0.3860778,2024-03-05 09:47:00+00:00,66318.0,37.0,0.0005580736047828328,45.7008697020684,5.8999569087768675,37.0,4.0,0.02909090909090909,0.029166666666666667
1709632080,66285.0,66285.0,66212.0,66278.0,0.29719339,2024-03-05 09:48:00+00:00,66278.0,-40.0,-0.0006033364688735628,45.58407827400271,5.884879200247593,0.0,106.0,0.029055690072639227,0.028888888888888888
1709632140,66251.0,66251.0,66152.0,66208.0,3.34603245,2024-03-05 09:49:00+00:00,66208.0,-70.0,-0.001056715524867241,46.02466791294843,5.941759078052538,0.0,126.0,0.028605482717520857,0.02861111111111111
1709632200,66227.0,66264.0,66175.0,66175.0,1.68631717,2024-03-05 09:50:00+00:00,66175.0,-33.0,-0.0004985534499675905,46.08558422594138,5.949623340243673,56.0,33.0,0.02897151134717528,0.02861111111111111
1709632260,66186.0,66208.0,66127.0,66171.0,5.24031849,2024-03-05 09:51:00+00:00,66171.0,-4.0,-6.044761460440471e-05,45.52183309287537,5.876843381917999,33.0,48.0,0.028811524609843937,0.02861111111111111
1709632320,66168.0,66224.0,66106.0,66207.0,1.79846993,2024-03-05 09:52:00+00:00,66207.0,36.0,0.000543897035571942,45.923960733929896,5.928757837146461,53.0,65.0,0.02825523899222981,0.02861111111111111
1709632380,66219.0,66349.0,66219.0,66332.0,0.14153396,2024-03-05 09:53:00+00:00,66332.0,125.0,0.0018862378177198328,48.95016201793341,6.319438742987031,142.0,0.0,0.027952480782669462,0.028333333333333332
1709632440,66335.0,66377.0,66257.0,66328.0,1.95355926,2024-03-05 09:54:00+00:00,66328.0,-4.0,-6.03045379347247e-05,48.94388577547015,6.318628483569133,45.0,75.0,0.027491408934707903,0.028333333333333332
1709632500,66372.0,66399.0,66349.0,66392.0,0.26114714,2024-03-05 09:55:00+00:00,66392.0,64.0,0.0009644364822292557,49.80170849972453,6.429372921070316,71.0,0.0,0.027149321266968323,0.028055555555555556
1709632560,66382.0,66409.0,66356.0,66404.0,1.27002589,2024-03-05 09:56:00+00:00,66404.0,12.0,0.00018072833568264497,49.83072759281554,6.4331192698791,17.0,36.0,0.027266530334015,0.028055555555555556
1709632620,66390.0,66406.0,66390.0,66393.0,0.02813281,2024-03-05 09:57:00+00:00,66393.0,-11.0,-0.00016566639344499,49.66009890977688,6.411091201619298,2.0,14.0,0.027378507871321015,0.028055555555555556
1709632680,66405.0,66405.0,66334.0,66374.0,1.347888,2024-03-05 09:58:00+00:00,66374.0,-19.0,-0.00028621570314470244,49.45824867079232,6.3850324478187925,12.0,59.0,0.02726033621081327,0.028333333333333332
1709632740,66382.0,66451.0,66374.0,66436.0,0.69871924,2024-03-05 09:59:00+00:00,66436.0,62.0,0.0009336647015125714,48.938910379702484,6.3179861627375,77.0,0.0,0.02737226277372263,0.028055555555555556
1709632800,66463.0,66518.0,66463.0,66511.0,0.47535856,2024-03-05 10:00:00+00:00,66511.0,75.0,0.0011282692795804876,49.425238869307904,6.380770900771767,82.0,0.0,0.027416038382453736,0.027777777777777776
1709632860,66511.0,66575.0,66507.0,66563.0,0.90100411,2024-03-05 10:01:00+00:00,66563.0,52.0,0.0007815200962874866,49.95822831397442,6.449579542201692,64.0,4.0,0.027316184839517414,0.027777777777777776
1709632920,66547.0,66588.0,66535.0,66550.0,0.26962705,2024-03-05 10:02:00+00:00,66550.0,-13.0,-0.00019532277149981732,48.14142008378674,6.21503060824271,25.0,28.0,0.02765614196819544,0.028055555555555556
1709632980,66581.0,66612.0,66569.0,66612.0,0.07401808,2024-03-05 10:03:00+00:00,66612.0,62.0,0.0009311966549038933,48.82743451771689,6.303594690838356,62.0,0.0,0.02768804799261652,0.027777777777777776
1709633040,66564.0,66629.0,66564.0,66609.0,0.31989667,2024-03-05 10:04:00+00:00,66609.0,-3.0,-4.5037944475789064e-05,48.591724086695294,6.273164605042556,17.0,48.0,0.02775208140610546,0.028055555555555556
1709633100,66620.0,66630.0,66610.0,66611.0,0.4008051,2024-03-05 10:05:00+00:00,66611.0,2.0,3.002552169566416e-05,47.99791367876456,6.196504011018543,21.0,0.0,0.028089887640449437,0.028055555555555556
1709633160,66638.0,66707.0,66621.0,66704.0,0.67162173,2024-03-05 10:06:00+00:00,66704.0,93.0,0.0013951920651965584,48.725786395778314,6.290471974723644,96.0,0.0,0.02819548872180451,0.027777777777777776
1709633220,66699.0,66707.0,66696.0,66700.0,0.0604034,2024-03-05 10:07:00+00:00,66700.0,-4.0,-5.996821686303175e-05,48.677455076948824,6.284232428292749,3.0,8.0,0.028295213393067672,0.027777777777777776
1709633280,66707.0,66720.0,66679.0,66685.0,0.28904349,2024-03-05 10:08:00+00:00,66685.0,-15.0,-0.00022491284722014996,48.66777434696408,6.282982651425748,20.0,21.0,0.028301886792452827,0.028055555555555556
1709633340,66682.0,66701.0,66648.0,66701.0,0.15474803,2024-03-05 10:09:00+00:00,66701.0,16.0,0.00023990523858176773,48.72237736910202,6.290031871272175,16.0,37.0,0.02826189354686764,0.028055555555555556
1709633400,66712.0,66724.0,66656.0,66712.0,0.28814104,2024-03-05 10:10:00+00:00,66712.0,11.0,0.00016490147174443216,48.50301405976092,6.261712189810608,23.0,45.0,0.02827521206409048,0.028333333333333332
1709633460,66706.0,66739.0,66702.0,66739.0,0.27711038,2024-03-05 10:11:00+00:00,66739.0,27.0,0.0004046429081597103,48.58302928454839,6.272042110912104,27.0,10.0,0.028281876031110063,0.028333333333333332
1709633520,66749.0,66771.0,66706.0,66706.0,7.03222824,2024-03-05 10:12:00+00:00,66706.0,-33.0,-0.0004945857944874989,48.03928477148615,6.2018449961227144,32.0,33.0,0.02834868887313962,0.028333333333333332
1709633580,66680.0,66774.0,66654.0,66763.0,0.21858137,2024-03-05 10:13:00+00:00,66763.0,57.0,0.0008541309737138448,48.581633785237685,6.2718619527257715,68.0,52.0,0.02779708130646282,0.028333333333333332
1709633640,66762.0,66770.0,66744.0,66744.0,0.48194451,2024-03-05 10:14:00+00:00,66744.0,-19.0,-0.0002846292722968799,48.64157796931184,6.279600713613144,7.0,19.0,0.027816411682892905,0.028333333333333332
1709633700,66760.0,66767.0,66744.0,66755.0,0.19231531,2024-03-05 10:15:00+00:00,66755.0,11.0,0.00016479524228485223,48.65083714389989,6.2807960679124495,23.0,0.0,0.028017744571561986,0.028055555555555556
1709633760,66767.0,66793.0,66723.0,66782.0,0.54074727,2024-03-05 10:16:00+00:00,66782.0,27.0,0.00040438231153815606,48.71285634081998,6.288802711806339,38.0,32.0,0.028030833917309043,0.028055555555555556
1709633820,66764.0,66774.0,66726.0,66743.0,0.09558487,2024-03-05 10:17:00+00:00,66743.0,-39.0,-0.0005841602862242005,48.9684436609566,6.321798892952702,0.0,56.0,0.028076743097800654,0.027777777777777776
1709633880,66744.0,66797.0,66744.0,66797.0,0.2086635,2024-03-05 10:18:00+00:00,66797.0,54.0,0.0008087464870948612,49.220144238615006,6.354293297802761,54.0,0.0,0.02816240319173903,0.0275
1709633940,66790.0,66833.0,66773.0,66833.0,0.25588401,2024-03-05 10:19:00+00:00,66833.0,36.0,0.0005388011804372669,49.38684778828556,6.375814633523685,36.0,24.0,0.02818886539816772,0.0275
1709634000,66833.0,66836.0,66794.0,66796.0,0.70937978,2024-03-05 10:20:00+00:00,66796.0,-37.0,-0.0005537720247183299,49.24687032988132,6.357743621348884,3.0,39.0,0.028301886792452827,0.0275
1709634060,66792.0,66855.0,66774.0,66855.0,0.7726663,2024-03-05 10:21:00+00:00,66855.0,59.0,0.0008828965564429612,49.76991978348214,6.425269015450179,59.0,22.0,0.028268551236749116,0.0275
1709634120,66832.0,66849.0,66821.0,66821.0,0.05199678,2024-03-05 10:22:00+00:00,66821.0,-34.0,-0.0005086926708335618,49.854644650426984,6.436206948739747,0.0,34.0,0.02826189354686764,0.02722222222222222
1709634180,66824.0,66824.0,66808.0,66821.0,0.13798996,2024-03-05 10:23:00+00:00,66821.0,0.0,0.0,49.7494967751287,6.422632416409101,3.0,13.0,0.028362089340581424,0.0275
1709634240,66802.0,66850.0,66794.0,66841.0,0.92337857,2024-03-05 10:24:00+00:00,66841.0,20.0,0.0002992623206185229,49.7425320176349,6.421733270082973,29.0,27.0,0.028288543140028287,0.0275
1709634300,66846.0,66871.0,66823.0,66856.0,1.15317868,2024-03-05 10:25:00+00:00,66856.0,15.0,0.0002243879827211669,49.70142207152843,6.416425998861844,30.0,18.0,0.028182245185533115,0.027777777777777776
1709634360,66852.0,66877.0,66835.0,66877.0,0.17560505,2024-03-05 10:26:00+00:00,66877.0,21.0,0.00031405861189996975,49.55851417953957,6.397976669338029,21.0,21.0,0.028281876031110063,0.027777777777777776
1709634420,66884.0,66909.0,66869.0,66869.0,1.41219294,2024-03-05 10:27:00+00:00,66869.0,-8.0,-0.00011962974607902673,49.3889669511034,6.376088216267065,32.0,8.0,0.028375502482856467,0.028055555555555556
1709634480,66865.0,66918.0,66847.0,66896.0,0.78068809,2024-03-05 10:28:00+00:00,66896.0,27.0,0.00040369304925325637,49.1132526098701,6.3404936478701615,49.0,22.0,0.02826189354686764,0.028333333333333332
1709634540,66903.0,66975.0,66896.0,66972.0,4.22632789,2024-03-05 10:29:00+00:00,66972.0,76.0,0.0011354469800875715,50.00152257568777,6.455168807355097,79.0,0.0,0.027919962773382965,0.028055555555555556
1709634600,66951.0,66975.0,66927.0,66932.0,0.45078398,2024-03-05 10:30:00+00:00,66932.0,-40.0,-0.0005974429619696707,49.52276198681035,6.393361081103674,3.0,45.0,0.028142589118198877,0.028055555555555556
1709634660,66918.0,67037.0,66918.0,67008.0,3.7108228,2024-03-05 10:31:00+00:00,67008.0,76.0,0.0011348366157445094,49.13504968293653,6.343307637902907,105.0,14.0,0.027991602519244225,0.028333333333333332
1709634720,67007.0,67147.0,66990.0,67147.0,1.02686754,2024-03-05 10:32:00+00:00,67147.0,139.0,0.0020722306248808966,51.284679599095966,6.620823666762731,139.0,18.0,0.027777777777777776,0.028333333333333332
1709634780,67132.0,67158.0,67113.0,67146.0,1.81853257,2024-03-05 10:33:00+00:00,67146.0,-1.0,-1.4892809007498898e-05,51.296289554254386,6.6223225055286905,11.0,34.0,0.028103044496487116,0.028333333333333332
1709634840,67142.0,67201.0,67120.0,67125.0,0.12974623,2024-03-05 10:34:00+00:00,67125.0,-21.0,-0.00031280023491638464,51.34287093141788,6.628336135461944,55.0,26.0,0.027965509205313446,0.028333333333333332
1709634900,67123.0,67139.0,67045.0,67139.0,0.76057823,2024-03-05 10:35:00+00:00,67139.0,14.0,0.00020854436112036494,50.92911879507584,6.574920964344929,14.0,80.0,0.027978549778503146,0.02861111111111111
1709634960,67120.0,67137.0,67075.0,67132.0,0.14420221,2024-03-05 10:36:00+00:00,67132.0,-7.0,-0.00010426674421645109,50.18551741480902,6.478922438945254,0.0,64.0,0.028422548555187117,0.02861111111111111
1709635020,67128.0,67134.0,67110.0,67124.0,0.22961228,2024-03-05 10:37:00+00:00,67124.0,-8.0,-0.00011917530701742195,49.88239275881463,6.439789214128884,2.0,22.0,0.029218407596785973,0.02861111111111111
1709635080,67112.0,67167.0,67070.0,67167.0,0.40774048,2024-03-05 10:38:00+00:00,67167.0,43.0,0.0006404003465544819,50.00850492637988,6.456070224953361,43.0,54.0,0.02907681124303368,0.02861111111111111
1709635140,67156.0,67156.0,67102.0,67142.0,0.19888091,2024-03-05 10:39:00+00:00,67142.0,-25.0,-0.0003722758756111803,50.15301726958157,6.474726688238079,0.0,65.0,0.029246892517669994,0.028333333333333332
1709635200,67133.0,67143.0,67071.0,67078.0,0.46810155,2024-03-05 10:40:00+00:00,67078.0,-64.0,-0.0009536582454250751,49.842948262772666,6.434696951586548,1.0,71.0,0.029680930002473408,0.028333333333333332
1709635260,67099.0,67141.0,67048.0,67065.0,0.97978332,2024-03-05 10:41:00+00:00,67065.0,-13.0,-0.00019382301037998399,47.34732824062444,6.1125137921118196,63.0,30.0,0.029821073558648114,0.02861111111111111
1709635320,67059.0,67129.0,67050.0,67075.0,0.28049128,2024-03-05 10:42:00+00:00,67075.0,10.0,0.00014909795763410488,47.17680412509559,6.090499223459487,64.0,15.0,0.02960039467192896,0.02861111111111111
1709635380,67083.0,67090.0,67045.0,67090.0,0.16070424,2024-03-05 10:43:00+00:00,67090.0,15.0,0.00022360526310893683,46.96586090337842,6.063266570635955,15.0,30.0,0.02952755905511811,0.02861111111111111
1709635440,67101.0,67105.0,67045.0,67045.0,0.53820516,2024-03-05 10:44:00+00:00,67045.0,-45.0,-0.0006709658431913023,47.36812201313091,6.115198256599231,15.0,45.0,0.029418975239029175,0.02861111111111111
1709635500,67080.0,67098.0,67049.0,67049.0,1.11556594,2024-03-05 10:45:00+00:00,67049.0,4.0,5.965964176161342e-05,47.343423170638324,6.112009649744419,53.0,0.0,0.029311187103077674,0.028333333333333332
1709635560,67080.0,67104.0,67010.0,67010.0,0.28425128,2024-03-05 10:46:00+00:00,67010.0,-39.0,-0.0005818333882875952,43.368279042621154,5.598820749524929,55.0,39.0,0.029695619896065333,0.02861111111111111
1709635620,67020.0,67024.0,66928.0,66943.0,0.34027516,2024-03-05 10:47:00+00:00,66943.0,-67.0,-0.001000350952755884,44.42372692744614,5.735078485548829,14.0,82.0,0.029296875,0.02861111111111111
1709635680,66972.0,66972.0,66891.0,66923.0,0.13365762,2024-03-05 10:48:00+00:00,66923.0,-20.0,-0.0002988062711787926,44.11296169869484,5.694958867031025,29.0,52.0,0.02947678703021371,0.028888888888888888
1709635740,66944.0,66963.0,66904.0,66946.0,0.35135341,2024-03-05 10:49:00+00:00,66946.0,23.0,0.0003436195120050924,42.84315106548943,5.5310270191896365,40.0,19.0,0.02997002997002997,0.029166666666666667
1709635800,66945.0,66968.0,66917.0,66952.0,0.28730446,2024-03-05 10:50:00+00:00,66952.0,6.0,8.962045742311817e-05,42.43816039400304,5.478742948321766,22.0,29.0,0.030257186081694407,0.029166666666666667
1709635860,66960.0,66993.0,66905.0,66910.0,0.85140204,2024-03-05 10:51:00+00:00,66910.0,-42.0,-0.0006275119358473708,42.97555145194625,5.54811983558226,41.0,47.0,0.030203876164107725,0.029166666666666667
1709635920,66952.0,66995.0,66929.0,66984.0,0.2195767,2024-03-05 10:52:00+00:00,66984.0,74.0,0.0011053521074051813,43.60587155301812,5.6294938107232975,85.0,0.0,0.03045685279187817,0.028888888888888888
1709635980,66963.0,67062.0,66963.0,67033.0,0.06411521,2024-03-05 10:53:00+00:00,67033.0,49.0,0.0007312505455795313,41.340869779484606,5.3370833391224455,78.0,21.0,0.03079291762894534,0.029166666666666667
1709636040,66993.0,67033.0,66992.0,67015.0,24.95580667,2024-03-05 10:54:00+00:00,67015.0,-18.0,-0.0002685605172503897,41.47019554624836,5.353779223819497,0.0,41.0,0.03143006809848088,0.028888888888888888
1709636100,67008.0,67032.0,66964.0,66967.0,0.70819241,2024-03-05 10:55:00+00:00,66967.0,-48.0,-0.000716514189272693,41.58523681433069,5.368630987666478,17.0,51.0,0.03145478374836173,0.029166666666666667
1709636160,66945.0,66986.0,66938.0,66946.0,0.34138992,2024-03-05 10:56:00+00:00,66946.0,-21.0,-0.00031363646803738424,41.770546214688835,5.3925543283825705,19.0,29.0,0.031496062992125984,0.029166666666666667
1709636220,66969.0,66969.0,66940.0,66963.0,0.05768876,2024-03-05 10:57:00+00:00,66963.0,17.0,0.00025390377183503093,41.69928666625589,5.383354760237935,23.0,6.0,0.0313889615485221,0.029166666666666667
1709636280,66959.0,66991.0,66959.0,66989.0,0.03588935,2024-03-05 10:58:00+00:00,66989.0,26.0,0.00038819876263900135,41.582519550929085,5.368280190469755,28.0,4.0,0.03171247357293869,0.029166666666666667
1709636340,66962.0,66962.0,66864.0,66866.0,0.31555809,2024-03-05 10:59:00+00:00,66866.0,-123.0,-0.0018378100873309186,44.44084495781984,5.737288413767403,0.0,125.0,0.031315240083507306,0.029166666666666667
1709636400,66869.0,66900.0,66869.0,66885.0,0.06205056,2024-03-05 11:00:00+00:00,66885.0,19.0,0.0002841100272565831,43.57163074352081,5.625073341225172,34.0,0.0,0.03171247357293869,0.029166666666666667
1709636460,66862.0,66933.0,66849.0,66919.0,0.09373643,2024-03-05 11:01:00+00:00,66919.0,34.0,0.0005082060436426357,43.312372157628516,5.591603201707768,48.0,36.0,0.031578947368421054,0.029166666666666667
1709636520,66917.0,66917.0,66877.0,66882.0,0.04228855,2024-03-05 11:02:00+00:00,66882.0,-37.0,-0.0005530601556507842,43.60005701546068,5.628743157152435,0.0,42.0,0.03167062549485353,0.028888888888888888
1709636580,66853.0,66853.0,66799.0,66803.0,0.33566617,2024-03-05 11:03:00+00:00,66803.0,-79.0,-0.0011818829217326028,44.29924882351498,5.719008431432401,0.0,83.0,0.031496062992125984,0.028888888888888888
1709636640,66820.0,66903.0,66820.0,66903.0,0.44877034,2024-03-05 11:04:00+00:00,66903.0,100.0,0.0014958194642817537,46.017940495611455,5.940890572208901,100.0,0.0,0.031209362808842653,0.02861111111111111
1709636700,66927.0,66927.0,66871.0,66884.0,1.19670749,2024-03-05 11:05:00+00:00,66884.0,-19.0,-0.0002840335776680523,46.12011767371477,5.954081589180789,24.0,32.0,0.03092783505154639,0.028888888888888888
1709636760,66908.0,66908.0,66866.0,66870.0,0.22947013,2024-03-05 11:06:00+00:00,66870.0,-14.0,-0.00020933953453547156,44.68851392512586,5.769262339959023,24.0,18.0,0.031364349189754316,0.029166666666666667
1709636820,66857.0,66861.0,66806.0,66861.0,0.4334447,2024-03-05 11:07:00+00:00,66861.0,-9.0,-0.00013459855999860897,44.70600447544157,5.771520360295314,0.0,64.0,0.03093580819798917,0.028888888888888888
1709636880,66861.0,66913.0,66848.0,66848.0,0.74016432,2024-03-05 11:08:00+00:00,66848.0,-13.0,-0.0001944521317332559,44.69333991511902,5.769885372588106,52.0,13.0,0.030745580322828595,0.028888888888888888
1709636940,66838.0,66838.0,66818.0,66838.0,0.11923434,2024-03-05 11:09:00+00:00,66838.0,-10.0,-0.00014960429691445652,44.688409624893445,5.769248874856919,0.0,30.0,0.03092783505154639,0.02861111111111111
1709637000,66815.0,66887.0,66815.0,66867.0,0.13911775,2024-03-05 11:10:00+00:00,66867.0,29.0,0.0004337908149248109,44.80817558069136,5.784710593265183,49.0,23.0,0.03089598352214212,0.02861111111111111
1709637060,66856.0,66863.0,66835.0,66835.0,0.07131187,2024-03-05 11:11:00+00:00,66835.0,-32.0,-0.0004786764687292417,44.910532530837344,5.797924818707982,0.0,32.0,0.03093580819798917,0.028333333333333332
1709637120,66834.0,66842.0,66829.0,66842.0,0.42229333,2024-03-05 11:12:00+00:00,66842.0,7.0,0.00010473005837056453,44.684531379804994,5.768748195568915,7.0,6.0,0.03135615364515286,0.028333333333333332
1709637180,66831.0,66844.0,66789.0,66790.0,1.15004222,2024-03-05 11:13:00+00:00,66790.0,-52.0,-0.0007782567442622584,44.63730483632336,5.762651275022138,2.0,53.0,0.03189792663476874,0.028333333333333332
1709637240,66759.0,66767.0,66663.0,66748.0,5.77448374,2024-03-05 11:14:00+00:00,66748.0,-42.0,-0.0006290344528882897,44.90512283133389,5.797226429505153,0.0,127.0,0.03106393994304944,0.028055555555555556
1709637300,66756.0,66756.0,66721.0,66741.0,0.55982089,2024-03-05 11:15:00+00:00,66741.0,-7.0,-0.00010487755555012474,44.89096646382774,5.795398850318683,8.0,27.0,0.030967741935483874,0.028333333333333332
1709637360,66725.0,66736.0,66669.0,66669.0,0.21866748,2024-03-05 11:16:00+00:00,66669.0,-72.0,-0.001079379461664893,45.68539864899422,5.897959604413382,0.0,72.0,0.030951766830023215,0.028055555555555556
1709637420,66668.0,66710.0,66666.0,66666.0,0.10848318,2024-03-05 11:17:00+00:00,66666.0,-3.0,-4.4999437514622087e-05,45.425331418309824,5.864385069302216,41.0,3.0,0.031047865459249674,0.028333333333333332
1709637480,66665.0,66713.0,66652.0,66713.0,0.29181716,2024-03-05 11:18:00+00:00,66713.0,47.0,0.0007047586493428115,45.289726451303586,5.846878543339611,47.0,14.0,0.030991735537190084,0.02861111111111111
1709637540,66680.0,66755.0,66680.0,66749.0,0.44936716,2024-03-05 11:19:00+00:00,66749.0,36.0,0.0005394794154608527,45.289726451303586,5.846878543339611,42.0,33.0,0.030872137895549268,0.02861111111111111
1709637600,66749.0,66749.0,66704.0,66718.0,0.12649376,2024-03-05 11:20:00+00:00,66718.0,-31.0,-0.0004645343127134016,45.21635372371158,5.8374061649386215,0.0,45.0,0.03084832904884319,0.028333333333333332
1709637660,66714.0,66750.0,66676.0,66749.0,1.69654539,2024-03-05 11:21:00+00:00,66749.0,31.0,0.0004645343127134411,44.72528828782871,5.774009889769541,32.0,42.0,0.03090394025238218,0.028333333333333332
1709637720,66753.0,66807.0,66728.0,66807.0,0.28136928,2024-03-05 11:22:00+00:00,66807.0,58.0,0.0008685495768990557,45.17625244872292,5.8322291125988635,58.0,21.0,0.03054989816700611,0.02861111111111111
1709637780,66797.0,66812.0,66767.0,66772.0,0.25021704,2024-03-05 11:23:00+00:00,66772.0,-35.0,-0.0005240344784876497,45.3986080823985,5.860935101470894,5.0,40.0,0.030326004548900682,0.02861111111111111
1709637840,66767.0,66767.0,66740.0,66754.0,1.50817947,2024-03-05 11:24:00+00:00,66754.0,-18.0,-0.0002696104145864113,45.368332493274956,5.857026539721824,0.0,32.0,0.030511060259344015,0.028333333333333332
1709637900,66772.0,66804.0,66741.0,66804.0,0.46191388,2024-03-05 11:25:00+00:00,66804.0,50.0,0.000748738410815844,45.806322806350195,5.913570845999843,50.0,13.0,0.030395136778115502,0.028333333333333332
1709637960,66801.0,66872.0,66798.0,66872.0,0.28671128,2024-03-05 11:26:00+00:00,66872.0,68.0,0.0010173854074839127,46.581909512012494,6.013698659152175,68.0,6.0,0.030150753768844223,0.028333333333333332
1709638020,66875.0,66877.0,66823.0,66856.0,1.14957226,2024-03-05 11:27:00+00:00,66856.0,-16.0,-0.0002392916977199736,46.61639039122778,6.018150121517621,5.0,49.0,0.030045067601402103,0.028333333333333332
1709638080,66875.0,66906.0,66845.0,66893.0,0.16029561,2024-03-05 11:28:00+00:00,66893.0,37.0,0.0005532751787878191,46.73307724165599,6.03321432913195,50.0,11.0,0.03012048192771084,0.028333333333333332
1709638140,66889.0,66889.0,66859.0,66859.0,0.02831935,2024-03-05 11:29:00+00:00,66859.0,-34.0,-0.0005084036236070158,45.84834679631111,5.91899611977517,0.0,34.0,0.03046458492003046,0.028333333333333332
1709638200,66842.0,66891.0,66818.0,66871.0,1.03567597,2024-03-05 11:30:00+00:00,66871.0,12.0,0.00017946608886881493,45.606456451433566,5.8877682105312,32.0,41.0,0.03027245206861756,0.028333333333333332
1709638260,66857.0,66861.0,66835.0,66846.0,0.94647862,2024-03-05 11:31:00+00:00,66846.0,-25.0,-0.00037392403795018497,44.56771652140384,5.75366746219634,0.0,36.0,0.030919866013913937,0.028055555555555556
1709638320,66816.0,66816.0,66666.0,66683.0,1.01805447,2024-03-05 11:32:00+00:00,66683.0,-163.0,-0.0024414184329063877,45.34009587313771,5.853381207737,0.0,180.0,0.03073770491803279,0.027777777777777776
1709638380,66697.0,66709.0,66624.0,66649.0,0.90413708,2024-03-05 11:33:00+00:00,66649.0,-34.0,-0.0005100051111056241,45.45703565341112,5.868478068453935,26.0,59.0,0.030425963488843813,0.027777777777777776
1709638440,66663.0,66690.0,66622.0,66673.0,0.59551025,2024-03-05 11:34:00+00:00,66673.0,24.0,0.0003600306064903212,45.61462249444518,5.888822442150813,41.0,27.0,0.030526583566522512,0.027777777777777776
1709638500,66659.0,66674.0,66592.0,66639.0,0.3401893,2024-03-05 11:35:00+00:00,66639.0,-34.0,-0.0005100816241176517,45.65146763440525,5.893579129265948,1.0,81.0,0.030620056136769585,0.027777777777777776
1709638560,66647.0,66714.0,66647.0,66689.0,0.47674894,2024-03-05 11:36:00+00:00,66689.0,50.0,0.0007500300363605775,46.26859375820267,5.973249769265179,75.0,0.0,0.030534351145038167,0.027777777777777776
1709638620,66686.0,66692.0,66649.0,66692.0,0.16952676,2024-03-05 11:37:00+00:00,66692.0,3.0,4.498391825671955e-05,46.287897894864834,5.975741922592028,3.0,40.0,0.03038743985819195,0.027777777777777776
1709638680,66681.0,66719.0,66660.0,66714.0,0.19463449,2024-03-05 11:38:00+00:00,66714.0,22.0,0.0003298202509547177,45.980255526748586,5.936025463648627,27.0,32.0,0.03068268984914344,0.027777777777777776
1709638740,66700.0,66722.0,66669.0,66722.0,0.13560195,2024-03-05 11:39:00+00:00,66722.0,8.0,0.00011990767123700001,45.96535172629535,5.934101391283608,8.0,45.0,0.030777122339061297,0.028055555555555556
1709638800,66700.0,66707.0,66606.0,66606.0,0.12487838,2024-03-05 11:40:00+00:00,66606.0,-116.0,-0.0017400700418389553,47.52215064851228,6.135083267921602,0.0,116.0,0.030433679939132638,0.027777777777777776
1709638860,66619.0,66666.0,66590.0,66599.0,0.64630643,2024-03-05 11:41:00+00:00,66599.0,-7.0,-0.00010510115996307293,47.51747819974547,6.134480057379606,60.0,16.0,0.030565461029037184,0.027777777777777776
1709638920,66609.0,66653.0,66584.0,66587.0,0.69418536,2024-03-05 11:42:00+00:00,66587.0,-12.0,-0.0001801991205152641,47.46290850354441,6.12743513989313,54.0,15.0,0.030643513789581207,0.027777777777777776
1709638980,66590.0,66638.0,66590.0,66637.0,1.82495056,2024-03-05 11:43:00+00:00,66637.0,50.0,0.0007506155399566443,47.96447308129331,6.192186848448765,51.0,0.0,0.03059663437021928,0.0275
1709639040,66626.0,66626.0,66573.0,66573.0,0.48555278,2024-03-05 11:44:00+00:00,66573.0,-64.0,-0.0009608888960934941,48.27761058312464,6.232612726104289,0.0,64.0,0.030565461029037184,0.02722222222222222
1709639100,66564.0,66644.0,66532.0,66644.0,0.24551372,2024-03-05 11:45:00+00:00,66644.0,71.0,0.0010659301248723638,49.32033822584628,6.367228285933989,71.0,41.0,0.030112923462986198,0.0275
1709639160,66661.0,66702.0,66629.0,66702.0,0.11068788,2024-03-05 11:46:00+00:00,66702.0,58.0,0.0008699174127105839,49.83241973351468,6.433337724304007,58.0,15.0,0.03027245206861756,0.0275
1709639220,66700.0,66700.0,66672.0,66682.0,0.21773286,2024-03-05 11:47:00+00:00,66682.0,-20.0,-0.00029988604555093734,49.208937110299715,6.352846463758631,0.0,30.0,0.03078501795792714,0.02722222222222222
1709639280,66717.0,66722.0,66708.0,66720.0,0.04765761,2024-03-05 11:48:00+00:00,66720.0,38.0,0.0005697066165093988,49.46530770819762,6.385943765629158,40.0,0.0,0.0311122634171636,0.026944444444444444
1709639340,66721.0,66747.0,66698.0,66698.0,0.33606472,2024-03-05 11:49:00+00:00,66698.0,-22.0,-0.00032979058596884696,49.39960428945571,6.377461490743281,27.0,22.0,0.031193137509747858,0.026944444444444444
1709639400,66720.0,66742.0,66702.0,66707.0,0.32669817,2024-03-05 11:50:00+00:00,66707.0,9.0,0.00013492747668616698,49.41155140682579,6.379003856963598,44.0,0.0,0.03125,0.02666666666666667
1709639460,66722.0,66744.0,66713.0,66741.0,0.19875435,2024-03-05 11:51:00+00:00,66741.0,34.0,0.000509561787897683,49.39721108804469,6.377152529769648,37.0,0.0,0.03167062549485353,0.02638888888888889
1709639520,66724.0,66724.0,66683.0,66683.0,0.33452456,2024-03-05 11:52:00+00:00,66683.0,-58.0,-0.0008694088567781363,48.85450265204365,6.307089171953704,0.0,58.0,0.03189792663476874,0.02638888888888889
1709639580,66682.0,66682.0,66661.0,66664.0,0.30091236,2024-03-05 11:53:00+00:00,66664.0,-19.0,-0.00028497079242250154,48.36647704448737,6.244085336934097,0.0,22.0,0.03256445047489824,0.026111111111111113
1709639640,66683.0,66747.0,66680.0,66743.0,0.12998386,2024-03-05 11:54:00+00:00,66743.0,79.0,0.001184345787466674,49.56983318089673,6.399437946129762,83.0,0.0,0.03219747786423397,0.026111111111111113
1709639700,66740.0,66755.0,66729.0,66750.0,0.45427305,2024-03-05 11:55:00+00:00,66750.0,7.0,0.00010487441298657696,49.25997848381582,6.359435876745145,12.0,14.0,0.03256445047489824,0.026111111111111113
1709639760,66738.0,66755.0,66738.0,66740.0,0.42388586,2024-03-05 11:56:00+00:00,66740.0,-10.0,-0.00014982395713099725,49.21463426653407,6.353581963465844,5.0,12.0,0.03284072249589491,0.026111111111111113
1709639820,66740.0,66740.0,66691.0,66696.0,0.11076313,2024-03-05 11:57:00+00:00,66696.0,-44.0,-0.0006594922149157007,49.41502722102099,6.379452582646683,0.0,49.0,0.0326619488296135,0.025833333333333333
1709639880,66698.0,66721.0,66677.0,66688.0,0.17129123,2024-03-05 11:58:00+00:00,66688.0,-8.0,-0.00011995441746519942,49.254610613288534,6.358742887639919,25.0,19.0,0.032555615843733045,0.025833333333333333
1709639940,66690.0,66716.0,66690.0,66701.0,0.07472619,2024-03-05 11:59:00+00:00,66701.0,13.0,0.00019491862209275386,46.801283844479464,6.0420197636931725,28.0,0.0,0.033435497353023126,0.025833333333333333
1709640000,66704.0,66722.0,66684.0,66685.0,0.89040381,2024-03-05 12:00:00+00:00,66685.0,-16.0,-0.0002399052385818403,46.743681406286754,6.034583320899129,21.0,17.0,0.033398274422488175,0.026111111111111113
1709640060,66685.0,66719.0,66685.0,66718.0,0.61854453,2024-03-05 12:01:00+00:00,66718.0,33.0,0.0004947415076589299,46.73032079235002,6.032858473056727,34.0,0.0,0.03386960203217612,0.025833333333333333
1709640120,66714.0,66714.0,66630.0,66632.0,0.18995913,2024-03-05 12:02:00+00:00,66632.0,-86.0,-0.0012898389489774667,47.74549998022422,6.163917542658498,0.0,88.0,0.033435497353023126,0.025833333333333333
1709640180,66640.0,66760.0,66629.0,66760.0,1.11552339,2024-03-05 12:03:00+00:00,66760.0,128.0,0.0019191561605950524,49.68582366677981,6.4144122534678845,128.0,3.0,0.03299422601044817,0.026111111111111113
1709640240,66751.0,66778.0,66750.0,66778.0,0.30059369,2024-03-05 12:04:00+00:00,66778.0,18.0,0.00026958618683846266,47.966546133973495,6.19245447839897,18.0,10.0,0.033660589060308554,0.02638888888888889
1709640300,66798.0,66837.0,66790.0,66827.0,0.17484379,2024-03-05 12:05:00+00:00,66827.0,49.0,0.000733505515466609,48.36178103013565,6.243479084088172,59.0,0.0,0.033632286995515695,0.026111111111111113
1709640360,66828.0,66884.0,66828.0,66849.0,0.68428303,2024-03-05 12:06:00+00:00,66849.0,22.0,0.0003291540770015884,48.420413470745736,6.251048499622517,57.0,0.0,0.03349148758024002,0.025833333333333333
1709640420,66847.0,66858.0,66825.0,66844.0,0.41004982,2024-03-05 12:07:00+00:00,66844.0,-5.0,-7.479823180462503e-05,48.411054791118836,6.249840299277934,9.0,24.0,0.03378378378378378,0.026111111111111113
1709640480,66845.0,66899.0,66845.0,66889.0,0.0633508,2024-03-05 12:08:00+00:00,66889.0,45.0,0.0006729827596538777,48.730838621640515,6.29112421427783,55.0,0.0,0.03387916431394692,0.025833333333333333
1709640540,66892.0,66892.0,66838.0,66838.0,0.1579106,2024-03-05 12:09:00+00:00,66838.0,-51.0,-0.0007627480235492585,49.168682329648696,6.347649593923077,3.0,51.0,0.03365114974761638,0.026111111111111113
1709640600,66883.0,66915.0,66881.0,66898.0,1.12509235,2024-03-05 12:10:00+00:00,66898.0,60.0,0.0008972902438482502,49.639203911543156,6.40839366894669,77.0,0.0,0.033604032483898066,0.025833333333333333
1709640660,66899.0,66959.0,66899.0,66959.0,1.15872934,2024-03-05 12:11:00+00:00,66959.0,61.0,0.0009114204594852323,50.05687161100098,6.462314337088321,61.0,0.0,0.03333333333333333,0.025833333333333333
1709640720,66988.0,67031.0,66988.0,67031.0,1.02429727,2024-03-05 12:12:00+00:00,67031.0,72.0,0.0010747071711317757,50.862334970428535,6.566299209656427,72.0,0.0,0.03279584585952446,0.025555555555555557
1709640780,67028.0,67056.0,67027.0,67056.0,2.0930155,2024-03-05 12:13:00+00:00,67056.0,25.0,0.0003728922310095961,50.416693047572224,6.508767084803282,25.0,4.0,0.03303055326176713,0.025555555555555557
1709640840,67049.0,67076.0,67044.0,67067.0,6.39511604,2024-03-05 12:14:00+00:00,67067.0,11.0,0.00016402854133386143,50.052342658957805,6.4617296518936875,20.0,12.0,0.033917467495760314,0.025833333333333333
1709640900,67067.0,67120.0,67067.0,67119.0,5.49471155,2024-03-05 12:15:00+00:00,67119.0,52.0,0.000775043634999261,50.384723269886685,6.504639804251347,53.0,0.0,0.03374578177727784,0.025555555555555557
1709640960,67120.0,67136.0,67111.0,67136.0,1.89130891,2024-03-05 12:16:00+00:00,67136.0,17.0,0.00025324941478323916,49.33973942985167,6.369732970600965,17.0,8.0,0.03419777714448561,0.025833333333333333
1709641020,67136.0,67136.0,67085.0,67091.0,0.39057825,2024-03-05 12:17:00+00:00,67091.0,-45.0,-0.0006705059590979326,49.79118827040123,6.428014765304734,0.0,51.0,0.034129692832764506,0.025555555555555557
1709641080,67116.0,67116.0,66942.0,66980.0,0.15038355,2024-03-05 12:18:00+00:00,66980.0,-111.0,-0.0016558394486755573,51.78260456556072,6.685105503522027,25.0,149.0,0.03306696059520529,0.025555555555555557
1709641140,66981.0,67050.0,66981.0,67050.0,0.24934351,2024-03-05 12:19:00+00:00,67050.0,70.0,0.0010445423616289758,52.3169906829923,6.754094454630592,70.0,0.0,0.033112582781456956,0.025277777777777777
1709641200,67072.0,67092.0,67050.0,67057.0,0.40301851,2024-03-05 12:20:00+00:00,67057.0,7.0,0.00010439425244556889,52.10316526381563,6.726489711715024,42.0,0.0,0.033140016570008285,0.025277777777777777
1709641260,67052.0,67092.0,66963.0,66978.0,0.37150582,2024-03-05 12:21:00+00:00,66978.0,-79.0,-0.0011787967194829157,53.12138056796282,6.857940742242209,35.0,94.0,0.03264417845484222,0.025277777777777777
1709641320,66981.0,66981.0,66897.0,66897.0,0.05250742,2024-03-05 12:22:00+00:00,66897.0,-81.0,-0.0012100841812743284,53.745634430519026,6.938531569358404,3.0,81.0,0.032599837000814993,0.025277777777777777
1709641380,66906.0,66960.0,66905.0,66947.0,0.22109491,2024-03-05 12:23:00+00:00,66947.0,50.0,0.000747138494454827,53.88729345105612,6.956819670271078,63.0,0.0,0.032441200324412,0.025
1709641440,66942.0,67004.0,66942.0,66951.0,0.16919895,2024-03-05 12:24:00+00:00,66951.0,4.0,5.974697159321791e-05,53.81735957932538,6.947791246252779,57.0,5.0,0.032180209171359615,0.025277777777777777
1709641500,66963.0,67005.0,66915.0,67005.0,0.06930565,2024-03-05 12:25:00+00:00,67005.0,54.0,0.0008062349267680842,53.878653676886806,6.955704280221987,54.0,36.0,0.03194888178913738,0.025277777777777777
1709641560,67015.0,67032.0,66955.0,66961.0,0.7263798,2024-03-05 12:26:00+00:00,66961.0,-44.0,-0.0006568831133593413,53.539939682847496,6.911976491620599,27.0,50.0,0.03192338387869114,0.025277777777777777
1709641620,66983.0,67004.0,66970.0,66970.0,0.80625049,2024-03-05 12:27:00+00:00,66970.0,9.0,0.00013439756312652015,53.498835723114794,6.906669993237001,43.0,0.0,0.032017075773746,0.025
1709641680,66973.0,66990.0,66956.0,66956.0,0.31374168,2024-03-05 12:28:00+00:00,66956.0,-14.0,-0.0002090706815852767,53.336610951546405,6.885726865282778,20.0,14.0,0.03224939532383768,0.025
1709641740,66968.0,66987.0,66956.0,66987.0,0.07907925,2024-03-05 12:29:00+00:00,66987.0,31.0,0.0004628834736194516,53.27271272334425,6.877477639493475,31.0,0.0,0.0322754168908015,0.025
1709641800,66967.0,67003.0,66967.0,66967.0,0.06198344,2024-03-05 12:30:00+00:00,66967.0,-20.0,-0.00029860997280573324,53.332408184066416,6.885184290334179,16.0,20.0,0.032599837000814993,0.025
1709641860,66966.0,66992.0,66923.0,66992.0,0.99546937,2024-03-05 12:31:00+00:00,66992.0,25.0,0.0003732485356002556,53.30035350366664,6.881046048888968,25.0,44.0,0.03231017770597738,0.025277777777777777
1709641920,66987.0,67074.0,66987.0,67046.0,0.51318656,2024-03-05 12:32:00+00:00,67046.0,54.0,0.0008057416989435129,49.07981220524081,6.3361765101961725,82.0,5.0,0.033140016570008285,0.025555555555555557
1709641980,67045.0,67064.0,67039.0,67064.0,0.17084801,2024-03-05 12:33:00+00:00,67064.0,18.0,0.0002684363598252472,48.81903340500383,6.302510111850779,18.0,7.0,0.03369839932603201,0.025555555555555557
1709642040,67058.0,67097.0,67058.0,67093.0,0.50332274,2024-03-05 12:34:00+00:00,67093.0,29.0,0.0004323292925705308,48.85294432776325,6.306887993154171,33.0,6.0,0.03397508493771234,0.025555555555555557
1709642100,67119.0,67136.0,67111.0,67136.0,0.25384575,2024-03-05 12:35:00+00:00,67136.0,43.0,0.0006406961457050536,48.76894387830907,6.296043581760506,43.0,0.0,0.03435442313197824,0.025277777777777777
1709642160,67135.0,67196.0,67135.0,67196.0,0.92195804,2024-03-05 12:36:00+00:00,67196.0,60.0,0.0008933091741357581,48.93074490144391,6.316932004027191,60.0,1.0,0.03449267030755964,0.025555555555555557
1709642220,67201.0,67201.0,67158.0,67158.0,0.09965726,2024-03-05 12:37:00+00:00,67158.0,-38.0,-0.0005656698127823672,49.293093223574765,6.363710971265157,5.0,38.0,0.03449267030755964,0.025555555555555557
1709642280,67162.0,67219.0,67157.0,67219.0,0.22802908,2024-03-05 12:38:00+00:00,67219.0,61.0,0.0009078935262737528,49.73907908979191,6.4212874990152535,61.0,1.0,0.03446295232624928,0.025555555555555557
1709642340,67209.0,67247.0,67199.0,67247.0,0.39951852,2024-03-05 12:39:00+00:00,67247.0,28.0,0.00041646216002094787,49.80321444938604,6.429567338335624,28.0,20.0,0.03451251078515962,0.025555555555555557
1709642400,67235.0,67258.0,67169.0,67169.0,0.99403399,2024-03-05 12:40:00+00:00,67169.0,-78.0,-0.0011605762521588157,48.412105107131666,6.249975894492132,11.0,78.0,0.034782608695652174,0.025833333333333333
1709642460,67188.0,67196.0,67123.0,67196.0,0.98724721,2024-03-05 12:41:00+00:00,67196.0,27.0,0.0004018903786464433,48.41607276199635,6.250488116532613,27.0,46.0,0.034812880765883375,0.025833333333333333
1709642520,67190.0,67192.0,67119.0,67144.0,0.52061453,2024-03-05 12:42:00+00:00,67144.0,-52.0,-0.0007741551674414235,48.995361823605286,6.325274012807664,0.0,77.0,0.03473227206946454,0.025555555555555557
1709642580,67138.0,67187.0,67133.0,67184.0,0.32470768,2024-03-05 12:43:00+00:00,67184.0,40.0,0.0005955571613109865,48.87136060112977,6.30926552382243,43.0,11.0,0.03470213996529786,0.025833333333333333
1709642640,67157.0,67190.0,67138.0,67189.0,0.25996263,2024-03-05 12:44:00+00:00,67189.0,5.0,7.441971232772684e-05,47.924328299287225,6.187004179377208,6.0,46.0,0.03482298316889147,0.026111111111111113
1709642700,67161.0,67203.0,67161.0,67172.0,0.20547762,2024-03-05 12:45:00+00:00,67172.0,-17.0,-0.0002530496214037492,47.377603233338036,6.116422276864696,14.0,28.0,0.035545023696682464,0.026111111111111113
1709642760,67167.0,67208.0,67077.0,67208.0,0.42817194,2024-03-05 12:46:00+00:00,67208.0,36.0,0.0005357940297845667,47.07454120199729,6.077297136856346,36.0,95.0,0.034944670937682006,0.026111111111111113
1709642820,67203.0,67236.0,67166.0,67166.0,0.59078354,2024-03-05 12:47:00+00:00,67166.0,-42.0,-0.000625120951489398,47.38442376793474,6.117302804094871,28.0,42.0,0.03454231433506045,0.02638888888888889
1709642880,67208.0,67246.0,67208.0,67246.0,0.32780561,2024-03-05 12:48:00+00:00,67246.0,80.0,0.0011903700480097718,48.13834817452465,6.214634026462273,80.0,0.0,0.03414911781445646,0.02638888888888889
1709642940,67247.0,67254.0,67172.0,67218.0,0.37637498,2024-03-05 12:49:00+00:00,67218.0,-28.0,-0.00041646835442512274,48.20952387330127,6.223822769662823,8.0,74.0,0.03383140682266704,0.02638888888888889
1709643000,67217.0,67248.0,67199.0,67248.0,0.13496369,2024-03-05 12:50:00+00:00,67248.0,30.0,0.0004462094581196443,48.28815051569068,6.233973425547569,30.0,19.0,0.03378378378378378,0.02666666666666667
1709643060,67248.0,67260.0,67222.0,67232.0,0.69366562,2024-03-05 12:51:00+00:00,67232.0,-16.0,-0.00023795360017098212,48.28113000049091,6.233067080932553,12.0,26.0,0.03377427526034337,0.026944444444444444
1709643120,67247.0,67269.0,67235.0,67245.0,9.32259955,2024-03-05 12:52:00+00:00,67245.0,13.0,0.00019334161292266675,47.495215340347684,6.131605934590054,37.0,0.0,0.03397508493771234,0.026944444444444444
1709643180,67264.0,67306.0,67264.0,67289.0,2.21390199,2024-03-05 12:53:00+00:00,67289.0,44.0,0.0006541097650976244,47.55382023780055,6.1391717943180915,61.0,0.0,0.033604032483898066,0.026944444444444444
1709643240,67282.0,67314.0,67279.0,67297.0,0.77863872,2024-03-05 12:54:00+00:00,67297.0,8.0,0.00011888309347804812,46.69387019860641,6.028152721639114,25.0,10.0,0.03406187908032926,0.02722222222222222
1709643300,67307.0,67346.0,67307.0,67346.0,2.71416099,2024-03-05 12:55:00+00:00,67346.0,49.0,0.0007278507187632675,46.973799645199605,6.064291457798064,49.0,0.0,0.0338409475465313,0.026944444444444444
1709643360,67354.0,67391.0,67334.0,67373.0,2.06601235,2024-03-05 12:56:00+00:00,67373.0,27.0,0.0004008343346003049,46.95054195459854,6.061288902852426,45.0,12.0,0.03346346904629113,0.026944444444444444
1709643420,67372.0,67372.0,67302.0,67364.0,0.0935432,2024-03-05 12:57:00+00:00,67364.0,-9.0,-0.0001335935936436735,46.47633502670078,6.000069051705618,0.0,71.0,0.03325942350332594,0.026944444444444444
1709643480,67391.0,67391.0,67344.0,67388.0,0.07704127,2024-03-05 12:58:00+00:00,67388.0,24.0,0.0003562099301497109,46.436640510710006,5.994944511726684,27.0,20.0,0.033231791747438386,0.026944444444444444
1709643540,67365.0,67386.0,67361.0,67385.0,0.09995006,2024-03-05 12:59:00+00:00,67385.0,-3.0,-4.451930283503895e-05,46.474779017718554,5.999868171809795,0.0,27.0,0.0332409972299169,0.026944444444444444
1709643600,67392.0,67403.0,67369.0,67402.0,0.37754024,2024-03-05 13:00:00+00:00,67402.0,17.0,0.00025224984739094107,46.34009319464243,5.982480306818326,18.0,16.0,0.033277870216306155,0.026944444444444444
1709643660,67389.0,67453.0,67387.0,67446.0,6.46825146,2024-03-05 13:01:00+00:00,67446.0,44.0,0.0006525866392014423,46.44642135296523,5.99620721303223,51.0,15.0,0.032985156679494226,0.02722222222222222
1709643720,67451.0,67476.0,67419.0,67457.0,0.15301272,2024-03-05 13:02:00+00:00,67457.0,11.0,0.00016308013942421245,44.62522848063819,5.761092224207087,30.0,27.0,0.03326864430274466,0.0275
1709643780,67457.0,67523.0,67457.0,67523.0,1.17798896,2024-03-05 13:03:00+00:00,67523.0,66.0,0.0009779227331431317,42.607030400487105,5.500543972414656,66.0,0.0,0.03387916431394692,0.02722222222222222
1709643840,67524.0,67634.0,67524.0,67532.0,17.1717156,2024-03-05 13:04:00+00:00,67532.0,9.0,0.00013327903466483462,42.603957270906804,5.500147233091814,111.0,0.0,0.03310344827586207,0.026944444444444444
1709643900,67531.0,67543.0,67489.0,67518.0,0.92917823,2024-03-05 13:05:00+00:00,67518.0,-14.0,-0.00020733061903224336,42.46693296531121,5.482457471305235,11.0,43.0,0.03314917127071823,0.02722222222222222
1709643960,67515.0,67702.0,67490.0,67693.0,6.47785744,2024-03-05 13:06:00+00:00,67693.0,175.0,0.0025885482352295125,47.41267322057378,6.120949792748553,184.0,28.0,0.031788079470198675,0.0275
1709644020,67687.0,67743.0,67674.0,67724.0,2.47642605,2024-03-05 13:07:00+00:00,67724.0,31.0,0.00045784503484088356,47.39508186838319,6.118678758946173,50.0,19.0,0.03148779847808974,0.0275
1709644080,67734.0,67743.0,67590.0,67657.0,1.05027144,2024-03-05 13:08:00+00:00,67657.0,-67.0,-0.0009897992402183762,48.37557865462181,6.245260349749909,19.0,134.0,0.03069838833461243,0.027777777777777776
1709644140,67654.0,67749.0,67654.0,67719.0,0.44246533,2024-03-05 13:09:00+00:00,67719.0,62.0,0.0009159674437835359,48.04817203763533,6.202992337249017,92.0,3.0,0.03037974683544304,0.027777777777777776
1709644200,67742.0,67742.0,67672.0,67725.0,0.62861804,2024-03-05 13:10:00+00:00,67725.0,6.0,8.859750160836989e-05,47.68935199586298,6.156668869046691,23.0,47.0,0.030433679939132638,0.028055555555555556
1709644260,67712.0,67767.0,67680.0,67730.0,1.10415638,2024-03-05 13:11:00+00:00,67730.0,5.0,7.382525565354962e-05,47.295975748829925,6.105884213928272,42.0,45.0,0.03023431594860166,0.028333333333333332
1709644320,67699.0,67724.0,67602.0,67724.0,0.25211418,2024-03-05 13:12:00+00:00,67724.0,-6.0,-8.859096082691142e-05,46.710948522422626,6.0303575237631595,0.0,128.0,0.029813664596273295,0.028333333333333332
1709644380,67738.0,67841.0,67738.0,67841.0,7.75567389,2024-03-05 13:13:00+00:00,67841.0,117.0,0.0017261096750588682,48.63049600037972,6.278170037575902,117.0,0.0,0.029175784099197667,0.028055555555555556
1709644440,67849.0,67877.0,67822.0,67877.0,7.10385589,2024-03-05 13:14:00+00:00,67877.0,36.0,0.0005305118089617303,48.719362384851166,6.289642638479087,36.0,19.0,0.029013539651837523,0.028055555555555556
1709644500,67881.0,67930.0,67828.0,67930.0,3.80929473,2024-03-05 13:15:00+00:00,67930.0,53.0,0.0007805194532046857,48.73292544675396,6.291393622241524,53.0,49.0,0.02867383512544803,0.028333333333333332
1709644560,67930.0,67990.0,67912.0,67967.0,5.39525143,2024-03-05 13:16:00+00:00,67967.0,37.0,0.0005445300619476572,48.825467444628224,6.303340742794584,60.0,18.0,0.028315243039169418,0.028333333333333332
1709644620,67953.0,68023.0,67953.0,68022.0,1.96328576,2024-03-05 13:17:00+00:00,68022.0,55.0,0.0008088889983584787,48.48815744518849,6.259794209116606,56.0,14.0,0.02818886539816772,0.02861111111111111
1709644680,68016.0,68061.0,67952.0,67989.0,7.67978291,2024-03-05 13:18:00+00:00,67989.0,-33.0,-0.0004852548786134604,46.02154678367071,5.9413561419954055,39.0,70.0,0.028625954198473285,0.02861111111111111
1709644740,67979.0,67989.0,67926.0,67965.0,1.3719154,2024-03-05 13:19:00+00:00,67965.0,-24.0,-0.000353060597691906,45.779732396608594,5.910138038863241,0.0,63.0,0.02867383512544803,0.02861111111111111
1709644800,67965.0,68025.0,67896.0,67932.0,3.44662514,2024-03-05 13:20:00+00:00,67932.0,-33.0,-0.00048566194468803583,46.1913087674481,5.963272319861704,60.0,69.0,0.028089887640449437,0.028888888888888888
1709644860,67916.0,68042.0,67856.0,68038.0,0.84647434,2024-03-05 13:21:00+00:00,68038.0,106.0,0.0015591677792729632,46.012771501431516,5.940223257929716,110.0,76.0,0.02772002772002772,0.028888888888888888
1709644920,68013.0,68048.0,67932.0,68009.0,2.15179569,2024-03-05 13:22:00+00:00,68009.0,-29.0,-0.00042632326239067987,44.59059210141543,5.756620686876998,10.0,106.0,0.02751662462737904,0.028888888888888888
1709644980,67991.0,68038.0,67989.0,68018.0,0.5635603,2024-03-05 13:23:00+00:00,68018.0,9.0,0.00013232667063343411,44.41400947097825,5.733823967313241,29.0,20.0,0.027605244996549344,0.029166666666666667
1709645040,68037.0,68048.0,67957.0,67959.0,0.25493504,2024-03-05 13:24:00+00:00,67959.0,-59.0,-0.0008677938725310475,45.47892042902778,5.871303380837229,30.0,61.0,0.027422303473491772,0.029166666666666667
1709645100,67957.0,67957.0,67818.0,67843.0,1.30550893,2024-03-05 13:25:00+00:00,67843.0,-116.0,-0.0017083699534975523,48.32831456507225,6.239158582026605,0.0,141.0,0.02710639259091936,0.028888888888888888
1709645160,67838.0,67849.0,67781.0,67788.0,0.46412757,2024-03-05 13:26:00+00:00,67788.0,-55.0,-0.0008110240728850334,48.57218694513124,6.2706423709122205,6.0,62.0,0.027161611588954276,0.028888888888888888
1709645220,67773.0,67849.0,67740.0,67835.0,1.52231705,2024-03-05 13:27:00+00:00,67835.0,47.0,0.0006930978061465936,48.756152733563184,6.294392252074514,61.0,48.0,0.026761819803746655,0.029166666666666667
1709645280,67854.0,67858.0,67703.0,67771.0,0.9991784,2024-03-05 13:28:00+00:00,67771.0,-64.0,-0.0009439111064677636,49.66883266046341,6.412218723984593,23.0,132.0,0.026058631921824105,0.029166666666666667
1709645340,67766.0,67777.0,67700.0,67700.0,2.83302954,2024-03-05 13:29:00+00:00,67700.0,-71.0,-0.0010481949125748986,50.79539938685458,6.55765786297474,6.0,71.0,0.025800903031606107,0.029444444444444443
1709645400,67712.0,67793.0,67637.0,67637.0,4.71737583,2024-03-05 13:30:00+00:00,67637.0,-63.0,-0.0009310093256181148,51.55058949067574,6.655152486152074,93.0,63.0,0.02515195975686439,0.029444444444444443
1709645460,67657.0,67701.0,67581.0,67581.0,25.0057142,2024-03-05 13:31:00+00:00,67581.0,-56.0,-0.0008282921386449648,52.23820657324207,6.743923469796978,64.0,56.0,0.024885939444214022,0.029444444444444443
1709645520,67582.0,67663.0,67581.0,67662.0,1.98467765,2024-03-05 13:32:00+00:00,67662.0,81.0,0.001197844024239426,52.7391620054733,6.808596538004434,82.0,0.0,0.024911770811708533,0.029166666666666667
1709645580,67681.0,67686.0,67615.0,67641.0,0.41624946,2024-03-05 13:33:00+00:00,67641.0,-21.0,-0.00031041440572088995,52.88237400331039,6.827085127424439,24.0,47.0,0.024676125848241828,0.029166666666666667
1709645640,67615.0,67664.0,67615.0,67660.0,0.38675632,2024-03-05 13:34:00+00:00,67660.0,19.0,0.00028085528007763745,52.83598702989979,6.8210965949077655,23.0,26.0,0.02462548737943772,0.029166666666666667
1709645700,67658.0,67763.0,67658.0,67677.0,1.42169743,2024-03-05 13:35:00+00:00,67677.0,17.0,0.0002512247218337631,52.66249804713959,6.798699263541741,103.0,2.0,0.0243161094224924,0.029444444444444443
1709645760,67685.0,67789.0,67685.0,67738.0,2.17554553,2024-03-05 13:36:00+00:00,67738.0,61.0,0.0009009342262828572,52.679062404519115,6.8008377128841255,112.0,0.0,0.024067388688327317,0.029166666666666667
1709645820,67773.0,67802.0,67771.0,67791.0,0.53302447,2024-03-05 13:37:00+00:00,67791.0,53.0,0.000782120471658998,52.611922667582405,6.792170010116638,64.0,0.0,0.02396644697423607,0.028888888888888888
1709645880,67799.0,67881.0,67799.0,67881.0,16.57913783,2024-03-05 13:38:00+00:00,67881.0,90.0,0.0013267293649622972,53.213024615225315,6.869771937869766,90.0,0.0,0.023833167825223434,0.02861111111111111
1709645940,67890.0,67890.0,67802.0,67862.0,0.50257707,2024-03-05 13:39:00+00:00,67862.0,-19.0,-0.00027994077225458857,53.30488736456689,6.8816313678143235,9.0,79.0,0.023645320197044337,0.02861111111111111
1709646000,67882.0,67914.0,67862.0,67910.0,1.80112933,2024-03-05 13:40:00+00:00,67910.0,48.0,0.0007070677606543209,52.240585884533616,6.7442306375638985,52.0,0.0,0.023818975784041286,0.028333333333333332
1709646060,67906.0,67922.0,67890.0,67890.0,1.10791054,2024-03-05 13:41:00+00:00,67890.0,-20.0,-0.00029455081214433055,52.3694071215237,6.760861387747246,12.0,20.0,0.024014408645187113,0.028333333333333332
1709646120,67899.0,67902.0,67781.0,67781.0,0.72005763,2024-03-05 13:42:00+00:00,67781.0,-109.0,-0.0016068286288482986,54.03266170635551,6.975586631332471,12.0,109.0,0.023804800634794683,0.02861111111111111
1709646180,67806.0,67920.0,67806.0,67900.0,0.21354315,2024-03-05 13:43:00+00:00,67900.0,119.0,0.001754114879943078,55.69769087100104,7.19054097218653,139.0,0.0,0.023410066328521262,0.028333333333333332
1709646240,67894.0,67919.0,67867.0,67889.0,0.19999023,2024-03-05 13:44:00+00:00,67889.0,-11.0,-0.00016201606940265733,55.76970402472709,7.1998378303561585,19.0,33.0,0.023410066328521262,0.028333333333333332
1709646300,67854.0,67916.0,67797.0,67876.0,0.16325098,2024-03-05 13:45:00+00:00,67876.0,-13.0,-0.00019150738466812054,55.737236637840326,7.195646308732582,27.0,92.0,0.023063617143955408,0.028333333333333332
1709646360,67888.0,67912.0,67867.0,67867.0,0.0600063,2024-03-05 13:46:00+00:00,67867.0,-9.0,-0.00013260352302790917,55.707922227184774,7.191861834590154,36.0,9.0,0.02345124096150088,0.028333333333333332
1709646420,67884.0,67893.0,67820.0,67852.0,0.32682415,2024-03-05 13:47:00+00:00,67852.0,-15.0,-0.00022104495407537162,55.38076722591593,7.149626305538731,26.0,47.0,0.0234375,0.028333333333333332
1709646480,67863.0,67872.0,67814.0,67872.0,0.4468135,2024-03-05 13:48:00+00:00,67872.0,20.0,0.0002947157487956129,54.65868413539097,7.056405779399359,20.0,38.0,0.023538642604943115,0.02861111111111111
1709646540,67876.0,67895.0,67796.0,67796.0,1.42011561,2024-03-05 13:49:00+00:00,67796.0,-76.0,-0.0011203822264640084,55.57434070353673,7.1746165340418235,23.0,76.0,0.02346041055718475,0.02861111111111111
1709646600,67806.0,67806.0,67715.0,67717.0,0.48812557,2024-03-05 13:50:00+00:00,67717.0,-79.0,-0.0011659399312167003,56.6680765859828,7.315817229303928,10.0,81.0,0.02326934264107039,0.02861111111111111
1709646660,67711.0,67768.0,67691.0,67768.0,0.3668265,2024-03-05 13:51:00+00:00,67768.0,51.0,0.0007528509046585154,56.850641862920064,7.33938630520972,51.0,26.0,0.023094688221709007,0.02861111111111111
1709646720,67771.0,67815.0,67686.0,67686.0,1.5943501,2024-03-05 13:52:00+00:00,67686.0,-82.0,-0.0012107432784115653,58.045810371592935,7.493681896209773,47.0,82.0,0.0226928895612708,0.028888888888888888
1709646780,67687.0,67691.0,67622.0,67622.0,0.11751034,2024-03-05 13:53:00+00:00,67622.0,-64.0,-0.0009459899602799898,58.56227309888581,7.5603569476011785,5.0,64.0,0.022658610271903322,0.029166666666666667
1709646840,67612.0,67727.0,67612.0,67710.0,0.19573472,2024-03-05 13:54:00+00:00,67710.0,88.0,0.001300505606995786,59.52184947539653,7.6842377251225145,105.0,10.0,0.022321428571428572,0.029166666666666667
1709646900,67725.0,67786.0,67725.0,67743.0,0.19516969,2024-03-05 13:55:00+00:00,67743.0,33.0,0.0004872538910602995,59.36559857177657,7.664065820204183,76.0,0.0,0.02220988339811216,0.029166666666666667
1709646960,67777.0,67798.0,67697.0,67697.0,0.23510138,2024-03-05 13:56:00+00:00,67697.0,-46.0,-0.0006792675984749028,59.68794557913379,7.705680639910659,55.0,46.0,0.022030475491096015,0.029166666666666667
1709647020,67687.0,67830.0,67650.0,67830.0,0.86657702,2024-03-05 13:57:00+00:00,67830.0,133.0,0.001962709167848689,61.88216431159317,7.988953060202377,133.0,47.0,0.021598272138228944,0.029444444444444443
1709647080,67825.0,67889.0,67825.0,67878.0,1.11879484,2024-03-05 13:58:00+00:00,67878.0,48.0,0.0007074012143966061,62.066166625207586,8.012707656745452,59.0,5.0,0.02153238830073569,0.029444444444444443
1709647140,67867.0,67867.0,67821.0,67830.0,0.06592444,2024-03-05 13:59:00+00:00,67830.0,-48.0,-0.0007074012143965876,62.47393806903097,8.06535072377835,0.0,57.0,0.021417097983223273,0.029444444444444443
1709647200,67830.0,67849.0,67745.0,67745.0,0.07864211,2024-03-05 14:00:00+00:00,67745.0,-85.0,-0.0012539186595936988,63.58661293568621,8.208996431388327,19.0,85.0,0.021152829190904283,0.029444444444444443
1709647260,67743.0,67757.0,67695.0,67697.0,0.71169786,2024-03-05 14:01:00+00:00,67697.0,-48.0,-0.0007087905082549814,63.756818622826245,8.230969891112432,12.0,50.0,0.021167754454048334,0.029444444444444443
1709647320,67693.0,67740.0,67606.0,67617.0,0.81048468,2024-03-05 14:02:00+00:00,67617.0,-80.0,-0.001182435066896499,64.66777330289648,8.348573634614489,43.0,91.0,0.020884093282283328,0.029444444444444443
1709647380,67606.0,67664.0,67564.0,67664.0,0.56350461,2024-03-05 14:03:00+00:00,67664.0,47.0,0.0006948500068897816,64.39834322534625,8.313790361170508,47.0,53.0,0.020761245674740487,0.029722222222222223
1709647440,67696.0,67701.0,67650.0,67696.0,1.93881537,2024-03-05 14:04:00+00:00,67696.0,32.0,0.00047281324757881047,64.50696103986668,8.327812860728477,37.0,14.0,0.02097902097902098,0.03
1709647500,67688.0,67692.0,67568.0,67589.0,1.27164574,2024-03-05 14:05:00+00:00,67589.0,-107.0,-0.0015818460629280521,66.01553275534296,8.52256863174845,0.0,128.0,0.020711080428028997,0.029722222222222223
1709647560,67582.0,67700.0,67549.0,67676.0,0.45530633,2024-03-05 14:06:00+00:00,67676.0,87.0,0.0012863639817663195,62.99693069377401,8.132868781305653,111.0,40.0,0.020931449502878074,0.029722222222222223
1709647620,67676.0,67737.0,67636.0,67691.0,0.9854498,2024-03-05 14:07:00+00:00,67691.0,15.0,0.0002216197457488748,62.89604686992987,8.11984473565065,61.0,40.0,0.020815264527320035,0.029722222222222223
1709647680,67659.0,67691.0,67620.0,67637.0,1.25609271,2024-03-05 14:08:00+00:00,67637.0,-54.0,-0.0007980610496875447,62.6852959447718,8.092636908206151,0.0,71.0,0.02111560795354566,0.029444444444444443
1709647740,67649.0,67649.0,67599.0,67634.0,0.08259698,2024-03-05 14:09:00+00:00,67634.0,-3.0,-4.435540508304455e-05,62.14916219533397,8.023422338775735,12.0,38.0,0.02128414331323164,0.029444444444444443
1709647800,67629.0,67649.0,67552.0,67552.0,0.75997853,2024-03-05 14:10:00+00:00,67552.0,-82.0,-0.0012131435216181498,63.00365651661247,8.133737081300417,15.0,82.0,0.021182700794351278,0.029444444444444443
1709647860,67573.0,67587.0,67451.0,67583.0,27.89098157,2024-03-05 14:11:00+00:00,67583.0,31.0,0.0004588004668485533,63.14804370468512,8.152377387127453,35.0,101.0,0.021001050052502624,0.029444444444444443
1709647920,67567.0,67567.0,67467.0,67560.0,0.92170156,2024-03-05 14:12:00+00:00,67560.0,-23.0,-0.00034038019315932983,63.20235638888279,8.159389124506966,0.0,116.0,0.02104524728165556,0.029444444444444443
1709647980,67545.0,67576.0,67514.0,67515.0,0.48642721,2024-03-05 14:13:00+00:00,67515.0,-45.0,-0.0006662965265936601,61.436302045611086,7.931392489174013,16.0,46.0,0.021250221356472466,0.029722222222222223
1709648040,67523.0,67580.0,67523.0,67552.0,0.9629417,2024-03-05 14:14:00+00:00,67552.0,37.0,0.0005478762529044863,61.44786729806198,7.932885556845246,65.0,0.0,0.02121265688527488,0.029444444444444443
1709648100,67566.0,67662.0,67566.0,67659.0,0.18274718,2024-03-05 14:15:00+00:00,67659.0,107.0,0.0015827117961709583,62.700658679714564,8.094620228759,110.0,0.0,0.021182700794351278,0.029166666666666667
1709648160,67648.0,67726.0,67648.0,67722.0,0.75440006,2024-03-05 14:16:00+00:00,67722.0,63.0,0.0009307067394630992,63.08114001814417,8.143740158335019,67.0,11.0,0.021182700794351278,0.029166666666666667
1709648220,67712.0,67741.0,67655.0,67702.0,2.83846636,2024-03-05 14:17:00+00:00,67702.0,-20.0,-0.00029536862218517063,62.632007484846994,8.08575739761169,19.0,67.0,0.021123041718007392,0.029166666666666667
1709648280,67675.0,67694.0,67574.0,67574.0,2.47591247,2024-03-05 14:18:00+00:00,67574.0,-128.0,-0.0018924278985237811,64.51574283418223,8.32894658549961,0.0,128.0,0.021052631578947368,0.028888888888888888
1709648340,67593.0,67676.0,67579.0,67676.0,1.03257715,2024-03-05 14:19:00+00:00,67676.0,102.0,0.0015083182157145493,65.98420244082232,8.51852390553612,102.0,0.0,0.020909566126502875,0.028888888888888888
1709648400,67671.0,67680.0,67534.0,67534.0,0.16313333,2024-03-05 14:20:00+00:00,67534.0,-142.0,-0.0021004371304891825,68.23537694383079,8.809149284188072,4.0,142.0,0.020847810979847115,0.028888888888888888
1709648460,67524.0,67525.0,67379.0,67399.0,8.92252243,2024-03-05 14:21:00+00:00,67399.0,-135.0,-0.0020009937531178237,68.58517530185695,8.85430805802694,0.0,155.0,0.02096069868995633,0.02861111111111111
1709648520,67398.0,67466.0,67396.0,67431.0,0.44027737,2024-03-05 14:22:00+00:00,67431.0,32.0,0.00047467181785717876,68.76044553416234,8.87693534772043,67.0,3.0,0.021130480718436342,0.02861111111111111
1709648580,67422.0,67449.0,67392.0,67399.0,0.45585275,2024-03-05 14:23:00+00:00,67399.0,-32.0,-0.00047467181785709083,68.77585594946768,8.87892482378162,18.0,39.0,0.02110075611042729,0.02861111111111111
1709648640,67395.0,67419.0,67335.0,67335.0,3.62194202,2024-03-05 14:24:00+00:00,67335.0,-64.0,-0.0009500201109376161,68.83884398127248,8.887056543721298,20.0,64.0,0.02112676056338028,0.02861111111111111
1709648700,67354.0,67404.0,67301.0,67404.0,0.33019777,2024-03-05 14:25:00+00:00,67404.0,69.0,0.0010242024362908696,68.16865716155077,8.800535797333636,69.0,34.0,0.021269053527118043,0.028888888888888888
1709648760,67410.0,67507.0,67410.0,67476.0,0.95091956,2024-03-05 14:26:00+00:00,67476.0,72.0,0.0010676157597690214,68.63309474965602,8.860494432136448,103.0,0.0,0.021137924960366393,0.02861111111111111
1709648820,67484.0,67536.0,67482.0,67508.0,5.29108187,2024-03-05 14:27:00+00:00,67508.0,32.0,0.0004741302761730159,68.46684834307699,8.839032113334868,60.0,0.0,0.021321961620469083,0.028333333333333332
1709648880,67508.0,67581.0,67492.0,67581.0,1.34179226,2024-03-05 14:28:00+00:00,67581.0,73.0,0.001080769079728274,68.76493160913523,8.877514497509091,73.0,16.0,0.02157497303128371,0.028333333333333332
1709648940,67595.0,67649.0,67593.0,67611.0,1.14166272,2024-03-05 14:29:00+00:00,67611.0,30.0,0.0004438132506720667,68.31097677549783,8.818909180488825,68.0,0.0,0.021609940572663425,0.028055555555555556
1709649000,67642.0,67731.0,67639.0,67700.0,3.34585067,2024-03-05 14:30:00+00:00,67700.0,89.0,0.0013154882135911435,68.80762300102259,8.88302593250263,120.0,0.0,0.02175095160413268,0.027777777777777776
1709649060,67707.0,67709.0,67478.0,67551.0,3.00917978,2024-03-05 14:31:00+00:00,67551.0,-149.0,-0.002203311772596624,71.12307308759749,9.181949253311933,9.0,222.0,0.021321961620469083,0.027777777777777776
1709649120,67552.0,67689.0,67552.0,67622.0,0.71606741,2024-03-05 14:32:00+00:00,67622.0,71.0,0.0010505057449255247,70.94033460201844,9.158357816266639,138.0,0.0,0.0211118930330753,0.027777777777777776
1709649180,67597.0,67597.0,67452.0,67483.0,0.83193966,2024-03-05 14:33:00+00:00,67483.0,-139.0,-0.002057659583929552,73.11587429174553,9.439218782510848,0.0,170.0,0.020750475531730934,0.0275
1709649240,67493.0,67525.0,67464.0,67469.0,0.53602211,2024-03-05 14:34:00+00:00,67469.0,-14.0,-0.0002074811792373597,73.07448989521811,9.43387607989273,42.0,19.0,0.020707506471095774,0.0275
1709649300,67469.0,67535.0,67351.0,67518.0,0.15584416,2024-03-05 14:35:00+00:00,67518.0,49.0,0.0007259958685237338,73.34058579956758,9.46822891342738,66.0,118.0,0.020429009193054137,0.0275
1709649360,67538.0,67707.0,67538.0,67682.0,2.92837074,2024-03-05 14:36:00+00:00,67682.0,164.0,0.002426036692858999,76.012458092807,9.813166143257689,189.0,0.0,0.02016467820534364,0.0275
1709649420,67660.0,67767.0,67660.0,67713.0,3.4563566,2024-03-05 14:37:00+00:00,67713.0,31.0,0.00045791942895517736,75.800652919687,9.785822212986545,85.0,22.0,0.02002002002002002,0.027777777777777776
1709649480,67685.0,67824.0,67680.0,67758.0,40.59447269,2024-03-05 14:38:00+00:00,67758.0,45.0,0.0006643488518590015,75.10138345337037,9.695546913068023,111.0,33.0,0.01984126984126984,0.028055555555555556
1709649540,67788.0,67815.0,67746.0,67761.0,2.19014428,2024-03-05 14:39:00+00:00,67761.0,3.0,4.427423461632248e-05,75.07092503300288,9.691614747906854,57.0,12.0,0.019903798308177144,0.028055555555555556
1709649600,67789.0,67898.0,67769.0,67897.0,8.92902046,2024-03-05 14:40:00+00:00,67897.0,136.0,0.002005042762862842,76.89550286968625,9.927166733751315,137.0,0.0,0.01962708537782139,0.028055555555555556
1709649660,67880.0,67947.0,67880.0,67947.0,5.33399386,2024-03-05 14:41:00+00:00,67947.0,50.0,0.0007361385450650629,77.12095386743952,9.956272332407458,50.0,17.0,0.019515368352577656,0.028055555555555556
1709649720,67947.0,68083.0,67947.0,68080.0,14.44954294,2024-03-05 14:42:00+00:00,68080.0,133.0,0.0019554947529860016,77.59990644469872,10.018104844252392,136.0,0.0,0.01946787800129786,0.027777777777777776
1709649780,68100.0,68351.0,68083.0,68299.0,29.02939798,2024-03-05 14:43:00+00:00,68299.0,219.0,0.0032116409160075654,81.08581455491401,10.468133646161498,271.0,0.0,0.01905972045743329,0.027777777777777776
1709649840,68275.0,68446.0,68273.0,68426.0,24.13092191,2024-03-05 14:44:00+00:00,68426.0,127.0,0.0018577441802938262,82.52116831661431,10.653437019994211,147.0,26.0,0.018700327255726974,0.027777777777777776
1709649900,68419.0,68553.0,68304.0,68542.0,13.23354031,2024-03-05 14:45:00+00:00,68542.0,116.0,0.0016938267001656553,83.61284874094576,10.794372356754756,127.0,122.0,0.018329005651443412,0.027777777777777776
1709649960,68552.0,68577.0,68425.0,68541.0,10.072054,2024-03-05 14:46:00+00:00,68541.0,-1.0,-1.4589701130191891e-05,83.5866274818246,10.790987206758329,35.0,117.0,0.018034265103697024,0.027777777777777776
1709650020,68544.0,68576.0,68376.0,68528.0,0.9436181,2024-03-05 14:47:00+00:00,68528.0,-13.0,-0.00018968548744037806,83.57638679303226,10.789665139520114,35.0,165.0,0.017696504940274294,0.027777777777777776
1709650080,68524.0,68574.0,68409.0,68421.0,1.19250196,2024-03-05 14:48:00+00:00,68421.0,-107.0,-0.001562625820892626,84.94840408113744,10.966791809771449,46.0,119.0,0.017421602787456445,0.027777777777777776
1709650140,68429.0,68617.0,68429.0,68574.0,3.85912935,2024-03-05 14:49:00+00:00,68574.0,153.0,0.002233659091393363,86.19311519689167,11.127483323843295,196.0,0.0,0.01717967072297781,0.0275
1709650200,68548.0,68635.0,68548.0,68613.0,6.5952446,2024-03-05 14:50:00+00:00,68613.0,39.0,0.0005685670078159293,85.40171606791422,11.02531413561887,61.0,26.0,0.017189514396218308,0.0275
1709650260,68635.0,68726.0,68550.0,68689.0,19.53123379,2024-03-05 14:51:00+00:00,68689.0,76.0,0.0011070488086387742,85.64131447941885,11.05624615753671,113.0,63.0,0.01694915254237288,0.0275
1709650320,68672.0,68734.0,68615.0,68718.0,6.89686352,2024-03-05 14:52:00+00:00,68718.0,29.0,0.0004221036836635277,84.69642699525592,10.934261707863282,45.0,74.0,0.016973125884016973,0.0275
1709650380,68703.0,68749.0,68622.0,68736.0,5.85276563,2024-03-05 14:53:00+00:00,68736.0,18.0,0.00026190580271054636,84.0228715163503,10.84730606944501,31.0,96.0,0.016835016835016835,0.0275
1709650440,68739.0,68831.0,68710.0,68819.0,13.3843373,2024-03-05 14:54:00+00:00,68819.0,83.0,0.001206790157726575,83.9552931204332,10.838581736046663,95.0,26.0,0.01682085786375105,0.0275
1709650500,68809.0,68874.0,68751.0,68775.0,24.49817956,2024-03-05 14:55:00+00:00,68775.0,-44.0,-0.0006395627934330422,84.31735852807859,10.885324179181609,55.0,68.0,0.016710764517476676,0.027777777777777776
1709650560,68751.0,68869.0,68564.0,68819.0,7.25303411,2024-03-05 14:56:00+00:00,68819.0,44.0,0.0006395627934330955,83.97382562340788,10.840974271892811,94.0,211.0,0.016249153689911984,0.027777777777777776
1709650620,68778.0,68899.0,68739.0,68828.0,8.72708149,2024-03-05 14:57:00+00:00,68828.0,9.0,0.00013076928683978612,82.62821914376505,10.66725722235263,80.0,80.0,0.016293279022403257,0.027777777777777776
1709650680,68784.0,68851.0,68662.0,68804.0,13.82997107,2024-03-05 14:58:00+00:00,68804.0,-24.0,-0.00034875610676677704,82.68776612454027,10.674944704514608,23.0,166.0,0.01602136181575434,0.027777777777777776
1709650740,68838.0,68859.0,68685.0,68800.0,3.09782592,2024-03-05 14:59:00+00:00,68800.0,-4.0,-5.813784484646167e-05,82.30990769011228,10.626163390389156,55.0,119.0,0.015774944130406206,0.028055555555555556
1709650800,68842.0,68914.0,68751.0,68870.0,11.05769849,2024-03-05 15:00:00+00:00,68870.0,70.0,0.0010169246173089334,81.50940987582408,10.522819566942033,114.0,49.0,0.015653535090007827,0.028055555555555556
1709650860,68882.0,68965.0,68872.0,68928.0,13.33145337,2024-03-05 15:01:00+00:00,68928.0,58.0,0.0008418119773165999,81.18622486200867,10.481096561067003,95.0,0.0,0.015586439797376284,0.027777777777777776
1709650920,68930.0,68995.0,68893.0,68962.0,8.14478202,2024-03-05 15:02:00+00:00,68962.0,34.0,0.0004931467211408039,80.12094494705515,10.343569515411529,67.0,35.0,0.015651493413329855,0.027777777777777776
1709650980,68963.0,69031.0,68960.0,68991.0,15.6282677,2024-03-05 15:03:00+00:00,68991.0,29.0,0.00042043305223052845,80.06101310381379,10.335832347718819,69.0,2.0,0.015710919088766692,0.027777777777777776
1709651040,69008.0,69210.0,68750.0,68750.0,37.16600222,2024-03-05 15:04:00+00:00,68750.0,-241.0,-0.0034993247606139744,86.95086605287285,11.225308538702945,219.0,241.0,0.014912389710451099,0.027777777777777776
1709651100,68750.0,68761.0,67666.0,67857.0,113.22984058,2024-03-05 15:05:00+00:00,67857.0,-893.0,-0.013074186832726776,145.51981246280192,18.786527007055277,11.0,1084.0,0.013312624805857556,0.028055555555555556
1709651160,67857.0,68298.0,67538.0,68232.0,48.13471872,2024-03-05 15:06:00+00:00,68232.0,375.0,0.00551111330285449,152.85341007563886,19.733290387798743,441.0,319.0,0.01247012366205965,0.028055555555555556
1709651220,68209.0,68260.0,67946.0,68085.0,10.55199759,2024-03-05 15:07:00+00:00,68085.0,-147.0,-0.0021567384402696715,154.17548516540722,19.903969547969027,28.0,286.0,0.012200081333875559,0.028055555555555556
1709651280,68106.0,68282.0,68063.0,68063.0,2.08594862,2024-03-05 15:08:00+00:00,68063.0,-22.0,-0.00032317772117809284,154.0176855352239,19.883597703311104,197.0,22.0,0.012019230769230768,0.028333333333333332
1709651340,68173.0,68261.0,67937.0,68050.0,1.68832092,2024-03-05 15:09:00+00:00,68050.0,-13.0,-0.00019101775788544375,154.03421000903452,19.885731003706884,198.0,126.0,0.011698186781048937,0.028333333333333332
1709651400,68009.0,68009.0,67784.0,67983.0,44.51576099,2024-03-05 15:10:00+00:00,67983.0,-67.0,-0.0009850551765776393,153.89953708222873,19.868344803616754,0.0,266.0,0.011508583485182699,0.028055555555555556
1709651460,68005.0,68062.0,67936.0,67952.0,29.54958642,2024-03-05 15:11:00+00:00,67952.0,-31.0,-0.000456100349982056,153.94505127986193,19.874220661265067,79.0,47.0,0.011519631371796102,0.028055555555555556
1709651520,68009.0,68136.0,67972.0,68132.0,1.25747647,2024-03-05 15:12:00+00:00,68132.0,180.0,0.002645426427415488,155.5162498094725,20.077061519223978,184.0,0.0,0.011444921316165951,0.028055555555555556
1709651580,68158.0,68290.0,68157.0,68290.0,34.72541328,2024-03-05 15:13:00+00:00,68290.0,158.0,0.0023163429746670856,156.51471925870987,20.205963370843754,158.0,0.0,0.011341083073433513,0.027777777777777776
1709651640,68290.0,68487.0,68261.0,68401.0,12.00887599,2024-03-05 15:14:00+00:00,68401.0,111.0,0.0016241014316784102,156.99852368948555,20.26842225428427,197.0,29.0,0.011171104077452988,0.028055555555555556
1709651700,68401.0,68401.0,68237.0,68321.0,3.25878334,2024-03-05 15:15:00+00:00,68321.0,-80.0,-0.0011702580291397704,156.9801851542845,20.26605475957002,0.0,164.0,0.011115227862171175,0.028055555555555556
1709651760,68297.0,68475.0,68294.0,68425.0,1.30238606,2024-03-05 15:16:00+00:00,68425.0,104.0,0.0015210685512063345,157.29914194456742,20.307231904134206,154.0,27.0,0.011010184420589044,0.028055555555555556
1709651820,68416.0,68528.0,68363.0,68482.0,0.39282731,2024-03-05 15:17:00+00:00,68482.0,57.0,0.0008326820877451709,157.35009007769148,20.313809279837866,103.0,62.0,0.01093095281472035,0.028055555555555556
1709651880,68464.0,68464.0,68102.0,68158.0,14.63952851,2024-03-05 15:18:00+00:00,68158.0,-324.0,-0.004742397646938382,162.28410604075287,20.950788001666478,0.0,380.0,0.01068566340160285,0.028055555555555556
1709651940,68208.0,68272.0,68056.0,68056.0,0.82184783,2024-03-05 15:19:00+00:00,68056.0,-102.0,-0.0014976436939662706,162.45517417373694,20.97287280267028,114.0,102.0,0.010578279266572638,0.028333333333333332
1709652000,68107.0,68127.0,67824.0,67889.0,31.44503787,2024-03-05 15:20:00+00:00,67889.0,-167.0,-0.0024568771783354806,162.87359054547528,21.026890123987716,71.0,232.0,0.010433875315189984,0.028333333333333332
1709652060,67881.0,68097.0,67881.0,68021.0,0.79474281,2024-03-05 15:21:00+00:00,68021.0,132.0,0.0019424625340999702,162.60547728455475,20.99227685083963,208.0,8.0,0.010378827192527244,0.02861111111111111
1709652120,68058.0,68128.0,68058.0,68110.0,3.8505881,2024-03-05 15:22:00+00:00,68110.0,89.0,0.0013075642238792164,162.90024936425925,21.030331762693713,107.0,0.0,0.010345719458574015,0.028333333333333332
1709652180,68109.0,68109.0,67919.0,67920.0,0.43086212,2024-03-05 15:23:00+00:00,67920.0,-190.0,-0.002793503250135167,164.87740609176268,21.285581598642473,0.0,191.0,0.010227563283047813,0.028055555555555556
1709652240,67867.0,67950.0,67605.0,67647.0,22.63164765,2024-03-05 15:24:00+00:00,67647.0,-273.0,-0.004027534267607655,168.6046222500077,21.766763135595745,30.0,315.0,0.010005002501250625,0.028055555555555556
1709652300,67665.0,67818.0,67582.0,67668.0,2.17238147,2024-03-05 15:25:00+00:00,67668.0,21.0,0.00031038687756119093,168.4105355213155,21.74170664666425,171.0,65.0,0.009895275006184546,0.028055555555555556
1709652360,67652.0,67885.0,67638.0,67802.0,0.52548211,2024-03-05 15:26:00+00:00,67802.0,134.0,0.0019782984233053997,169.0214475074513,21.820575044941002,217.0,30.0,0.009779154103170075,0.028333333333333332
1709652420,67862.0,67862.0,67467.0,67499.0,11.33724083,2024-03-05 15:27:00+00:00,67499.0,-303.0,-0.00447891008242178,173.60004930484342,22.4116699952815,60.0,335.0,0.00951927653498334,0.02861111111111111
1709652480,67479.0,67609.0,67419.0,67475.0,4.42652192,2024-03-05 15:28:00+00:00,67475.0,-24.0,-0.00035562404986048344,173.3587801833719,22.380522285634388,110.0,80.0,0.009443613756197372,0.02861111111111111
1709652540,67465.0,67465.0,67201.0,67284.0,17.12105283,2024-03-05 15:29:00+00:00,67284.0,-191.0,-0.0028346919745325548,175.01229254647478,22.593989813802576,0.0,274.0,0.009292960582358864,0.02861111111111111
1709652600,67217.0,67300.0,66838.0,66986.0,23.71943669,2024-03-05 15:30:00+00:00,66986.0,-298.0,-0.004438824596634698,178.56762475367557,23.05298122809336,16.0,446.0,0.009053187476423991,0.028888888888888888
1709652660,67000.0,67068.0,66527.0,66611.0,25.18032805,2024-03-05 15:31:00+00:00,66611.0,-375.0,-0.005613913259656637,183.81509377786406,23.730426566107404,82.0,459.0,0.008846295613711757,0.028888888888888888
1709652720,66611.0,67065.0,66565.0,67018.0,1.18363946,2024-03-05 15:32:00+00:00,67018.0,407.0,0.006091510952386095,191.4594143536242,24.717304108873726,454.0,46.0,0.008616356717168091,0.029166666666666667
1709652780,66875.0,67030.0,66788.0,66920.0,3.63687502,2024-03-05 15:33:00+00:00,66920.0,-98.0,-0.0014633639070073495,191.06420002468656,24.666282158401792,12.0,230.0,0.008572040860061433,0.029444444444444443
1709652840,66885.0,67080.0,66858.0,67080.0,28.00107601,2024-03-05 15:34:00+00:00,67080.0,160.0,0.0023880608363849166,192.30938100518875,24.827034331751765,160.0,62.0,0.00847457627118644,0.029444444444444443
1709652900,67063.0,67359.0,67063.0,67296.0,16.82348784,2024-03-05 15:35:00+00:00,67296.0,216.0,0.003214862565281174,194.32397376458985,25.08711713863678,279.0,17.0,0.008408071748878924,0.029444444444444443
1709652960,67295.0,67427.0,67188.0,67396.0,18.67265791,2024-03-05 15:36:00+00:00,67396.0,100.0,0.0014848694558496447,193.56200483957102,24.988747373405932,131.0,108.0,0.008378718056137411,0.029722222222222223
1709653020,67396.0,67425.0,67209.0,67230.0,1.83518566,2024-03-05 15:37:00+00:00,67230.0,-166.0,-0.002466092495193554,194.6129949325331,25.124429610974968,29.0,187.0,0.008315432055990576,0.029722222222222223
1709653080,67200.0,67228.0,67059.0,67089.0,12.3622672,2024-03-05 15:38:00+00:00,67089.0,-141.0,-0.0020994803682554786,195.23404685363525,25.204607069226928,0.0,171.0,0.008299903167796375,0.029444444444444443
1709653140,67016.0,67208.0,66999.0,67094.0,3.83763992,2024-03-05 15:39:00+00:00,67094.0,5.0,7.45250889056404e-05,195.2366744224763,25.204946286905678,119.0,90.0,0.008220304151253596,0.029444444444444443
1709653200,67094.0,67262.0,67054.0,67233.0,3.31005594,2024-03-05 15:40:00+00:00,67233.0,139.0,0.002069577219965497,195.27536981528718,25.209941840636723,168.0,40.0,0.008180516735973822,0.029722222222222223
1709653260,67234.0,67256.0,67108.0,67203.0,9.70832042,2024-03-05 15:41:00+00:00,67203.0,-30.0,-0.0004463090317768914,195.124401865553,25.19045196213234,23.0,125.0,0.008135593220338983,0.029722222222222223
1709653320,67227.0,67248.0,66863.0,66961.0,2.32055753,2024-03-05 15:42:00+00:00,66961.0,-242.0,-0.003607529030951738,196.38986001992075,25.353821907371962,45.0,340.0,0.00800053336889126,0.03
1709653380,66991.0,67134.0,66883.0,67092.0,7.37563607,2024-03-05 15:43:00+00:00,67092.0,131.0,0.0019544514736763393,194.90798278011198,25.162512378341855,173.0,78.0,0.008011215701982776,0.03027777777777778
1709653440,67092.0,67093.0,66856.0,66874.0,5.593143,2024-03-05 15:44:00+00:00,66874.0,-218.0,-0.0032545599991672773,195.58209223305667,25.249539534501046,1.0,236.0,0.007977132220966562,0.03027777777777778
1709653500,66918.0,67155.0,66855.0,67155.0,4.47687535,2024-03-05 15:45:00+00:00,67155.0,281.0,0.004193128527697135,198.74505359299792,25.657876090226047,281.0,19.0,0.007950178879024779,0.03027777777777778
1709653560,67155.0,67314.0,67102.0,67235.0,0.55020628,2024-03-05 15:46:00+00:00,67235.0,80.0,0.00119056491479476,199.17247160771913,25.713055518655526,159.0,53.0,0.007918701332981391,0.03027777777777778
1709653620,67251.0,67372.0,67251.0,67362.0,0.31350379,2024-03-05 15:47:00+00:00,67362.0,127.0,0.0018871154288640543,200.0948390957857,25.832132649334355,137.0,0.0,0.007951759326751044,0.03
1709653680,67362.0,67399.0,67242.0,67362.0,1.53862496,2024-03-05 15:48:00+00:00,67362.0,0.0,0.0,199.77774303002198,25.791195723272665,37.0,120.0,0.00795597692766691,0.03
1709653740,67338.0,67362.0,67246.0,67292.0,0.3382636,2024-03-05 15:49:00+00:00,67292.0,-70.0,-0.0010397018477834473,198.62015248144237,25.641751426060136,0.0,116.0,0.007998400319936013,0.03
1709653800,67305.0,67398.0,67305.0,67398.0,0.70349073,2024-03-05 15:50:00+00:00,67398.0,106.0,0.001573985030573169,199.15292012225262,25.710531432735344,106.0,0.0,0.007988283850352816,0.029722222222222223
1709653860,67403.0,67419.0,67220.0,67220.0,0.11944264,2024-03-05 15:51:00+00:00,67220.0,-178.0,-0.002644521590527602,199.77092743021365,25.79031583312093,21.0,178.0,0.007976071784646061,0.029722222222222223
1709653920,67271.0,67410.0,67271.0,67363.0,8.13052129,2024-03-05 15:52:00+00:00,67363.0,143.0,0.0021250834624792635,200.827549908522,25.926725208511485,190.0,0.0,0.00793860809738026,0.029444444444444443
1709653980,67353.0,67353.0,67246.0,67281.0,4.0775519,2024-03-05 15:53:00+00:00,67281.0,-82.0,-0.0012180269471771506,200.89997722114762,25.936075534365138,0.0,117.0,0.007943863365550112,0.029166666666666667
1709654040,67288.0,67338.0,67241.0,67338.0,0.73242129,2024-03-05 15:54:00+00:00,67338.0,57.0,0.00084683444991216,200.69265579585988,25.90931045345009,57.0,40.0,0.007956504442381647,0.029166666666666667
1709654100,67300.0,67319.0,67150.0,67217.0,13.65033353,2024-03-05 15:55:00+00:00,67217.0,-121.0,-0.0017985215356746342,201.06411547333218,25.957265691604682,0.0,188.0,0.007922360863537335,0.028888888888888888
1709654160,67180.0,67214.0,66990.0,66990.0,4.61437707,2024-03-05 15:56:00+00:00,66990.0,-227.0,-0.003382837206322886,202.50444579063384,26.143211536002916,0.0,227.0,0.007963368504877564,0.02861111111111111
1709654220,67000.0,67038.0,66829.0,66831.0,6.3758837,2024-03-05 15:57:00+00:00,66831.0,-159.0,-0.002376309769329611,203.10981346966872,26.22136416731073,48.0,161.0,0.007937557878026193,0.02861111111111111
1709654280,66910.0,66956.0,66846.0,66946.0,4.51505697,2024-03-05 15:58:00+00:00,66946.0,115.0,0.0017192795223033583,204.00822238885348,26.33734826004695,125.0,0.0,0.007971303308090873,0.028333333333333332
1709654340,66947.0,66967.0,66786.0,66842.0,5.43072549,2024-03-05 15:59:00+00:00,66842.0,-104.0,-0.0015546987913429523,204.1925783165197,26.361148507967815,21.0,160.0,0.007967598433038974,0.028333333333333332
1709654400,66813.0,67018.0,66799.0,67000.0,19.52999346,2024-03-05 16:00:00+00:00,67000.0,158.0,0.0023609939091590753,205.2555386784778,26.498376100619225,176.0,43.0,0.007938082952966859,0.028333333333333332
1709654460,67004.0,67004.0,66701.0,66701.0,52.25049991,2024-03-05 16:01:00+00:00,66701.0,-299.0,-0.00447267407802638,207.78575110334668,26.825025120082035,4.0,299.0,0.007830342577487765,0.02861111111111111
1709654520,66728.0,66760.0,66526.0,66571.0,29.2234055,2024-03-05 16:02:00+00:00,66571.0,-130.0,-0.0019508980315700326,207.9130216611533,26.84145567844362,59.0,175.0,0.007763472860192792,0.02861111111111111
1709654580,66614.0,66713.0,66421.0,66474.0,6.11299494,2024-03-05 16:03:00+00:00,66474.0,-97.0,-0.0014581535147788819,207.84213574208317,26.832304345642314,142.0,150.0,0.007654037504783773,0.02861111111111111
1709654640,66475.0,66678.0,66474.0,66542.0,12.22379429,2024-03-05 16:04:00+00:00,66542.0,68.0,0.001022433480540232,206.6512496527685,26.67856161260412,204.0,0.0,0.007781091946569834,0.028333333333333332
1709654700,66550.0,66677.0,66323.0,66365.0,36.27464008,2024-03-05 16:05:00+00:00,66365.0,-177.0,-0.002663518168965405,174.55089750330433,22.534423969861848,135.0,219.0,0.008173830120563995,0.028333333333333332
1709654760,66353.0,66401.0,65942.0,66027.0,13.89207527,2024-03-05 16:06:00+00:00,66027.0,-338.0,-0.005106059797520979,171.10306389593464,22.089310565133946,36.0,423.0,0.008344923504867872,0.028333333333333332
1709654820,66088.0,66088.0,65599.0,65721.0,51.42738919,2024-03-05 16:07:00+00:00,65721.0,-306.0,-0.004645240159172515,174.04550349875635,22.469177884432266,61.0,428.0,0.008244589488148402,0.028333333333333332
1709654880,65752.0,65752.0,65177.0,65543.0,82.98854701,2024-03-05 16:08:00+00:00,65543.0,-178.0,-0.0027120933249913546,174.94405885543406,22.585180882167542,31.0,544.0,0.008047749983233854,0.028333333333333332
1709654940,65542.0,65970.0,65519.0,65867.0,12.02418531,2024-03-05 16:09:00+00:00,65867.0,324.0,0.004931141565116482,181.1892064419773,23.391425968743853,427.0,24.0,0.007979784545817263,0.028333333333333332
1709655000,65879.0,65982.0,65570.0,65682.0,60.45395999,2024-03-05 16:10:00+00:00,65682.0,-185.0,-0.00281264201112197,182.1649303911343,23.517391388929884,115.0,297.0,0.007903055848261328,0.02861111111111111
1709655060,65683.0,65758.0,65215.0,65348.0,6.78803996,2024-03-05 16:11:00+00:00,65348.0,-334.0,-0.005098080186213191,186.11479963739535,24.02731731594541,76.0,467.0,0.0076918146272674836,0.02861111111111111
1709655120,65337.0,65384.0,64516.0,64932.0,120.32044194,2024-03-05 16:12:00+00:00,64932.0,-416.0,-0.006386266715663619,189.8566512466679,24.51038828150181,36.0,832.0,0.00736874424316856,0.028888888888888888
1709655180,64849.0,65375.0,64732.0,65291.0,17.59538229,2024-03-05 16:13:00+00:00,65291.0,359.0,0.005513632913857535,195.3428530199882,25.21865388490192,443.0,200.0,0.007155635062611807,0.029166666666666667
1709655240,65226.0,65481.0,64923.0,65361.0,97.57519195,2024-03-05 16:14:00+00:00,65361.0,70.0,0.0010715489498503903,194.8412362530909,25.153895438756194,190.0,368.0,0.007016723190270143,0.029166666666666667
1709655300,65396.0,65447.0,64826.0,65205.0,23.7588417,2024-03-05 16:15:00+00:00,65205.0,-156.0,-0.0023895972034414428,195.28170583228828,25.210759816914276,86.0,535.0,0.006834102169827439,0.029444444444444443
1709655360,65243.0,65473.0,65058.0,65171.0,3.55650578,2024-03-05 16:16:00+00:00,65171.0,-34.0,-0.0005215683986433678,194.22382393854454,25.074187851690148,268.0,147.0,0.006744225257123588,0.029444444444444443
1709655420,65161.0,65360.0,65059.0,65281.0,3.29098783,2024-03-05 16:17:00+00:00,65281.0,110.0,0.0016864444557517944,194.85777733986018,25.156030883875715,189.0,112.0,0.006693067097997657,0.029444444444444443
1709655480,65249.0,65249.0,64793.0,65124.0,4.69953114,2024-03-05 16:18:00+00:00,65124.0,-157.0,-0.0024078842967054826,192.0994945834295,24.799938111216143,0.0,488.0,0.006652991073903642,0.029444444444444443
1709655540,65115.0,65230.0,64843.0,65109.0,2.37641831,2024-03-05 16:19:00+00:00,65109.0,-15.0,-0.0002303563623095251,192.03302078925475,24.791356381289543,106.0,281.0,0.006590509666080844,0.029444444444444443
1709655600,65044.0,65175.0,64778.0,64888.0,3.03226727,2024-03-05 16:20:00+00:00,64888.0,-221.0,-0.0034000817389149276,192.7201793121943,24.880068165141186,66.0,331.0,0.006556660474265107,0.029444444444444443
1709655660,64841.0,65215.0,64826.0,65140.0,3.92307385,2024-03-05 16:21:00+00:00,65140.0,252.0,0.0038760930800437496,195.24721328045976,25.20630684762094,327.0,62.0,0.006495263870094722,0.029444444444444443
1709655720,65140.0,65343.0,65047.0,65327.0,4.39470288,2024-03-05 16:22:00+00:00,65327.0,187.0,0.0028666272399432372,196.81644995211002,25.408894430806253,203.0,93.0,0.006429489927132447,0.029722222222222223
1709655780,65327.0,65615.0,65316.0,65615.0,12.15708253,2024-03-05 16:23:00+00:00,65615.0,288.0,0.004398901260219507,200.5435234612674,25.8900575518415,288.0,11.0,0.006392499467291711,0.03
1709655840,65538.0,65747.0,65417.0,65711.0,11.5254235,2024-03-05 16:24:00+00:00,65711.0,96.0,0.001462010829535662,198.87879510204942,25.675142044801152,132.0,198.0,0.006397611558351548,0.03
1709655900,65746.0,65766.0,65485.0,65612.0,2.29479212,2024-03-05 16:25:00+00:00,65612.0,-99.0,-0.0015077331275464383,198.93742024853256,25.682710518667758,55.0,226.0,0.006382299755345176,0.03
1709655960,65577.0,65634.0,65332.0,65394.0,5.34669526,2024-03-05 16:26:00+00:00,65394.0,-218.0,-0.0033280949150097123,199.08131944361944,25.70128782487123,22.0,280.0,0.0063636845733679795,0.03
1709656020,65394.0,65561.0,65369.0,65539.0,2.20290899,2024-03-05 16:27:00+00:00,65539.0,145.0,0.002214874161239977,197.44981483539325,25.49066148564054,167.0,25.0,0.00643293663557414,0.03
1709656080,65499.0,65675.0,65434.0,65675.0,0.31164041,2024-03-05 16:28:00+00:00,65675.0,136.0,0.0020729502751340645,198.6456687041408,25.645045556245773,136.0,105.0,0.006415396952686447,0.03
1709656140,65681.0,65812.0,65633.0,65806.0,3.13745932,2024-03-05 16:29:00+00:00,65806.0,131.0,0.0019926840128654416,198.57193263243056,25.63552627032082,137.0,42.0,0.006448146157979581,0.03027777777777778
1709656200,65763.0,65878.0,65684.0,65859.0,24.727754,2024-03-05 16:30:00+00:00,65859.0,53.0,0.0008050735254264589,195.52892990393659,25.242676307323457,72.0,122.0,0.006542361792607132,0.03027777777777778
1709656260,65882.0,65907.0,65809.0,65907.0,2.7624823,2024-03-05 16:31:00+00:00,65907.0,48.0,0.000728564305256605,190.01559852710997,24.530908287171048,48.0,50.0,0.006704285155595285,0.03027777777777778
1709656320,65907.0,65915.0,65577.0,65577.0,2.35108499,2024-03-05 16:32:00+00:00,65577.0,-330.0,-0.005019632699177079,186.27267161902847,24.04769850113534,8.0,330.0,0.006765518407848001,0.03027777777777778
1709656380,65559.0,65742.0,65529.0,65741.0,1.02920208,2024-03-05 16:33:00+00:00,65741.0,164.0,0.0024977548434076797,187.57532498271968,24.215870327250578,165.0,48.0,0.00677659814772984,0.03027777777777778
1709656440,65698.0,65698.0,65471.0,65524.0,0.38907808,2024-03-05 16:34:00+00:00,65524.0,-217.0,-0.0033062918169977553,187.76968101199049,24.24096158273727,0.0,270.0,0.006758278891642261,0.03
1709656500,65527.0,65527.0,65355.0,65390.0,3.60300685,2024-03-05 16:35:00+00:00,65390.0,-134.0,-0.002047146169200328,185.5497892582617,23.954374789651446,3.0,169.0,0.006805807622504537,0.03
1709656560,65372.0,65567.0,65304.0,65567.0,0.7775108,2024-03-05 16:36:00+00:00,65567.0,177.0,0.0027031790248837426,186.73905401330845,24.107908209335697,177.0,86.0,0.006796556411418215,0.03
1709656620,65568.0,65568.0,65262.0,65445.0,1.2225037,2024-03-05 16:37:00+00:00,65445.0,-122.0,-0.0018624253543856038,186.28369334641098,24.04912140002197,1.0,305.0,0.006762087230925279,0.03
1709656680,65396.0,65427.0,65184.0,65380.0,0.3394621,2024-03-05 16:38:00+00:00,65380.0,-65.0,-0.0009936939476180272,185.77209398603125,23.98307420659927,0.0,261.0,0.006727965911639381,0.03
1709656740,65468.0,65468.0,65268.0,65306.0,0.37217575,2024-03-05 16:39:00+00:00,65306.0,-74.0,-0.0011324856206310129,185.81071104482396,23.988059647452058,88.0,112.0,0.006731362539967465,0.03
1709656800,65278.0,65544.0,65232.0,65481.0,1.13029699,2024-03-05 16:40:00+00:00,65481.0,175.0,0.0026761085496166824,186.4221380612347,24.066994535851393,238.0,74.0,0.006692320562154927,0.03
1709656860,65511.0,65511.0,65306.0,65313.0,0.6354015,2024-03-05 16:41:00+00:00,65313.0,-168.0,-0.002568926592830873,187.28148849313274,24.1779361995613,30.0,175.0,0.0066711140760507,0.03
1709656920,65336.0,65461.0,65298.0,65459.0,1.68321582,2024-03-05 16:42:00+00:00,65459.0,146.0,0.0022328948193924623,186.58727831601638,24.08831405106999,148.0,15.0,0.006754474839581222,0.03
1709656980,65379.0,65467.0,65187.0,65208.0,1.42720645,2024-03-05 16:43:00+00:00,65208.0,-251.0,-0.003841831659455456,187.68691925922002,24.23027708639784,8.0,272.0,0.00674346726608598,0.03
1709657040,65209.0,65249.0,65031.0,65031.0,3.48308781,2024-03-05 16:44:00+00:00,65031.0,-177.0,-0.002718081511260123,187.06965000983533,24.150587968964746,41.0,177.0,0.006750675067506751,0.03
1709657100,65079.0,65321.0,65000.0,65321.0,21.73891706,2024-03-05 16:45:00+00:00,65321.0,290.0,0.004449497950967969,187.3272643124921,24.183845832429228,290.0,31.0,0.006742709445412148,0.03
1709657160,65284.0,65359.0,65203.0,65251.0,1.18521758,2024-03-05 16:46:00+00:00,65251.0,-70.0,-0.0010722054760001535,186.8269267663839,24.119252532977253,38.0,118.0,0.006763993010540556,0.03
1709657220,65254.0,65277.0,65058.0,65072.0,0.47021389,2024-03-05 16:47:00+00:00,65072.0,-179.0,-0.0027470225909952684,186.55977064361676,24.084762825833433,26.0,193.0,0.006732873253661,0.03027777777777778
1709657280,65072.0,65164.0,64870.0,64949.0,81.07535603,2024-03-05 16:48:00+00:00,64949.0,-123.0,-0.001892002625601314,186.80889280057988,24.116924358003082,92.0,202.0,0.0066815144766146995,0.03027777777777778
1709657340,64938.0,65152.0,64938.0,65029.0,1.869908,2024-03-05 16:49:00+00:00,65029.0,80.0,0.0012309777054892045,187.4063012585555,24.194049458290515,203.0,11.0,0.0066452541809724226,0.030555555555555555
1709657400,64977.0,65251.0,64977.0,65212.0,3.88628814,2024-03-05 16:50:00+00:00,65212.0,183.0,0.00281017683265127,188.66653989734422,24.356745566966378,222.0,52.0,0.006584000877866784,0.030833333333333334
1709657460,65217.0,65397.0,65186.0,65326.0,2.60202405,2024-03-05 16:51:00+00:00,65326.0,114.0,0.0017466182871106054,188.71899715451454,24.363517769746657,185.0,26.0,0.006579668823335893,0.030833333333333334
1709657520,65372.0,65397.0,65215.0,65318.0,1.30022759,2024-03-05 16:52:00+00:00,65318.0,-8.0,-0.00012247022457975522,187.35349455215393,24.187232141808472,71.0,111.0,0.006582556226001098,0.03111111111111111
1709657580,65323.0,65389.0,65244.0,65381.0,1.50065559,2024-03-05 16:53:00+00:00,65381.0,63.0,0.000964047236463639,187.65986781595203,24.22678476008891,71.0,74.0,0.006572461386789352,0.03138888888888889
1709657640,65297.0,65327.0,65165.0,65291.0,0.76442728,2024-03-05 16:54:00+00:00,65291.0,-90.0,-0.0013774950139462895,187.4421123446543,24.198672649626193,0.0,216.0,0.006529901507318931,0.03111111111111111
1709657700,65268.0,65284.0,65198.0,65271.0,0.1407759,2024-03-05 16:55:00+00:00,65271.0,-20.0,-0.00030636785828085507,187.101836375652,24.154743210924174,0.0,93.0,0.006563833278634723,0.03111111111111111
1709657760,65282.0,65293.0,65226.0,65226.0,0.10993459,2024-03-05 16:56:00+00:00,65226.0,-45.0,-0.0006896710542567695,185.36123230243692,23.930032191327413,22.0,45.0,0.006621785674870323,0.03138888888888889
1709657820,65253.0,65293.0,65215.0,65293.0,0.44777087,2024-03-05 16:57:00+00:00,65293.0,67.0,0.0010266705366287854,184.97887801242194,23.88067046474145,67.0,11.0,0.006670001667500416,0.03138888888888889
1709657880,65293.0,65309.0,65223.0,65270.0,43.77039157,2024-03-05 16:58:00+00:00,65270.0,-23.0,-0.0003523203394210827,184.05626135677315,23.76156116666607,16.0,70.0,0.0066844919786096255,0.03166666666666667
1709657940,65270.0,65464.0,65270.0,65464.0,50.09722311,2024-03-05 16:59:00+00:00,65464.0,194.0,0.0029678605779545897,185.97949282491456,24.009849281566527,194.0,0.0,0.006679654884497634,0.03138888888888889
1709658000,65432.0,65441.0,65199.0,65244.0,2.83697738,2024-03-05 17:00:00+00:00,65244.0,-220.0,-0.003366285273296661,186.1476420284941,24.031557250404582,0.0,265.0,0.006662595080783965,0.03111111111111111
1709658060,65261.0,65304.0,65100.0,65100.0,0.45684695,2024-03-05 17:01:00+00:00,65100.0,-144.0,-0.002209538737260339,183.39606964594944,23.67633078328859,60.0,144.0,0.006699419383653416,0.03111111111111111
1709658120,65100.0,65185.0,65084.0,65128.0,6.32024783,2024-03-05 17:02:00+00:00,65128.0,28.0,0.00043001505715310057,183.0213866358293,23.627959414678518,85.0,16.0,0.006749535969402104,0.03111111111111111
1709658180,65184.0,65184.0,64906.0,64970.0,0.80838948,2024-03-05 17:03:00+00:00,64970.0,-158.0,-0.0024289393792369905,183.60198908367045,23.70291486838705,56.0,222.0,0.006754855052068675,0.03111111111111111
1709658240,65024.0,65034.0,64890.0,64930.0,2.60392693,2024-03-05 17:04:00+00:00,64930.0,-40.0,-0.0006158583720441665,183.20308881515192,23.651417065161386,64.0,80.0,0.006777746399322226,0.03138888888888889
1709658300,64927.0,65112.0,64817.0,65112.0,4.04363703,2024-03-05 17:05:00+00:00,65112.0,182.0,0.002799097504344876,184.07700043839125,23.764238570590155,182.0,113.0,0.006800408024481468,0.03138888888888889
1709658360,65020.0,65028.0,64553.0,64553.0,31.99530591,2024-03-05 17:06:00+00:00,64553.0,-559.0,-0.008622272211736268,192.54621867926573,24.857609944000252,0.0,559.0,0.006762087230925279,0.03111111111111111
1709658420,64553.0,64821.0,64173.0,64271.0,20.36311824,2024-03-05 17:07:00+00:00,64271.0,-282.0,-0.004378073191900408,191.97573704981372,24.783961082327423,268.0,380.0,0.006702038536721586,0.03111111111111111
1709658480,64351.0,64412.0,63967.0,64176.0,51.60558768,2024-03-05 17:08:00+00:00,64176.0,-95.0,-0.0014792095934065626,191.14570639553048,24.676804585631402,141.0,304.0,0.006751054852320675,0.03111111111111111
1709658540,64218.0,64237.0,63798.0,63881.0,11.46255808,2024-03-05 17:09:00+00:00,63881.0,-295.0,-0.0046073314515035855,188.80181520242022,24.374209533756794,61.0,378.0,0.006755615605472049,0.03111111111111111
1709658600,63822.0,63887.0,63348.0,63843.0,103.44433306,2024-03-05 17:10:00+00:00,63843.0,-38.0,-0.0005950330575491607,187.74810252037173,24.23817581144808,6.0,533.0,0.0067076579094466175,0.03111111111111111
1709658660,63815.0,64074.0,63808.0,64032.0,17.82143488,2024-03-05 17:11:00+00:00,64032.0,189.0,0.0029560138826785847,185.55358006097956,23.954864180177946,231.0,35.0,0.006813149378300119,0.03111111111111111
1709658720,64048.0,64379.0,63954.0,64297.0,9.3823717,2024-03-05 17:12:00+00:00,64297.0,265.0,0.004130015455211551,181.83110916421046,23.474295253846996,347.0,78.0,0.0069889341875364,0.03111111111111111
1709658780,64240.0,64295.0,63906.0,64106.0,13.63953387,2024-03-05 17:13:00+00:00,64106.0,-191.0,-0.002975010566317413,176.67394319307488,22.808507989852473,0.0,391.0,0.0070930370020096944,0.030833333333333334
1709658840,64118.0,64166.0,63884.0,64148.0,8.71284124,2024-03-05 17:14:00+00:00,64148.0,42.0,0.0006549503563454197,176.46972099875535,22.782143017934956,60.0,222.0,0.007210671794255498,0.030833333333333334
1709658900,64166.0,64304.0,63938.0,64293.0,11.25408199,2024-03-05 17:15:00+00:00,64293.0,145.0,0.0022578469740861546,176.82230858565143,22.827661879672558,156.0,210.0,0.007322877891011167,0.030833333333333334
1709658960,64234.0,64423.0,64212.0,64380.0,1.70303021,2024-03-05 17:16:00+00:00,64380.0,87.0,0.0013522652500137541,177.2936367042518,22.888510078137177,130.0,81.0,0.00741518877834765,0.030833333333333334
1709659020,64361.0,64418.0,64284.0,64292.0,0.72341124,2024-03-05 17:17:00+00:00,64292.0,-88.0,-0.001367819163767496,176.80396993651118,22.82529437024882,38.0,96.0,0.007492507492507492,0.030833333333333334
1709659080,64299.0,64404.0,64205.0,64323.0,1.32482601,2024-03-05 17:18:00+00:00,64323.0,31.0,0.0004820588671665728,175.93525629270468,22.713143921079293,112.0,87.0,0.007630190118903796,0.03111111111111111
1709659140,64320.0,64368.0,64166.0,64323.0,2.22490507,2024-03-05 17:19:00+00:00,64323.0,0.0,0.0,175.9435290760329,22.714211932814525,45.0,157.0,0.007721014026508814,0.03111111111111111
1709659200,64240.0,64595.0,64239.0,64516.0,1.80653293,2024-03-05 17:20:00+00:00,64516.0,193.0,0.0029959894808748834,175.76995751863203,22.691803941108233,272.0,84.0,0.0077414360363847485,0.03111111111111111
1709659260,64534.0,64733.0,64499.0,64668.0,3.37675121,2024-03-05 17:21:00+00:00,64668.0,152.0,0.0023532336844238897,173.74259810271124,22.43007296595363,217.0,17.0,0.007819627264433728,0.03111111111111111
1709659320,64670.0,64739.0,64566.0,64734.0,12.50532358,2024-03-05 17:22:00+00:00,64734.0,66.0,0.001020077057898165,172.13722272166382,22.222819895446698,71.0,102.0,0.007882808907574066,0.03111111111111111
1709659380,64697.0,64739.0,64513.0,64687.0,5.78177561,2024-03-05 17:23:00+00:00,64687.0,-47.0,-0.0007263118360414016,167.68690221702246,21.648285988787986,5.0,221.0,0.007920792079207921,0.03111111111111111
1709659440,64695.0,64695.0,64564.0,64612.0,1.250756,2024-03-05 17:24:00+00:00,64612.0,-75.0,-0.0011601019097050409,167.2127936540202,21.587078836494584,8.0,123.0,0.008026218982007892,0.03111111111111111
1709659500,64657.0,64694.0,64500.0,64591.0,0.51610974,2024-03-05 17:25:00+00:00,64591.0,-21.0,-0.0003250698541818051,166.87775812909314,21.54382593621357,82.0,112.0,0.008073196986006458,0.03111111111111111
1709659560,64591.0,64623.0,64395.0,64454.0,3.37527373,2024-03-05 17:26:00+00:00,64454.0,-137.0,-0.0021232911227943734,165.5466206716985,21.37197682941349,32.0,196.0,0.008113590263691683,0.03111111111111111
1709659620,64443.0,64649.0,64441.0,64559.0,1.6114396,2024-03-05 17:27:00+00:00,64559.0,105.0,0.0016277433000324653,164.9681701878919,21.297299193067207,195.0,13.0,0.008104822369309738,0.03111111111111111
1709659680,64499.0,64627.0,64499.0,64571.0,2.56647312,2024-03-05 17:28:00+00:00,64571.0,12.0,0.00018585921218226234,163.800022764428,21.146492009167513,68.0,60.0,0.008167154427278295,0.03111111111111111
1709659740,64548.0,64564.0,64295.0,64412.0,0.96882609,2024-03-05 17:29:00+00:00,64412.0,-159.0,-0.002465442431000571,163.59534271547008,21.12006792847035,0.0,276.0,0.008113590263691683,0.030833333333333334
1709659800,64410.0,64522.0,64347.0,64387.0,2.33257234,2024-03-05 17:30:00+00:00,64387.0,-25.0,-0.00038820177662804174,163.28891590214323,21.08050839697547,110.0,65.0,0.00812402680928847,0.030833333333333334
1709659860,64360.0,64371.0,64242.0,64252.0,1.40276023,2024-03-05 17:31:00+00:00,64252.0,-135.0,-0.002098897683601801,163.619887281847,21.123236618364274,0.0,145.0,0.008098258874342016,0.030555555555555555
1709659920,64246.0,64414.0,64242.0,64414.0,0.54063394,2024-03-05 17:32:00+00:00,64414.0,162.0,0.002518149093070453,160.5059892928301,20.72123411658923,162.0,10.0,0.00819000819000819,0.030555555555555555
1709659980,64432.0,64450.0,64281.0,64345.0,9.0604543,2024-03-05 17:33:00+00:00,64345.0,-69.0,-0.001071769842962019,158.80356340905092,20.501451880054923,36.0,133.0,0.008214676889375685,0.030555555555555555
1709660040,64287.0,64317.0,64232.0,64305.0,1.01925184,2024-03-05 17:34:00+00:00,64305.0,-40.0,-0.0006218422275780236,156.77474844952698,20.23953299502917,0.0,113.0,0.008303923603902844,0.030555555555555555
1709660100,64293.0,64598.0,64197.0,64538.0,3.43894813,2024-03-05 17:35:00+00:00,64538.0,233.0,0.0036168088913688104,159.40150776566114,20.57864616455859,293.0,108.0,0.008174386920980927,0.030555555555555555
1709660160,64492.0,64732.0,64427.0,64707.0,0.34216774,2024-03-05 17:36:00+00:00,64707.0,169.0,0.0026151896989277676,159.24213166488062,20.558070798421713,194.0,111.0,0.008151066431191414,0.030555555555555555
1709660220,64663.0,64705.0,64580.0,64648.0,9.24776731,2024-03-05 17:37:00+00:00,64648.0,-59.0,-0.0009122183772002105,158.72704335993078,20.491573184191815,0.0,127.0,0.008251392422471292,0.03027777777777778
1709660280,64739.0,64739.0,64658.0,64739.0,75.40130702,2024-03-05 17:38:00+00:00,64739.0,91.0,0.0014066330466664004,159.1426704187869,20.54523040676458,91.0,0.0,0.008348987685243165,0.03027777777777778
1709660340,64738.0,64887.0,64738.0,64885.0,62.77945351,2024-03-05 17:39:00+00:00,64885.0,146.0,0.0022526702113811,160.19008747202125,20.680451366888256,148.0,1.0,0.008378718056137411,0.03027777777777778
1709660400,64858.0,64926.0,64791.0,64855.0,1.44399604,2024-03-05 17:40:00+00:00,64855.0,-30.0,-0.000462463396557464,158.4184938984069,20.451739619993038,41.0,94.0,0.008483563096500531,0.03027777777777778
1709660460,64841.0,64965.0,64779.0,64965.0,0.95437958,2024-03-05 17:41:00+00:00,64965.0,110.0,0.0016946545420631761,157.7961353740423,20.37139347998523,110.0,76.0,0.008494973807164094,0.03027777777777778
1709660520,64943.0,64997.0,64879.0,64979.0,1.20753269,2024-03-05 17:42:00+00:00,64979.0,14.0,0.00021547743726786655,156.55918900216932,20.211704390038037,32.0,86.0,0.008522122008380087,0.03027777777777778
1709660580,64977.0,64989.0,64843.0,64899.0,0.43488634,2024-03-05 17:43:00+00:00,64899.0,-80.0,-0.0012319255011256594,153.5889103738631,19.828243068003843,10.0,136.0,0.008604000860400087,0.03027777777777778
1709660640,64916.0,64988.0,64863.0,64988.0,1.55328541,2024-03-05 17:44:00+00:00,64988.0,89.0,0.0013704221966620498,152.3786643353747,19.672000976274543,89.0,36.0,0.0086617583369424,0.03027777777777778
1709660700,64997.0,64997.0,64902.0,64975.0,1.21837624,2024-03-05 17:45:00+00:00,64975.0,-13.0,-0.00020005693994999219,147.52424295649524,19.045297871078763,9.0,86.0,0.008805400645729381,0.03027777777777778
1709660760,64956.0,65073.0,64875.0,65062.0,0.44732791,2024-03-05 17:46:00+00:00,65062.0,87.0,0.0013380808997569007,147.75779826849265,19.075449732204902,98.0,100.0,0.008778346744696415,0.03027777777777778
1709660820,65067.0,65121.0,64914.0,65096.0,0.92047458,2024-03-05 17:47:00+00:00,65096.0,34.0,0.0005224419670454178,146.00965837568103,18.849765842481563,59.0,148.0,0.008786059452335628,0.03027777777777778
1709660880,65096.0,65180.0,65082.0,65155.0,7.30027011,2024-03-05 17:48:00+00:00,65155.0,59.0,0.0009059432025130896,145.29133405476207,18.757030571411732,84.0,14.0,0.008913980092111128,0.03027777777777778
1709660940,65183.0,65183.0,65062.0,65117.0,3.75464279,2024-03-05 17:49:00+00:00,65117.0,-38.0,-0.0005833947598528606,145.03576025040329,18.724036135144786,28.0,93.0,0.008975989228812925,0.03027777777777778
1709661000,65128.0,65184.0,65078.0,65182.0,6.42018392,2024-03-05 17:50:00+00:00,65182.0,65.0,0.0009977053606218516,143.32238166017822,18.50283991028845,67.0,39.0,0.009090220437845617,0.03027777777777778
1709661060,65141.0,65232.0,65141.0,65185.0,28.88081177,2024-03-05 17:51:00+00:00,65185.0,3.0,4.602391710369473e-05,142.5335910453084,18.401007479787268,50.0,41.0,0.009173610580230869,0.03027777777777778
1709661120,65204.0,65254.0,65186.0,65209.0,0.917717,2024-03-05 17:52:00+00:00,65209.0,24.0,0.00036811510147742913,142.57195526953595,18.405960279838048,69.0,0.0,0.009253547193090685,0.03
1709661180,65262.0,65362.0,65262.0,65341.0,0.78852776,2024-03-05 17:53:00+00:00,65341.0,132.0,0.002022214400350275,143.3796272631657,18.510230285855588,153.0,0.0,0.009247842170160295,0.029722222222222223
1709661240,65342.0,65342.0,65200.0,65200.0,1.31950418,2024-03-05 17:54:00+00:00,65200.0,-141.0,-0.0021602416839623167,144.06772085408457,18.599062786464284,1.0,141.0,0.009300883583940475,0.03
1709661300,65200.0,65288.0,65106.0,65271.0,2.55399268,2024-03-05 17:55:00+00:00,65271.0,71.0,0.0010883645715679382,144.34856589026543,18.635319724730735,88.0,94.0,0.009237164190593488,0.03027777777777778
1709661360,65286.0,65286.0,65170.0,65170.0,0.24658741,2024-03-05 17:56:00+00:00,65170.0,-101.0,-0.0015485931598860977,144.8247177454751,18.696790664913827,15.0,101.0,0.00920245398773006,0.03027777777777778
1709661420,65156.0,65623.0,65133.0,65622.0,47.90833793,2024-03-05 17:57:00+00:00,65622.0,452.0,0.006911765236854799,155.9846245863504,20.1375284429117,453.0,37.0,0.008920606601248885,0.03027777777777778
1709661480,65622.0,65622.0,65498.0,65555.0,0.81182934,2024-03-05 17:58:00+00:00,65555.0,-67.0,-0.0010215206297786083,156.22404869235257,20.168437962085935,0.0,124.0,0.008895478131949592,0.03
1709661540,65538.0,65623.0,65501.0,65603.0,2.60147275,2024-03-05 17:59:00+00:00,65603.0,48.0,0.0007319416603327213,154.35217179506463,19.92677969377438,68.0,54.0,0.008943210612609928,0.03027777777777778
1709661600,65568.0,65593.0,65324.0,65385.0,1.35920227,2024-03-05 18:00:00+00:00,65385.0,-218.0,-0.003328552253232187,154.30355565616637,19.92050337723072,0.0,279.0,0.008933889219773675,0.03027777777777778
1709661660,65364.0,65403.0,65309.0,65362.0,1.0995232,2024-03-05 18:01:00+00:00,65362.0,-23.0,-0.00035182451967913814,153.14477106305276,19.770904929531696,18.0,76.0,0.009007656508031828,0.03027777777777778
1709661720,65362.0,65362.0,65272.0,65274.0,1.09103846,2024-03-05 18:02:00+00:00,65274.0,-88.0,-0.0013472551717858363,153.57296798973178,19.82618491506253,0.0,90.0,0.00901510029299076,0.03
1709661780,65301.0,65306.0,65253.0,65284.0,0.54244025,2024-03-05 18:03:00+00:00,65284.0,10.0,0.0001531886214487316,152.12298399613073,19.638992786413056,32.0,21.0,0.009170105456212746,0.03
1709661840,65279.0,65303.0,65221.0,65258.0,0.12082318,2024-03-05 18:04:00+00:00,65258.0,-26.0,-0.00039833923708524493,152.0631522094917,19.631268535972165,19.0,63.0,0.009213759213759214,0.03
1709661900,65239.0,65267.0,65108.0,65256.0,1.55327203,2024-03-05 18:05:00+00:00,65256.0,-2.0,-3.0648053084851404e-05,150.28765638274152,19.402053010363357,9.0,150.0,0.009310986964618248,0.03
1709661960,65233.0,65263.0,65117.0,65135.0,2.25517442,2024-03-05 18:06:00+00:00,65135.0,-121.0,-0.0018559568487519211,132.0924560645027,17.053062749915128,7.0,139.0,0.009619238476953909,0.03027777777777778
1709662020,65120.0,65223.0,65120.0,65197.0,0.24110989,2024-03-05 18:07:00+00:00,65197.0,62.0,0.000951416454544335,126.56683993744745,16.339708775327793,88.0,15.0,0.010058675607711651,0.03027777777777778
1709662080,65227.0,65302.0,65227.0,65234.0,0.54554786,2024-03-05 18:08:00+00:00,65234.0,37.0,0.0005673498016955511,125.75938374081709,16.23546662858308,105.0,0.0,0.010353753235547887,0.03
1709662140,65235.0,65286.0,65176.0,65184.0,0.1626809,2024-03-05 18:09:00+00:00,65184.0,-50.0,-0.0007667653613719152,119.24509607465265,15.394475707134438,52.0,58.0,0.010656247224935618,0.03
1709662200,65157.0,65204.0,65047.0,65115.0,0.76526432,2024-03-05 18:10:00+00:00,65115.0,-69.0,-0.0010591026247287433,119.57492509662902,15.437056450774783,20.0,137.0,0.01103042559058737,0.03
1709662260,65128.0,65224.0,65046.0,65141.0,1.84497606,2024-03-05 18:11:00+00:00,65141.0,26.0,0.0003992138610936807,117.53217975021221,15.173339160534281,109.0,69.0,0.011120378092855158,0.03
1709662320,65141.0,65194.0,65139.0,65157.0,0.69619304,2024-03-05 18:12:00+00:00,65157.0,16.0,0.0002455908775334549,112.98847498849616,14.586749398127296,53.0,2.0,0.011515209672776125,0.03
1709662380,65156.0,65170.0,65083.0,65098.0,0.81083886,2024-03-05 18:13:00+00:00,65098.0,-59.0,-0.0009059153819051171,110.17266366576182,14.223229719493549,13.0,74.0,0.011861223682909953,0.03027777777777778
1709662440,65097.0,65188.0,65097.0,65143.0,0.96545542,2024-03-05 18:14:00+00:00,65143.0,45.0,0.0006910266627359118,110.18509722152787,14.224834884640751,90.0,1.0,0.012089462018940157,0.03027777777777778
1709662500,65169.0,65223.0,65120.0,65222.0,1.63050981,2024-03-05 18:15:00+00:00,65222.0,79.0,0.0012119818919227115,109.20645843983672,14.098493161192668,80.0,23.0,0.012418503570319775,0.03027777777777778
1709662560,65223.0,65247.0,65117.0,65117.0,4.11605333,2024-03-05 18:16:00+00:00,65117.0,-105.0,-0.0016111834940306183,109.88624189675487,14.186252828115043,25.0,105.0,0.012523481527864748,0.03027777777777778
1709662620,65127.0,65163.0,65062.0,65079.0,5.11375257,2024-03-05 18:17:00+00:00,65079.0,-38.0,-0.0005837353079822628,109.3008740744847,14.110682167213108,46.0,55.0,0.012566760917373547,0.03027777777777778
1709662680,65075.0,65088.0,64914.0,64916.0,4.128051,2024-03-05 18:18:00+00:00,64916.0,-163.0,-0.0025077900753986636,111.60798399037371,14.408528776616713,9.0,165.0,0.0125997480050399,0.03027777777777778
1709662740,64942.0,64942.0,64852.0,64916.0,2.2086577,2024-03-05 18:19:00+00:00,64916.0,0.0,0.0,111.60798399037371,14.408528776616713,26.0,64.0,0.01274968125796855,0.03027777777777778
1709662800,64923.0,64936.0,64744.0,64772.0,7.21615795,2024-03-05 18:20:00+00:00,64772.0,-144.0,-0.0022207152424112172,110.7126172385932,14.292937426003586,20.0,172.0,0.012975778546712804,0.03027777777777778
1709662860,64762.0,64811.0,64682.0,64773.0,5.5423196,2024-03-05 18:21:00+00:00,64773.0,1.0,1.543865066220212e-05,109.00048592645551,14.071902224055936,39.0,90.0,0.013124794925079297,0.03027777777777778
1709662920,64772.0,64815.0,64772.0,64804.0,14.25959708,2024-03-05 18:22:00+00:00,64804.0,31.0,0.00047847998628517107,108.7441666725658,14.038811550668365,42.0,1.0,0.013314101852879174,0.03027777777777778
1709662980,64802.0,64848.0,64752.0,64771.0,0.03746962,2024-03-05 18:23:00+00:00,64771.0,-33.0,-0.0005093575259652078,108.6540459205974,14.027177011617654,44.0,52.0,0.013508949679162444,0.03027777777777778
1709663040,64770.0,64828.0,64751.0,64751.0,11.70957977,2024-03-05 18:24:00+00:00,64751.0,-20.0,-0.000308827846372966,108.22974491153462,13.97239998688835,57.0,20.0,0.013591573224600747,0.03027777777777778
1709663100,64771.0,64771.0,64613.0,64663.0,0.58754426,2024-03-05 18:25:00+00:00,64663.0,-88.0,-0.0013599767191071826,108.81843064232118,14.048398987937892,20.0,138.0,0.013647219379051518,0.03027777777777778
1709663160,64664.0,64714.0,64505.0,64662.0,8.46458663,2024-03-05 18:26:00+00:00,64662.0,-1.0,-1.546491397668012e-05,107.29674780903434,13.851950578886905,51.0,158.0,0.01367677228174151,0.03027777777777778
1709663220,64675.0,64744.0,64644.0,64672.0,1.70498578,2024-03-05 18:27:00+00:00,64672.0,10.0,0.0001546383784607621,106.47082701683948,13.745324663105,82.0,18.0,0.01384721901684745,0.03027777777777778
1709663280,64657.0,64722.0,64615.0,64615.0,6.55074819,2024-03-05 18:28:00+00:00,64615.0,-57.0,-0.0008817592440558132,106.73202093929146,13.779044653497904,50.0,57.0,0.013880855986119144,0.03027777777777778
1709663340,64580.0,64663.0,64577.0,64607.0,13.69796108,2024-03-05 18:29:00+00:00,64607.0,-8.0,-0.00012381792589837148,104.66194571741904,13.511799091507621,48.0,38.0,0.014192785334121822,0.030555555555555555
1709663400,64607.0,64664.0,64510.0,64664.0,10.50897391,2024-03-05 18:30:00+00:00,64664.0,57.0,0.000881868380286899,104.82205934007318,13.532469671308968,57.0,97.0,0.014228124258951862,0.030555555555555555
1709663460,64651.0,64651.0,64473.0,64542.0,4.03548832,2024-03-05 18:31:00+00:00,64542.0,-122.0,-0.0018884577536198712,104.54164147486838,13.496267880578394,0.0,191.0,0.014150943396226414,0.030555555555555555
1709663520,64559.0,64631.0,64516.0,64531.0,4.05180248,2024-03-05 18:32:00+00:00,64531.0,-11.0,-0.0001704461820307784,102.49918147668237,13.232587428636085,89.0,26.0,0.014246705449364835,0.030555555555555555
1709663580,64568.0,64632.0,64516.0,64632.0,0.30249524,2024-03-05 18:33:00+00:00,64632.0,101.0,0.0015639156815147857,102.85370417868708,13.278356112659976,101.0,15.0,0.014336917562724014,0.030555555555555555
1709663640,64632.0,64745.0,64632.0,64726.0,0.05964721,2024-03-05 18:34:00+00:00,64726.0,94.0,0.0014533313215316901,103.31857786029327,13.338371046891673,113.0,0.0,0.014336917562724014,0.030555555555555555
1709663700,64729.0,64813.0,64722.0,64766.0,2.93371879,2024-03-05 18:35:00+00:00,64766.0,40.0,0.0006177988025863112,99.08116857456683,12.791323860402233,87.0,4.0,0.014888337468982629,0.030555555555555555
1709663760,64741.0,64741.0,64618.0,64634.0,0.23647968,2024-03-05 18:36:00+00:00,64634.0,-132.0,-0.002040186179071945,98.19111279931803,12.676418153911088,0.0,148.0,0.015184107301024928,0.03027777777777778
1709663820,64631.0,64686.0,64609.0,64662.0,0.09795749,2024-03-05 18:37:00+00:00,64662.0,28.0,0.00043311472029605383,97.96546722371929,12.647287435363111,52.0,25.0,0.0152807844135999,0.030555555555555555
1709663880,64640.0,64648.0,64562.0,64562.0,4.74893618,2024-03-05 18:38:00+00:00,64562.0,-100.0,-0.0015477004265689682,98.06922926593026,12.660683057411497,0.0,100.0,0.015263291783261256,0.030555555555555555
1709663940,64600.0,64615.0,64563.0,64563.0,5.73380402,2024-03-05 18:39:00+00:00,64563.0,1.0,1.5488867376933368e-05,96.10339888285007,12.406895446240226,53.0,0.0,0.01545197012619109,0.03027777777777778
1709664000,64560.0,64593.0,64510.0,64574.0,0.52414082,2024-03-05 18:40:00+00:00,64574.0,11.0,0.00017036170929482508,96.07103510065231,12.402717299924486,30.0,53.0,0.0155561317085818,0.03027777777777778
1709664060,64561.0,64582.0,64522.0,64540.0,0.76477547,2024-03-05 18:41:00+00:00,64540.0,-34.0,-0.0005266663690366725,94.94963726007194,12.257945461223128,8.0,52.0,0.0158144438587243,0.03027777777777778
1709664120,64589.0,64710.0,64589.0,64681.0,1.08834156,2024-03-05 18:42:00+00:00,64681.0,141.0,0.0021823086953208296,96.82466534519534,12.500010546134932,170.0,0.0,0.015706806282722512,0.03
1709664180,64628.0,64642.0,64499.0,64549.0,3.18275423,2024-03-05 18:43:00+00:00,64549.0,-132.0,-0.002042870013255347,97.73609687709242,12.617675850943122,0.0,182.0,0.01563314226159458,0.029722222222222223
1709664240,64491.0,64546.0,64480.0,64546.0,0.91742775,2024-03-05 18:44:00+00:00,64546.0,-3.0,-4.647740037248759e-05,96.94152818583832,12.515097473988291,0.0,69.0,0.015748031496062992,0.029444444444444443
1709664300,64526.0,64585.0,64497.0,64561.0,0.11641088,2024-03-05 18:45:00+00:00,64561.0,15.0,0.00023236540338624956,96.98133666338583,12.520236726340936,39.0,49.0,0.015762511493497965,0.029444444444444443
1709664360,64542.0,64542.0,64350.0,64369.0,1.50469196,2024-03-05 18:46:00+00:00,64369.0,-192.0,-0.0029783625522418907,99.06895817851476,12.789747505050224,0.0,211.0,0.015735641227380016,0.029166666666666667
1709664420,64357.0,64454.0,64345.0,64454.0,0.23982483,2024-03-05 18:47:00+00:00,64454.0,85.0,0.0013196403178823211,99.68327809719855,12.869055865527084,85.0,24.0,0.015940488841657812,0.029166666666666667
1709664480,64485.0,64485.0,64077.0,64129.0,2.66818674,2024-03-05 18:48:00+00:00,64129.0,-325.0,-0.0050551113613975605,107.1777709054971,13.836590726687469,31.0,377.0,0.015310028068384792,0.029166666666666667
1709664540,64230.0,64342.0,64153.0,64292.0,0.26369175,2024-03-05 18:49:00+00:00,64292.0,163.0,0.0025385269937567116,109.62673572829172,14.15275072582518,213.0,0.0,0.015132408575031528,0.028888888888888888
1709664600,64335.0,64335.0,64112.0,64134.0,0.90029359,2024-03-05 18:50:00+00:00,64134.0,-158.0,-0.002460562187030928,110.68668051277844,14.289589009099064,43.0,180.0,0.014912389710451099,0.028888888888888888
1709664660,64126.0,64126.0,63770.0,63869.0,0.42103828,2024-03-05 18:51:00+00:00,63869.0,-265.0,-0.004140533871815803,115.16368110792446,14.867567300631105,0.0,364.0,0.014423076923076924,0.02861111111111111
1709664720,63869.0,64016.0,63807.0,63946.0,3.87819226,2024-03-05 18:52:00+00:00,63946.0,77.0,0.0012048665542399727,115.72387137829297,14.93988755355926,147.0,62.0,0.014184397163120567,0.028888888888888888
1709664780,64019.0,64031.0,63822.0,63827.0,0.85196389,2024-03-05 18:53:00+00:00,63827.0,-119.0,-0.0018626788821830993,114.62900610032374,14.798541053962074,85.0,124.0,0.014091122592766557,0.029166666666666667
1709664840,63814.0,63947.0,63723.0,63768.0,2.83074913,2024-03-05 18:54:00+00:00,63768.0,-59.0,-0.0009248011944827245,113.71052552784744,14.679965721928214,120.0,104.0,0.013956734124214932,0.029166666666666667
1709664900,63734.0,63985.0,63734.0,63964.0,1.49090568,2024-03-05 18:55:00+00:00,63964.0,196.0,0.0030689279715735633,116.58678177055859,15.051288806176395,217.0,34.0,0.013845621322256838,0.029166666666666667
1709664960,63972.0,64009.0,63934.0,64009.0,0.71942014,2024-03-05 18:56:00+00:00,64009.0,45.0,0.0007032733757078278,116.42890097845499,15.030906483559619,45.0,30.0,0.013911430558775794,0.029166666666666667
1709665020,64026.0,64131.0,63869.0,64091.0,3.29450702,2024-03-05 18:57:00+00:00,64091.0,82.0,0.0012802499797050636,99.62684473619763,12.861770349949515,122.0,140.0,0.01428911645629912,0.029166666666666667
1709665080,64096.0,64160.0,64084.0,64140.0,0.28778984,2024-03-05 18:58:00+00:00,64140.0,49.0,0.0007642458124004838,99.93324749452653,12.901326775957509,69.0,7.0,0.014371257485029942,0.029444444444444443
1709665140,64132.0,64132.0,63987.0,64022.0,0.83642143,2024-03-05 18:59:00+00:00,64022.0,-118.0,-0.0018414199738321306,100.21533172057276,12.937743692947672,0.0,153.0,0.014318100465338265,0.029166666666666667
1709665200,64021.0,64113.0,64008.0,64112.0,0.38270167,2024-03-05 19:00:00+00:00,64112.0,90.0,0.0014047796026120574,98.09802977801192,12.664401187533313,91.0,14.0,0.014621664432801268,0.029444444444444443
1709665260,64085.0,64230.0,64047.0,64128.0,8.59701301,2024-03-05 19:01:00+00:00,64128.0,16.0,0.0002495321285562745,98.21515066021674,12.67952142840906,118.0,65.0,0.014464802314368369,0.029444444444444443
1709665320,64131.0,64246.0,64112.0,64246.0,1.4345714,2024-03-05 19:02:00+00:00,64246.0,118.0,0.0018383790056101152,99.4112271848382,12.833934243764011,118.0,16.0,0.014388489208633094,0.029722222222222223
1709665380,64247.0,64276.0,64205.0,64240.0,1.8499031,2024-03-05 19:03:00+00:00,64240.0,-6.0,-9.339538944885738e-05,99.3586552489585,12.827147236026013,30.0,41.0,0.014357501794687724,0.029722222222222223
1709665440,64235.0,64266.0,64154.0,64239.0,2.36931234,2024-03-05 19:04:00+00:00,64239.0,-1.0,-1.5566746316838617e-05,99.37439762813575,12.829179568438786,26.0,86.0,0.014306151645207437,0.029722222222222223
1709665500,64179.0,64179.0,64126.0,64152.0,0.30136076,2024-03-05 19:05:00+00:00,64152.0,-87.0,-0.0013552353874618252,99.76229374987987,12.879256742424568,0.0,113.0,0.014385039558858788,0.029444444444444443
1709665560,64117.0,64136.0,64031.0,64040.0,0.65736779,2024-03-05 19:06:00+00:00,64040.0,-112.0,-0.0017473793762135866,99.61206533006967,12.859862336822834,0.0,121.0,0.01442827942767825,0.029166666666666667
1709665620,64039.0,64057.0,63877.0,63924.0,1.81964389,2024-03-05 19:07:00+00:00,63924.0,-116.0,-0.001813010405651483,99.83190816069622,12.888243924216159,17.0,163.0,0.014295925661186561,0.029166666666666667
1709665680,63925.0,63994.0,63846.0,63846.0,0.50205192,2024-03-05 19:08:00+00:00,63846.0,-78.0,-0.001220944035212919,99.79919952579145,12.88402125760738,70.0,78.0,0.014223065070522697,0.029444444444444443
1709665740,63818.0,63863.0,63575.0,63585.0,0.78417711,2024-03-05 19:09:00+00:00,63585.0,-261.0,-0.004096340214939338,104.37462270306327,13.474705849854885,17.0,271.0,0.013929193267556586,0.029444444444444443
1709665800,63605.0,63696.0,63336.0,63336.0,2.89269635,2024-03-05 19:10:00+00:00,63336.0,-249.0,-0.003923705603577459,108.13171895455943,13.959744890259651,111.0,249.0,0.013608528010886823,0.029444444444444443
1709665860,63386.0,63607.0,63303.0,63607.0,110.76203609,2024-03-05 19:11:00+00:00,63607.0,271.0,0.00426963931354976,114.69552422320668,14.807128506700293,271.0,33.0,0.013416815742397139,0.029444444444444443
1709665920,63625.0,63690.0,63505.0,63690.0,0.96515897,2024-03-05 19:12:00+00:00,63690.0,83.0,0.0013040372005921046,115.43086932541212,14.902061151185523,83.0,102.0,0.013224597751818383,0.029444444444444443
1709665980,63692.0,63692.0,63477.0,63631.0,4.82465991,2024-03-05 19:13:00+00:00,63631.0,-59.0,-0.0009267914047663865,115.43086932541212,14.902061151185523,2.0,213.0,0.013040643338404694,0.029444444444444443
1709666040,63615.0,63615.0,63396.0,63412.0,3.97196331,2024-03-05 19:14:00+00:00,63412.0,-219.0,-0.0034476549975266148,117.74704645617474,15.201078332995861,0.0,235.0,0.012839717526214421,0.029166666666666667
1709666100,63395.0,63450.0,63303.0,63338.0,18.98090697,2024-03-05 19:15:00+00:00,63338.0,-74.0,-0.0011676529926267147,117.02631892883724,15.10803280931148,38.0,109.0,0.012779552715654952,0.029166666666666667
1709666160,63349.0,63438.0,63303.0,63323.0,18.33255658,2024-03-05 19:16:00+00:00,63323.0,-15.0,-0.00023685270241230146,116.64311788165033,15.058561766844676,100.0,35.0,0.012772751463544438,0.029166666666666667
1709666220,63328.0,63338.0,62694.0,62830.0,46.87905225,2024-03-05 19:17:00+00:00,62830.0,-493.0,-0.007815945871086648,131.07618326457737,16.92186249560465,15.0,629.0,0.012074864157778226,0.029166666666666667
1709666280,62868.0,63102.0,62589.0,62624.0,8.20194852,2024-03-05 19:18:00+00:00,62624.0,-206.0,-0.0032840752011898846,131.88911624182973,17.026811691687357,272.0,241.0,0.011676559307190814,0.029166666666666667
1709666340,62624.0,62950.0,62383.0,62950.0,16.90081157,2024-03-05 19:19:00+00:00,62950.0,326.0,0.005192169276690406,139.95766510841378,18.068456871298714,326.0,241.0,0.011158638646085179,0.029166666666666667
1709666400,62890.0,63162.0,62890.0,63101.0,1.87857844,2024-03-05 19:20:00+00:00,63101.0,151.0,0.0023958567917740426,141.16030375403784,18.223716852832293,212.0,60.0,0.011076241462063874,0.029166666666666667
1709666460,63067.0,63198.0,63023.0,63075.0,5.22494671,2024-03-05 19:21:00+00:00,63075.0,-26.0,-0.0004121227550088968,141.1098021796731,18.217197127616565,97.0,78.0,0.011029411764705881,0.029166666666666667
1709666520,63080.0,63255.0,63027.0,63238.0,3.68652604,2024-03-05 19:22:00+00:00,63238.0,163.0,0.002580891760604221,143.06543483339303,18.469668217588456,180.0,48.0,0.010845006778129237,0.029166666666666667
1709666580,63228.0,63228.0,62852.0,62985.0,3.06721003,2024-03-05 19:23:00+00:00,62985.0,-253.0,-0.00400878348345942,146.03370480082035,18.852870222618243,0.0,386.0,0.010568031704095112,0.028888888888888888
1709666640,62986.0,62986.0,62831.0,62848.0,3.86283138,2024-03-05 19:24:00+00:00,62848.0,-137.0,-0.0021774900722655605,146.68080087261862,18.936409966267274,1.0,154.0,0.010495932826029912,0.028888888888888888
1709666700,62917.0,63110.0,62845.0,63110.0,2.7536529,2024-03-05 19:25:00+00:00,63110.0,262.0,0.00416012286414741,151.29162451939482,19.53166473947606,262.0,3.0,0.010398613518197573,0.028888888888888888
1709666760,63106.0,63163.0,63055.0,63143.0,3.20372098,2024-03-05 19:26:00+00:00,63143.0,33.0,0.000522759867116247,151.4499964094731,19.552110462568745,53.0,55.0,0.01049042748492001,0.028888888888888888
1709666820,63160.0,63218.0,63131.0,63206.0,5.47824457,2024-03-05 19:27:00+00:00,63206.0,63.0,0.000997237892203945,151.81359741993452,19.599051151174788,75.0,12.0,0.010502363031682128,0.028888888888888888
1709666880,63170.0,63285.0,63134.0,63253.0,52.07205832,2024-03-05 19:28:00+00:00,63253.0,47.0,0.0007433239573945781,152.02902265295793,19.626862429169872,79.0,72.0,0.010462074978204011,0.028888888888888888
1709666940,63251.0,63259.0,63152.0,63248.0,4.47554034,2024-03-05 19:29:00+00:00,63248.0,-5.0,-7.905075853315015e-05,152.03443242919622,19.627560828279126,6.0,101.0,0.01044295535636585,0.028888888888888888
1709667000,63244.0,63262.0,63209.0,63209.0,30.68641638,2024-03-05 19:30:00+00:00,63209.0,-39.0,-0.0006168104768653635,151.68674511659822,19.582674589233136,14.0,39.0,0.010535557506584723,0.028888888888888888
1709667060,63210.0,63367.0,63209.0,63354.0,36.59681162,2024-03-05 19:31:00+00:00,63354.0,145.0,0.002291349974967934,152.68365434808265,19.711375017607125,158.0,0.0,0.010566170643655896,0.028888888888888888
1709667120,63353.0,63353.0,62999.0,63042.0,18.06579601,2024-03-05 19:32:00+00:00,63042.0,-312.0,-0.004936875117739109,157.26577867178534,20.302924724138872,0.0,355.0,0.010347503664740881,0.02861111111111111
1709667180,63028.0,63028.0,62792.0,62969.0,5.5677963,2024-03-05 19:33:00+00:00,62969.0,-73.0,-0.0011586291381926984,156.5088497705392,20.205205623179225,0.0,250.0,0.010229306964453158,0.028333333333333332
1709667240,62982.0,62999.0,62762.0,62762.0,1.94639329,2024-03-05 19:34:00+00:00,62762.0,-207.0,-0.003292747007939476,157.36300112889884,20.315476089381473,30.0,207.0,0.010122311261071278,0.02861111111111111
1709667300,62749.0,62812.0,62323.0,62427.0,16.24595818,2024-03-05 19:35:00+00:00,62427.0,-335.0,-0.0053519206898088425,161.80941830779622,20.889506078853476,50.0,439.0,0.009793519954296908,0.02861111111111111
1709667360,62363.0,62399.0,61852.0,61955.0,96.55646386,2024-03-05 19:36:00+00:00,61955.0,-472.0,-0.007589559030296001,170.8245035612549,22.05334858056299,0.0,575.0,0.00946372239747634,0.02861111111111111
1709667420,62114.0,62350.0,61868.0,61950.0,6.10004138,2024-03-05 19:37:00+00:00,61950.0,-5.0,-8.070699330474673e-05,170.63965402398048,22.029484607915727,395.0,87.0,0.009170806266717615,0.02861111111111111
1709667480,61946.0,61975.0,61565.0,61869.0,15.95996855,2024-03-05 19:38:00+00:00,61869.0,-81.0,-0.001308361585131831,170.55384275013034,22.01840642009778,25.0,385.0,0.008958566629339306,0.028888888888888888
1709667540,61889.0,62139.0,61646.0,61805.0,25.21944131,2024-03-05 19:39:00+00:00,61805.0,-64.0,-0.0010349791502331888,170.4638702876547,22.006791025138263,270.0,223.0,0.008673653776653415,0.029166666666666667
1709667600,61803.0,62309.0,61758.0,62265.0,18.83989678,2024-03-05 19:40:00+00:00,62265.0,460.0,0.0074152028333254166,182.44177075854682,23.553131326681438,504.0,47.0,0.008389848283576872,0.029166666666666667
1709667660,62328.0,62429.0,62193.0,62284.0,10.76474416,2024-03-05 19:41:00+00:00,62284.0,19.0,0.00030510080606642947,182.5920896053296,23.572537406355128,164.0,72.0,0.008287865184059672,0.029166666666666667
1709667720,62270.0,62392.0,62174.0,62388.0,7.10197321,2024-03-05 19:42:00+00:00,62388.0,104.0,0.0016683782104008182,182.04032815133672,23.501305308942012,108.0,110.0,0.008260480484614854,0.029444444444444443
1709667780,62385.0,62505.0,62226.0,62305.0,3.45477962,2024-03-05 19:43:00+00:00,62305.0,-83.0,-0.001331269794748129,181.7221011156825,23.460222375295285,117.0,162.0,0.008205689277899345,0.029722222222222223
1709667840,62261.0,62416.0,62261.0,62308.0,2.72857353,2024-03-05 19:44:00+00:00,62308.0,3.0,4.8149069528464437e-05,181.74300163711348,23.462920621009594,111.0,44.0,0.008157715839564922,0.03
1709667900,62305.0,62373.0,61927.0,62053.0,4.32500695,2024-03-05 19:45:00+00:00,62053.0,-255.0,-0.004100969876109403,183.75755951243514,23.72299892437932,65.0,381.0,0.007963897000265464,0.03
1709667960,61976.0,62129.0,61576.0,61882.0,10.02442311,2024-03-05 19:46:00+00:00,61882.0,-171.0,-0.0027595127851287047,183.48642632104378,23.68799577988389,76.0,477.0,0.007787151200519144,0.03027777777777778
1709668020,61817.0,62082.0,61608.0,62010.0,30.81030049,2024-03-05 19:47:00+00:00,62010.0,128.0,0.0020663165586652333,184.07173128942705,23.763558326383922,200.0,274.0,0.007606973058637083,0.03027777777777778
1709668080,62005.0,62198.0,61950.0,62188.0,5.76823462,2024-03-05 19:48:00+00:00,62188.0,178.0,0.0028663927257077406,182.35194365822437,23.541534697895205,188.0,60.0,0.007684918347742555,0.03027777777777778
1709668140,62188.0,62298.0,62031.0,62110.0,7.9877069,2024-03-05 19:49:00+00:00,62110.0,-78.0,-0.0012550485162826554,180.6220857290364,23.318210999526876,110.0,157.0,0.007658433850277619,0.030555555555555555
1709668200,62100.0,62260.0,62011.0,62184.0,1.13068641,2024-03-05 19:50:00+00:00,62184.0,74.0,0.0011907253567069102,180.457281672075,23.296934887260246,150.0,99.0,0.007645747053201657,0.030555555555555555
1709668260,62210.0,62250.0,62071.0,62165.0,60.53433483,2024-03-05 19:51:00+00:00,62165.0,-19.0,-0.0003055915230176421,177.86122947160965,22.96178598931733,66.0,113.0,0.007736943907156673,0.030833333333333334
1709668320,62138.0,62143.0,61770.0,61811.0,4.87304189,2024-03-05 19:52:00+00:00,61811.0,-354.0,-0.005710798252716205,182.18320930155025,23.519751186117475,0.0,395.0,0.0076452599388379195,0.030555555555555555
1709668380,61792.0,61879.0,61393.0,61529.0,20.82784962,2024-03-05 19:53:00+00:00,61529.0,-282.0,-0.004572733766537078,184.64682734197646,23.837802907517037,68.0,418.0,0.007512677643523447,0.030555555555555555
1709668440,61468.0,61758.0,61314.0,61329.0,48.99943752,2024-03-05 19:54:00+00:00,61329.0,-200.0,-0.0032557941146671983,185.80834166018627,23.98775376121064,229.0,215.0,0.0074106095226332365,0.030555555555555555
1709668500,61338.0,61338.0,60598.0,60721.0,57.12860531,2024-03-05 19:55:00+00:00,60721.0,-608.0,-0.009963212281010962,197.10054433276238,25.445570857640178,9.0,731.0,0.007193382088478599,0.030555555555555555
1709668560,60653.0,60769.0,59961.0,60134.0,91.05710875,2024-03-05 19:56:00+00:00,60134.0,-587.0,-0.009714196616509286,208.28747178828314,26.889796981988926,48.0,760.0,0.0068906115417743325,0.030555555555555555
1709668620,60131.0,61481.0,59313.0,61417.0,54.7662594,2024-03-05 19:57:00+00:00,61417.0,1283.0,0.021111264421560336,270.90841323514104,34.974125760239275,1347.0,821.0,0.0062108586512085295,0.030555555555555555
1709668680,61226.0,61417.0,60856.0,61216.0,3.27063432,2024-03-05 19:58:00+00:00,61216.0,-201.0,-0.0032780765371780885,271.36708933682667,35.03334059034366,0.0,561.0,0.006058770069675855,0.03027777777777778
1709668740,61201.0,61582.0,61088.0,61443.0,5.36879245,2024-03-05 19:59:00+00:00,61443.0,227.0,0.0037013225145203165,273.5210766623499,35.31141915833344,366.0,128.0,0.005956221769990569,0.030555555555555555
1709668800,61465.0,61928.0,61316.0,61895.0,36.00931243,2024-03-05 20:00:00+00:00,61895.0,452.0,0.007329485211410914,280.4098951927944,36.20076180644866,485.0,127.0,0.0058100125883606074,0.030555555555555555
1709668860,61822.0,62151.0,61814.0,61973.0,10.18267019,2024-03-05 20:01:00+00:00,61973.0,78.0,0.0012594053397110361,280.72239086767433,36.24110482460106,256.0,81.0,0.0057670126874279125,0.030555555555555555
1709668920,62119.0,62530.0,61971.0,62393.0,233.09074848,2024-03-05 20:02:00+00:00,62393.0,420.0,0.006754283272128537,286.1831872536657,36.9460906066002,557.0,2.0,0.005651580087599492,0.030555555555555555
1709668980,62439.0,62439.0,61996.0,62230.0,49.58294768,2024-03-05 20:03:00+00:00,62230.0,-163.0,-0.002615891014486729,286.6691531885329,37.00882853901902,46.0,397.0,0.005554269844943301,0.030555555555555555
1709669040,62228.0,62538.0,62100.0,62461.0,46.60622465,2024-03-05 20:04:00+00:00,62461.0,231.0,0.0037051633922011245,288.6725883710405,37.267470908920956,308.0,130.0,0.005471706716519995,0.030555555555555555
1709669100,62452.0,62711.0,62443.0,62627.0,51.82458039,2024-03-05 20:05:00+00:00,62627.0,166.0,0.0026541330494985133,289.66651144567504,37.395785826103314,250.0,18.0,0.005433306166802499,0.030833333333333334
1709669160,62672.0,62690.0,62200.0,62408.0,45.19548631,2024-03-05 20:06:00+00:00,62408.0,-219.0,-0.0035030227368140674,290.53666299173483,37.50812190765552,63.0,427.0,0.005344021376085505,0.03111111111111111
1709669220,62306.0,62306.0,62063.0,62257.0,19.49986313,2024-03-05 20:07:00+00:00,62257.0,-151.0,-0.002422493464002997,290.75303118152175,37.53605492084532,0.0,345.0,0.005305039787798408,0.030833333333333334
1709669280,62274.0,62781.0,62264.0,62721.0,14.82197367,2024-03-05 20:08:00+00:00,62721.0,464.0,0.007425340970592107,297.5075914143244,38.4080648972653,524.0,0.0,0.005218298834579927,0.030555555555555555
1709669340,62684.0,62873.0,62622.0,62821.0,21.01295549,2024-03-05 20:09:00+00:00,62821.0,100.0,0.001593092688495314,296.172754595982,38.23573820502048,152.0,99.0,0.00522670848033451,0.030555555555555555
1709669400,62821.0,62933.0,62731.0,62731.0,26.19700725,2024-03-05 20:10:00+00:00,62731.0,-90.0,-0.0014336691636222857,294.7307470842433,38.04957583575148,112.0,90.0,0.00526292706460243,0.030555555555555555
1709669460,62721.0,62897.0,62662.0,62851.0,10.80873588,2024-03-05 20:11:00+00:00,62851.0,120.0,0.0019111024911712138,292.9291115727143,37.816985691348556,166.0,69.0,0.005278901988386415,0.030555555555555555
1709669520,62816.0,63100.0,62753.0,63024.0,24.58369775,2024-03-05 20:12:00+00:00,63024.0,173.0,0.0027487604199048425,293.65647519462067,37.91088793115791,249.0,98.0,0.0052415480038438015,0.030555555555555555
1709669580,62985.0,63071.0,62850.0,63071.0,29.91108238,2024-03-05 20:13:00+00:00,63071.0,47.0,0.0007454697200776475,293.6822719133013,37.914218273219134,47.0,174.0,0.005240174672489083,0.030555555555555555
1709669640,63009.0,63166.0,62970.0,63111.0,35.59500469,2024-03-05 20:14:00+00:00,63111.0,40.0,0.0006340048713742586,292.44912590558016,37.75501980817427,95.0,101.0,0.005249114211976729,0.030833333333333334
1709669700,63162.0,63166.0,62771.0,62771.0,93.98741661,2024-03-05 20:15:00+00:00,62771.0,-340.0,-0.00540189744014738,295.5127359669023,38.150530166400074,55.0,340.0,0.005192782032974166,0.030833333333333334
1709669760,62775.0,62841.0,62654.0,62773.0,29.41202919,2024-03-05 20:16:00+00:00,62773.0,2.0,3.1861339453322756e-05,295.5154741806696,38.15088366827738,70.0,117.0,0.0051811234402659645,0.030833333333333334
1709669820,62773.0,62773.0,62390.0,62473.0,24.13608422,2024-03-05 20:17:00+00:00,62473.0,-300.0,-0.0047905813158346435,291.17828570790897,37.59095504413188,0.0,383.0,0.005240174672489083,0.030555555555555555
1709669880,62519.0,62785.0,62519.0,62658.0,51.60540265,2024-03-05 20:18:00+00:00,62658.0,185.0,0.002956903321993399,291.0005164342012,37.56800512958063,312.0,0.0,0.0052865765011674525,0.03027777777777778
1709669940,62592.0,62911.0,62589.0,62706.0,17.74254316,2024-03-05 20:19:00+00:00,62706.0,48.0,0.000765770114955106,287.92806697404905,37.17135360987285,253.0,69.0,0.005344259374721653,0.03027777777777778
1709670000,62746.0,62799.0,62612.0,62648.0,55.21368459,2024-03-05 20:20:00+00:00,62648.0,-58.0,-0.0009253793917851399,287.2837978523582,37.088178823913374,93.0,94.0,0.005364567034735572,0.03027777777777778
1709670060,62641.0,62751.0,62456.0,62751.0,10.88297224,2024-03-05 20:21:00+00:00,62751.0,103.0,0.001642756691256121,287.6258869564033,37.1323423373429,103.0,192.0,0.005335942016096758,0.03027777777777778
1709670120,62751.0,62902.0,62692.0,62902.0,10.71306898,2024-03-05 20:22:00+00:00,62902.0,151.0,0.002403445563388842,287.5109548391894,37.117504664812444,151.0,59.0,0.00534021627875929,0.03027777777777778
1709670180,62876.0,62926.0,62802.0,62862.0,2.87308648,2024-03-05 20:23:00+00:00,62862.0,-40.0,-0.0006361121043985859,285.71382061100167,36.8854956335901,24.0,100.0,0.00540321491287316,0.030555555555555555
1709670240,62892.0,62957.0,62738.0,62892.0,33.32429895,2024-03-05 20:24:00+00:00,62892.0,30.0,0.0004771220091465536,285.18984855270384,36.81785113173458,95.0,124.0,0.00538768913033718,0.030555555555555555
1709670300,62892.0,62993.0,62819.0,62974.0,9.15077733,2024-03-05 20:25:00+00:00,62974.0,82.0,0.0013029731873773816,283.3356317620301,36.578472773383325,101.0,73.0,0.005409791723018664,0.030555555555555555
1709670360,62974.0,63036.0,62956.0,62980.0,40.83814707,2024-03-05 20:26:00+00:00,62980.0,6.0,9.527287747178626e-05,283.300109883295,36.57388691855776,62.0,18.0,0.005416629051187144,0.030555555555555555
1709670420,62980.0,62998.0,62840.0,62929.0,1.71471181,2024-03-05 20:27:00+00:00,62929.0,-51.0,-0.0008101089324698469,283.23417224565907,36.56537440614268,18.0,140.0,0.005399325084364454,0.030555555555555555
1709670480,62928.0,63003.0,62747.0,62942.0,83.66719908,2024-03-05 20:28:00+00:00,62942.0,13.0,0.00020656068588031188,283.16315544023394,36.5562061759856,74.0,182.0,0.005373936408419167,0.030555555555555555
1709670540,62879.0,62917.0,62830.0,62896.0,0.21563656,2024-03-05 20:29:00+00:00,62896.0,-46.0,-0.0007310987467845828,283.212172166517,36.56253420813827,0.0,112.0,0.005372733378106112,0.03027777777777778
1709670600,62900.0,63024.0,62829.0,62906.0,2.28547575,2024-03-05 20:30:00+00:00,62906.0,10.0,0.00015897998475483015,283.18565659597755,36.55911106270112,128.0,67.0,0.005338790763891979,0.03027777777777778
1709670660,62913.0,62921.0,62874.0,62876.0,15.19168649,2024-03-05 20:31:00+00:00,62876.0,-30.0,-0.0004770157982677517,282.51443440949623,36.47245665103955,15.0,32.0,0.005365286595725655,0.030555555555555555
1709670720,62876.0,63032.0,62754.0,62967.0,2.47638484,2024-03-05 20:32:00+00:00,62967.0,91.0,0.0014462467655971133,279.9425258809568,36.14042468773948,156.0,122.0,0.0053838216160437885,0.030833333333333334
1709670780,62974.0,62987.0,62925.0,62925.0,4.72995158,2024-03-05 20:33:00+00:00,62925.0,-42.0,-0.000667238610209179,279.8364453715636,36.12672975286492,20.0,42.0,0.005429618569295506,0.03111111111111111
1709670840,62925.0,62979.0,62666.0,62672.0,20.59979593,2024-03-05 20:34:00+00:00,62672.0,-253.0,-0.004028764097904042,280.4734193877396,36.208962744752135,54.0,259.0,0.0054110114082157185,0.03111111111111111
1709670900,62672.0,62756.0,62598.0,62675.0,22.6799329,2024-03-05 20:35:00+00:00,62675.0,3.0,4.7867120881671536e-05,277.03481190213216,35.76504042722207,84.0,74.0,0.005492996429552321,0.03111111111111111
1709670960,62675.0,62676.0,62380.0,62456.0,10.54629635,2024-03-05 20:36:00+00:00,62456.0,-219.0,-0.003500335226367259,271.53573445266056,35.05511258117846,1.0,295.0,0.005564056196967589,0.03138888888888889
1709671020,62456.0,62494.0,62182.0,62182.0,41.19452729,2024-03-05 20:37:00+00:00,62182.0,-274.0,-0.004396740021476484,273.96971666539633,35.36933833367482,38.0,274.0,0.0056082628405851286,0.03138888888888889
1709671080,62252.0,62332.0,62084.0,62250.0,13.08595313,2024-03-05 20:38:00+00:00,62250.0,68.0,0.001092966548303687,273.8626913780218,35.35552142848733,150.0,98.0,0.0056510477984459614,0.03138888888888889
1709671140,62250.0,62295.0,61775.0,61985.0,12.64046629,2024-03-05 20:39:00+00:00,61985.0,-265.0,-0.004266115054706797,275.9591593463038,35.62617427938778,45.0,475.0,0.0056438716959834444,0.03138888888888889
1709671200,61986.0,62135.0,61986.0,62069.0,10.02725832,2024-03-05 20:40:00+00:00,62069.0,84.0,0.0013542491630731872,269.60139230809494,34.805390084119466,150.0,0.0,0.005752360864771583,0.03111111111111111
1709671260,62069.0,62100.0,61670.0,61888.0,19.81323278,2024-03-05 20:41:00+00:00,61888.0,-181.0,-0.002920369622354111,270.556125321813,34.92864558619295,31.0,399.0,0.0056993588221325095,0.03111111111111111
1709671320,61888.0,62250.0,61888.0,62250.0,2.61554147,2024-03-05 20:42:00+00:00,62250.0,362.0,0.00583223551398797,274.3670867744249,35.420638594159755,362.0,0.0,0.005660644370017454,0.030833333333333334
1709671380,62286.0,62446.0,62284.0,62439.0,4.34589524,2024-03-05 20:43:00+00:00,62439.0,189.0,0.003031544799407172,275.25675943711036,35.53549484103166,196.0,0.0,0.005682894487592347,0.030555555555555555
1709671440,62444.0,62444.0,62226.0,62236.0,35.95116215,2024-03-05 20:44:00+00:00,62236.0,-203.0,-0.0032564696915077036,276.5288350428749,35.69971909557308,5.0,213.0,0.005665989895651352,0.030555555555555555
1709671500,62236.0,62276.0,62213.0,62252.0,6.61251944,2024-03-05 20:45:00+00:00,62252.0,16.0,0.0002570528900473429,274.51902417276733,35.4402536279413,40.0,23.0,0.0057703404500865545,0.030555555555555555
1709671560,62264.0,62591.0,62241.0,62557.0,2.63693702,2024-03-05 20:46:00+00:00,62557.0,305.0,0.004887477780269693,276.2684536362708,35.66610400052509,339.0,11.0,0.005827222842713544,0.030555555555555555
1709671620,62591.0,62659.0,62582.0,62613.0,17.06946395,2024-03-05 20:47:00+00:00,62613.0,56.0,0.0008947831546906124,275.90887865749073,35.61968307037415,102.0,0.0,0.005934424608080709,0.03027777777777778
1709671680,62613.0,62613.0,62215.0,62329.0,24.72031908,2024-03-05 20:48:00+00:00,62329.0,-284.0,-0.004546117224362285,277.5839360003092,35.83593204346344,0.0,398.0,0.005890727013892298,0.03
1709671740,62215.0,62326.0,62124.0,62250.0,4.81892708,2024-03-05 20:49:00+00:00,62250.0,-79.0,-0.0012682717085444274,277.58887211288567,35.836569292856886,0.0,205.0,0.0059087104239499725,0.029722222222222223
1709671800,62280.0,62366.0,62235.0,62274.0,3.60625029,2024-03-05 20:50:00+00:00,62274.0,24.0,0.00038546786638995117,277.44509305629646,35.81800749646677,116.0,15.0,0.005943242038532019,0.029722222222222223
1709671860,62300.0,62466.0,62297.0,62419.0,3.65028596,2024-03-05 20:51:00+00:00,62419.0,145.0,0.0023257129968487964,278.0469029246482,35.89570081639042,192.0,0.0,0.005939417937042169,0.029444444444444443
1709671920,62419.0,62527.0,62399.0,62449.0,1.13059205,2024-03-05 20:52:00+00:00,62449.0,30.0,0.0004805074250762904,274.0521394575182,35.37997907038268,108.0,20.0,0.006018959723127853,0.029722222222222223
1709671980,62449.0,62551.0,62399.0,62488.0,12.1127346,2024-03-05 20:53:00+00:00,62488.0,39.0,0.0006243146748640461,271.3626313323481,35.032765064440234,102.0,50.0,0.006121512013467327,0.029722222222222223
1709672040,62488.0,62556.0,62334.0,62374.0,12.70179608,2024-03-05 20:54:00+00:00,62374.0,-114.0,-0.001826016428956614,270.4279904569771,34.91210344627368,68.0,154.0,0.006191630978793664,0.029722222222222223
1709672100,62390.0,62454.0,62337.0,62398.0,3.39609995,2024-03-05 20:55:00+00:00,62398.0,24.0,0.00038470170063786,257.66180863123407,33.26399645941507,80.0,37.0,0.006397270497920887,0.029722222222222223
1709672160,62398.0,62399.0,62235.0,62244.0,1.79024968,2024-03-05 20:56:00+00:00,62244.0,-154.0,-0.002471078422413939,245.94350782150778,31.75117033001777,1.0,163.0,0.00662471016893011,0.029722222222222223
1709672220,62244.0,62284.0,62235.0,62240.0,4.37488425,2024-03-05 20:57:00+00:00,62240.0,-4.0,-6.426528712724128e-05,183.4529535281243,23.68367446089962,40.0,9.0,0.007502344482650829,0.029722222222222223
1709672280,62240.0,62240.0,62072.0,62122.0,4.57767222,2024-03-05 20:58:00+00:00,62122.0,-118.0,-0.0018976863577609348,182.11448252613727,23.510878597563707,0.0,168.0,0.007691321625432636,0.029722222222222223
1709672340,62123.0,62207.0,61989.0,62047.0,8.63788262,2024-03-05 20:59:00+00:00,62047.0,-75.0,-0.0012080311369322924,180.32323770523095,23.279629885552026,85.0,133.0,0.00782983165861934,0.029722222222222223
1709672400,62041.0,62113.0,61956.0,62049.0,2.05266638,2024-03-05 21:00:00+00:00,62049.0,2.0,3.223310985319025e-05,170.73404500653592,22.041670431364707,66.0,91.0,0.008069396812588258,0.029722222222222223
1709672460,62050.0,62275.0,62049.0,62220.0,0.87393307,2024-03-05 21:01:00+00:00,62220.0,171.0,0.002752095984194692,171.84897702330045,22.185607535800788,226.0,0.0,0.008130081300813009,0.029444444444444443
1709672520,62220.0,62383.0,62220.0,62374.0,0.23706953,2024-03-05 21:02:00+00:00,62374.0,154.0,0.002472030409548531,164.19908252047276,21.198010402144277,163.0,0.0,0.00835421888053467,0.029166666666666667
1709672580,62330.0,62351.0,62074.0,62074.0,8.33215649,2024-03-05 21:03:00+00:00,62074.0,-300.0,-0.004821300159474723,167.4206313350007,21.61391056573298,0.0,300.0,0.008438225159974685,0.028888888888888888
1709672640,62188.0,62284.0,62079.0,62234.0,2.25462744,2024-03-05 21:04:00+00:00,62234.0,160.0,0.0025742524754158625,165.98632695033444,21.42874266589282,210.0,0.0,0.008575716429643393,0.02861111111111111
1709672700,62259.0,62463.0,62259.0,62421.0,1.19511609,2024-03-05 21:05:00+00:00,62421.0,187.0,0.0030002830255736737,166.3720933520034,21.47854489419916,229.0,0.0,0.008599684678228465,0.028333333333333332
1709672760,62428.0,62535.0,62392.0,62535.0,0.06984711,2024-03-05 21:06:00+00:00,62535.0,114.0,0.0018246427803154154,164.60400263546407,21.2502853642078,114.0,29.0,0.008818990225619166,0.028333333333333332
1709672820,62582.0,62649.0,62507.0,62649.0,0.52957014,2024-03-05 21:07:00+00:00,62649.0,114.0,0.001821319521878805,163.97999740219123,21.16972663499407,114.0,28.0,0.008952551477170993,0.02861111111111111
1709672880,62650.0,62765.0,62607.0,62638.0,0.58658023,2024-03-05 21:08:00+00:00,62638.0,-11.0,-0.00017559683013029215,152.59052236008742,19.699351729656968,116.0,42.0,0.009203865623561895,0.028888888888888888
1709672940,62682.0,62963.0,62679.0,62837.0,1.59845148,2024-03-05 21:09:00+00:00,62837.0,199.0,0.0031719492623906993,154.23181613190152,19.911241844472634,325.0,0.0,0.009151921903599756,0.02861111111111111
1709673000,62839.0,62970.0,62810.0,62878.0,8.74136678,2024-03-05 21:10:00+00:00,62878.0,41.0,0.0006522690443246412,153.8591062507229,19.863125205713576,133.0,27.0,0.00918133129303749,0.02861111111111111
1709673060,62909.0,63105.0,62864.0,63098.0,2.07795658,2024-03-05 21:11:00+00:00,63098.0,220.0,0.003492732324435875,155.6848284811628,20.098824932156724,227.0,14.0,0.009177118384827165,0.02861111111111111
1709673120,63099.0,63331.0,63038.0,63297.0,9.589367,2024-03-05 21:12:00+00:00,63297.0,199.0,0.003148861338330773,156.19820361822147,20.165101377362895,233.0,60.0,0.009215174320380893,0.02861111111111111
1709673180,63281.0,63281.0,63092.0,63135.0,5.43399709,2024-03-05 21:13:00+00:00,63135.0,-162.0,-0.0025626437714568904,157.55998230070642,20.340906249312376,0.0,205.0,0.009226510841150238,0.028333333333333332
1709673240,63118.0,63131.0,62965.0,63071.0,4.74314277,2024-03-05 21:14:00+00:00,63071.0,-64.0,-0.0010142149420160184,157.69641147499345,20.358519179977392,0.0,170.0,0.009244992295839752,0.028055555555555556
1709673300,63057.0,63368.0,63057.0,63368.0,2.84362879,2024-03-05 21:15:00+00:00,63368.0,297.0,0.004697926213350945,155.89636116256486,20.126133683898345,297.0,14.0,0.009305210918114143,0.028055555555555556
1709673360,63345.0,63482.0,63299.0,63482.0,3.60385628,2024-03-05 21:16:00+00:00,63482.0,114.0,0.0017973989860638855,156.46903540173074,20.200065610268062,114.0,69.0,0.00930809804529941,0.028055555555555556
1709673420,63470.0,63606.0,63432.0,63535.0,4.60296474,2024-03-05 21:17:00+00:00,63535.0,53.0,0.0008345340084551291,151.08985989374636,19.50561703830972,124.0,50.0,0.009461483876054562,0.028333333333333332
1709673480,63587.0,63600.0,63361.0,63463.0,3.73604713,2024-03-05 21:18:00+00:00,63463.0,-72.0,-0.0011338762455165021,149.9048615426609,19.352634409008477,65.0,174.0,0.009516256938937352,0.02861111111111111
1709673540,63447.0,63702.0,63405.0,63653.0,11.83205775,2024-03-05 21:19:00+00:00,63653.0,190.0,0.0029893977389871544,151.57177543112925,19.567832066661804,239.0,58.0,0.009535160905840286,0.02861111111111111
1709673600,63686.0,63686.0,63527.0,63657.0,11.38837004,2024-03-05 21:20:00+00:00,63657.0,4.0,6.283874010392806e-05,151.27127856111406,19.529038087556593,33.0,126.0,0.009556422712431314,0.02861111111111111
1709673660,63606.0,63868.0,63606.0,63815.0,4.10012723,2024-03-05 21:21:00+00:00,63815.0,158.0,0.0024789770445817947,151.96742142690087,19.618909745082373,211.0,51.0,0.009581603321622485,0.02861111111111111
1709673720,63823.0,63859.0,63665.0,63797.0,5.12027647,2024-03-05 21:22:00+00:00,63797.0,-18.0,-0.0002821051330498054,151.01872054418388,19.496432987772533,44.0,150.0,0.009593859929645027,0.02861111111111111
1709673780,63736.0,63787.0,63584.0,63687.0,6.00291595,2024-03-05 21:23:00+00:00,63687.0,-110.0,-0.0017257071836298014,151.71892220791793,19.586828633860158,0.0,213.0,0.009526077637532746,0.028333333333333332
1709673840,63645.0,63886.0,63636.0,63715.0,10.78250687,2024-03-05 21:24:00+00:00,63715.0,28.0,0.00043955354626802585,151.71551116376884,19.58638826995407,199.0,51.0,0.009502692429521698,0.028333333333333332
1709673900,63690.0,64000.0,63690.0,63984.0,9.33507598,2024-03-05 21:25:00+00:00,63984.0,269.0,0.0042130384402201395,155.02664250704038,20.01385348827394,285.0,25.0,0.00940144155437167,0.028333333333333332
1709673960,63989.0,63989.0,63576.0,63634.0,3.19877587,2024-03-05 21:26:00+00:00,63634.0,-350.0,-0.00548513340638424,162.0995404587848,20.92696068749163,5.0,408.0,0.00916240360387875,0.028333333333333332
1709674020,63635.0,63855.0,63635.0,63855.0,4.4779337,2024-03-05 21:27:00+00:00,63855.0,221.0,0.0034669692501470128,164.12979223945,21.189065065329107,221.0,0.0,0.00911854103343465,0.028055555555555556
1709674080,63856.0,63929.0,63777.0,63910.0,4.23285765,2024-03-05 21:28:00+00:00,63910.0,55.0,0.0008609557139649925,164.20878263291937,21.199262681276345,74.0,78.0,0.009191176470588236,0.028055555555555556
1709674140,63890.0,64038.0,63889.0,64034.0,7.10458469,2024-03-05 21:29:00+00:00,64034.0,124.0,0.0019383486341580092,164.58473338459098,21.247797714616958,128.0,21.0,0.00916520278011151,0.028333333333333332
1709674200,64038.0,64045.0,63729.0,64005.0,4.89477869,2024-03-05 21:30:00+00:00,64005.0,-29.0,-0.0004529869882753645,164.69771917232197,21.26238411709163,11.0,305.0,0.00908127743302558,0.028333333333333332
1709674260,63956.0,63956.0,63736.0,63741.0,4.5736615,2024-03-05 21:31:00+00:00,63741.0,-264.0,-0.004133207706461651,168.58587226598695,21.764342523067274,0.0,269.0,0.008931229532598988,0.028055555555555556
1709674320,63725.0,63903.0,63725.0,63812.0,4.16230039,2024-03-05 21:32:00+00:00,63812.0,71.0,0.0011132628371397434,168.45160162609181,21.747008257993993,162.0,16.0,0.008998200359928014,0.028055555555555556
1709674380,63897.0,63897.0,63606.0,63625.0,5.08065728,2024-03-05 21:33:00+00:00,63625.0,-187.0,-0.0029347855680643526,170.2998021104843,21.985609914544145,85.0,206.0,0.008846295613711757,0.028055555555555556
1709674440,63628.0,63714.0,63416.0,63416.0,8.73113326,2024-03-05 21:34:00+00:00,63416.0,-209.0,-0.0032902793358320515,169.2321843013021,21.847781048041576,89.0,209.0,0.008856088560885609,0.028055555555555556
1709674500,63435.0,63500.0,63311.0,63339.0,2.77635061,2024-03-05 21:35:00+00:00,63339.0,-77.0,-0.001214942360799061,169.62219900555553,21.898131729853226,84.0,105.0,0.008835873647006848,0.028055555555555556
1709674560,63362.0,63382.0,63248.0,63296.0,1.54221696,2024-03-05 21:36:00+00:00,63296.0,-43.0,-0.0006791171738087707,167.07889134239383,21.56979212239633,43.0,91.0,0.008942544153811759,0.028055555555555556
1709674620,63287.0,63568.0,63284.0,63562.0,1.64009729,2024-03-05 21:37:00+00:00,63562.0,266.0,0.004193671504239602,165.8417665288928,21.410079995734016,272.0,12.0,0.00896124262564409,0.028055555555555556
1709674680,63563.0,63630.0,63422.0,63617.0,0.26854052,2024-03-05 21:38:00+00:00,63617.0,55.0,0.00086492272197063,165.79046318656532,21.403456762719376,68.0,140.0,0.008988090779716875,0.028055555555555556
1709674740,63629.0,63786.0,63622.0,63740.0,4.91849471,2024-03-05 21:39:00+00:00,63740.0,123.0,0.0019315787627331989,161.8964541440202,20.900742356994098,169.0,0.0,0.009230769230769232,0.027777777777777776
1709674800,63721.0,63933.0,63721.0,63823.0,2.28099124,2024-03-05 21:40:00+00:00,63823.0,83.0,0.0013013179638748595,161.89077366814365,20.90000901071182,193.0,19.0,0.009186954524575104,0.028055555555555556
1709674860,63822.0,63847.0,63686.0,63709.0,1.39897852,2024-03-05 21:41:00+00:00,63709.0,-114.0,-0.0017877870709113119,160.64233616793422,20.73883642247542,24.0,137.0,0.009380129758461659,0.028055555555555556
1709674920,63697.0,63916.0,63682.0,63904.0,1.02440676,2024-03-05 21:42:00+00:00,63904.0,195.0,0.0030561173512509924,156.18354767699384,20.16320930348631,207.0,27.0,0.009474930911962099,0.028333333333333332
1709674980,63875.0,63926.0,63771.0,63790.0,6.81653756,2024-03-05 21:43:00+00:00,63790.0,-114.0,-0.0017855189795407704,155.77335683795553,20.110253893874233,22.0,133.0,0.009505703422053232,0.02861111111111111
1709675040,63759.0,63869.0,63743.0,63792.0,0.42286946,2024-03-05 21:44:00+00:00,63792.0,2.0,3.135238513531482e-05,152.9660277634141,19.747829268773472,79.0,47.0,0.00957548675390999,0.02861111111111111
1709675100,63840.0,63917.0,63684.0,63897.0,1.12581954,2024-03-05 21:45:00+00:00,63897.0,105.0,0.0016446212855739037,153.29923011810044,19.79084550779405,125.0,108.0,0.00944733112895607,0.02861111111111111
1709675160,63853.0,63883.0,63745.0,63745.0,1.1436127,2024-03-05 21:46:00+00:00,63745.0,-152.0,-0.0023816623344873893,150.6030589195726,19.442771302779967,0.0,152.0,0.009596928982725527,0.028333333333333332
1709675220,63740.0,63740.0,63561.0,63569.0,1.73865671,2024-03-05 21:47:00+00:00,63569.0,-176.0,-0.0027648194560740626,152.62259497589207,19.70349228655299,0.0,184.0,0.009534403305259813,0.028333333333333332
1709675280,63555.0,63600.0,63313.0,63313.0,2.84226406,2024-03-05 21:48:00+00:00,63313.0,-256.0,-0.004035250821643539,151.73015744395096,19.588279096595045,31.0,256.0,0.009619238476953909,0.02861111111111111
1709675340,63306.0,63535.0,63250.0,63301.0,6.94205762,2024-03-05 21:49:00+00:00,63301.0,-12.0,-0.000189552498711492,151.26197856101228,19.52783746270613,222.0,63.0,0.009557945041816009,0.028888888888888888
1709675400,63340.0,63567.0,63340.0,63471.0,0.49626419,2024-03-05 21:50:00+00:00,63471.0,170.0,0.002681981855633754,152.53701134645496,19.692443487502395,266.0,0.0,0.009456264775413711,0.02861111111111111
1709675460,63462.0,63483.0,63292.0,63371.0,1.02050398,2024-03-05 21:51:00+00:00,63371.0,-100.0,-0.0015767651206735336,152.41196032371465,19.67629946988575,12.0,179.0,0.009457010008668927,0.028888888888888888
1709675520,63352.0,63439.0,63209.0,63244.0,0.64299048,2024-03-05 21:52:00+00:00,63244.0,-127.0,-0.00200608210071788,153.50897119480734,19.817922964364097,68.0,162.0,0.009381596434993355,0.028888888888888888
1709675580,63227.0,63281.0,63227.0,63243.0,0.05954627,2024-03-05 21:53:00+00:00,63243.0,-1.0,-1.5811901618709524e-05,153.48210205010082,19.814454172698255,37.0,17.0,0.009454029780193806,0.028888888888888888
1709675640,63256.0,63352.0,63207.0,63352.0,0.37850383,2024-03-05 21:54:00+00:00,63352.0,109.0,0.0017220273618312662,153.06432678973005,19.760519618502475,109.0,36.0,0.009511731135066582,0.028888888888888888
1709675700,63369.0,63370.0,63140.0,63173.0,0.25107364,2024-03-05 21:55:00+00:00,63173.0,-179.0,-0.0028294822275814,155.12097975961206,20.02603237521184,18.0,212.0,0.009427292010370021,0.028888888888888888
1709675760,63176.0,63189.0,63103.0,63151.0,2.01236554,2024-03-05 21:56:00+00:00,63151.0,-22.0,-0.00034831069665968345,153.64256248074545,19.835169525218653,16.0,70.0,0.009485416172634575,0.028888888888888888
1709675820,63234.0,63282.0,63194.0,63282.0,0.26498419,2024-03-05 21:57:00+00:00,63282.0,131.0,0.002072244538661826,154.3447568102082,19.92582242334567,131.0,0.0,0.009424330479855494,0.02861111111111111
1709675880,63288.0,63311.0,63238.0,63307.0,0.5726272,2024-03-05 21:58:00+00:00,63307.0,25.0,0.0003949790317486499,153.3197196732306,19.793490697987057,29.0,44.0,0.009495173286912486,0.028888888888888888
1709675940,63321.0,63379.0,63290.0,63320.0,0.71691799,2024-03-05 21:59:00+00:00,63320.0,13.0,0.0002053274585306029,152.8180586172592,19.728726534146457,72.0,17.0,0.009593092973059398,0.028888888888888888
1709676000,63326.0,63329.0,63235.0,63239.0,0.15684284,2024-03-05 22:00:00+00:00,63239.0,-81.0,-0.0012800355732870126,153.36962847269714,19.799933896292497,9.0,85.0,0.009641651936365098,0.028888888888888888
1709676060,63237.0,63483.0,63205.0,63453.0,0.56614986,2024-03-05 22:01:00+00:00,63453.0,214.0,0.0033782749270228644,154.18626474912796,19.905361186243343,244.0,34.0,0.009601536245799328,0.029166666666666667
1709676120,63429.0,63670.0,63395.0,63635.0,2.05589942,2024-03-05 22:02:00+00:00,63635.0,182.0,0.0028641590774632513,154.63872513291912,19.96377357061807,217.0,58.0,0.009516256938937352,0.029444444444444443
1709676180,63631.0,63635.0,63490.0,63511.0,1.94597529,2024-03-05 22:03:00+00:00,63511.0,-124.0,-0.001950514201205321,150.04727221214364,19.371019547382772,0.0,145.0,0.009634684865515856,0.029444444444444443
1709676240,63550.0,63590.0,63431.0,63458.0,0.4043583,2024-03-05 22:04:00+00:00,63458.0,-53.0,-0.0008348494999298872,149.2916835582648,19.27347347161424,79.0,80.0,0.009674298613350533,0.029722222222222223
1709676300,63439.0,63528.0,63439.0,63453.0,0.27621821,2024-03-05 22:05:00+00:00,63453.0,-5.0,-7.879537632811531e-05,147.70949500710606,19.06921380797431,70.0,19.0,0.009784735812133072,0.03
1709676360,63430.0,63526.0,63355.0,63490.0,1.04065853,2024-03-05 22:06:00+00:00,63490.0,37.0,0.0005829388158113116,147.18779560527867,19.001862704807515,73.0,98.0,0.009762447120078099,0.03
1709676420,63501.0,63508.0,63392.0,63397.0,0.23484008,2024-03-05 22:07:00+00:00,63397.0,-93.0,-0.0014658714707265464,147.27576654843602,19.013219704734137,18.0,98.0,0.00978314038806457,0.03
1709676480,63400.0,63526.0,63370.0,63526.0,0.23364547,2024-03-05 22:08:00+00:00,63526.0,129.0,0.002032729204618126,148.0049014305191,19.107350613249025,129.0,27.0,0.009784735812133072,0.03
1709676540,63530.0,63552.0,63384.0,63384.0,0.37041562,2024-03-05 22:09:00+00:00,63384.0,-142.0,-0.0022378072533092612,147.35752575108023,19.02377477240881,26.0,142.0,0.009911621376063435,0.03027777777777778
1709676600,63385.0,63459.0,63253.0,63255.0,0.51510318,2024-03-05 22:10:00+00:00,63255.0,-129.0,-0.002037287796307921,148.36499788990025,19.153838866256073,75.0,131.0,0.009874105159219946,0.03027777777777778
1709676660,63289.0,63304.0,63213.0,63216.0,0.18682721,2024-03-05 22:11:00+00:00,63216.0,-39.0,-0.0006167421975979505,145.78693143945077,18.82101191865584,49.0,42.0,0.009997500624843789,0.03027777777777778
1709676720,63250.0,63382.0,63199.0,63292.0,0.20482118,2024-03-05 22:12:00+00:00,63292.0,76.0,0.0012015051877018175,143.8208975252616,18.56719803173139,166.0,17.0,0.010089968889262592,0.03027777777777778
1709676780,63330.0,63358.0,63267.0,63327.0,0.22761537,2024-03-05 22:13:00+00:00,63327.0,35.0,0.0005528396353062253,142.3024708862746,18.371169995556908,66.0,25.0,0.010187622039222344,0.030555555555555555
1709676840,63260.0,63290.0,63177.0,63250.0,2.56716803,2024-03-05 22:14:00+00:00,63250.0,-77.0,-0.0012166508844134755,142.41637351908568,18.38587476222246,0.0,150.0,0.010204949400459223,0.030555555555555555
1709676900,63247.0,63288.0,63173.0,63197.0,0.33047524,2024-03-05 22:15:00+00:00,63197.0,-53.0,-0.0008382959359062692,137.24342162617873,17.718049544490434,38.0,77.0,0.010377929603044192,0.030555555555555555
1709676960,63163.0,63255.0,63147.0,63165.0,0.56665698,2024-03-05 22:16:00+00:00,63165.0,-32.0,-0.0005064813897225978,136.42842435413323,17.61283384909588,58.0,50.0,0.010445682451253482,0.030555555555555555
1709677020,63201.0,63205.0,62848.0,62902.0,1.3846838,2024-03-05 22:17:00+00:00,62902.0,-263.0,-0.004172390578719271,140.18793983284124,18.098185210390717,40.0,317.0,0.0102818952960329,0.030555555555555555
1709677080,62878.0,62987.0,62785.0,62987.0,1.1180603,2024-03-05 22:18:00+00:00,62987.0,85.0,0.0013503961889753439,140.4864269536105,18.13671973198394,85.0,117.0,0.010314595152140279,0.030555555555555555
1709677140,63000.0,63184.0,63000.0,63184.0,0.04627806,2024-03-05 22:19:00+00:00,63184.0,197.0,0.0031227486520369403,140.65639003080244,18.158661870898428,197.0,0.0,0.010404022888850357,0.03027777777777778
1709677200,63121.0,63121.0,62914.0,62914.0,0.37785868,2024-03-05 22:20:00+00:00,62914.0,-270.0,-0.004282390087461111,144.65729128151128,18.67517600135895,0.0,270.0,0.0103048518677544,0.03
1709677260,63000.0,63072.0,62804.0,62842.0,1.33267626,2024-03-05 22:21:00+00:00,62842.0,-72.0,-0.0011450747140045597,143.10480829864568,18.47475131009532,158.0,110.0,0.010299545103424599,0.03
1709677320,62838.0,62840.0,62686.0,62686.0,4.011049,2024-03-05 22:22:00+00:00,62686.0,-156.0,-0.0024855025223119113,144.23844331894838,18.621102961905653,0.0,156.0,0.010333247222939808,0.029722222222222223
1709677380,62684.0,62814.0,62659.0,62667.0,2.48629557,2024-03-05 22:23:00+00:00,62667.0,-19.0,-0.00030314392388696516,143.73775555810448,18.556464449925706,128.0,27.0,0.010385114668974469,0.03
1709677440,62655.0,62682.0,62542.0,62542.0,0.4198136,2024-03-05 22:24:00+00:00,62542.0,-125.0,-0.0019966622451694175,144.28202432171835,18.62672924517029,15.0,125.0,0.010484927916120577,0.03
1709677500,62574.0,62974.0,62574.0,62957.0,0.82869595,2024-03-05 22:25:00+00:00,62957.0,415.0,0.006613622621280607,150.3351162408214,19.408180051695247,432.0,0.0,0.010374340797095184,0.029722222222222223
1709677560,62884.0,63332.0,62884.0,63192.0,1.36773775,2024-03-05 22:26:00+00:00,63192.0,235.0,0.003725757189377797,147.3198948290061,19.018916641258958,375.0,73.0,0.01034304430270643,0.029722222222222223
1709677620,63144.0,63145.0,63011.0,63023.0,0.66486906,2024-03-05 22:27:00+00:00,63023.0,-169.0,-0.002677971730762116,145.66765827275012,18.805613819046474,0.0,181.0,0.010378827192527244,0.029722222222222223
1709677680,63024.0,63055.0,63021.0,63055.0,0.02141777,2024-03-05 22:28:00+00:00,63055.0,32.0,0.0005076222764819598,145.51354121856198,18.785717392905234,32.0,2.0,0.010485844110450893,0.029722222222222223
1709677740,63030.0,63198.0,63025.0,63198.0,2.99972937,2024-03-05 22:29:00+00:00,63198.0,143.0,0.00226529367462215,145.8398084115382,18.827838306398927,143.0,30.0,0.010463899546564353,0.029722222222222223
1709677800,63198.0,63290.0,63088.0,63290.0,1.97782296,2024-03-05 22:30:00+00:00,63290.0,92.0,0.001454683704754062,146.46319508369442,18.908317179715883,92.0,110.0,0.010568962480183196,0.029722222222222223
1709677860,63290.0,63417.0,63290.0,63417.0,0.16248138,2024-03-05 22:31:00+00:00,63417.0,127.0,0.0020046255144446972,143.72999639743549,18.555462746590656,127.0,0.0,0.010702818408847663,0.029722222222222223
1709677920,63423.0,63447.0,63377.0,63393.0,7.90678624,2024-03-05 22:32:00+00:00,63393.0,-24.0,-0.00037851904875885867,143.3969826487587,18.51247085650121,30.0,40.0,0.010806916426512969,0.029722222222222223
1709677980,63392.0,63400.0,63229.0,63229.0,1.98327566,2024-03-05 22:33:00+00:00,63229.0,-164.0,-0.0025903885849989823,142.93760639535677,18.453165637198918,7.0,164.0,0.010924981791697014,0.029722222222222223
1709678040,63229.0,63334.0,63189.0,63314.0,0.90412474,2024-03-05 22:34:00+00:00,63314.0,85.0,0.0013434170642988314,140.90642405150692,18.190941124170884,105.0,40.0,0.011079309389714707,0.029722222222222223
1709678100,63295.0,63304.0,63241.0,63287.0,0.12377413,2024-03-05 22:35:00+00:00,63287.0,-27.0,-0.0004265369216570308,140.6010664504565,18.151519627387344,0.0,73.0,0.011199253383107793,0.029444444444444443
1709678160,63282.0,63410.0,63258.0,63410.0,1.23864195,2024-03-05 22:36:00+00:00,63410.0,123.0,0.0019416409013975735,141.38895744765793,18.25323591774694,123.0,29.0,0.011180471443212523,0.029444444444444443
1709678220,63390.0,63410.0,63371.0,63387.0,0.18165843,2024-03-05 22:37:00+00:00,63387.0,-23.0,-0.000362784612447525,137.09693362376703,17.699138024698446,0.0,39.0,0.011441647597254004,0.029166666666666667
1709678280,63410.0,63435.0,63273.0,63273.0,0.60496664,2024-03-05 22:38:00+00:00,63273.0,-114.0,-0.0018000952279055291,137.62191718761775,17.766913111359326,48.0,114.0,0.011492051331162613,0.029166666666666667
1709678340,63271.0,63277.0,63235.0,63236.0,0.4745326,2024-03-05 22:39:00+00:00,63236.0,-37.0,-0.0005849386376458653,136.63178278788814,17.639087310003998,4.0,38.0,0.011633543383422202,0.029444444444444443
1709678400,63234.0,63235.0,63167.0,63167.0,0.06210011,2024-03-05 22:40:00+00:00,63167.0,-69.0,-0.0010917463486385774,136.3171609210739,17.59846980165319,0.0,69.0,0.011797090051120724,0.029166666666666667
1709678460,63160.0,63167.0,63149.0,63150.0,0.05371361,2024-03-05 22:41:00+00:00,63150.0,-17.0,-0.000269164088802521,135.64766069898656,17.512037694638973,0.0,18.0,0.011965300628178282,0.028888888888888888
1709678520,63165.0,63167.0,62941.0,62992.0,0.39714673,2024-03-05 22:42:00+00:00,62992.0,-158.0,-0.002505114595118452,134.28414094179035,17.336008050910785,17.0,209.0,0.011974852809100886,0.028888888888888888
1709678580,63006.0,63127.0,62986.0,63127.0,0.80296721,2024-03-05 22:43:00+00:00,63127.0,135.0,0.0021408360605580695,135.02459600170545,17.431600388099657,135.0,6.0,0.01199160587588688,0.028888888888888888
1709678640,63167.0,63242.0,62983.0,62983.0,1.96590462,2024-03-05 22:44:00+00:00,62983.0,-144.0,-0.0022837215539545327,136.0967367404982,17.57001316230415,115.0,144.0,0.011834319526627219,0.028888888888888888
1709678700,62994.0,63008.0,62824.0,62867.0,5.90858615,2024-03-05 22:45:00+00:00,62867.0,-116.0,-0.0018434649638592309,135.82605609427202,17.535068441138332,25.0,159.0,0.011891784758695867,0.028888888888888888
1709678760,62868.0,63007.0,62862.0,62998.0,0.33667454,2024-03-05 22:46:00+00:00,62998.0,131.0,0.002081596111744651,135.97811700815976,17.554699420708207,140.0,5.0,0.01190003966679889,0.029166666666666667
1709678820,62996.0,63040.0,62993.0,63040.0,0.79598054,2024-03-05 22:47:00+00:00,63040.0,42.0,0.0006664656937529371,134.4377483896931,17.355838687163477,42.0,5.0,0.012063938876043028,0.029444444444444443
1709678880,63028.0,63028.0,62780.0,62939.0,1.01453751,2024-03-05 22:48:00+00:00,62939.0,-101.0,-0.0016034421870228888,131.05405362579003,16.91900557152195,0.0,260.0,0.012096774193548387,0.029166666666666667
1709678940,62954.0,62986.0,62869.0,62869.0,0.29631132,2024-03-05 22:49:00+00:00,62869.0,-70.0,-0.0011128069315726032,131.31096485642567,16.9521726687788,47.0,70.0,0.012305168170631665,0.029166666666666667
1709679000,62882.0,62907.0,62861.0,62904.0,0.24124749,2024-03-05 22:50:00+00:00,62904.0,35.0,0.0005565582581867688,129.36539041524273,16.701000088461857,38.0,8.0,0.01258917331095258,0.029444444444444443
1709679060,62930.0,63025.0,62930.0,63025.0,0.03546866,2024-03-05 22:51:00+00:00,63025.0,121.0,0.001921718384768695,129.8886572293216,16.768553543680206,121.0,0.0,0.012682308180088777,0.029166666666666667
1709679120,63024.0,63100.0,63024.0,63095.0,0.63225457,2024-03-05 22:52:00+00:00,63095.0,70.0,0.0011100540308904086,129.2605425220991,16.687464283660848,75.0,1.0,0.012892135797163732,0.029166666666666667
1709679180,63085.0,63419.0,63085.0,63419.0,3.22232192,2024-03-05 22:53:00+00:00,63419.0,324.0,0.005121973984450155,135.95972318184403,17.552324787941746,324.0,10.0,0.012515644555694618,0.029166666666666667
1709679240,63390.0,63390.0,63295.0,63303.0,1.78902371,2024-03-05 22:54:00+00:00,63303.0,-116.0,-0.0018307796972947153,136.08752065063203,17.568823370218524,0.0,124.0,0.012543116964565695,0.028888888888888888
1709679300,63300.0,63303.0,63226.0,63249.0,0.82678997,2024-03-05 22:55:00+00:00,63249.0,-54.0,-0.0008534041860633927,134.2580195713056,17.332635796481867,0.0,77.0,0.012746972594008922,0.02861111111111111
1709679360,63265.0,63290.0,63211.0,63289.0,1.00001964,2024-03-05 22:56:00+00:00,63289.0,40.0,0.0006322211720169536,134.3144930781764,17.339926494868955,41.0,38.0,0.01275645795684065,0.02861111111111111
1709679420,63346.0,63388.0,63333.0,63361.0,0.26677762,2024-03-05 22:57:00+00:00,63361.0,72.0,0.00113699183192271,133.57020520128793,17.243839343136514,99.0,0.0,0.0128,0.02861111111111111
1709679480,63344.0,63389.0,63315.0,63383.0,0.75577588,2024-03-05 22:58:00+00:00,63383.0,22.0,0.0003471564763768656,133.56175067337915,17.242747868276822,28.0,46.0,0.012798634812286689,0.02861111111111111
1709679540,63384.0,63482.0,63336.0,63440.0,1.10653779,2024-03-05 22:59:00+00:00,63440.0,57.0,0.0008988906403101047,133.74792886088485,17.266783368931378,99.0,47.0,0.01272129757235238,0.02861111111111111
1709679600,63449.0,63486.0,63312.0,63312.0,1.75928419,2024-03-05 23:00:00+00:00,63312.0,-128.0,-0.002019692683524104,134.37842992600625,17.348180706430753,46.0,128.0,0.012614317250078838,0.02861111111111111
1709679660,63329.0,63456.0,63329.0,63419.0,0.3277596,2024-03-05 23:01:00+00:00,63419.0,107.0,0.0016886164462556598,132.1990495448625,17.066823909056723,144.0,0.0,0.012794540995841774,0.028333333333333332
1709679720,63403.0,63474.0,63403.0,63438.0,0.4498323,2024-03-05 23:02:00+00:00,63438.0,19.0,0.00029954988912043963,130.04094422581406,16.788213710388845,55.0,16.0,0.013079019073569483,0.028333333333333332
1709679780,63480.0,63516.0,63454.0,63483.0,0.6462874,2024-03-05 23:03:00+00:00,63483.0,45.0,0.0007091025422994538,129.2095219593811,16.680877557336817,78.0,0.0,0.013175230566534914,0.028333333333333332
1709679840,63473.0,63515.0,63470.0,63483.0,0.95698827,2024-03-05 23:04:00+00:00,63483.0,0.0,0.0,129.02532817526372,16.6570982420581,32.0,13.0,0.0133422281521014,0.028333333333333332
1709679900,63473.0,63548.0,63473.0,63539.0,0.86628736,2024-03-05 23:05:00+00:00,63539.0,56.0,0.0008817370790593982,129.22210109895838,16.68250151727323,65.0,10.0,0.013363028953229399,0.028333333333333332
1709679960,63547.0,63547.0,63500.0,63543.0,0.4054287,2024-03-05 23:06:00+00:00,63543.0,4.0,6.295148016740784e-05,129.13835592786307,16.671690062173983,8.0,39.0,0.013550135501355014,0.028333333333333332
1709680020,63556.0,63631.0,63510.0,63566.0,0.64372131,2024-03-05 23:07:00+00:00,63566.0,23.0,0.0003618941263171021,128.5760991663544,16.599103026386796,88.0,33.0,0.01354248956099763,0.028333333333333332
1709680080,63556.0,63556.0,63488.0,63517.0,0.89712475,2024-03-05 23:08:00+00:00,63517.0,-49.0,-0.0007711496018860609,127.66558871666602,16.481556632780432,0.0,78.0,0.013662757599908915,0.028055555555555556
1709680140,63517.0,63577.0,63517.0,63557.0,0.09902309,2024-03-05 23:09:00+00:00,63557.0,40.0,0.0006295544536433069,126.393935124112,16.317386859910215,60.0,0.0,0.0138328530259366,0.027777777777777776
1709680200,63565.0,63605.0,63560.0,63571.0,2.88297266,2024-03-05 23:10:00+00:00,63571.0,14.0,0.00022025045712353058,125.20760612985299,16.164232445313942,48.0,0.0,0.014089468122578374,0.0275
1709680260,63575.0,63621.0,63566.0,63618.0,3.39804809,2024-03-05 23:11:00+00:00,63618.0,47.0,0.0007390576565475043,125.18451466481166,16.16125134999579,50.0,5.0,0.014149274849663955,0.0275
1709680320,63610.0,63659.0,63590.0,63659.0,0.76536592,2024-03-05 23:12:00+00:00,63659.0,41.0,0.0006442641077049544,124.93742049341367,16.129351629636812,41.0,28.0,0.014342058085335247,0.0275
1709680380,63647.0,63684.0,63646.0,63650.0,1.90557246,2024-03-05 23:13:00+00:00,63650.0,-9.0,-0.0001413882760054751,124.89413709308386,16.123763766681993,25.0,13.0,0.014433485686793361,0.0275
1709680440,63659.0,63699.0,63565.0,63699.0,33.72470476,2024-03-05 23:14:00+00:00,63699.0,49.0,0.0007695388643508541,124.54425279375536,16.078593897868704,49.0,85.0,0.014461315979754157,0.027777777777777776
1709680500,63699.0,63745.0,63644.0,63665.0,4.3967901,2024-03-05 23:15:00+00:00,63665.0,-34.0,-0.0005339028423674659,124.4119455815633,16.061513110221934,46.0,55.0,0.01448575567358764,0.027777777777777776
1709680560,63680.0,63752.0,63680.0,63729.0,0.78766936,2024-03-05 23:16:00+00:00,63729.0,64.0,0.001004756980457478,124.50868869007525,16.074002591826172,87.0,0.0,0.014522570494977611,0.0275
1709680620,63751.0,63775.0,63751.0,63775.0,3.41303735,2024-03-05 23:17:00+00:00,63775.0,46.0,0.0007215460220188502,119.3335199474602,15.405891180027464,46.0,0.0,0.015090543259557344,0.02722222222222222
1709680680,63783.0,63842.0,63783.0,63784.0,2.76121582,2024-03-05 23:18:00+00:00,63784.0,9.0,0.0001411111723192213,118.97586874922496,15.359718608876923,67.0,0.0,0.015351157733145708,0.026944444444444444
1709680740,63779.0,63820.0,63745.0,63820.0,0.52599188,2024-03-05 23:19:00+00:00,63820.0,36.0,0.0005642456499031207,116.55306494962961,15.046935983311563,36.0,39.0,0.015594541910331383,0.02722222222222222
1709680800,63808.0,63821.0,63708.0,63708.0,2.21886908,2024-03-05 23:20:00+00:00,63708.0,-112.0,-0.00175647746056273,111.79360017258617,14.432491722699893,1.0,112.0,0.015919342000530644,0.0275
1709680860,63696.0,63736.0,63656.0,63677.0,1.61797815,2024-03-05 23:21:00+00:00,63677.0,-31.0,-0.00048671351590798647,111.38835585109008,14.38017490575658,28.0,52.0,0.0163265306122449,0.0275
1709680920,63639.0,63691.0,63609.0,63689.0,0.33854768,2024-03-05 23:22:00+00:00,63689.0,12.0,0.00018843333441422543,109.13342660367593,14.08906479168621,14.0,68.0,0.016492578339747113,0.027777777777777776
1709680980,63701.0,63751.0,63701.0,63710.0,0.93904394,2024-03-05 23:23:00+00:00,63710.0,21.0,0.00032967292035563755,109.03367411215453,14.076186800406042,62.0,0.0,0.016706111652512876,0.0275
1709681040,63687.0,63712.0,63608.0,63633.0,1.03754878,2024-03-05 23:24:00+00:00,63633.0,-77.0,-0.0012093324232078275,108.14373543633643,13.961296211386395,2.0,102.0,0.016790261648244018,0.0275
1709681100,63641.0,63742.0,63641.0,63712.0,1.8863758,2024-03-05 23:25:00+00:00,63712.0,79.0,0.001240724176596882,95.16823492034062,12.286166297814479,109.0,0.0,0.017584994138335287,0.0275
1709681160,63688.0,63725.0,63607.0,63699.0,3.43677742,2024-03-05 23:26:00+00:00,63699.0,-13.0,-0.00020406401401943031,90.62147479993519,11.699182090296802,13.0,105.0,0.018478595626732368,0.0275
1709681220,63705.0,63819.0,63705.0,63787.0,1.82393206,2024-03-05 23:27:00+00:00,63787.0,88.0,0.0013805439652450253,88.1314247167201,11.377718006846322,120.0,0.0,0.01865381625990984,0.0275
1709681280,63799.0,63825.0,63726.0,63726.0,1.71593135,2024-03-05 23:28:00+00:00,63726.0,-61.0,-0.0009567652655538529,88.60338051986537,11.438647239037241,38.0,61.0,0.018467220683287166,0.0275
1709681340,63741.0,63842.0,63740.0,63835.0,0.54952537,2024-03-05 23:29:00+00:00,63835.0,109.0,0.0017089867048564957,87.85158742122657,11.341591167343182,116.0,0.0,0.018630647414997672,0.02722222222222222
1709681400,63830.0,63859.0,63783.0,63790.0,2.2754185,2024-03-05 23:30:00+00:00,63790.0,-45.0,-0.0007051910184501717,87.48010266101633,11.293632691021045,24.0,52.0,0.019002375296912115,0.02722222222222222
1709681460,63807.0,63820.0,63742.0,63771.0,1.498844,2024-03-05 23:31:00+00:00,63771.0,-19.0,-0.0002978966947657891,86.1436915462785,11.12110275798551,30.0,48.0,0.01915097350781998,0.0275
1709681520,63773.0,63818.0,63767.0,63767.0,2.23450782,2024-03-05 23:32:00+00:00,63767.0,-4.0,-6.272640313176633e-05,86.06469121217111,11.110903858707418,47.0,4.0,0.019209220425804387,0.0275
1709681580,63748.0,63806.0,63718.0,63751.0,6.07631111,2024-03-05 23:33:00+00:00,63751.0,-16.0,-0.00025094496594931187,83.17539156933317,10.737896878743605,39.0,49.0,0.01946787800129786,0.0275
1709681640,63757.0,63817.0,63757.0,63817.0,1.6877999,2024-03-05 23:34:00+00:00,63817.0,66.0,0.001034742347435159,82.91574070402562,10.704376096171455,66.0,0.0,0.01972062448644207,0.02722222222222222
1709681700,63830.0,63864.0,63818.0,63864.0,8.65493662,2024-03-05 23:35:00+00:00,63864.0,47.0,0.0007362098060455027,82.93086597325198,10.706328760032141,47.0,0.0,0.01980524839082357,0.02722222222222222
1709681760,63861.0,63877.0,63849.0,63877.0,0.7048857,2024-03-05 23:36:00+00:00,63877.0,13.0,0.00020353684478572275,81.58682422429301,10.532813716354623,13.0,15.0,0.020219039595619208,0.02722222222222222
1709681820,63867.0,63907.0,63867.0,63886.0,0.29877278,2024-03-05 23:37:00+00:00,63886.0,9.0,0.0001408858592061895,81.48671341560458,10.5198894665271,30.0,10.0,0.02021563342318059,0.0275
1709681880,63873.0,63921.0,63851.0,63888.0,1.4688004,2024-03-05 23:38:00+00:00,63888.0,2.0,3.1305273375759136e-05,79.89603944279155,10.314534339662085,35.0,35.0,0.02053388090349076,0.0275
1709681940,63892.0,64068.0,63861.0,64037.0,2.33730318,2024-03-05 23:39:00+00:00,64037.0,149.0,0.0023294909889292207,81.62145468200634,10.537284489221133,180.0,27.0,0.019970044932601096,0.0275
1709682000,64023.0,64105.0,63950.0,64081.0,1.74785733,2024-03-05 23:40:00+00:00,64081.0,44.0,0.0006868668216782017,80.99034608020962,10.455808719074232,68.0,87.0,0.019688269073010665,0.027777777777777776
1709682060,64106.0,64111.0,63985.0,64018.0,2.17530143,2024-03-05 23:41:00+00:00,64018.0,-63.0,-0.0009836143151681334,81.51665456672917,10.523754852516161,30.0,96.0,0.01934547799451878,0.028055555555555556
1709682120,64007.0,64093.0,64007.0,64093.0,0.16416357,2024-03-05 23:42:00+00:00,64093.0,75.0,0.001170859778913713,78.66121845061662,10.155119635054058,75.0,11.0,0.019792182088075212,0.028055555555555556
1709682180,64093.0,64132.0,64041.0,64073.0,0.7842158,2024-03-05 23:43:00+00:00,64073.0,-20.0,-0.0003120952540040571,77.29875273988112,9.979226068138818,39.0,52.0,0.019956760352569432,0.028055555555555556
1709682240,64055.0,64224.0,64017.0,64173.0,1.71229111,2024-03-05 23:44:00+00:00,64173.0,100.0,0.0015595031465633212,75.1392304645336,9.70043294119932,151.0,56.0,0.020130850528434826,0.028055555555555556
1709682300,64182.0,64272.0,64101.0,64248.0,2.86426009,2024-03-05 23:45:00+00:00,64248.0,75.0,0.00116803339838323,73.31069052077468,9.464369449530876,99.0,72.0,0.020174848688634835,0.028055555555555556
1709682360,64259.0,64344.0,64195.0,64316.0,0.92228509,2024-03-05 23:46:00+00:00,64316.0,68.0,0.0010578389960041073,72.1803219032482,9.31843948850569,96.0,53.0,0.020161290322580645,0.028055555555555556
1709682420,64300.0,64380.0,64233.0,64358.0,0.48837046,2024-03-05 23:47:00+00:00,64358.0,42.0,0.0006528125571843956,72.1803219032482,9.31843948850569,64.0,83.0,0.019828155981493723,0.028055555555555556
1709682480,64361.0,64380.0,64306.0,64353.0,0.87495633,2024-03-05 23:48:00+00:00,64353.0,-5.0,-7.769343727439385e-05,70.45165830689953,9.09526997784391,22.0,52.0,0.020456870098874872,0.028333333333333332
1709682540,64380.0,64459.0,64378.0,64391.0,1.06308895,2024-03-05 23:49:00+00:00,64391.0,38.0,0.0005903187892795457,69.39226906255301,8.958503414493732,106.0,0.0,0.02049530315969257,0.028055555555555556
1709682600,64379.0,64408.0,64312.0,64398.0,0.77057371,2024-03-05 23:50:00+00:00,64398.0,7.0,0.00010870493608767433,69.42053132533313,8.962152056929517,17.0,79.0,0.02032176121930567,0.028055555555555556
1709682660,64395.0,64424.0,64310.0,64401.0,0.93451341,2024-03-05 23:51:00+00:00,64401.0,3.0,4.6584212618809176e-05,68.31454337224415,8.81936962614886,26.0,88.0,0.02034587995930824,0.028333333333333332
1709682720,64411.0,64423.0,64359.0,64359.0,0.62752072,2024-03-05 23:52:00+00:00,64359.0,-42.0,-0.000652376537582864,68.53648457219087,8.84802211185656,22.0,42.0,0.020387359836901122,0.028333333333333332
1709682780,64360.0,64361.0,64190.0,64194.0,1.25905123,2024-03-05 23:53:00+00:00,64194.0,-165.0,-0.0025670360179537556,60.50698003345065,7.811417533295302,2.0,169.0,0.020968023763760266,0.028333333333333332
1709682840,64202.0,64214.0,63989.0,64068.0,2.52426305,2024-03-05 23:54:00+00:00,64068.0,-126.0,-0.0019647290784750105,60.88071833024651,7.859666939939645,20.0,205.0,0.020604395604395604,0.02861111111111111
1709682900,64038.0,64039.0,63830.0,63891.0,3.51932962,2024-03-05 23:55:00+00:00,63891.0,-177.0,-0.002766512912581277,65.09166938809334,8.403298383897488,0.0,238.0,0.020050125313283207,0.02861111111111111
1709682960,63877.0,63931.0,63834.0,63931.0,0.32411176,2024-03-05 23:56:00+00:00,63931.0,40.0,0.0006258703713870361,65.09166938809334,8.403298383897488,40.0,57.0,0.01999000499750125,0.02861111111111111
1709683020,63891.0,63929.0,63830.0,63830.0,0.65539611,2024-03-05 23:57:00+00:00,63830.0,-101.0,-0.0015810774968892994,66.15326110481851,8.540349285209098,0.0,101.0,0.019983347210657785,0.02861111111111111
1709683080,63827.0,63829.0,63743.0,63805.0,0.34190875,2024-03-05 23:58:00+00:00,63805.0,-25.0,-0.00039174208202627465,66.26064779586537,8.554212847410058,0.0,87.0,0.019940179461615155,0.028333333333333332
1709683140,63777.0,63908.0,63777.0,63796.0,0.53129762,2024-03-05 23:59:00+00:00,63796.0,-9.0,-0.00014106472543201526,65.96426014001251,8.515949365572073,103.0,28.0,0.01999000499750125,0.028333333333333332
