Timestamp,Open,High,Low,Close,Volume,Datetime,mid_price,price_diff,log_return,rolling_stdev,sigma,delta_ask,delta_bid,kappa,A
1718323200,66765.0,66769.0,66764.0,66768.0,0.29274409,2024-06-14 00:00:00+00:00,66768.0,,,,,,,,
1718323260,66784.0,66805.0,66784.0,66805.0,0.25668295,2024-06-14 00:01:00+00:00,66805.0,37.0,0.000554004191660516,,,37.0,0.0,,
1718323320,66819.0,66825.0,66818.0,66818.0,0.82095205,2024-06-14 00:02:00+00:00,66818.0,13.0,0.0001945772814711373,,,20.0,0.0,,
1718323380,66844.0,66846.0,66839.0,66844.0,1.00578898,2024-06-14 00:03:00+00:00,66844.0,26.0,0.0003890410188077123,,,28.0,0.0,,
1718323440,66832.0,66861.0,66828.0,66856.0,0.6021495,2024-06-14 00:04:00+00:00,66856.0,12.0,0.00017950635799888278,,,17.0,16.0,,
1718323500,66853.0,66853.0,66801.0,66801.0,1.03657799,2024-06-14 00:05:00+00:00,66801.0,-55.0,-0.0008230022087050033,,,0.0,55.0,,
1718323560,66795.0,66795.0,66783.0,66785.0,0.67406557,2024-06-14 00:06:00+00:00,66785.0,-16.0,-0.00023954606136133386,,,0.0,18.0,,
1718323620,66780.0,66793.0,66780.0,66793.0,0.84454257,2024-06-14 00:07:00+00:00,66793.0,8.0,0.00011978020347003338,,,8.0,5.0,,
1718323680,66794.0,66794.0,66792.0,66792.0,0.96352001,2024-06-14 00:08:00+00:00,66792.0,-1.0,-1.4971740839468545e-05,,,1.0,1.0,,
1718323740,66785.0,66785.0,66754.0,66756.0,0.91885516,2024-06-14 00:09:00+00:00,66756.0,-36.0,-0.0005391320105429027,,,0.0,38.0,,
1718323800,66736.0,66760.0,66713.0,66760.0,0.01534208,2024-06-14 00:10:00+00:00,66760.0,4.0,5.991791247792252e-05,,,4.0,43.0,,
1718323860,66769.0,66769.0,66769.0,66769.0,0.00089,2024-06-14 00:11:00+00:00,66769.0,9.0,0.00013480217800822058,,,9.0,0.0,,
1718323920,66798.0,66801.0,66777.0,66787.0,0.36151391,2024-06-14 00:12:00+00:00,66787.0,18.0,0.0002695498533797155,,,32.0,0.0,,
1718323980,66776.0,66790.0,66776.0,66786.0,0.0219396,2024-06-14 00:13:00+00:00,66786.0,-1.0,-1.4973085878369905e-05,,,3.0,11.0,,
1718324040,66722.0,66728.0,66715.0,66728.0,0.27644607,2024-06-14 00:14:00+00:00,66728.0,-58.0,-0.0008688227998330345,,,0.0,71.0,,
1718324100,66703.0,66745.0,66703.0,66712.0,0.00429911,2024-06-14 00:15:00+00:00,66712.0,-16.0,-0.00023980815462645177,,,17.0,25.0,,
1718324160,66706.0,66706.0,66665.0,66698.0,0.1356229,2024-06-14 00:16:00+00:00,66698.0,-14.0,-0.0002098793201617969,,,0.0,47.0,,
1718324220,66680.0,66681.0,66680.0,66681.0,0.00534476,2024-06-14 00:17:00+00:00,66681.0,-17.0,-0.00025491269378322,,,0.0,18.0,,
1718324280,66707.0,66718.0,66691.0,66691.0,0.04364858,2024-06-14 00:18:00+00:00,66691.0,10.0,0.0001499565128924118,,,37.0,0.0,,
1718324340,66698.0,66698.0,66666.0,66666.0,0.00411438,2024-06-14 00:19:00+00:00,66666.0,-25.0,-0.0003749334537049683,,,7.0,25.0,,
1718324400,66715.0,66716.0,66705.0,66705.0,0.08701855,2024-06-14 00:20:00+00:00,66705.0,39.0,0.0005848348008428042,,,50.0,0.0,,
1718324460,66729.0,66729.0,66629.0,66650.0,1.04587833,2024-06-14 00:21:00+00:00,66650.0,-55.0,-0.0008248660060517521,,,24.0,76.0,,
1718324520,66709.0,66709.0,66705.0,66709.0,0.02363315,2024-06-14 00:22:00+00:00,66709.0,59.0,0.0008848297280179546,,,59.0,0.0,,
1718324580,66699.0,66699.0,66668.0,66688.0,0.1800813,2024-06-14 00:23:00+00:00,66688.0,-21.0,-0.0003148496618886452,,,0.0,41.0,,
1718324640,66684.0,66704.0,66684.0,66689.0,0.13766709,2024-06-14 00:24:00+00:00,66689.0,1.0,1.4995089108673009e-05,,,16.0,4.0,,
1718324700,66686.0,66686.0,66647.0,66656.0,0.14557762,2024-06-14 00:25:00+00:00,66656.0,-33.0,-0.0004949567013941287,,,0.0,42.0,,
1718324760,66656.0,66656.0,66655.0,66655.0,0.08045929,2024-06-14 00:26:00+00:00,66655.0,-1.0,-1.500251292123514e-05,,,0.0,1.0,,
1718324820,66682.0,66763.0,66679.0,66763.0,0.10815608,2024-06-14 00:27:00+00:00,66763.0,108.0,0.0016189723064301401,,,108.0,0.0,,
1718324880,66780.0,66791.0,66780.0,66789.0,6.5665707,2024-06-14 00:28:00+00:00,66789.0,26.0,0.00038936145214558417,,,28.0,0.0,,
1718324940,66770.0,66770.0,66748.0,66755.0,0.11429523,2024-06-14 00:29:00+00:00,66755.0,-34.0,-0.0005091954821576346,,,0.0,41.0,,
1718325000,66750.0,66754.0,66737.0,66750.0,0.19769311,2024-06-14 00:30:00+00:00,66750.0,-5.0,-7.490356169936849e-05,,,0.0,18.0,,
1718325060,66773.0,66773.0,66738.0,66738.0,0.02013615,2024-06-14 00:31:00+00:00,66738.0,-12.0,-0.00017979144241165335,,,23.0,12.0,,
1718325120,66743.0,66759.0,66738.0,66751.0,0.07317025,2024-06-14 00:32:00+00:00,66751.0,13.0,0.00019477260360182812,,,21.0,0.0,,
1718325180,66748.0,66748.0,66693.0,66693.0,0.23279645,2024-06-14 00:33:00+00:00,66693.0,-58.0,-0.0008692785535848464,,,0.0,58.0,,
1718325240,66691.0,66722.0,66691.0,66713.0,0.01818833,2024-06-14 00:34:00+00:00,66713.0,20.0,0.00029983659130521914,,,29.0,2.0,,
1718325300,66713.0,66740.0,66695.0,66740.0,0.71822292,2024-06-14 00:35:00+00:00,66740.0,27.0,0.0004046368439584022,,,27.0,18.0,,
1718325360,66736.0,66739.0,66724.0,66724.0,0.3876,2024-06-14 00:36:00+00:00,66724.0,-16.0,-0.00023976503141893797,,,0.0,16.0,,
1718325420,66715.0,66715.0,66702.0,66702.0,0.07904538,2024-06-14 00:37:00+00:00,66702.0,-22.0,-0.0003297708122760413,,,0.0,22.0,,
1718325480,66703.0,66705.0,66651.0,66651.0,0.86861776,2024-06-14 00:38:00+00:00,66651.0,-51.0,-0.0007648872164326402,,,3.0,51.0,,
1718325540,66638.0,66657.0,66608.0,66657.0,0.05241979,2024-06-14 00:39:00+00:00,66657.0,6.0,9.001710331045955e-05,,,6.0,43.0,,
1718325600,66678.0,66697.0,66660.0,66697.0,0.18210893,2024-06-14 00:40:00+00:00,66697.0,40.0,0.0005999070324043935,,,40.0,0.0,,
1718325660,66690.0,66690.0,66682.0,66682.0,0.00622576,2024-06-14 00:41:00+00:00,66682.0,-15.0,-0.00022492296483309394,,,0.0,15.0,,
1718325720,66704.0,66704.0,66680.0,66680.0,0.01488546,2024-06-14 00:42:00+00:00,66680.0,-2.0,-2.999355138875483e-05,,,22.0,2.0,,
1718325780,66679.0,66697.0,66678.0,66697.0,0.01106269,2024-06-14 00:43:00+00:00,66697.0,17.0,0.0002549165162218115,,,17.0,2.0,,
1718325840,66695.0,66695.0,66665.0,66665.0,0.05704207,2024-06-14 00:44:00+00:00,66665.0,-32.0,-0.000479896831393314,,,0.0,32.0,,
1718325900,66655.0,66681.0,66637.0,66681.0,0.01336445,2024-06-14 00:45:00+00:00,66681.0,16.0,0.0002399772033174127,,,16.0,28.0,,
1718325960,66676.0,66681.0,66655.0,66661.0,0.19201157,2024-06-14 00:46:00+00:00,66661.0,-20.0,-0.0002999805035169953,,,0.0,26.0,,
1718326020,66665.0,66665.0,66657.0,66663.0,0.1766205,2024-06-14 00:47:00+00:00,66663.0,2.0,3.000210014917131e-05,,,4.0,4.0,,
1718326080,66659.0,66659.0,66634.0,66634.0,0.01802353,2024-06-14 00:48:00+00:00,66634.0,-29.0,-0.00043511857667534573,,,0.0,29.0,,
1718326140,66635.0,66656.0,66615.0,66649.0,0.32340898,2024-06-14 00:49:00+00:00,66649.0,15.0,0.00022508497052625104,,,22.0,19.0,,
1718326200,66649.0,66655.0,66601.0,66601.0,0.0330605,2024-06-14 00:50:00+00:00,66601.0,-48.0,-0.0007204503125882814,,,6.0,48.0,,
1718326260,66601.0,66617.0,66583.0,66617.0,1.1880945,2024-06-14 00:51:00+00:00,66617.0,16.0,0.0002402077808844636,,,16.0,18.0,,
1718326320,66624.0,66633.0,66624.0,66628.0,0.00300845,2024-06-14 00:52:00+00:00,66628.0,11.0,0.00016510938534273337,,,16.0,0.0,,
1718326380,66624.0,66662.0,66608.0,66662.0,0.75674873,2024-06-14 00:53:00+00:00,66662.0,34.0,0.0005101658149513659,,,34.0,20.0,,
1718326440,66674.0,66697.0,66664.0,66697.0,0.00830395,2024-06-14 00:54:00+00:00,66697.0,35.0,0.0005248989690023896,,,35.0,0.0,,
1718326500,66688.0,66688.0,66665.0,66680.0,0.01991581,2024-06-14 00:55:00+00:00,66680.0,-17.0,-0.00025491651622185844,,,0.0,32.0,,
1718326560,66700.0,66743.0,66693.0,66710.0,0.02527387,2024-06-14 00:56:00+00:00,66710.0,30.0,0.0004498088388308313,,,63.0,0.0,,
1718326620,66708.0,66711.0,66693.0,66697.0,0.0297049,2024-06-14 00:57:00+00:00,66697.0,-13.0,-0.00019489232260903313,,,1.0,17.0,,
1718326680,66693.0,66693.0,66672.0,66673.0,0.16494351,2024-06-14 00:58:00+00:00,66673.0,-24.0,-0.0003599010311023003,,,0.0,25.0,,
1718326740,66680.0,66698.0,66669.0,66686.0,0.02972863,2024-06-14 00:59:00+00:00,66686.0,13.0,0.00019496247034209,,,25.0,4.0,,0.023055555555555555
1718326800,66683.0,66712.0,66672.0,66677.0,0.03927002,2024-06-14 01:00:00+00:00,66677.0,-9.0,-0.0001349699693867737,30.66798234711468,3.9592194964052734,26.0,14.0,0.05687203791469195,0.02361111111111111
1718326860,66680.0,66700.0,66670.0,66670.0,0.01655013,2024-06-14 01:01:00+00:00,66670.0,-7.0,-0.0001049892386994603,30.254639649795582,3.905857183638829,23.0,7.0,0.05706134094151213,0.02388888888888889
1718326920,66648.0,66675.0,66642.0,66668.0,0.00662723,2024-06-14 01:02:00+00:00,66668.0,-2.0,-2.999895003901471e-05,30.188391528050104,3.8973045878975707,5.0,28.0,0.05671077504725898,0.024166666666666666
1718326980,66653.0,66662.0,66625.0,66657.0,0.43375837,2024-06-14 01:03:00+00:00,66657.0,-11.0,-0.0001650103135189648,29.973486400578253,3.8695604552404688,0.0,43.0,0.05631159080244017,0.024166666666666666
1718327040,66653.0,66660.0,66638.0,66638.0,0.02302758,2024-06-14 01:04:00+00:00,66638.0,-19.0,-0.00028508196299451157,29.97567752258242,3.869843327874857,3.0,19.0,0.056603773584905655,0.024166666666666666
1718327100,66627.0,66633.0,66603.0,66603.0,0.04593037,2024-06-14 01:05:00+00:00,66603.0,-35.0,-0.0005253638265251525,29.502255012921598,3.8087247446869874,0.0,35.0,0.05714285714285714,0.024166666666666666
1718327160,66600.0,66601.0,66579.0,66601.0,0.09403319,2024-06-14 01:06:00+00:00,66601.0,-2.0,-3.0029128256642923e-05,29.45543411443899,3.8026801926844005,0.0,24.0,0.05698005698005698,0.024166666666666666
1718327220,66564.0,66564.0,66519.0,66530.0,4.50193472,2024-06-14 01:07:00+00:00,66530.0,-71.0,-0.001066618694838068,30.692069127783363,3.962329086418392,0.0,82.0,0.05517241379310345,0.02388888888888889
1718327280,66549.0,66578.0,66530.0,66571.0,0.0288535,2024-06-14 01:08:00+00:00,66571.0,41.0,0.0006160735275736414,31.244520423542667,4.033650242020609,48.0,0.0,0.0540297163439892,0.02361111111111111
1718327340,66583.0,66584.0,66546.0,66553.0,0.11447497,2024-06-14 01:09:00+00:00,66553.0,-18.0,-0.000270424568217461,31.01453550239594,4.0039593163712714,13.0,25.0,0.0540297163439892,0.02388888888888889
1718327400,66542.0,66576.0,66530.0,66572.0,0.1253113,2024-06-14 01:10:00+00:00,66572.0,19.0,0.0002854460113278327,31.135279823979644,4.019547341259365,23.0,23.0,0.05405405405405406,0.02388888888888889
1718327460,66581.0,66604.0,66579.0,66579.0,0.00911,2024-06-14 01:11:00+00:00,66579.0,7.0,0.0001051437842215731,31.123137976658523,4.017979835510468,32.0,0.0,0.05349977708426215,0.02388888888888889
1718327520,66607.0,66657.0,66607.0,66657.0,0.0331911,2024-06-14 01:12:00+00:00,66657.0,78.0,0.001170854857708951,32.736838041749714,4.226307618106202,78.0,0.0,0.05242463958060289,0.02388888888888889
1718327580,66658.0,66702.0,66658.0,66695.0,0.05075595,2024-06-14 01:13:00+00:00,66695.0,38.0,0.0005699202265966013,33.1450288558195,4.279004825605106,45.0,0.0,0.05172413793103449,0.02361111111111111
1718327640,66686.0,66710.0,66673.0,66688.0,0.10488923,2024-06-14 01:14:00+00:00,66688.0,-7.0,-0.0001049609021603806,32.31553473657421,4.17191759528464,15.0,22.0,0.05249343832020997,0.02388888888888889
1718327700,66674.0,66725.0,66674.0,66701.0,0.01837369,2024-06-14 01:15:00+00:00,66701.0,13.0,0.00019491862209275386,32.29917964360267,4.169806161861159,37.0,14.0,0.05228758169934641,0.02388888888888889
1718327760,66688.0,66703.0,66683.0,66697.0,0.01955571,2024-06-14 01:16:00+00:00,66697.0,-4.0,-5.997091412465728e-05,32.25244264388629,4.163772441142717,2.0,18.0,0.052910052910052914,0.024166666666666666
1718327820,66683.0,66692.0,66683.0,66688.0,0.00260165,2024-06-14 01:17:00+00:00,66688.0,-9.0,-0.00013494770796804528,32.19753210179823,4.156683520641441,0.0,14.0,0.053003533568904596,0.024166666666666666
1718327880,66689.0,66707.0,66682.0,66698.0,0.01311444,2024-06-14 01:18:00+00:00,66698.0,10.0,0.0001499407736755101,32.19753210179823,4.156683520641441,19.0,6.0,0.05328596802841919,0.024444444444444446
1718327940,66705.0,66707.0,66694.0,66707.0,0.08692851,2024-06-14 01:19:00+00:00,66707.0,9.0,0.00013492747668616698,32.046836310533436,4.1372287776443715,9.0,4.0,0.053739364084191665,0.024444444444444446
1718328000,66695.0,66698.0,66689.0,66698.0,0.0896767,2024-06-14 01:20:00+00:00,66698.0,-9.0,-0.00013492747668610234,31.671027056321677,4.088712011547279,0.0,18.0,0.05452067242162654,0.024444444444444446
1718328060,66677.0,66687.0,66673.0,66678.0,0.069027,2024-06-14 01:21:00+00:00,66678.0,-20.0,-0.00029990403295800756,30.9573061208479,3.9965710349829613,0.0,25.0,0.05644402634054563,0.024166666666666666
1718328120,66694.0,66698.0,66694.0,66696.0,0.02895107,2024-06-14 01:22:00+00:00,66696.0,18.0,0.00026991767674789676,30.083551261398227,3.8837697676724154,20.0,0.0,0.057498802108289414,0.024166666666666666
1718328180,66698.0,66698.0,66678.0,66678.0,0.10593156,2024-06-14 01:23:00+00:00,66678.0,-18.0,-0.0002699176767478582,30.05089844206228,3.879554306822587,2.0,18.0,0.05808325266214909,0.024444444444444446
1718328240,66678.0,66685.0,66671.0,66672.0,0.00934093,2024-06-14 01:24:00+00:00,66672.0,-6.0,-8.99887514668198e-05,30.059879036410237,3.8807136965675433,7.0,7.0,0.058252427184466014,0.024444444444444446
1718328300,66659.0,66683.0,66650.0,66650.0,0.05113664,2024-06-14 01:25:00+00:00,66650.0,-22.0,-0.00033002805537997925,29.890024411532917,3.858785558786671,11.0,22.0,0.05850804485616773,0.024722222222222222
1718328360,66658.0,66660.0,66655.0,66656.0,0.07861044,2024-06-14 01:26:00+00:00,66656.0,6.0,9.001845384380332e-05,29.900111482512344,3.860087794050515,10.0,0.0,0.058252427184466014,0.024722222222222222
1718328420,66658.0,66658.0,66603.0,66603.0,0.08506702,2024-06-14 01:27:00+00:00,66603.0,-53.0,-0.0007954435016705513,27.14222844520603,3.504046624908006,2.0,53.0,0.059790732436472344,0.025
1718328480,66603.0,66603.0,66603.0,66603.0,0.0,2024-06-14 01:28:00+00:00,66603.0,0.0,0.0,26.883111704474505,3.4705947975221147,0.0,0.0,0.0606366851945427,0.024722222222222222
1718328540,66579.0,66579.0,66558.0,66569.0,0.02000941,2024-06-14 01:29:00+00:00,66569.0,-34.0,-0.0005106178586900515,26.883111704474505,3.4705947975221147,0.0,45.0,0.06051437216338881,0.024722222222222222
1718328600,66607.0,66633.0,66607.0,66615.0,0.07876912,2024-06-14 01:30:00+00:00,66615.0,46.0,0.0006907736939743811,27.61823580811313,3.56549891121505,64.0,0.0,0.059142434696895015,0.024722222222222222
1718328660,66626.0,66626.0,66602.0,66612.0,0.26835939,2024-06-14 01:31:00+00:00,66612.0,-3.0,-4.503591615074948e-05,27.588808834042762,3.561699905198256,11.0,13.0,0.05946481665014866,0.024722222222222222
1718328720,66603.0,66603.0,66554.0,66554.0,0.01198,2024-06-14 01:32:00+00:00,66554.0,-58.0,-0.0008710932770760184,28.439702295675787,3.6715497787416385,0.0,58.0,0.058394160583941604,0.024722222222222222
1718328780,66534.0,66534.0,66463.0,66479.0,4.1565832,2024-06-14 01:33:00+00:00,66479.0,-75.0,-0.0011275399028198593,29.071721169401243,3.7531430644892207,0.0,91.0,0.0574712643678161,0.024722222222222222
1718328840,66481.0,66494.0,66470.0,66479.0,0.24900192,2024-06-14 01:34:00+00:00,66479.0,0.0,0.0,28.911143825316486,3.732412618508605,15.0,9.0,0.057664584334454594,0.024722222222222222
1718328900,66483.0,66513.0,66482.0,66508.0,0.01064909,2024-06-14 01:35:00+00:00,66508.0,29.0,0.0004361328620042352,28.948502883725084,3.7372356522101544,34.0,0.0,0.057971014492753624,0.024444444444444446
1718328960,66507.0,66542.0,66507.0,66542.0,0.05459,2024-06-14 01:36:00+00:00,66542.0,34.0,0.0005110860689981004,29.310706476035232,3.783995934908611,34.0,1.0,0.05744375299186213,0.024722222222222222
1718329020,66482.0,66553.0,66482.0,66518.0,0.62415859,2024-06-14 01:37:00+00:00,66518.0,-24.0,-0.0003607395199198516,29.33376989916528,3.786973410031585,11.0,60.0,0.05612722170252572,0.025
1718329080,66504.0,66504.0,66485.0,66485.0,0.03420249,2024-06-14 01:38:00+00:00,66485.0,-33.0,-0.0004962294185419584,28.92442910188646,3.7341277403387805,0.0,33.0,0.05668398677373642,0.024722222222222222
1718329140,66503.0,66503.0,66494.0,66494.0,0.00570522,2024-06-14 01:39:00+00:00,66494.0,9.0,0.00013535971865852444,28.94242775397021,3.736451356331265,18.0,0.0,0.05752636625119847,0.024444444444444446
1718329200,66487.0,66542.0,66487.0,66541.0,0.05190789,2024-06-14 01:40:00+00:00,66541.0,47.0,0.0007065810043285779,29.131030691558824,3.760799890875482,48.0,7.0,0.05711565920990005,0.024722222222222222
1718329260,66587.0,66605.0,66584.0,66605.0,0.23094174,2024-06-14 01:41:00+00:00,66605.0,64.0,0.0009613507717698502,30.322051978027346,3.9145600777911858,64.0,0.0,0.05581395348837209,0.024722222222222222
1718329320,66651.0,66651.0,66622.0,66650.0,0.42126736,2024-06-14 01:42:00+00:00,66650.0,45.0,0.0006753968212916673,30.904719622013307,3.9897821471755703,46.0,0.0,0.055248618784530384,0.024444444444444446
1718329380,66628.0,66637.0,66623.0,66623.0,0.00566515,2024-06-14 01:43:00+00:00,66623.0,-27.0,-0.00040518335100714483,31.004300776935235,4.002638018995861,0.0,27.0,0.055045871559633024,0.024166666666666666
1718329440,66616.0,66629.0,66609.0,66615.0,0.0158463,2024-06-14 01:44:00+00:00,66615.0,-8.0,-0.00012008586153521325,30.75444940479492,3.970382345551644,6.0,14.0,0.055350553505535055,0.024444444444444446
1718329500,66620.0,66627.0,66620.0,66627.0,0.02439,2024-06-14 01:45:00+00:00,66627.0,12.0,0.00018012338500544874,30.721659118332965,3.96614913777216,12.0,0.0,0.056179775280898875,0.024166666666666666
1718329560,66624.0,66639.0,66624.0,66639.0,0.00238,2024-06-14 01:46:00+00:00,66639.0,12.0,0.00018009094641436934,30.662164985237442,3.958468478216293,12.0,3.0,0.05647058823529412,0.024444444444444446
1718329620,66634.0,66667.0,66634.0,66664.0,0.1974167,2024-06-14 01:47:00+00:00,66664.0,25.0,0.0003750853363105709,30.835535117599314,3.9808504660618698,28.0,5.0,0.05581395348837209,0.024444444444444446
1718329680,66646.0,66666.0,66646.0,66666.0,0.04881271,2024-06-14 01:48:00+00:00,66666.0,2.0,3.000075002103413e-05,30.599915069488137,3.9504320486496307,2.0,18.0,0.05604857543204111,0.024722222222222222
1718329740,66664.0,66702.0,66657.0,66690.0,0.06286784,2024-06-14 01:49:00+00:00,66690.0,24.0,0.00035993881428821213,30.69394666024428,3.9625714748168286,36.0,9.0,0.055944055944055944,0.024722222222222222
1718329800,66701.0,66703.0,66687.0,66687.0,0.24074289,2024-06-14 01:50:00+00:00,66687.0,-3.0,-4.49852673325489e-05,30.02674890356121,3.8764366148081457,13.0,3.0,0.05695301376364499,0.024722222222222222
1718329860,66708.0,66708.0,66703.0,66703.0,0.21214321,2024-06-14 01:51:00+00:00,66703.0,16.0,0.00023989804448213802,30.02674890356121,3.8764366148081457,21.0,0.0,0.05730659025787966,0.024444444444444446
1718329920,66711.0,66759.0,66711.0,66759.0,20.42781744,2024-06-14 01:52:00+00:00,66759.0,56.0,0.0008391902307240878,30.82124056647456,3.9790050474469476,56.0,0.0,0.05623242736644798,0.024444444444444446
1718329980,66746.0,66746.0,66692.0,66695.0,0.24214237,2024-06-14 01:53:00+00:00,66695.0,-64.0,-0.0009591320590812959,31.691000166063294,4.0912905289273205,0.0,67.0,0.05589194224499302,0.024166666666666666
1718330040,66685.0,66715.0,66685.0,66705.0,0.01675706,2024-06-14 01:54:00+00:00,66705.0,10.0,0.00014992503776211106,31.39333118574474,4.05286162881211,20.0,10.0,0.05602240896358543,0.024444444444444446
1718330100,66707.0,66750.0,66707.0,66742.0,0.00857291,2024-06-14 01:55:00+00:00,66742.0,37.0,0.0005545272797159196,31.66667856080657,4.088150623190243,45.0,0.0,0.055684454756380515,0.024444444444444446
1718330160,66758.0,66767.0,66758.0,66765.0,0.14854212,2024-06-14 01:56:00+00:00,66765.0,23.0,0.00034455122544199435,31.570900389637757,4.075785714461342,25.0,0.0,0.05668398677373642,0.024444444444444446
1718330220,66767.0,66781.0,66751.0,66754.0,1.09164175,2024-06-14 01:57:00+00:00,66754.0,-11.0,-0.00016477055737217167,31.557010556360336,4.073992544695841,16.0,14.0,0.05636449037106623,0.024444444444444446
1718330280,66780.0,66781.0,66766.0,66766.0,0.01098399,2024-06-14 01:58:00+00:00,66766.0,12.0,0.00017974835279063582,31.416515682473747,4.055854734469499,27.0,0.0,0.05631159080244017,0.024444444444444446
1718330340,66766.0,66791.0,66766.0,66791.0,0.74450505,2024-06-14 01:59:00+00:00,66791.0,25.0,0.00037437199535752353,31.528639119786998,4.070329807983957,25.0,0.0,0.05641748942172073,0.024166666666666666
1718330400,66763.0,66799.0,66763.0,66795.0,0.58735296,2024-06-14 02:00:00+00:00,66795.0,4.0,5.98865150718047e-05,31.498166030371298,4.066395749056807,8.0,28.0,0.05652378709373528,0.024166666666666666
1718330460,66779.0,66779.0,66754.0,66754.0,0.01133,2024-06-14 02:01:00+00:00,66754.0,-41.0,-0.0006140068632202678,31.964599062405572,4.126611994563133,0.0,41.0,0.05623242736644798,0.02388888888888889
1718330520,66751.0,66753.0,66734.0,66736.0,0.25653535,2024-06-14 02:02:00+00:00,66736.0,-18.0,-0.0002696831239657046,32.06004254026523,4.138933694571619,0.0,20.0,0.056577086280056574,0.02361111111111111
1718330580,66733.0,66790.0,66733.0,66778.0,0.01541325,2024-06-14 02:03:00+00:00,66778.0,42.0,0.0006291475258832917,32.44786779271922,4.189001719371385,54.0,3.0,0.05620608899297423,0.02388888888888889
1718330640,66788.0,66788.0,66753.0,66772.0,0.02665856,2024-06-14 02:04:00+00:00,66772.0,-6.0,-8.985398733108956e-05,32.348403500629644,4.176160934477877,10.0,25.0,0.0558659217877095,0.02388888888888889
1718330700,66767.0,66767.0,66751.0,66754.0,0.0355,2024-06-14 02:05:00+00:00,66754.0,-18.0,-0.0002696104145864113,32.09017573231835,4.142823872937946,0.0,21.0,0.05623242736644798,0.02388888888888889
1718330760,66731.0,66731.0,66696.0,66696.0,0.03448582,2024-06-14 02:06:00+00:00,66696.0,-58.0,-0.0008692394702428894,33.02453718823589,4.26344941820817,0.0,58.0,0.055350553505535055,0.02388888888888889
1718330820,66710.0,66711.0,66688.0,66696.0,0.82472102,2024-06-14 02:07:00+00:00,66696.0,0.0,0.0,31.621901156767308,4.082369885185894,15.0,8.0,0.05689900426742532,0.024166666666666666
1718330880,66698.0,66698.0,66685.0,66686.0,0.0127,2024-06-14 02:08:00+00:00,66686.0,-10.0,-0.0001499452702573606,31.26013959795471,4.035666668766587,2.0,11.0,0.057859209257473475,0.024444444444444446
1718330940,66696.0,66702.0,66693.0,66693.0,0.01613779,2024-06-14 02:09:00+00:00,66693.0,7.0,0.00010496404990936305,31.15661187094701,4.022301296680869,16.0,0.0,0.05847953216374269,0.024166666666666666
1718331000,66686.0,66745.0,66686.0,66745.0,0.17209426,2024-06-14 02:10:00+00:00,66745.0,52.0,0.000779388219731454,31.741589926678945,4.097821638939088,52.0,7.0,0.05811138014527845,0.024166666666666666
1718331060,66796.0,66807.0,66766.0,66769.0,1.28646202,2024-06-14 02:11:00+00:00,66769.0,24.0,0.0003595128639469323,31.854630968264157,4.112415174655671,62.0,0.0,0.057279236276849645,0.024166666666666666
1718331120,66765.0,66765.0,66765.0,66765.0,0.00097,2024-06-14 02:12:00+00:00,66765.0,-4.0,-5.990983571522341e-05,30.311266574591244,3.9131676881948474,0.0,4.0,0.05937654626422564,0.024166666666666666
1718331180,66741.0,66741.0,66688.0,66688.0,0.10130668,2024-06-14 02:13:00+00:00,66688.0,-77.0,-0.0011539644450802564,31.59226019066699,4.078543252916827,0.0,77.0,0.058451047247929856,0.024166666666666666
1718331240,66676.0,66707.0,66676.0,66703.0,0.03366354,2024-06-14 02:14:00+00:00,66703.0,15.0,0.00022490273051746433,31.63865100297634,4.084532281033198,19.0,12.0,0.05862237420615535,0.024166666666666666
1718331300,66717.0,66735.0,66717.0,66735.0,0.64688557,2024-06-14 02:15:00+00:00,66735.0,32.0,0.00047962350475036866,31.86271752945097,4.113459145215824,32.0,0.0,0.0591715976331361,0.02388888888888889
1718331360,66736.0,66752.0,66736.0,66750.0,0.00469176,2024-06-14 02:16:00+00:00,66750.0,15.0,0.0002247443542441273,31.910941573234652,4.119684842497857,17.0,0.0,0.05925925925925926,0.02361111111111111
1718331420,66783.0,66783.0,66783.0,66783.0,0.19143973,2024-06-14 02:17:00+00:00,66783.0,33.0,0.0004942598559427669,32.150225592516726,4.1505762765542915,33.0,0.0,0.05870841487279843,0.02361111111111111
1718331480,66800.0,66805.0,66768.0,66769.0,0.01442515,2024-06-14 02:18:00+00:00,66769.0,-14.0,-0.00020965616465914056,32.19300464421733,4.156099028381059,22.0,15.0,0.058365758754863814,0.02361111111111111
1718331540,66769.0,66769.0,66736.0,66736.0,0.02721,2024-06-14 02:19:00+00:00,66736.0,-33.0,-0.0004943635170530878,32.475540556906466,4.192574257866076,0.0,33.0,0.057803468208092484,0.023333333333333334
1718331600,66774.0,66774.0,66760.0,66760.0,0.00428,2024-06-14 02:20:00+00:00,66760.0,24.0,0.00035956133904497205,32.59144458116279,4.207537403056182,38.0,0.0,0.05725190839694657,0.023333333333333334
1718331660,66766.0,66777.0,66765.0,66765.0,0.00819699,2024-06-14 02:21:00+00:00,66765.0,5.0,7.489234229311722e-05,32.47759331903474,4.192839268317294,17.0,0.0,0.0574712643678161,0.023333333333333334
1718331720,66766.0,66798.0,66766.0,66790.0,0.25833348,2024-06-14 02:22:00+00:00,66790.0,25.0,0.00037437760161717666,32.550543053954485,4.202257038599107,33.0,0.0,0.05711565920990005,0.023333333333333334
1718331780,66796.0,66796.0,66790.0,66791.0,0.00528033,2024-06-14 02:23:00+00:00,66791.0,1.0,1.4972189159026973e-05,32.44922587500364,4.189177047040396,6.0,0.0,0.057498802108289414,0.023055555555555555
1718331840,66766.0,66766.0,66766.0,66766.0,0.00110022,2024-06-14 02:24:00+00:00,66766.0,-25.0,-0.0003743719953576434,32.619722986003666,4.211188129423049,0.0,25.0,0.05719733079122974,0.02277777777777778
1718331900,66793.0,66793.0,66784.0,66784.0,0.00056018,2024-06-14 02:25:00+00:00,66784.0,18.0,0.00026956196344438664,32.53856469007807,4.200710638472168,27.0,0.0,0.05736137667304015,0.0225
1718331960,66784.0,66787.0,66777.0,66780.0,0.00931084,2024-06-14 02:26:00+00:00,66780.0,-4.0,-5.9896379281775295e-05,32.544554423111556,4.201483909681732,3.0,7.0,0.05736137667304015,0.02277777777777778
1718332020,66780.0,66811.0,66780.0,66811.0,0.25095781,2024-06-14 02:27:00+00:00,66811.0,31.0,0.0004641031290495432,31.936625097196323,4.123000571183706,31.0,0.0,0.058027079303675046,0.0225
1718332080,66808.0,66808.0,66719.0,66719.0,1.4902942,2024-06-14 02:28:00+00:00,66719.0,-92.0,-0.001377967715980394,34.23194398074063,4.419324964857123,0.0,92.0,0.05555555555555555,0.02277777777777778
1718332140,66752.0,66758.0,66752.0,66758.0,0.06763481,2024-06-14 02:29:00+00:00,66758.0,39.0,0.000584370357587196,34.23043793695798,4.419130535440828,39.0,0.0,0.05571030640668524,0.02277777777777778
1718332200,66787.0,66787.0,66780.0,66781.0,0.2549934,2024-06-14 02:30:00+00:00,66781.0,23.0,0.0003444686605025423,33.86932348669409,4.3725108603759315,29.0,0.0,0.056630486078338836,0.02277777777777778
1718332260,66761.0,66761.0,66761.0,66761.0,0.00146555,2024-06-14 02:31:00+00:00,66761.0,-20.0,-0.00029953123585888593,33.989276308194654,4.387996703042673,0.0,20.0,0.05673758865248227,0.0225
1718332320,66774.0,66774.0,66763.0,66763.0,0.00695205,2024-06-14 02:32:00+00:00,66763.0,2.0,2.9957161261575973e-05,33.049265571299166,4.266641838734261,13.0,0.0,0.057971014492753624,0.0225
1718332380,66769.0,66769.0,66769.0,66769.0,0.00556766,2024-06-14 02:33:00+00:00,66769.0,6.0,8.986609957216174e-05,31.402346164463076,4.054025457560194,6.0,0.0,0.060453400503778336,0.0225
1718332440,66776.0,66778.0,66771.0,66771.0,0.03277,2024-06-14 02:34:00+00:00,66771.0,2.0,2.995357196565512e-05,31.398189879093607,4.05348888342626,9.0,0.0,0.06091370558375634,0.022222222222222223
1718332500,66760.0,66760.0,66741.0,66741.0,0.01730918,2024-06-14 02:35:00+00:00,66741.0,-30.0,-0.0004493978145019771,31.553071604577838,4.073484028207337,0.0,30.0,0.061037639877924724,0.022222222222222223
1718332560,66747.0,66749.0,66747.0,66749.0,0.00176,2024-06-14 02:36:00+00:00,66749.0,8.0,0.00011985916562415944,31.310054160371937,4.042110611065758,8.0,0.0,0.061887570912841666,0.021944444444444444
1718332620,66791.0,66791.0,66787.0,66789.0,0.05737089,2024-06-14 02:37:00+00:00,66789.0,40.0,0.0005990804294855169,31.44890484292274,4.060036157103385,42.0,0.0,0.06282722513089005,0.021666666666666667
1718332680,66781.0,66790.0,66747.0,66790.0,5.22214592,2024-06-14 02:38:00+00:00,66790.0,1.0,1.4972413328795118e-05,31.065426674412137,4.010529338427529,1.0,42.0,0.0625,0.021944444444444444
1718332740,66786.0,66811.0,66786.0,66808.0,0.01856615,2024-06-14 02:39:00+00:00,66808.0,18.0,0.00026946511338366274,31.10636027756244,4.015813843870909,21.0,4.0,0.062272963155163466,0.022222222222222223
1718332800,66810.0,66823.0,66810.0,66823.0,0.55170832,2024-06-14 02:40:00+00:00,66823.0,15.0,0.00022449880735764176,30.649079948587616,3.9567792072486503,15.0,0.0,0.06359300476947535,0.021944444444444444
1718332860,66804.0,66822.0,66770.0,66770.0,0.06723991,2024-06-14 02:41:00+00:00,66770.0,-53.0,-0.0007934547885083737,30.534018261382517,3.9419248073042543,0.0,53.0,0.06396588486140725,0.021944444444444444
1718332920,66785.0,66793.0,66785.0,66788.0,0.21923016,2024-06-14 02:42:00+00:00,66788.0,18.0,0.0002695458169331266,30.09662405754202,3.8854574583975245,23.0,0.0,0.06475984889368591,0.021944444444444444
1718332980,66785.0,66786.0,66785.0,66786.0,0.00798222,2024-06-14 02:43:00+00:00,66786.0,-2.0,-2.9945947566853777e-05,29.85620434437552,3.854419406891064,0.0,3.0,0.06560962274466922,0.021944444444444444
1718333040,66788.0,66790.0,66788.0,66790.0,0.0806769,2024-06-14 02:44:00+00:00,66790.0,4.0,5.9890998400788934e-05,29.823373649190145,3.850180982367818,4.0,0.0,0.06618863761720906,0.021666666666666667
1718333100,66790.0,66794.0,66764.0,66766.0,0.16204467,2024-06-14 02:45:00+00:00,66766.0,-24.0,-0.0003593998061986572,29.999147822171505,3.8728733305228245,4.0,26.0,0.0655379574003277,0.021944444444444444
1718333160,66763.0,66780.0,66763.0,66778.0,0.20182111,2024-06-14 02:46:00+00:00,66778.0,12.0,0.0001797160491269558,29.999147822171505,3.8728733305228245,14.0,3.0,0.06546644844517185,0.021944444444444444
1718333220,66783.0,66784.0,66783.0,66784.0,0.00401,2024-06-14 02:47:00+00:00,66784.0,6.0,8.984591431754831e-05,29.85558460662578,3.854339399091605,6.0,0.0,0.06644518272425248,0.021666666666666667
1718333280,66786.0,66831.0,66786.0,66831.0,1.98166035,2024-06-14 02:48:00+00:00,66831.0,47.0,0.0007035138560562608,30.415554116329858,3.9266311519405326,47.0,0.0,0.06546644844517185,0.021388888888888888
1718333340,66832.0,66836.0,66793.0,66793.0,0.00754724,2024-06-14 02:49:00+00:00,66793.0,-38.0,-0.000568760118307771,30.73290715049431,3.96760125248011,5.0,38.0,0.0655379574003277,0.021388888888888888
1718333400,66792.0,66815.0,66792.0,66815.0,0.00661816,2024-06-14 02:50:00+00:00,66815.0,22.0,0.00032932160048550733,30.837170321647996,3.9810615699968097,22.0,1.0,0.06528835690968444,0.021388888888888888
1718333460,66817.0,66824.0,66803.0,66824.0,0.115518,2024-06-14 02:51:00+00:00,66824.0,9.0,0.00013469122058086717,30.797034672720823,3.975880080000671,9.0,12.0,0.06528835690968444,0.021666666666666667
1718333520,66823.0,66825.0,66823.0,66825.0,0.00449,2024-06-14 02:52:00+00:00,66825.0,1.0,1.4964571377628094e-05,29.97043741162394,3.869166832459041,1.0,1.0,0.06726457399103139,0.021944444444444444
1718333580,66839.0,66878.0,66839.0,66868.0,2.817707,2024-06-14 02:53:00+00:00,66868.0,43.0,0.0006432648154016832,29.204766076480073,3.770319088136355,53.0,0.0,0.06779661016949153,0.021944444444444444
1718333640,66875.0,66875.0,66875.0,66875.0,0.00204,2024-06-14 02:54:00+00:00,66875.0,7.0,0.00010467837578634895,29.194941903836046,3.769050792901669,7.0,0.0,0.068689181453921,0.021666666666666667
1718333700,66879.0,66895.0,66879.0,66895.0,1.09788567,2024-06-14 02:55:00+00:00,66895.0,20.0,0.0002990207094120583,28.93910907229705,3.736022916369548,20.0,0.0,0.06968641114982578,0.021666666666666667
1718333760,66895.0,66951.0,66895.0,66951.0,4.60166169,2024-06-14 02:56:00+00:00,66951.0,56.0,0.000836782619841008,29.639472078374578,3.826439391664149,56.0,0.0,0.06845407872219053,0.021666666666666667
1718333820,66958.0,66967.0,66958.0,66967.0,1.25794079,2024-06-14 02:57:00+00:00,66967.0,16.0,0.0002389521957634612,29.62673151630101,3.824794592173074,16.0,0.0,0.06900517538815411,0.021388888888888888
1718333880,66967.0,66979.0,66950.0,66979.0,0.60088425,2024-06-14 02:58:00+00:00,66979.0,12.0,0.000179176683620436,29.62673151630101,3.824794592173074,12.0,17.0,0.06892590465249857,0.021666666666666667
1718333940,66949.0,66955.0,66926.0,66926.0,0.23648295,2024-06-14 02:59:00+00:00,66926.0,-53.0,-0.0007916060306584077,30.371499240269575,3.920943691897176,0.0,53.0,0.06783493499152063,0.021666666666666667
1718334000,66905.0,66905.0,66900.0,66900.0,0.00194092,2024-06-14 03:00:00+00:00,66900.0,-26.0,-0.00038856425996635057,30.58836878757588,3.9489414300644046,0.0,26.0,0.06822057987492894,0.021388888888888888
1718334060,66927.0,66927.0,66919.0,66927.0,0.00357528,2024-06-14 03:01:00+00:00,66927.0,27.0,0.00040350602443948677,30.235287312510476,3.9033588076383157,27.0,0.0,0.06876790830945559,0.021388888888888888
1718334120,66923.0,66929.0,66890.0,66890.0,0.40907581,2024-06-14 03:02:00+00:00,66890.0,-37.0,-0.0005529940283057253,30.555515836303588,3.944700132292693,2.0,37.0,0.06802721088435375,0.021666666666666667
1718334180,66875.0,66875.0,66822.0,66826.0,0.45584958,2024-06-14 03:03:00+00:00,66826.0,-64.0,-0.0009572527578915312,31.29238820099921,4.03982994551758,0.0,68.0,0.06760563380281691,0.021388888888888888
1718334240,66827.0,66838.0,66785.0,66787.0,0.01207833,2024-06-14 03:04:00+00:00,66787.0,-39.0,-0.0005837755474030793,31.70126715106277,4.092615990991278,12.0,41.0,0.06692693809258227,0.021388888888888888
1718334300,66783.0,66783.0,66762.0,66764.0,0.20195505,2024-06-14 03:05:00+00:00,66764.0,-23.0,-0.0003444377088511137,31.7565776806743,4.099756549659791,0.0,25.0,0.0667779632721202,0.021388888888888888
1718334360,66752.0,66851.0,66752.0,66851.0,0.26583715,2024-06-14 03:06:00+00:00,66851.0,87.0,0.0013022491830249243,32.756570911087564,4.228855120583481,87.0,12.0,0.06528835690968444,0.021666666666666667
1718334420,66857.0,66857.0,66782.0,66782.0,0.10311476,2024-06-14 03:07:00+00:00,66782.0,-69.0,-0.001032679145599576,34.03506002248952,4.393907355142391,6.0,69.0,0.06349206349206349,0.021666666666666667
1718334480,66803.0,66803.0,66719.0,66719.0,5.83032474,2024-06-14 03:08:00+00:00,66719.0,-63.0,-0.0009438132250187186,35.01061582347537,4.519851067492866,21.0,63.0,0.06119326874043856,0.021666666666666667
1718334540,66719.0,66719.0,66687.0,66687.0,13.69114985,2024-06-14 03:09:00+00:00,66687.0,-32.0,-0.0004797385516952703,35.25005108783413,4.55076202720474,0.0,32.0,0.060698027314112286,0.021666666666666667
1718334600,66718.0,66718.0,66714.0,66714.0,0.00180385,2024-06-14 03:10:00+00:00,66714.0,27.0,0.00040479457228478937,34.76823587685607,4.488559950935826,31.0,0.0,0.06157003591585428,0.021388888888888888
1718334660,66705.0,66705.0,66699.0,66699.0,0.03419422,2024-06-14 03:11:00+00:00,66699.0,-15.0,-0.0002248656437259591,34.66653085588349,4.47542988918741,0.0,15.0,0.06309148264984227,0.021388888888888888
1718334720,66680.0,66680.0,66679.0,66679.0,0.00809305,2024-06-14 03:12:00+00:00,66679.0,-20.0,-0.0002998995359039497,34.75013311359296,4.486222894247881,0.0,20.0,0.06256517205422316,0.021388888888888888
1718334780,66706.0,66724.0,66706.0,66717.0,0.00346692,2024-06-14 03:13:00+00:00,66717.0,38.0,0.0005697322412649544,33.66610308864306,4.346275219800555,45.0,0.0,0.06362672322375397,0.021388888888888888
1718334840,66723.0,66723.0,66703.0,66703.0,0.00216612,2024-06-14 03:14:00+00:00,66703.0,-14.0,-0.00020986358943757172,33.662331208234555,4.345788272133688,6.0,14.0,0.064,0.021388888888888888
1718334900,66731.0,66756.0,66731.0,66752.0,0.00494878,2024-06-14 03:15:00+00:00,66752.0,49.0,0.0007343299569427548,34.00602721585764,4.390159235923094,53.0,0.0,0.06329113924050632,0.021388888888888888
1718334960,66751.0,66751.0,66710.0,66724.0,0.18003277,2024-06-14 03:16:00+00:00,66724.0,-28.0,-0.00041955108649820665,34.143449463153814,4.4079003717623095,0.0,42.0,0.062467464862051014,0.021388888888888888
1718335020,66718.0,66718.0,66712.0,66713.0,0.22933624,2024-06-14 03:17:00+00:00,66713.0,-11.0,-0.0001648718125395036,33.88473315879791,4.374500240490217,0.0,12.0,0.06315789473684211,0.021388888888888888
1718335080,66713.0,66713.0,66713.0,66713.0,0.0,2024-06-14 03:18:00+00:00,66713.0,0.0,0.0,33.84304082716828,4.3691177836213475,0.0,0.0,0.0644122383252818,0.020833333333333332
1718335140,66718.0,66721.0,66706.0,66706.0,0.09909079,2024-06-14 03:19:00+00:00,66706.0,-7.0,-0.0001049325809131447,33.59100969312161,4.336580704125064,8.0,7.0,0.06504065040650407,0.021111111111111112
1718335200,66695.0,66714.0,66695.0,66714.0,0.01682,2024-06-14 03:20:00+00:00,66714.0,8.0,0.00011992205081072438,33.456456227114614,4.319209926357744,8.0,11.0,0.06571741511500548,0.021388888888888888
1718335260,66694.0,66715.0,66693.0,66715.0,0.2751412,2024-06-14 03:21:00+00:00,66715.0,1.0,1.4989245216763746e-05,33.44875496994691,4.318215698332565,1.0,21.0,0.0655379574003277,0.021666666666666667
1718335320,66723.0,66729.0,66705.0,66705.0,0.27378601,2024-06-14 03:22:00+00:00,66705.0,-10.0,-0.00014990256361452773,33.29543749813314,4.298422497831986,14.0,10.0,0.06586169045005488,0.021944444444444444
1718335380,66700.0,66701.0,66698.0,66701.0,0.00327121,2024-06-14 03:23:00+00:00,66701.0,-4.0,-5.9967317829784935e-05,33.29554355073638,4.2984361891641925,0.0,7.0,0.06582556226001098,0.021944444444444444
1718335440,66697.0,66708.0,66697.0,66708.0,0.35488671,2024-06-14 03:24:00+00:00,66708.0,7.0,0.00010494044639313086,33.168785952788824,4.282071853635654,7.0,4.0,0.06633499170812604,0.022222222222222223
1718335500,66695.0,66695.0,66695.0,66695.0,0.22490746,2024-06-14 03:25:00+00:00,66695.0,-13.0,-0.00019489816632536759,33.10972598500718,4.274447244580792,0.0,13.0,0.06685236768802229,0.022222222222222223
1718335560,66709.0,66709.0,66709.0,66709.0,0.03149,2024-06-14 03:26:00+00:00,66709.0,14.0,0.00020988875972835342,33.168032223542006,4.281974547608304,14.0,0.0,0.06670372429127293,0.021944444444444444
1718335620,66701.0,66709.0,66701.0,66703.0,0.03628197,2024-06-14 03:27:00+00:00,66703.0,-6.0,-8.994693137112935e-05,32.902423794082765,4.247684646811373,0.0,8.0,0.06756756756756756,0.021944444444444444
1718335680,66683.0,66683.0,66679.0,66679.0,0.54963996,2024-06-14 03:28:00+00:00,66679.0,-24.0,-0.00035986865182722805,30.849919191535882,3.9827074420221016,0.0,24.0,0.07025761124121781,0.021944444444444444
1718335740,66703.0,66703.0,66693.0,66693.0,0.01525364,2024-06-14 03:29:00+00:00,66693.0,14.0,0.00020993911842700534,30.471599261967217,3.9338665491301748,24.0,0.0,0.07088009450679268,0.021944444444444444
1718335800,66689.0,66719.0,66689.0,66719.0,0.00855,2024-06-14 03:30:00+00:00,66719.0,26.0,0.0003897700406135481,30.51421822895507,3.939368634109392,26.0,4.0,0.07083825265643447,0.022222222222222223
1718335860,66739.0,66739.0,66711.0,66711.0,0.27546825,2024-06-14 03:31:00+00:00,66711.0,-8.0,-0.00011991306317298631,30.426998864281796,3.928108662547846,20.0,8.0,0.07050528789659224,0.0225
1718335920,66713.0,66713.0,66672.0,66673.0,0.27304849,2024-06-14 03:32:00+00:00,66673.0,-38.0,-0.0005697834976919081,30.799790886369145,3.976235905652622,2.0,39.0,0.06936416184971099,0.02277777777777778
1718335980,66683.0,66683.0,66672.0,66672.0,0.00829,2024-06-14 03:33:00+00:00,66672.0,-1.0,-1.4998687615069287e-05,30.784153785572624,3.974217164620359,10.0,1.0,0.06916426512968299,0.023055555555555555
1718336040,66671.0,66678.0,66655.0,66678.0,1.65991819,2024-06-14 03:34:00+00:00,66678.0,6.0,8.998875146682512e-05,30.796447626969545,3.9758042927200656,6.0,17.0,0.0686106346483705,0.023333333333333334
1718336100,66682.0,66682.0,66654.0,66655.0,0.0847025,2024-06-14 03:35:00+00:00,66655.0,-23.0,-0.0003450008659241099,30.699951232041357,3.9633466617025346,4.0,24.0,0.068689181453921,0.02361111111111111
1718336160,66651.0,66687.0,66651.0,66687.0,0.00114676,2024-06-14 03:36:00+00:00,66687.0,32.0,0.0004799688112420629,30.98001907554132,3.999503264825321,32.0,4.0,0.06760563380281691,0.02388888888888889
1718336220,66683.0,66683.0,66675.0,66682.0,0.00268604,2024-06-14 03:37:00+00:00,66682.0,-5.0,-7.497994290045994e-05,30.510954779913412,3.9389473246497406,0.0,12.0,0.06876790830945559,0.02388888888888889
1718336280,66685.0,66694.0,66679.0,66692.0,0.4463888,2024-06-14 03:38:00+00:00,66692.0,10.0,0.000149954264230427,30.54697225788988,3.9435971610622493,12.0,3.0,0.06988934187536401,0.02388888888888889
1718336340,66672.0,66672.0,66647.0,66647.0,1.13271217,2024-06-14 03:39:00+00:00,66647.0,-45.0,-0.0006749713393448572,30.9408904294135,3.9944517783315643,0.0,45.0,0.0690846286701209,0.02361111111111111
1718336400,66644.0,66662.0,66644.0,66662.0,0.2572525,2024-06-14 03:40:00+00:00,66662.0,15.0,0.00022504107094502488,30.9408904294135,3.9944517783315643,15.0,3.0,0.06896551724137931,0.02388888888888889
1718336460,66667.0,66667.0,66658.0,66658.0,0.01886737,2024-06-14 03:41:00+00:00,66658.0,-4.0,-6.0006000618106336e-05,30.22876992326096,3.9025174163041783,5.0,4.0,0.07075471698113207,0.024166666666666666
1718336520,66682.0,66684.0,66662.0,66663.0,0.25309001,2024-06-14 03:42:00+00:00,66663.0,5.0,7.500693817689777e-05,30.130389899240036,3.8898166098164277,26.0,0.0,0.07062978222483814,0.024166666666666666
1718336580,66689.0,66689.0,66689.0,66689.0,0.01860992,2024-06-14 03:43:00+00:00,66689.0,26.0,0.0003899454125841235,30.347753758591267,3.9178781633942505,26.0,0.0,0.06968641114982578,0.024166666666666666
1718336640,66692.0,66703.0,66692.0,66703.0,0.00099346,2024-06-14 03:44:00+00:00,66703.0,14.0,0.00020990764140886632,30.40652528094943,3.9254655343050646,14.0,0.0,0.06928406466512702,0.024166666666666666
1718336700,66723.0,66723.0,66683.0,66683.0,0.02051556,2024-06-14 03:45:00+00:00,66683.0,-20.0,-0.0002998815490363574,30.360596489677857,3.91953615284819,20.0,20.0,0.06888633754305395,0.024166666666666666
1718336760,66684.0,66696.0,66684.0,66696.0,0.00376,2024-06-14 03:46:00+00:00,66696.0,13.0,0.00019493323598411246,30.368341380327152,3.9205360139316205,13.0,0.0,0.06904487917146146,0.02388888888888889
1718336820,66701.0,66701.0,66687.0,66687.0,0.00303415,2024-06-14 03:47:00+00:00,66687.0,-9.0,-0.00013494973142992914,30.368411145139383,3.920545020530151,5.0,9.0,0.06872852233676975,0.024166666666666666
1718336880,66687.0,66699.0,66687.0,66699.0,0.47354825,2024-06-14 03:48:00+00:00,66699.0,12.0,0.00017992892855890716,29.748550740942665,3.840521386449242,12.0,0.0,0.0701344243132671,0.024166666666666666
1718336940,66695.0,66717.0,66695.0,66717.0,0.26315528,2024-06-14 03:49:00+00:00,66717.0,18.0,0.00026983270536085784,29.483616057383614,3.8063184658740106,18.0,4.0,0.07100591715976332,0.024166666666666666
1718337000,66716.0,66716.0,66700.0,66700.0,0.001885,2024-06-14 03:50:00+00:00,66700.0,-17.0,-0.00025484008922411333,29.391738529479852,3.794457128025278,0.0,17.0,0.07125890736342043,0.02388888888888889
1718337060,66714.0,66726.0,66710.0,66710.0,0.09106733,2024-06-14 03:51:00+00:00,66710.0,10.0,0.00014991379984599155,29.39831656658511,3.7953063489639245,26.0,0.0,0.07104795737122559,0.02361111111111111
1718337120,66695.0,66695.0,66688.0,66688.0,0.00304916,2024-06-14 03:52:00+00:00,66688.0,-22.0,-0.00032984003057697484,29.50960295677776,3.80967336015978,0.0,22.0,0.07021650087770626,0.023333333333333334
1718337180,66690.0,66704.0,66690.0,66704.0,0.00279,2024-06-14 03:53:00+00:00,66704.0,16.0,0.00023989444759413544,29.00897971240633,3.7450431772206176,16.0,0.0,0.07177033492822966,0.023333333333333334
1718337240,66699.0,66699.0,66699.0,66699.0,0.08640698,2024-06-14 03:54:00+00:00,66699.0,-5.0,-7.49608329999179e-05,28.982090709969558,3.7415718219328262,0.0,5.0,0.0718562874251497,0.023333333333333334
1718337300,66693.0,66699.0,66687.0,66687.0,0.01708166,2024-06-14 03:55:00+00:00,66687.0,-12.0,-0.0001799289285588483,28.847034725069722,3.7241361692554027,0.0,12.0,0.07220216606498195,0.023333333333333334
1718337360,66680.0,66691.0,66680.0,66681.0,0.16272328,2024-06-14 03:56:00+00:00,66681.0,-6.0,-8.997660614315702e-05,27.771159286849965,3.5852412474281117,4.0,7.0,0.07421150278293136,0.02361111111111111
1718337420,66693.0,66693.0,66688.0,66688.0,0.03230507,2024-06-14 03:57:00+00:00,66688.0,7.0,0.00010497192010769968,27.68272116045417,3.5738239344047553,12.0,0.0,0.07439553626782393,0.02361111111111111
1718337480,66687.0,66695.0,66685.0,66695.0,0.04214041,2024-06-14 03:58:00+00:00,66695.0,7.0,0.00010496090216042316,27.639241733734643,3.568210764551843,7.0,3.0,0.07528230865746549,0.02361111111111111
1718337540,66706.0,66708.0,66700.0,66708.0,0.61113367,2024-06-14 03:59:00+00:00,66708.0,13.0,0.00019489816632536395,26.991503161881383,3.4845880745023807,13.0,0.0,0.07722007722007722,0.02361111111111111
1718337600,66727.0,66733.0,66721.0,66733.0,0.05613936,2024-06-14 04:00:00+00:00,66733.0,25.0,0.0003746974362076589,27.07809901613633,3.495767551215048,25.0,0.0,0.07726980038634901,0.02361111111111111
1718337660,66725.0,66730.0,66719.0,66730.0,0.23264926,2024-06-14 04:01:00+00:00,66730.0,-3.0,-4.49562800252882e-05,26.79431489578457,3.4591311788136987,0.0,14.0,0.07792207792207792,0.02361111111111111
1718337720,66751.0,66758.0,66751.0,66758.0,0.2561109,2024-06-14 04:02:00+00:00,66758.0,28.0,0.0004195133706498519,26.721920158348507,3.449785058398934,28.0,0.0,0.07848266841072596,0.023333333333333334
1718337780,66767.0,66770.0,66767.0,66770.0,0.01807,2024-06-14 04:03:00+00:00,66770.0,12.0,0.0001797375836124931,25.516937988202756,3.2942225291505554,12.0,0.0,0.0814663951120163,0.023333333333333334
1718337840,66752.0,66752.0,66735.0,66742.0,0.00420391,2024-06-14 04:04:00+00:00,66742.0,-28.0,-0.0004194379592920265,25.277192104305527,3.263271468628697,0.0,35.0,0.08247422680412371,0.023055555555555555
1718337900,66750.0,66750.0,66750.0,66750.0,0.00171,2024-06-14 04:05:00+00:00,66750.0,8.0,0.0001198573698735874,25.131091329515097,3.2444099397076527,8.0,0.0,0.08344923504867872,0.023055555555555555
1718337960,66771.0,66771.0,66771.0,66771.0,0.00313,2024-06-14 04:06:00+00:00,66771.0,21.0,0.0003145572632494138,22.561153554672547,2.9126323996158345,21.0,0.0,0.08823529411764705,0.02277777777777778
1718338020,66754.0,66754.0,66753.0,66753.0,0.01115028,2024-06-14 04:07:00+00:00,66753.0,-18.0,-0.0002696144529677847,20.865584076896962,2.69373532129042,0.0,18.0,0.09209516500383731,0.0225
1718338080,66753.0,66753.0,66737.0,66737.0,0.23048907,2024-06-14 04:08:00+00:00,66737.0,-16.0,-0.000239718332109024,19.302498301462578,2.4919418153920505,0.0,16.0,0.09716599190283401,0.022222222222222223
1718338140,66770.0,66779.0,66770.0,66779.0,0.01172169,2024-06-14 04:09:00+00:00,66779.0,42.0,0.0006291381015811284,19.566026130286986,2.5259631118020214,42.0,0.0,0.0963855421686747,0.022222222222222223
1718338200,66763.0,66763.0,66757.0,66757.0,0.05420977,2024-06-14 04:10:00+00:00,66757.0,-22.0,-0.00032949916425596714,19.50757494477436,2.5184170962001384,0.0,22.0,0.0970873786407767,0.022222222222222223
1718338260,66761.0,66771.0,66761.0,66768.0,0.10898834,2024-06-14 04:11:00+00:00,66768.0,11.0,0.00016476315334027357,19.44119773809024,2.5098478356649596,14.0,0.0,0.09716599190283401,0.022222222222222223
1718338320,66751.0,66757.0,66748.0,66757.0,0.00563238,2024-06-14 04:12:00+00:00,66757.0,-11.0,-0.00016476315334030306,19.309521669856135,2.4928485283528015,0.0,20.0,0.09716599190283401,0.022222222222222223
1718338380,66747.0,66747.0,66741.0,66741.0,0.02239045,2024-06-14 04:13:00+00:00,66741.0,-16.0,-0.0002397039667502433,18.82227313853708,2.429945013444044,0.0,16.0,0.09950248756218905,0.022222222222222223
1718338440,66757.0,66760.0,66757.0,66760.0,0.16434,2024-06-14 04:14:00+00:00,66760.0,19.0,0.0002846420645280525,18.87642687389283,2.436936230616302,19.0,0.0,0.09958506224066391,0.021944444444444444
1718338500,66765.0,66769.0,66754.0,66754.0,0.00809398,2024-06-14 04:15:00+00:00,66754.0,-6.0,-8.987821507912765e-05,17.808745391783727,2.299099143974215,9.0,6.0,0.10282776349614396,0.022222222222222223
1718338560,66759.0,66759.0,66754.0,66754.0,0.00967913,2024-06-14 04:16:00+00:00,66754.0,0.0,0.0,17.42441303147756,2.249482049611736,5.0,0.0,0.10619469026548674,0.022222222222222223
1718338620,66750.0,66752.0,66750.0,66752.0,0.00905382,2024-06-14 04:17:00+00:00,66752.0,-2.0,-2.9961200247869576e-05,17.36236432388325,2.2414715959061873,0.0,4.0,0.10695187165775401,0.022222222222222223
1718338680,66755.0,66761.0,66755.0,66761.0,0.02725212,2024-06-14 04:18:00+00:00,66761.0,9.0,0.00013481833250139454,17.395499125650524,2.2457492804203385,9.0,0.0,0.10610079575596816,0.0225
1718338740,66729.0,66729.0,66725.0,66729.0,0.0417641,2024-06-14 04:19:00+00:00,66729.0,-32.0,-0.00047943667110581526,17.878205334672163,2.3080663840420628,0.0,36.0,0.10416666666666667,0.022222222222222223
1718338800,66712.0,66712.0,66704.0,66704.0,0.04196314,2024-06-14 04:20:00+00:00,66704.0,-25.0,-0.0003747199012617354,18.145519750220696,2.342576526696084,0.0,25.0,0.10362694300518134,0.021944444444444444
1718338860,66743.0,66743.0,66732.0,66732.0,0.06267,2024-06-14 04:21:00+00:00,66732.0,28.0,0.00041967685498608146,18.50615258814805,2.3891340258756895,39.0,0.0,0.1021276595744681,0.021666666666666667
1718338920,66733.0,66747.0,66733.0,66747.0,0.23145877,2024-06-14 04:22:00+00:00,66747.0,15.0,0.00022475445670329212,18.552079695197218,2.3950631899003865,15.0,0.0,0.10291595197255575,0.021388888888888888
1718338980,66732.0,66732.0,66720.0,66732.0,0.05765464,2024-06-14 04:23:00+00:00,66732.0,-15.0,-0.00022475445670322713,18.653387629503033,2.4081419879805566,0.0,27.0,0.10118043844856661,0.021388888888888888
1718339040,66737.0,66737.0,66737.0,66737.0,0.00143,2024-06-14 04:24:00+00:00,66737.0,5.0,7.492376510412216e-05,18.6433899465887,2.406851292666294,5.0,0.0,0.10169491525423728,0.021111111111111112
1718339100,66755.0,66766.0,66755.0,66766.0,0.098077,2024-06-14 04:25:00+00:00,66766.0,29.0,0.00043444717281447895,18.915056926456053,2.4419233489576513,29.0,0.0,0.10033444816053512,0.021111111111111112
1718339160,66764.0,66770.0,66752.0,66752.0,0.7262029,2024-06-14 04:26:00+00:00,66752.0,-14.0,-0.00020970955303871056,18.938877301633468,2.444998546169736,4.0,14.0,0.1,0.021388888888888888
1718339220,66753.0,66764.0,66753.0,66764.0,0.03659,2024-06-14 04:27:00+00:00,66764.0,12.0,0.0001797537378637449,18.973211862032784,2.449431118857266,12.0,0.0,0.09966777408637874,0.021388888888888888
1718339280,66771.0,66776.0,66769.0,66776.0,0.25026296,2024-06-14 04:28:00+00:00,66776.0,12.0,0.00017972143226457985,18.736433887009007,2.418863213723406,12.0,0.0,0.10067114093959731,0.021388888888888888
1718339340,66790.0,66790.0,66784.0,66784.0,0.00445505,2024-06-14 04:29:00+00:00,66784.0,8.0,0.00011979634635478237,18.685162850092123,2.4122441513193436,14.0,0.0,0.10152284263959391,0.021388888888888888
1718339400,66793.0,66796.0,66793.0,66796.0,0.00459,2024-06-14 04:30:00+00:00,66796.0,12.0,0.00017966761539570938,18.46030249918948,2.383214804843734,12.0,0.0,0.10309278350515465,0.021111111111111112
1718339460,66767.0,66774.0,66761.0,66761.0,0.26631938,2024-06-14 04:31:00+00:00,66761.0,-35.0,-0.0005241207993772596,19.011296077097768,2.4543477698806018,0.0,35.0,0.10247651579846286,0.020833333333333332
1718339520,66761.0,66761.0,66760.0,66760.0,0.00246,2024-06-14 04:32:00+00:00,66760.0,-1.0,-1.497891717432582e-05,18.31774632722252,2.3648108821794964,0.0,1.0,0.10610079575596816,0.020555555555555556
1718339580,66727.0,66727.0,66723.0,66724.0,0.04362885,2024-06-14 04:33:00+00:00,66724.0,-36.0,-0.0005393905018252886,18.94368699161168,2.4456194744759374,0.0,37.0,0.10371650821089022,0.020277777777777777
1718339640,66720.0,66720.0,66712.0,66712.0,0.04343075,2024-06-14 04:34:00+00:00,66712.0,-12.0,-0.00017986150712478655,19.00344898817915,2.4533347150573346,0.0,12.0,0.10471204188481674,0.02
1718339700,66717.0,66717.0,66717.0,66717.0,0.005,2024-06-14 04:35:00+00:00,66717.0,5.0,7.494622611775685e-05,18.757115410720086,2.421533186953646,5.0,0.0,0.1068566340160285,0.01972222222222222
1718339760,66738.0,66738.0,66730.0,66730.0,0.00718,2024-06-14 04:36:00+00:00,66730.0,13.0,0.00019483390471297624,18.382094886856017,2.3731182455065953,21.0,0.0,0.10830324909747294,0.019444444444444445
1718339820,66726.0,66726.0,66721.0,66722.0,0.20440567,2024-06-14 04:37:00+00:00,66722.0,-8.0,-0.00011989329511112493,18.401977294888216,2.3756850533463023,0.0,9.0,0.10859728506787329,0.019444444444444445
1718339880,66718.0,66718.0,66702.0,66702.0,0.04917663,2024-06-14 04:38:00+00:00,66702.0,-20.0,-0.00029979614087115536,18.55104425464649,2.3949295151000882,0.0,20.0,0.10810810810810811,0.019166666666666665
1718339940,66723.0,66723.0,66723.0,66723.0,0.00492,2024-06-14 04:39:00+00:00,66723.0,21.0,0.0003147835888837023,17.767678393088545,2.293797417240043,21.0,0.0,0.11049723756906077,0.019166666666666665
1718340000,66700.0,66700.0,66700.0,66700.0,0.00013623,2024-06-14 04:40:00+00:00,66700.0,-23.0,-0.0003447681468386594,17.946215942829458,2.316846515800684,0.0,23.0,0.10999083409715857,0.01888888888888889
1718340060,66710.0,66712.0,66699.0,66699.0,0.84382784,2024-06-14 04:41:00+00:00,66699.0,-1.0,-1.4992616136853404e-05,17.93726512671283,2.315690970408862,12.0,1.0,0.1095890410958904,0.01888888888888889
1718340120,66694.0,66695.0,66685.0,66685.0,0.04827424,2024-06-14 04:42:00+00:00,66685.0,-14.0,-0.0002099202310833855,18.027254946440248,2.3273086061799453,0.0,14.0,0.11080332409972299,0.01888888888888889
1718340180,66697.0,66697.0,66690.0,66690.0,0.00871422,2024-06-14 04:43:00+00:00,66690.0,5.0,7.497656985698642e-05,17.722428255654915,2.287955649616908,12.0,0.0,0.11225444340505145,0.01888888888888889
1718340240,66689.0,66689.0,66681.0,66681.0,0.04492863,2024-06-14 04:44:00+00:00,66681.0,-9.0,-0.00013496187347569318,17.663489747399765,2.2803467209194914,0.0,9.0,0.11278195488721804,0.01888888888888889
1718340300,66695.0,66695.0,66691.0,66691.0,0.01728119,2024-06-14 04:45:00+00:00,66691.0,10.0,0.0001499565128924118,17.522350537572905,2.262125727280948,14.0,0.0,0.11560693641618497,0.01861111111111111
1718340360,66680.0,66682.0,66674.0,66679.0,0.04141866,2024-06-14 04:46:00+00:00,66679.0,-12.0,-0.0001799505140943931,17.508440256801524,2.260329917755327,0.0,17.0,0.11516314779270632,0.01861111111111111
1718340420,66698.0,66700.0,66692.0,66692.0,0.26497875,2024-06-14 04:47:00+00:00,66692.0,13.0,0.00019494492867529737,17.553107471923695,2.266096430431648,21.0,0.0,0.11439466158245948,0.018333333333333333
1718340480,66690.0,66693.0,66690.0,66693.0,0.0981444,2024-06-14 04:48:00+00:00,66693.0,1.0,1.4994189751802674e-05,17.48384241986616,2.2571543506618807,1.0,2.0,0.11538461538461539,0.01861111111111111
1718340540,66682.0,66682.0,66682.0,66682.0,0.00423,2024-06-14 04:49:00+00:00,66682.0,-11.0,-0.0001649484539822691,17.37550552042717,2.243168117084982,0.0,11.0,0.11661807580174928,0.018333333333333333
1718340600,66683.0,66710.0,66683.0,66708.0,0.25392899,2024-06-14 04:50:00+00:00,66708.0,26.0,0.0003898343253507066,17.57257750661491,2.268610001101953,28.0,0.0,0.11538461538461539,0.018333333333333333
1718340660,66710.0,66729.0,66709.0,66714.0,0.25925093,2024-06-14 04:51:00+00:00,66714.0,6.0,8.994018983440056e-05,17.542072106376438,2.26467177086552,21.0,0.0,0.11594202898550725,0.018333333333333333
1718340720,66709.0,66710.0,66690.0,66690.0,0.25473992,2024-06-14 04:52:00+00:00,66690.0,-24.0,-0.00035980930495225724,17.586557526978297,2.270414813970188,0.0,24.0,0.11571841851494695,0.018333333333333333
1718340780,66691.0,66691.0,66691.0,66691.0,0.00725227,2024-06-14 04:53:00+00:00,66691.0,1.0,1.4994639416693425e-05,17.461911739037063,2.2543231119411447,1.0,0.0,0.11741682974559686,0.018333333333333333
1718340840,66693.0,66693.0,66692.0,66692.0,0.0047,2024-06-14 04:54:00+00:00,66692.0,1.0,1.4994414580806435e-05,17.451231481645877,2.2529442966408353,2.0,0.0,0.11776251226692835,0.018333333333333333
1718340900,66687.0,66703.0,66687.0,66703.0,0.08587741,2024-06-14 04:55:00+00:00,66703.0,11.0,0.00016492372315215072,17.43838223979628,2.251285466651006,11.0,5.0,0.11730205278592375,0.01861111111111111
1718340960,66702.0,66702.0,66688.0,66691.0,0.07502,2024-06-14 04:56:00+00:00,66691.0,-12.0,-0.0001799181377329359,17.49204823376693,2.258213716681206,0.0,15.0,0.11684518013631938,0.018333333333333333
1718341020,66691.0,66691.0,66691.0,66691.0,0.04132032,2024-06-14 04:57:00+00:00,66691.0,0.0,0.0,17.46902828300824,2.2552418538172416,0.0,0.0,0.11822660098522167,0.018055555555555554
1718341080,66686.0,66686.0,66686.0,66686.0,0.00033,2024-06-14 04:58:00+00:00,66686.0,-5.0,-7.497544557671271e-05,17.456798976572824,2.253663057145241,0.0,5.0,0.11881188118811882,0.017777777777777778
1718341140,66688.0,66688.0,66672.0,66674.0,0.05269053,2024-06-14 04:59:00+00:00,66674.0,-12.0,-0.00017996400768429844,17.43595220739408,2.2509717508168574,2.0,14.0,0.11846001974333663,0.018055555555555554
1718341200,66698.0,66721.0,66696.0,66721.0,0.25849122,2024-06-14 05:00:00+00:00,66721.0,47.0,0.0007046741173939729,18.1974108793494,2.3492756426604626,47.0,0.0,0.11594202898550725,0.018055555555555554
1718341260,66701.0,66701.0,66685.0,66685.0,0.06213173,2024-06-14 05:01:00+00:00,66685.0,-36.0,-0.0005397058734067055,18.77306490964367,2.4235922584106926,0.0,36.0,0.11352885525070955,0.018055555555555554
1718341320,66680.0,66680.0,66679.0,66679.0,0.25116595,2024-06-14 05:02:00+00:00,66679.0,-6.0,-8.997930482066551e-05,18.39997390074296,2.3754264162742866,0.0,6.0,0.11594202898550725,0.018055555555555554
1718341380,66668.0,66676.0,66668.0,66676.0,0.00339321,2024-06-14 05:03:00+00:00,66676.0,-3.0,-4.49926886956565e-05,18.317692352131697,2.3648039140252344,0.0,11.0,0.11605415860735009,0.018055555555555554
1718341440,66690.0,66731.0,66690.0,66731.0,0.38797663,2024-06-14 05:04:00+00:00,66731.0,55.0,0.0008245444859129075,19.390275097625135,2.503273751049418,55.0,0.0,0.11385199240986718,0.018055555555555554
1718341500,66735.0,66742.0,66735.0,66742.0,0.00132,2024-06-14 05:05:00+00:00,66742.0,11.0,0.0001648273437310042,19.41558579470143,2.5065413479913308,11.0,0.0,0.11352885525070955,0.018055555555555554
1718341560,66753.0,66767.0,66743.0,66750.0,0.35801658,2024-06-14 05:06:00+00:00,66750.0,8.0,0.0001198573698735874,19.24756202919726,2.484849573139174,25.0,0.0,0.11310084825636192,0.018055555555555554
1718341620,66753.0,66756.0,66745.0,66745.0,0.11746992,2024-06-14 05:07:00+00:00,66745.0,-5.0,-7.490917266323494e-05,19.11824637964392,2.4681549945683714,6.0,5.0,0.11385199240986718,0.018333333333333333
1718341680,66743.0,66744.0,66737.0,66737.0,0.2423048,2024-06-14 05:08:00+00:00,66737.0,-8.0,-0.00011986634916431893,19.033422877682234,2.4572043275528848,0.0,8.0,0.1147227533460803,0.018333333333333333
1718341740,66764.0,66771.0,66764.0,66768.0,0.14665007,2024-06-14 05:09:00+00:00,66768.0,31.0,0.0004644020906653576,18.671551519844076,2.41048693614033,34.0,0.0,0.11560693641618497,0.018333333333333333
1718341800,66753.0,66770.0,66753.0,66767.0,0.07218,2024-06-14 05:10:00+00:00,66767.0,-1.0,-1.4977346763317458e-05,18.45118770387466,2.382038089828454,2.0,15.0,0.11616650532429817,0.01861111111111111
1718341860,66763.0,66763.0,66751.0,66759.0,0.4809927,2024-06-14 05:11:00+00:00,66759.0,-8.0,-0.00011982685034480179,18.42513482231103,2.378674677281232,0.0,16.0,0.11594202898550725,0.01861111111111111
1718341920,66767.0,66767.0,66735.0,66735.0,0.20804527,2024-06-14 05:12:00+00:00,66735.0,-24.0,-0.00035956672597384237,18.630180241189525,2.4051459270323168,8.0,24.0,0.11461318051575932,0.01888888888888889
1718341980,66738.0,66748.0,66737.0,66748.0,0.19630316,2024-06-14 05:13:00+00:00,66748.0,13.0,0.00019478135854158804,18.593867830657352,2.400458014990592,13.0,0.0,0.1149425287356322,0.01888888888888889
1718342040,66748.0,66748.0,66726.0,66726.0,0.68267306,2024-06-14 05:14:00+00:00,66726.0,-22.0,-0.00032965221989646865,18.64145795806378,2.4066018740202244,0.0,22.0,0.11461318051575932,0.01888888888888889
1718342100,66726.0,66744.0,66726.0,66740.0,0.22629,2024-06-14 05:15:00+00:00,66740.0,14.0,0.0002097912584681344,18.721298182810855,2.416909202713654,18.0,0.0,0.11428571428571428,0.01861111111111111
1718342160,66737.0,66752.0,66737.0,66752.0,0.00312662,2024-06-14 05:16:00+00:00,66752.0,12.0,0.00017978605507937162,18.78781309530075,2.425496240991914,12.0,3.0,0.11320754716981131,0.01888888888888889
1718342220,66746.0,66746.0,66740.0,66741.0,0.00723546,2024-06-14 05:17:00+00:00,66741.0,-11.0,-0.00016480264920101917,18.839636963167692,2.432186673564738,0.0,12.0,0.11235955056179775,0.01888888888888889
1718342280,66740.0,66748.0,66740.0,66742.0,0.23136995,2024-06-14 05:18:00+00:00,66742.0,1.0,1.4983181379167923e-05,18.801813531954704,2.4273036895919273,7.0,1.0,0.11246485473289596,0.019166666666666665
1718342340,66769.0,66769.0,66764.0,66765.0,0.00561,2024-06-14 05:19:00+00:00,66765.0,23.0,0.00034455122544199435,18.570251406163976,2.397409147698598,27.0,0.0,0.11342155009451796,0.019166666666666665
1718342400,66754.0,66754.0,66733.0,66743.0,0.93168297,2024-06-14 05:20:00+00:00,66743.0,-22.0,-0.00032956826855513004,18.50407650918107,2.388866005233538,0.0,32.0,0.11267605633802817,0.019166666666666665
1718342460,66761.0,66761.0,66761.0,66761.0,0.00040155,2024-06-14 05:21:00+00:00,66761.0,18.0,0.0002696548434365591,18.29744046809868,2.3621894070389278,18.0,0.0,0.1149425287356322,0.019166666666666665
1718342520,66768.0,66768.0,66766.0,66766.0,0.00087266,2024-06-14 05:22:00+00:00,66766.0,5.0,7.48912205371764e-05,18.20829729533983,2.3506810729214904,7.0,0.0,0.11583011583011583,0.019166666666666665
1718342580,66773.0,66775.0,66766.0,66775.0,0.36332018,2024-06-14 05:23:00+00:00,66775.0,9.0,0.0001347900646785718,18.129563520568475,2.3405165863057067,9.0,0.0,0.11787819253438116,0.019166666666666665
1718342640,66769.0,66769.0,66769.0,66769.0,0.0842,2024-06-14 05:24:00+00:00,66769.0,-6.0,-8.985802438203245e-05,18.14112909859116,2.342009696008078,0.0,6.0,0.11776251226692835,0.019166666666666665
1718342700,66776.0,66780.0,66774.0,66779.0,0.0922539,2024-06-14 05:25:00+00:00,66779.0,10.0,0.0001497588884699266,17.79839229710317,2.2977625651982314,11.0,0.0,0.11988011988011987,0.019166666666666665
1718342760,66791.0,66799.0,66791.0,66793.0,0.33182925,2024-06-14 05:26:00+00:00,66793.0,14.0,0.0002096247724264531,17.786389451418007,2.2962130044833735,20.0,0.0,0.11964107676969093,0.01888888888888889
1718342820,66787.0,66787.0,66784.0,66784.0,0.1822,2024-06-14 05:27:00+00:00,66784.0,-9.0,-0.00013475373774853166,17.766533638110836,2.2936496300079043,0.0,9.0,0.12,0.01888888888888889
1718342880,66794.0,66794.0,66794.0,66794.0,0.00086,2024-06-14 05:28:00+00:00,66794.0,10.0,0.00014972525443831357,17.746138276504357,2.291016600146512,10.0,0.0,0.12024048096192386,0.01888888888888889
1718342940,66794.0,66795.0,66792.0,66792.0,0.00302,2024-06-14 05:29:00+00:00,66792.0,-2.0,-2.9943257529267982e-05,17.71953500811899,2.287582132966138,1.0,2.0,0.12158054711246201,0.019166666666666665
1718343000,66788.0,66835.0,66784.0,66835.0,0.66839261,2024-06-14 05:30:00+00:00,66835.0,43.0,0.0006435825317369109,18.505908355652153,2.389102495596049,43.0,8.0,0.11695906432748537,0.019444444444444445
1718343060,66827.0,66827.0,66827.0,66827.0,0.00204,2024-06-14 05:31:00+00:00,66827.0,-8.0,-0.00011970492749698033,17.944075080886005,2.3165701317122336,0.0,8.0,0.12012012012012013,0.019444444444444445
1718343120,66850.0,66850.0,66850.0,66850.0,0.07385,2024-06-14 05:32:00+00:00,66850.0,23.0,0.0003441130520127815,18.1626362605268,2.344786258674775,23.0,0.0,0.11753183153770813,0.019444444444444445
1718343180,66850.0,66855.0,66825.0,66825.0,8.96093207,2024-06-14 05:33:00+00:00,66825.0,-25.0,-0.00037404152296953034,17.830170267033683,2.30186508347547,5.0,25.0,0.1183431952662722,0.01972222222222222
1718343240,66850.0,66878.0,66850.0,66877.0,2.44866893,2024-06-14 05:34:00+00:00,66877.0,52.0,0.0007778492860521733,18.881095379025655,2.4375389320373393,53.0,0.0,0.1137440758293839,0.01972222222222222
1718343300,66872.0,66895.0,66862.0,66894.0,3.40729777,2024-06-14 05:35:00+00:00,66894.0,17.0,0.0002541657024543971,18.968685166588433,2.4488467249882886,18.0,15.0,0.11080332409972299,0.02
1718343360,66892.0,66892.0,66888.0,66888.0,0.6737956,2024-06-14 05:36:00+00:00,66888.0,-6.0,-8.969816573262964e-05,18.95665588282613,2.4472937511323485,0.0,6.0,0.11235955056179775,0.02
1718343420,66888.0,67064.0,66888.0,67055.0,32.44428462,2024-06-14 05:37:00+00:00,67055.0,167.0,0.0024935993151467117,28.402330412861467,3.6667250894164294,176.0,0.0,0.09716599190283401,0.02
1718343480,67059.0,67064.0,67056.0,67064.0,0.08513818,2024-06-14 05:38:00+00:00,67064.0,9.0,0.0001342091726527139,28.20624204667257,3.6414101901952756,9.0,0.0,0.09803921568627452,0.02
1718343540,67064.0,67064.0,67018.0,67018.0,1.08903208,2024-06-14 05:39:00+00:00,67018.0,-46.0,-0.0006861473099256924,28.920869051027253,3.733668139749135,0.0,46.0,0.09607686148919135,0.02
1718343600,67017.0,67017.0,66951.0,66951.0,0.11839282,2024-06-14 05:40:00+00:00,66951.0,-67.0,-0.001000231480206892,30.17153876441221,3.8951289054673333,0.0,67.0,0.09280742459396751,0.02
1718343660,66993.0,66993.0,66963.0,66963.0,0.00852261,2024-06-14 05:41:00+00:00,66963.0,12.0,0.00017921949956120186,30.18036178192924,3.8962679521308914,42.0,0.0,0.0907715582450832,0.01972222222222222
1718343720,66955.0,66999.0,66955.0,66999.0,0.24685165,2024-06-14 05:42:00+00:00,66999.0,36.0,0.0005374658614623373,30.353491780631032,3.9186189388542565,36.0,8.0,0.08875739644970414,0.02
1718343780,67041.0,67047.0,67041.0,67046.0,0.1681,2024-06-14 05:43:00+00:00,67046.0,47.0,0.000701257069283597,30.828594841267176,3.9799544802401217,48.0,0.0,0.08645533141210375,0.02
1718343840,67048.0,67064.0,67048.0,67064.0,1.20158115,2024-06-14 05:44:00+00:00,67064.0,18.0,0.0002684363598252472,30.80396830404868,3.9767752079560554,18.0,0.0,0.08589835361488904,0.02
1718343900,67035.0,67112.0,67035.0,67112.0,6.44797997,2024-06-14 05:45:00+00:00,67112.0,48.0,0.0007154782084371195,31.266753701106378,4.036520545811804,48.0,29.0,0.08219178082191782,0.020277777777777777
1718343960,67112.0,67160.0,67108.0,67156.0,3.06725218,2024-06-14 05:46:00+00:00,67156.0,44.0,0.0006554056301582679,31.5242306590354,4.069760678148179,48.0,4.0,0.0802675585284281,0.020555555555555556
1718344020,67151.0,67151.0,67073.0,67073.0,0.73197229,2024-06-14 05:47:00+00:00,67073.0,-83.0,-0.0012366926756276163,33.62949925792804,4.341549685574999,0.0,83.0,0.07707129094412332,0.020555555555555556
1718344080,67099.0,67099.0,67099.0,67099.0,0.0003,2024-06-14 05:48:00+00:00,67099.0,26.0,0.00038756223840200104,33.716850219149535,4.352826646177868,26.0,0.0,0.0759493670886076,0.020277777777777777
1718344140,67099.0,67099.0,67099.0,67099.0,0.0,2024-06-14 05:49:00+00:00,67099.0,0.0,0.0,33.648444193010896,4.343995466177362,0.0,0.0,0.07648183556405354,0.02
1718344200,67012.0,67015.0,66999.0,67009.0,2.62132579,2024-06-14 05:50:00+00:00,67009.0,-90.0,-0.0013422020089971418,35.799105976274944,4.621644708507575,0.0,100.0,0.07312614259597806,0.02
1718344260,66990.0,66996.0,66987.0,66989.0,0.00471,2024-06-14 05:51:00+00:00,66989.0,-20.0,-0.000298511920305034,35.9440675035612,4.6403591612082575,0.0,22.0,0.0730816077953715,0.02
1718344320,67004.0,67009.0,67004.0,67009.0,0.10607005,2024-06-14 05:52:00+00:00,67009.0,20.0,0.00029851192030502647,35.79957942498276,4.621705830472931,20.0,0.0,0.07326007326007326,0.02
1718344380,66977.0,66977.0,66976.0,66976.0,0.13655779,2024-06-14 05:53:00+00:00,66976.0,-33.0,-0.0004925924643397423,36.1365700491241,4.66521113297718,0.0,33.0,0.0718562874251497,0.02
1718344440,66967.0,67000.0,66967.0,67000.0,0.31475047,2024-06-14 05:54:00+00:00,67000.0,24.0,0.0003582731273767928,36.21801530686573,4.675725670539209,24.0,9.0,0.07054673721340388,0.020277777777777777
1718344500,67001.0,67014.0,66991.0,67014.0,0.10970045,2024-06-14 05:55:00+00:00,67014.0,14.0,0.0002089333957785311,36.228321006332216,4.677056130619366,14.0,9.0,0.07025761124121781,0.020277777777777777
1718344560,67020.0,67051.0,67020.0,67051.0,0.279506,2024-06-14 05:56:00+00:00,67051.0,37.0,0.0005519710728288542,36.38634498950003,4.697456939123043,37.0,0.0,0.06936416184971099,0.020277777777777777
1718344620,67058.0,67101.0,67058.0,67093.0,1.19114878,2024-06-14 05:57:00+00:00,67093.0,42.0,0.0006261927685533964,36.67183836152148,4.734313974966099,50.0,0.0,0.06741573033707865,0.020555555555555556
1718344680,67064.0,67064.0,67012.0,67012.0,1.504,2024-06-14 05:58:00+00:00,67012.0,-81.0,-0.0012080087968409587,38.35665220482076,4.95182250685136,0.0,81.0,0.06465517241379311,0.020555555555555556
1718344740,67056.0,67056.0,67056.0,67056.0,0.74,2024-06-14 05:59:00+00:00,67056.0,44.0,0.0006563833514298344,38.60577223314557,4.983983764214984,44.0,0.0,0.06369426751592357,0.020277777777777777
1718344800,67009.0,67034.0,66994.0,66996.0,0.53067897,2024-06-14 06:00:00+00:00,66996.0,-60.0,-0.0008951750664919656,39.16427447917586,5.056086094138141,0.0,62.0,0.06319115323854661,0.020277777777777777
1718344860,66985.0,66985.0,66976.0,66976.0,0.00754,2024-06-14 06:01:00+00:00,66976.0,-20.0,-0.0002985698526344989,38.93707439846841,5.026754689843577,0.0,20.0,0.06372809346787042,0.020277777777777777
1718344920,66991.0,66998.0,66982.0,66982.0,0.2569113,2024-06-14 06:02:00+00:00,66982.0,6.0,8.958031627841038e-05,38.911209225489635,5.023415510370459,22.0,0.0,0.06319115323854661,0.020277777777777777
1718344980,66959.0,66960.0,66930.0,66930.0,0.16616,2024-06-14 06:03:00+00:00,66930.0,-52.0,-0.0007766294673167682,39.59128763373546,5.111213255345503,0.0,52.0,0.06185567010309278,0.020277777777777777
1718345040,66916.0,66937.0,66916.0,66923.0,0.32327699,2024-06-14 06:04:00+00:00,66923.0,-7.0,-0.00010459235140609613,39.04920841663888,5.041231129340829,7.0,14.0,0.06295907660020987,0.020555555555555556
1718345100,66918.0,66944.0,66911.0,66942.0,0.18175721,2024-06-14 06:05:00+00:00,66942.0,19.0,0.00028386807795300614,39.08992963501029,5.0464882160271545,21.0,12.0,0.06224066390041494,0.020833333333333332
1718345160,66942.0,66958.0,66942.0,66958.0,0.11115,2024-06-14 06:06:00+00:00,66958.0,16.0,0.00023898431779173957,39.11974951683467,5.050337946216878,16.0,0.0,0.06253256904637831,0.020833333333333332
1718345220,66950.0,66950.0,66950.0,66950.0,0.00041,2024-06-14 06:07:00+00:00,66950.0,-8.0,-0.00011948501970778289,39.13266946183252,5.052005903943897,0.0,8.0,0.06263048016701461,0.020555555555555556
1718345280,66918.0,66924.0,66917.0,66917.0,0.03523706,2024-06-14 06:08:00+00:00,66917.0,-33.0,-0.0004930266707770418,39.38854690285799,5.085039539535957,0.0,33.0,0.061823802163833076,0.020555555555555556
1718345340,66941.0,66941.0,66930.0,66932.0,0.2505964,2024-06-14 06:09:00+00:00,66932.0,15.0,0.00022413316592276934,39.249686025589355,5.067112677365918,24.0,0.0,0.06214396685655102,0.020555555555555556
1718345400,66931.0,66961.0,66931.0,66961.0,0.08551401,2024-06-14 06:10:00+00:00,66961.0,29.0,0.00043318172650528414,39.39214697040328,5.085504306257562,29.0,1.0,0.0617283950617284,0.020555555555555556
1718345460,66935.0,66975.0,66935.0,66975.0,0.00115,2024-06-14 06:11:00+00:00,66975.0,14.0,0.0002090550718400499,39.38820265605649,5.084995097464985,14.0,26.0,0.06097560975609757,0.020833333333333332
1718345520,67003.0,67006.0,67003.0,67006.0,0.10802782,2024-06-14 06:12:00+00:00,67006.0,31.0,0.00046275218953713797,39.37498632409411,5.083288876345376,31.0,0.0,0.06100660904931368,0.020555555555555556
1718345580,67003.0,67004.0,66969.0,66978.0,0.97898404,2024-06-14 06:13:00+00:00,66978.0,-28.0,-0.00041796035955952207,39.58049796565272,5.109820315185651,0.0,37.0,0.06027122049221497,0.020555555555555556
1718345640,66968.0,66981.0,66968.0,66981.0,0.11546481,2024-06-14 06:14:00+00:00,66981.0,3.0,4.478982375948229e-05,39.43526125827587,5.091070336888033,3.0,10.0,0.06054490413723512,0.020833333333333332
1718345700,66996.0,66997.0,66996.0,66996.0,0.10306,2024-06-14 06:15:00+00:00,66996.0,15.0,0.00022391903181392744,39.4396628490878,5.091638579818414,16.0,0.0,0.06060606060606061,0.020833333333333332
1718345760,67003.0,67015.0,67003.0,67015.0,0.04765291,2024-06-14 06:16:00+00:00,67015.0,19.0,0.0002835588142361788,39.473265643533615,5.09597668192757,19.0,0.0,0.06048387096774193,0.020555555555555556
1718345820,67027.0,67051.0,67027.0,67029.0,0.38577035,2024-06-14 06:17:00+00:00,67029.0,14.0,0.0002088866349991354,39.44006394604091,5.0916903612124,36.0,0.0,0.0597609561752988,0.020555555555555556
1718345880,67029.0,67036.0,67027.0,67036.0,0.10164969,2024-06-14 06:18:00+00:00,67036.0,7.0,0.00010442695716798049,39.43787218793458,5.091407406457576,7.0,2.0,0.05973120955699353,0.020555555555555556
1718345940,67046.0,67051.0,67038.0,67051.0,0.13741173,2024-06-14 06:19:00+00:00,67051.0,15.0,0.00022373533694645446,39.38913498418389,5.085115460508671,15.0,0.0,0.06009013520280421,0.020555555555555556
1718346000,67052.0,67074.0,67044.0,67044.0,0.31706,2024-06-14 06:20:00+00:00,67044.0,-7.0,-0.00010440359456148712,39.26377191904433,5.0689311583915035,23.0,7.0,0.06015037593984962,0.020833333333333332
1718346060,67047.0,67051.0,67035.0,67035.0,0.54814264,2024-06-14 06:21:00+00:00,67035.0,-9.0,-0.00013424921148752134,39.26717120526097,5.069370004355039,7.0,9.0,0.06021073758153537,0.021111111111111112
1718346120,67046.0,67050.0,67043.0,67043.0,0.01922436,2024-06-14 06:22:00+00:00,67043.0,8.0,0.00011933352241958443,39.2696422476687,5.0696890145581355,15.0,0.0,0.05997001499250375,0.021111111111111112
1718346180,67041.0,67049.0,67041.0,67049.0,0.01868889,2024-06-14 06:23:00+00:00,67049.0,6.0,8.949079742264006e-05,39.26587627378284,5.069202829420062,6.0,2.0,0.06,0.021388888888888888
1718346240,67049.0,67053.0,67043.0,67043.0,0.03615176,2024-06-14 06:24:00+00:00,67043.0,-6.0,-8.949079742268782e-05,39.26587627378284,5.069202829420062,4.0,6.0,0.059880239520958084,0.021666666666666667
1718346300,67043.0,67043.0,67043.0,67043.0,0.0,2024-06-14 06:25:00+00:00,67043.0,0.0,0.0,39.26364601390304,5.068914904107657,0.0,0.0,0.06021073758153537,0.021388888888888888
1718346360,67009.0,67024.0,66977.0,66986.0,0.45686876,2024-06-14 06:26:00+00:00,66986.0,-57.0,-0.0008505622430432122,40.03180585766758,5.168083913511834,0.0,66.0,0.0588523786169691,0.021388888888888888
1718346420,66927.0,66936.0,66927.0,66935.0,0.00487561,2024-06-14 06:27:00+00:00,66935.0,-51.0,-0.0007616430950399804,40.612051174066195,5.242993261749391,0.0,59.0,0.05744375299186213,0.021388888888888888
1718346480,66951.0,66957.0,66940.0,66941.0,0.8727149,2024-06-14 06:28:00+00:00,66941.0,6.0,8.963518485795352e-05,40.602840762268116,5.241804202699202,22.0,0.0,0.05711565920990005,0.021388888888888888
1718346540,66939.0,66939.0,66856.0,66856.0,20.21944763,2024-06-14 06:29:00+00:00,66856.0,-85.0,-0.001270581723583894,42.14175700674829,5.440477435568528,0.0,85.0,0.054970224461749886,0.021111111111111112
1718346600,66890.0,66920.0,66840.0,66840.0,1.3003329,2024-06-14 06:30:00+00:00,66840.0,-16.0,-0.00023934897194210318,41.833929813200896,5.400737115764567,64.0,16.0,0.054249547920433995,0.021111111111111112
1718346660,66840.0,66840.0,66840.0,66840.0,0.00100983,2024-06-14 06:31:00+00:00,66840.0,0.0,0.0,41.82047656216994,5.399000308524726,0.0,0.0,0.0544464609800363,0.020833333333333332
1718346720,66926.0,66927.0,66896.0,66927.0,0.0192927,2024-06-14 06:32:00+00:00,66927.0,87.0,0.0013007694314293306,43.204712418221725,5.577704389115117,87.0,0.0,0.052910052910052914,0.020833333333333332
1718346780,66934.0,66939.0,66916.0,66917.0,0.37146365,2024-06-14 06:33:00+00:00,66917.0,-10.0,-0.00014942769221788305,43.093303056989974,5.563321502426378,12.0,11.0,0.05307386112339673,0.020833333333333332
1718346840,66901.0,66906.0,66877.0,66877.0,1.16361471,2024-06-14 06:34:00+00:00,66877.0,-40.0,-0.0005979341553694638,42.90351808892575,5.538820368403936,0.0,40.0,0.05338078291814946,0.020833333333333332
1718346900,66868.0,66905.0,66857.0,66905.0,0.01308,2024-06-14 06:35:00+00:00,66905.0,28.0,0.00041859144591724633,43.000785040790745,5.551377477894253,28.0,20.0,0.05302695536897923,0.020833333333333332
1718346960,66886.0,66886.0,66868.0,66868.0,0.06009768,2024-06-14 06:36:00+00:00,66868.0,-37.0,-0.0005531759165678091,43.26178360752078,5.5850722479719,0.0,37.0,0.05231037489102005,0.020833333333333332
1718347020,66870.0,66870.0,66848.0,66848.0,0.37558574,2024-06-14 06:37:00+00:00,66848.0,-20.0,-0.0002991414662290196,37.33196249500973,4.819535634147086,2.0,20.0,0.05607476635514019,0.021111111111111112
1718347080,66864.0,66868.0,66850.0,66850.0,0.16875328,2024-06-14 06:38:00+00:00,66850.0,2.0,2.9918173796908635e-05,37.30332227975605,4.815838198256776,20.0,0.0,0.05578800557880056,0.021111111111111112
1718347140,66849.0,66849.0,66849.0,66849.0,0.00264,2024-06-14 06:39:00+00:00,66849.0,-1.0,-1.4958975011321836e-05,36.88575659449081,4.761930700090777,0.0,1.0,0.05698005698005698,0.021111111111111112
1718347200,66847.0,66873.0,66847.0,66873.0,0.00259049,2024-06-14 06:40:00+00:00,66873.0,24.0,0.0003589536539640234,36.06364430666937,4.655796460109279,24.0,2.0,0.05811138014527845,0.021388888888888888
1718347260,66884.0,66900.0,66884.0,66900.0,0.00330164,2024-06-14 06:41:00+00:00,66900.0,27.0,0.000403668907277814,36.20910317230147,4.6745751189143245,27.0,0.0,0.05853658536585366,0.021388888888888888
1718347320,66907.0,66913.0,66907.0,66913.0,0.10645966,2024-06-14 06:42:00+00:00,66913.0,13.0,0.00019430100275615945,35.930897268661035,4.638658891193791,13.0,0.0,0.05943536404160476,0.021111111111111112
1718347380,66908.0,66946.0,66908.0,66946.0,0.48380363,2024-06-14 06:43:00+00:00,66946.0,33.0,0.0004930561362111143,35.65544466786631,4.603098113342209,33.0,5.0,0.05973120955699353,0.021388888888888888
1718347440,66947.0,66947.0,66929.0,66929.0,0.00987345,2024-06-14 06:44:00+00:00,66929.0,-17.0,-0.00025396825533333296,35.6145204628198,4.597814821188811,1.0,17.0,0.05973120955699353,0.021666666666666667
1718347500,66910.0,66920.0,66905.0,66920.0,0.13772,2024-06-14 06:45:00+00:00,66920.0,-9.0,-0.00013447989919330953,35.006440085470366,4.519311982034482,0.0,24.0,0.06134969325153374,0.021388888888888888
1718347560,66932.0,66973.0,66932.0,66968.0,0.17309651,2024-06-14 06:46:00+00:00,66968.0,48.0,0.0007170172391320451,35.10153150682023,4.531588231742989,53.0,0.0,0.061318344404701075,0.021111111111111112
1718347620,67002.0,67015.0,66950.0,66962.0,0.18738949,2024-06-14 06:47:00+00:00,66962.0,-6.0,-8.95990443368451e-05,33.50326318536444,4.325252678684017,47.0,18.0,0.061887570912841666,0.021388888888888888
1718347680,66974.0,66974.0,66944.0,66957.0,0.6118464,2024-06-14 06:48:00+00:00,66957.0,-5.0,-7.467200326055371e-05,33.30494271184906,4.299649615646116,12.0,18.0,0.06176016469377252,0.021666666666666667
1718347740,66981.0,66985.0,66963.0,66963.0,0.00256558,2024-06-14 06:49:00+00:00,66963.0,6.0,8.960573482687244e-05,33.32117292310928,4.301744926909992,28.0,0.0,0.060882800608828,0.021944444444444444
1718347800,66959.0,66959.0,66925.0,66925.0,0.23441335,2024-06-14 06:50:00+00:00,66925.0,-38.0,-0.0005676386385686915,31.63413732137793,4.083949567244508,0.0,38.0,0.06286013619696176,0.021944444444444444
1718347860,66949.0,66950.0,66946.0,66950.0,0.00839361,2024-06-14 06:51:00+00:00,66950.0,25.0,0.00037348273076525106,31.71901263772036,4.094906923467785,25.0,0.0,0.06276150627615062,0.021944444444444444
1718347920,66898.0,66937.0,66897.0,66937.0,0.1799059,2024-06-14 06:52:00+00:00,66937.0,-13.0,-0.00019419361164047807,31.640887514604643,4.084821013442865,0.0,53.0,0.06169665809768638,0.021944444444444444
1718347980,66935.0,66947.0,66935.0,66947.0,0.39956639,2024-06-14 06:53:00+00:00,66947.0,10.0,0.00014938304828957002,31.394424457308485,4.0530027695640864,10.0,2.0,0.06237006237006237,0.022222222222222223
1718348040,66943.0,66948.0,66943.0,66943.0,0.29993,2024-06-14 06:54:00+00:00,66943.0,-4.0,-5.975054150701404e-05,31.232004988364416,4.032034506286745,1.0,4.0,0.06329113924050632,0.022222222222222223
1718348100,66939.0,66939.0,66925.0,66927.0,0.00553451,2024-06-14 06:55:00+00:00,66927.0,-16.0,-0.0002390378737011083,31.228748706323653,4.031614122082931,0.0,18.0,0.06345848757271286,0.021944444444444444
1718348160,66908.0,66928.0,66894.0,66928.0,0.14833,2024-06-14 06:56:00+00:00,66928.0,1.0,1.494154122027399e-05,30.820653981776672,3.9789293196880786,1.0,33.0,0.0635593220338983,0.022222222222222223
1718348220,66937.0,66946.0,66937.0,66945.0,0.00732632,2024-06-14 06:57:00+00:00,66945.0,17.0,0.00025397204950041444,30.38089646564921,3.922156868477039,18.0,0.0,0.06465517241379311,0.022222222222222223
1718348280,66931.0,66933.0,66931.0,66933.0,0.22615525,2024-06-14 06:58:00+00:00,66933.0,-12.0,-0.00017926769196040634,28.612247979899735,3.6938253307902826,0.0,14.0,0.06707657909446618,0.022222222222222223
1718348340,66929.0,66930.0,66927.0,66927.0,0.00663114,2024-06-14 06:59:00+00:00,66927.0,-6.0,-8.964589876012181e-05,27.991418176387977,3.6136765477959405,0.0,6.0,0.06853226727584237,0.022222222222222223
1718348400,66923.0,66934.0,66923.0,66934.0,0.004103,2024-06-14 07:00:00+00:00,66934.0,7.0,0.00010458610060248722,26.961973640645628,3.4807758297034623,7.0,4.0,0.07058823529411765,0.0225
1718348460,66972.0,66972.0,66953.0,66953.0,0.3107,2024-06-14 07:01:00+00:00,66953.0,19.0,0.00028382143341083534,26.967080789875702,3.4814351598339512,38.0,0.0,0.06984866123399301,0.0225
1718348520,66953.0,66955.0,66953.0,66955.0,0.00426936,2024-06-14 07:02:00+00:00,66955.0,2.0,2.9871254893693967e-05,26.955974778723657,3.4800013799594627,2.0,0.0,0.0706713780918728,0.0225
1718348580,66950.0,66953.0,66924.0,66924.0,0.64078412,2024-06-14 07:03:00+00:00,66924.0,-31.0,-0.00046310475211251993,26.406021398569198,3.409002703875173,0.0,31.0,0.07155635062611806,0.0225
1718348640,66943.0,66943.0,66943.0,66943.0,0.22407439,2024-06-14 07:04:00+00:00,66943.0,19.0,0.00028386383690651493,26.504023785760488,3.421654757657854,19.0,0.0,0.07164179104477611,0.022222222222222223
1718348700,66922.0,66930.0,66922.0,66930.0,0.11488136,2024-06-14 07:05:00+00:00,66930.0,-13.0,-0.0001942139197726746,26.44392852683207,3.4138964930906615,0.0,21.0,0.07215874924834637,0.021944444444444444
1718348760,66929.0,66929.0,66929.0,66929.0,0.00388887,2024-06-14 07:06:00+00:00,66929.0,-1.0,-1.494109473431802e-05,26.358346484150534,3.402847898889328,0.0,1.0,0.07281553398058253,0.021944444444444444
1718348820,66937.0,66939.0,66931.0,66931.0,0.10753012,2024-06-14 07:07:00+00:00,66931.0,2.0,2.9881966235672433e-05,26.341622452808927,3.400688835727078,10.0,0.0,0.07272727272727272,0.021944444444444444
1718348880,66931.0,66931.0,66931.0,66931.0,0.0,2024-06-14 07:08:00+00:00,66931.0,0.0,0.0,25.98980678068182,3.355269627757643,0.0,0.0,0.07421150278293136,0.021666666666666667
1718348940,66917.0,66928.0,66917.0,66927.0,0.30797543,2024-06-14 07:09:00+00:00,66927.0,-4.0,-5.976482542984554e-05,25.922499661501874,3.346580316035472,0.0,14.0,0.07467330429371499,0.021666666666666667
1718349000,66936.0,66946.0,66936.0,66946.0,0.00856148,2024-06-14 07:10:00+00:00,66946.0,19.0,0.0002838511145274422,25.764003926119177,3.3261186045827356,19.0,0.0,0.07518796992481203,0.021388888888888888
1718349060,66974.0,66974.0,66953.0,66953.0,0.15117388,2024-06-14 07:11:00+00:00,66953.0,7.0,0.0001045564194860262,25.714183032706828,3.3196867549000957,28.0,0.0,0.07575757575757576,0.021111111111111112
1718349120,66975.0,66985.0,66975.0,66985.0,0.11077,2024-06-14 07:12:00+00:00,66985.0,32.0,0.0004778330363132846,25.73517345079245,3.322396606222614,32.0,0.0,0.07570977917981073,0.021111111111111112
1718349180,66959.0,66974.0,66959.0,66960.0,0.00322793,2024-06-14 07:13:00+00:00,66960.0,-25.0,-0.0003732875477292339,25.683404917097594,3.3157133172606885,0.0,26.0,0.07623888182973317,0.021111111111111112
1718349240,66969.0,66969.0,66969.0,66969.0,0.0601,2024-06-14 07:14:00+00:00,66969.0,9.0,0.00013439957012378374,25.708140239548076,3.318906633657815,9.0,0.0,0.07643312101910828,0.020833333333333332
1718349300,66971.0,66972.0,66971.0,66972.0,0.00220704,2024-06-14 07:15:00+00:00,66972.0,3.0,4.4795842953231706e-05,25.63445774204739,3.309394264133577,3.0,0.0,0.07707129094412332,0.020833333333333332
1718349360,66972.0,66972.0,66972.0,66972.0,0.0,2024-06-14 07:16:00+00:00,66972.0,0.0,0.0,25.507786559034137,3.2930410847250866,0.0,0.0,0.07802340702210664,0.020555555555555556
1718349420,67010.0,67010.0,66986.0,66986.0,0.07989,2024-06-14 07:17:00+00:00,66986.0,14.0,0.000209020738604124,25.507786559034137,3.2930410847250866,38.0,0.0,0.07792207792207792,0.020555555555555556
1718349480,66980.0,66980.0,66942.0,66942.0,0.74778621,2024-06-14 07:18:00+00:00,66942.0,-44.0,-0.0006570694938033234,26.08939434281948,3.3681263267459283,0.0,44.0,0.0761904761904762,0.020277777777777777
1718349540,66921.0,66938.0,66919.0,66938.0,0.00814658,2024-06-14 07:19:00+00:00,66938.0,-4.0,-5.975500449942675e-05,26.00005975655888,3.3565932812516737,0.0,23.0,0.07580543272267846,0.020277777777777777
1718349600,66945.0,66945.0,66940.0,66940.0,0.0947904,2024-06-14 07:20:00+00:00,66940.0,2.0,2.9877948582274265e-05,25.996001430902407,3.3560693536623067,7.0,0.0,0.07692307692307693,0.02
1718349660,66949.0,66965.0,66949.0,66952.0,0.16961,2024-06-14 07:21:00+00:00,66952.0,12.0,0.00017924894739239857,26.03784186601393,3.3614709306084736,25.0,0.0,0.07648183556405354,0.01972222222222222
1718349720,66948.0,66961.0,66948.0,66951.0,0.02310117,2024-06-14 07:22:00+00:00,66951.0,-1.0,-1.4936185149178941e-05,26.00877731026857,3.35771871259625,9.0,4.0,0.07657945118059988,0.02
1718349780,66953.0,66953.0,66953.0,66953.0,0.0005425,2024-06-14 07:23:00+00:00,66953.0,2.0,2.9872147212125212e-05,25.994262730749917,3.3558448884378187,2.0,0.0,0.07687379884689302,0.01972222222222222
1718349840,66939.0,66939.0,66919.0,66920.0,0.25355403,2024-06-14 07:24:00+00:00,66920.0,-33.0,-0.0004930045740126575,26.303589366459512,3.3957787853925394,0.0,34.0,0.07570977917981073,0.019444444444444445
1718349900,66920.0,66921.0,66919.0,66919.0,0.20016249,2024-06-14 07:25:00+00:00,66919.0,-1.0,-1.4943327430955676e-05,26.302585209453554,3.3956491492805045,1.0,1.0,0.07561436672967864,0.02
1718349960,66919.0,66919.0,66912.0,66912.0,0.08615834,2024-06-14 07:26:00+00:00,66912.0,-7.0,-0.00010460954496914358,25.305835507535868,3.2669693160850244,0.0,7.0,0.07853403141361257,0.02
1718350020,66920.0,66920.0,66892.0,66892.0,0.15909436,2024-06-14 07:27:00+00:00,66892.0,-20.0,-0.0002989447273466152,24.578543534145528,3.1730763260593204,8.0,20.0,0.08016032064128256,0.020277777777777777
1718350080,66913.0,66913.0,66913.0,66913.0,0.00031296,2024-06-14 07:28:00+00:00,66913.0,21.0,0.000313889618062406,24.723876243363925,3.191838698141389,21.0,0.0,0.08021390374331551,0.020277777777777777
1718350140,66918.0,66918.0,66889.0,66897.0,0.29319792,2024-06-14 07:29:00+00:00,66897.0,-16.0,-0.0002391450575630744,22.201306776828925,2.866176380356676,5.0,24.0,0.08333333333333333,0.020555555555555556
1718350200,66914.0,66926.0,66900.0,66902.0,0.03009006,2024-06-14 07:30:00+00:00,66902.0,5.0,7.473897416752983e-05,22.09913463039739,2.852986012970823,29.0,0.0,0.08639308855291578,0.020277777777777777
1718350260,66873.0,66873.0,66872.0,66872.0,0.33182138,2024-06-14 07:31:00+00:00,66872.0,-30.0,-0.00044851765668846836,22.459354373402107,2.899490181825236,0.0,30.0,0.08456659619450317,0.020555555555555556
1718350320,66892.0,66892.0,66886.0,66886.0,0.00334634,2024-06-14 07:32:00+00:00,66886.0,14.0,0.0002093332742881508,19.47487879178718,2.5141960409999924,20.0,0.0,0.08875739644970414,0.020555555555555556
1718350380,66896.0,66896.0,66877.0,66877.0,0.28978262,2024-06-14 07:33:00+00:00,66877.0,-9.0,-0.0001345663601082509,19.467196804173664,2.5132043006635616,10.0,9.0,0.08902077151335312,0.020555555555555556
1718350440,66900.0,66921.0,66895.0,66921.0,0.30052188,2024-06-14 07:34:00+00:00,66921.0,44.0,0.0006577079117194751,19.61050104949971,2.5317047991831814,44.0,0.0,0.08875739644970414,0.020555555555555556
1718350500,66920.0,66923.0,66909.0,66909.0,0.09074897,2024-06-14 07:35:00+00:00,66909.0,-12.0,-0.0001793319888240667,19.345972879818337,2.497554359323892,2.0,12.0,0.09104704097116845,0.020555555555555556
1718350560,66892.0,66929.0,66892.0,66922.0,0.15312656,2024-06-14 07:36:00+00:00,66922.0,13.0,0.00019427486966237044,18.791180765887788,2.425931005395218,20.0,17.0,0.09104704097116845,0.020833333333333332
1718350620,66902.0,66911.0,66902.0,66910.0,0.01248253,2024-06-14 07:37:00+00:00,66910.0,-12.0,-0.00017932930886720388,18.668351417111484,2.4100738046540138,0.0,20.0,0.0911854103343465,0.020555555555555556
1718350680,66911.0,66921.0,66911.0,66912.0,0.14613793,2024-06-14 07:38:00+00:00,66912.0,2.0,2.9890451497477782e-05,18.668351417111484,2.4100738046540138,11.0,0.0,0.0918133129303749,0.020555555555555556
1718350740,66920.0,66927.0,66918.0,66923.0,0.8487085,2024-06-14 07:39:00+00:00,66923.0,11.0,0.00016438151492172243,18.710430940753355,2.4155062477967237,15.0,0.0,0.09084027252081757,0.020555555555555556
1718350800,66924.0,66937.0,66908.0,66908.0,0.3059415,2024-06-14 07:40:00+00:00,66908.0,-15.0,-0.00022416331138247703,18.58310848335,2.3990689892260106,14.0,15.0,0.09063444108761329,0.020555555555555556
1718350860,66915.0,66932.0,66897.0,66897.0,0.25672138,2024-06-14 07:41:00+00:00,66897.0,-11.0,-0.00016441837038641774,18.313119313296976,2.3642135372502864,24.0,11.0,0.0900900900900901,0.020833333333333332
1718350920,66894.0,66894.0,66877.0,66885.0,0.08546881,2024-06-14 07:42:00+00:00,66885.0,-12.0,-0.00017939633182612866,18.29556458860505,2.3619472320376502,0.0,20.0,0.08961911874533234,0.020833333333333332
1718350980,66900.0,66900.0,66900.0,66900.0,0.00088625,2024-06-14 07:43:00+00:00,66900.0,15.0,0.0002242403866330229,17.88036198271076,2.3083448061066334,15.0,0.0,0.0911854103343465,0.020555555555555556
1718351040,66888.0,66901.0,66885.0,66901.0,0.22259038,2024-06-14 07:44:00+00:00,66901.0,1.0,1.494757139355479e-05,17.753936461726045,2.2920233415296534,1.0,15.0,0.09132420091324202,0.020555555555555556
1718351100,66926.0,66931.0,66926.0,66929.0,0.00865576,2024-06-14 07:45:00+00:00,66929.0,28.0,0.0004184413122401367,18.091879440647265,2.335651592507307,30.0,0.0,0.09090909090909091,0.020555555555555556
1718351160,66937.0,66968.0,66937.0,66966.0,0.09161602,2024-06-14 07:46:00+00:00,66966.0,37.0,0.0005526718838162872,17.649090500086004,2.2784877860846873,39.0,0.0,0.09188361408882083,0.020555555555555556
1718351220,66952.0,66961.0,66952.0,66953.0,0.29403887,2024-06-14 07:47:00+00:00,66953.0,-13.0,-0.00019414720899695379,17.7122240657669,2.286638294366981,0.0,14.0,0.09561752988047809,0.020277777777777777
1718351280,66949.0,66949.0,66944.0,66944.0,0.04273204,2024-06-14 07:48:00+00:00,66944.0,-9.0,-0.00013443169023287394,17.738296850071116,2.2900042763469637,0.0,9.0,0.09724473257698542,0.02
1718351340,66954.0,66967.0,66952.0,66967.0,0.30572737,2024-06-14 07:49:00+00:00,66967.0,23.0,0.0003435117387841262,17.973489580034695,2.3203675272235635,23.0,0.0,0.09764035801464604,0.02
1718351400,66974.0,66974.0,66964.0,66964.0,0.13947037,2024-06-14 07:50:00+00:00,66964.0,-3.0,-4.479918764886126e-05,17.271339048909116,2.229720283437562,7.0,3.0,0.09991673605328893,0.020277777777777777
1718351460,66964.0,66964.0,66964.0,66964.0,0.0,2024-06-14 07:51:00+00:00,66964.0,0.0,0.0,16.972926264751774,2.191195358659669,0.0,0.0,0.1020408163265306,0.02
1718351520,67042.0,67043.0,67042.0,67042.0,0.0056,2024-06-14 07:52:00+00:00,67042.0,78.0,0.0011641271108569088,19.62843406206449,2.5340199411502056,79.0,0.0,0.09983361064891846,0.02
1718351580,67020.0,67025.0,67003.0,67011.0,0.32787511,2024-06-14 07:53:00+00:00,67011.0,-31.0,-0.000462503644865801,20.045597738669827,2.5878755402213764,0.0,39.0,0.09764035801464604,0.01972222222222222
1718351640,67026.0,67026.0,67012.0,67014.0,0.30601,2024-06-14 07:54:00+00:00,67014.0,3.0,4.476776721514678e-05,20.035977527443624,2.586633576292507,15.0,0.0,0.09685230024213076,0.019444444444444445
1718351700,67017.0,67017.0,66975.0,66975.0,0.1409,2024-06-14 07:55:00+00:00,66975.0,-39.0,-0.0005821373560721202,20.58286270877148,2.6572361496115207,3.0,39.0,0.09501187648456057,0.01972222222222222
1718351760,66990.0,66990.0,66963.0,66966.0,0.21601472,2024-06-14 07:56:00+00:00,66966.0,-9.0,-0.00013438752903957858,20.621665969184757,2.66224562899016,15.0,12.0,0.09554140127388534,0.01972222222222222
1718351820,66989.0,66989.0,66966.0,66968.0,0.06559,2024-06-14 07:57:00+00:00,66968.0,2.0,2.986545612246056e-05,20.51051129168475,2.647895621829807,23.0,0.0,0.09516256938937352,0.01972222222222222
1718351880,66935.0,66935.0,66907.0,66907.0,0.09,2024-06-14 07:58:00+00:00,66907.0,-61.0,-0.0009112979155410278,21.937790833779655,2.8321566183936775,0.0,61.0,0.09174311926605504,0.01972222222222222
1718351940,66863.0,66864.0,66855.0,66864.0,0.33561924,2024-06-14 07:59:00+00:00,66864.0,-43.0,-0.000642889736654664,22.606752403591457,2.9185191856981403,0.0,52.0,0.08862629246676514,0.01972222222222222
1718352000,66861.0,66871.0,66861.0,66870.0,0.18624897,2024-06-14 08:00:00+00:00,66870.0,6.0,8.973036032753706e-05,22.601084919711766,2.917787516675442,7.0,3.0,0.08869179600886917,0.01972222222222222
1718352060,66875.0,66890.0,66875.0,66888.0,0.03511396,2024-06-14 08:01:00+00:00,66888.0,18.0,0.000269142781869579,22.586400337946476,2.915891745321342,20.0,0.0,0.0898876404494382,0.01972222222222222
1718352120,66895.0,66895.0,66868.0,66868.0,0.24724583,2024-06-14 08:02:00+00:00,66868.0,-20.0,-0.000299052007372446,22.713711978987643,2.9323276075057016,7.0,20.0,0.08823529411764705,0.02
1718352180,66847.0,66848.0,66839.0,66839.0,0.6912464,2024-06-14 08:03:00+00:00,66839.0,-29.0,-0.0004337843262468175,22.67103854481671,2.926818490843385,0.0,29.0,0.08836524300441827,0.02
1718352240,66837.0,66886.0,66824.0,66886.0,3.4172843,2024-06-14 08:04:00+00:00,66886.0,47.0,0.0007029351570057046,23.375653711515277,3.0177839177136754,47.0,15.0,0.08565310492505353,0.020277777777777777
1718352300,66894.0,66910.0,66887.0,66894.0,1.33144968,2024-06-14 08:05:00+00:00,66894.0,8.0,0.00011959934234623975,23.349373018112992,3.0143910947845476,24.0,0.0,0.08547008547008547,0.020277777777777777
1718352360,66886.0,66910.0,66885.0,66910.0,0.07591246,2024-06-14 08:06:00+00:00,66910.0,16.0,0.00023915578123615835,23.447374661805387,3.0270430525819343,16.0,9.0,0.08403361344537814,0.020555555555555556
1718352420,66910.0,66944.0,66910.0,66925.0,2.87640178,2024-06-14 08:07:00+00:00,66925.0,15.0,0.00022415661169072082,23.529066049304685,3.0375893653590462,34.0,0.0,0.08264462809917356,0.020555555555555556
1718352480,66957.0,66968.0,66957.0,66968.0,0.03819649,2024-06-14 08:08:00+00:00,66968.0,43.0,0.0006423039513389799,24.178076402622963,3.1213762416896422,43.0,0.0,0.0802675585284281,0.020833333333333332
1718352540,66966.0,66993.0,66966.0,66993.0,0.3967667,2024-06-14 08:09:00+00:00,66993.0,25.0,0.00037324296310464213,24.37329741989467,3.1465791666470753,25.0,2.0,0.07957559681697612,0.021111111111111112
1718352600,67018.0,67031.0,67018.0,67026.0,0.05503587,2024-06-14 08:10:00+00:00,67026.0,33.0,0.0004924674959065267,24.613394910892485,3.1775756194504328,38.0,0.0,0.07858546168958742,0.021111111111111112
1718352660,67039.0,67080.0,67039.0,67080.0,0.56869993,2024-06-14 08:11:00+00:00,67080.0,54.0,0.0008053331382418012,25.527712868445253,3.295613560208441,54.0,0.0,0.07726980038634901,0.021111111111111112
1718352720,67056.0,67068.0,67056.0,67068.0,0.00519324,2024-06-14 08:12:00+00:00,67068.0,-12.0,-0.00017890687944670803,25.285550014742068,3.2643504702263577,0.0,24.0,0.07766990291262135,0.021111111111111112
1718352780,67068.0,67121.0,67068.0,67121.0,20.20766455,2024-06-14 08:13:00+00:00,67121.0,53.0,0.0007899306613203717,25.903662241353526,3.34414841555147,53.0,0.0,0.07633587786259542,0.021111111111111112
1718352840,67128.0,67146.0,67128.0,67134.0,1.67483417,2024-06-14 08:14:00+00:00,67134.0,13.0,0.00019366131675743628,25.92533281090008,3.3469460740500243,25.0,0.0,0.07556675062972293,0.021111111111111112
1718352900,67112.0,67130.0,67112.0,67130.0,0.00273,2024-06-14 08:15:00+00:00,67130.0,-4.0,-5.958410297891006e-05,25.939934965005225,3.348831204038957,0.0,22.0,0.07467330429371499,0.021111111111111112
1718352960,67106.0,67106.0,67077.0,67078.0,0.43976399,2024-06-14 08:16:00+00:00,67078.0,-52.0,-0.0007749165862266246,26.881010036175574,3.470323473311414,0.0,53.0,0.07228915662650602,0.021388888888888888
1718353020,67076.0,67128.0,67076.0,67114.0,1.14061444,2024-06-14 08:17:00+00:00,67114.0,36.0,0.0005365446653099354,27.198870033026125,3.5113590224523383,50.0,2.0,0.07168458781362008,0.021666666666666667
1718353080,67127.0,67183.0,67111.0,67144.0,3.54476621,2024-06-14 08:18:00+00:00,67144.0,30.0,0.0004469007507827863,26.745483804837075,3.4528271120798055,69.0,3.0,0.07050528789659224,0.021944444444444444
1718353140,67146.0,67154.0,67118.0,67120.0,0.55328052,2024-06-14 08:19:00+00:00,67120.0,-24.0,-0.0003575046215757251,26.96260226506253,3.480856984766718,10.0,26.0,0.06997084548104957,0.022222222222222223
1718353200,67135.0,67135.0,67104.0,67106.0,0.2062132,2024-06-14 08:20:00+00:00,67106.0,-14.0,-0.00020860340099191998,27.0519692360468,3.4923942111108213,15.0,16.0,0.06900517538815411,0.0225
1718353260,67109.0,67176.0,67109.0,67176.0,0.36547458,2024-06-14 08:21:00+00:00,67176.0,70.0,0.0010425821233031735,28.39065653575263,3.6652179983621562,70.0,0.0,0.06726457399103139,0.0225
1718353320,67161.0,67161.0,67141.0,67144.0,0.138559,2024-06-14 08:22:00+00:00,67144.0,-32.0,-0.00047647410073571166,28.757956403353408,3.712636207371556,0.0,35.0,0.06644518272425248,0.022222222222222223
1718353380,67124.0,67124.0,67098.0,67109.0,1.97374729,2024-06-14 08:23:00+00:00,67109.0,-35.0,-0.0005214036303535717,29.17812043063101,3.766879150048943,0.0,46.0,0.06486486486486487,0.022222222222222223
1718353440,67097.0,67122.0,67089.0,67105.0,0.64188172,2024-06-14 08:24:00+00:00,67105.0,-4.0,-5.9606300403576036e-05,28.8163628579594,3.720176448238224,13.0,20.0,0.06489994591671173,0.0225
1718353500,67107.0,67111.0,67074.0,67074.0,0.22864509,2024-06-14 08:25:00+00:00,67074.0,-31.0,-0.0004620693335255894,29.146789029573455,3.762834283565301,6.0,31.0,0.06369426751592357,0.0225
1718353560,67068.0,67068.0,67054.0,67054.0,0.08693143,2024-06-14 08:26:00+00:00,67054.0,-20.0,-0.0002982225955539009,29.2673049876981,3.7783928268576004,0.0,20.0,0.0632577754348972,0.0225
1718353620,67053.0,67080.0,67053.0,67080.0,0.11471978,2024-06-14 08:27:00+00:00,67080.0,26.0,0.00038767203431839273,29.273964059406314,3.779252509318504,26.0,1.0,0.06329113924050632,0.0225
1718353680,67079.0,67109.0,67079.0,67105.0,0.06393438,2024-06-14 08:28:00+00:00,67105.0,25.0,0.0003726198947611726,29.319860799262603,3.785177752955458,29.0,1.0,0.06299212598425197,0.02277777777777778
1718353740,67122.0,67135.0,67118.0,67118.0,0.26963956,2024-06-14 08:29:00+00:00,67118.0,13.0,0.00019370748739996993,29.23690010386902,3.77446757323382,30.0,0.0,0.06295907660020987,0.0225
1718353800,67130.0,67133.0,67128.0,67128.0,0.00412766,2024-06-14 08:30:00+00:00,67128.0,10.0,0.00014898023059903672,29.247840231239138,3.7758799376041488,15.0,0.0,0.06342494714587738,0.0225
1718353860,67112.0,67112.0,67079.0,67080.0,0.00439077,2024-06-14 08:31:00+00:00,67080.0,-48.0,-0.0007153076127602299,29.689047610568434,3.8328395653496883,0.0,49.0,0.06279434850863422,0.0225
1718353920,67097.0,67097.0,67071.0,67081.0,0.09940256,2024-06-14 08:32:00+00:00,67081.0,1.0,1.4907461930355447e-05,29.658294063881378,3.8288692995444955,17.0,9.0,0.06259780907668232,0.02277777777777778
1718353980,67077.0,67077.0,67077.0,67077.0,0.01464193,2024-06-14 08:33:00+00:00,67077.0,-4.0,-5.9631181162308935e-05,29.63030209531937,3.8252555519422216,0.0,4.0,0.06309148264984227,0.0225
1718354040,67062.0,67063.0,67037.0,67037.0,0.06514427,2024-06-14 08:34:00+00:00,67037.0,-40.0,-0.000596507466574248,29.660717996879235,3.8291822279489294,0.0,40.0,0.06322444678609063,0.0225
1718354100,67033.0,67062.0,67033.0,67057.0,0.11318101,2024-06-14 08:35:00+00:00,67057.0,20.0,0.0002982982109311024,29.693614371835523,3.8334291316941393,25.0,4.0,0.06272869837950863,0.0225
1718354160,67094.0,67100.0,67086.0,67086.0,0.00872,2024-06-14 08:36:00+00:00,67086.0,29.0,0.0004323744131528968,29.861185433271505,3.8550624627024015,43.0,0.0,0.06253256904637831,0.022222222222222223
1718354220,67109.0,67110.0,67087.0,67087.0,0.17020568,2024-06-14 08:37:00+00:00,67087.0,1.0,1.4906128654978477e-05,29.799570580457388,3.8471080194081315,24.0,0.0,0.062402496099843996,0.022222222222222223
1718354280,67087.0,67087.0,67087.0,67087.0,0.0,2024-06-14 08:38:00+00:00,67087.0,0.0,0.0,29.8017697498989,3.8473919309622135,0.0,0.0,0.06276150627615062,0.021944444444444444
1718354340,67083.0,67087.0,67072.0,67072.0,0.06647,2024-06-14 08:39:00+00:00,67072.0,-15.0,-0.00022361526341888112,29.87118767487066,3.856353746540344,0.0,15.0,0.06276150627615062,0.021944444444444444
1718354400,67084.0,67129.0,67084.0,67129.0,0.00065626,2024-06-14 08:40:00+00:00,67129.0,57.0,0.0008494721116475686,30.594389463865216,3.9497186960311215,57.0,0.0,0.06185567010309278,0.021666666666666667
1718354460,67143.0,67143.0,67117.0,67117.0,0.00764357,2024-06-14 08:41:00+00:00,67117.0,-12.0,-0.00017877627686430474,30.602795190085626,3.9508038706199353,14.0,12.0,0.06214396685655102,0.021666666666666667
1718354520,67125.0,67131.0,67115.0,67115.0,0.09762825,2024-06-14 08:42:00+00:00,67115.0,-2.0,-2.979915370623757e-05,30.543199008121558,3.9431100366117895,14.0,2.0,0.062272963155163466,0.021944444444444444
1718354580,67118.0,67118.0,67103.0,67103.0,0.20220926,2024-06-14 08:43:00+00:00,67103.0,-12.0,-0.00017881357242660462,30.574771735315817,3.9471860581657134,3.0,12.0,0.062272963155163466,0.022222222222222223
1718354640,67114.0,67121.0,67111.0,67121.0,0.25497811,2024-06-14 08:44:00+00:00,67121.0,18.0,0.00026820836970890225,30.63102817415129,3.9544487331899374,18.0,0.0,0.06220839813374806,0.021944444444444444
1718354700,67106.0,67106.0,67081.0,67087.0,0.30439619,2024-06-14 08:45:00+00:00,67087.0,-34.0,-0.0005066762149405928,30.84129230000688,3.9815937151147227,0.0,40.0,0.061887570912841666,0.021944444444444444
1718354760,67116.0,67124.0,67116.0,67121.0,0.00652689,2024-06-14 08:46:00+00:00,67121.0,34.0,0.0005066762149406051,30.78701667067185,3.974586761497406,37.0,0.0,0.061951471347444505,0.021944444444444444
1718354820,67143.0,67174.0,67136.0,67136.0,0.10270232,2024-06-14 08:47:00+00:00,67136.0,15.0,0.0002234520369501743,30.759000336404235,3.970969868296064,53.0,0.0,0.06072874493927126,0.021944444444444444
1718354880,67135.0,67161.0,67135.0,67139.0,0.21921119,2024-06-14 08:48:00+00:00,67139.0,3.0,4.468441631732178e-05,30.718307355381114,3.965716427035728,25.0,1.0,0.06021073758153537,0.022222222222222223
1718354940,67140.0,67147.0,67133.0,67143.0,0.01110279,2024-06-14 08:49:00+00:00,67143.0,4.0,5.9576115952663067e-05,30.60899760631304,3.9516045991117696,8.0,6.0,0.06048387096774193,0.0225
1718355000,67145.0,67156.0,67144.0,67154.0,0.02194116,2024-06-14 08:50:00+00:00,67154.0,11.0,0.00016381602008384459,30.616361343583993,3.9525552535056443,13.0,0.0,0.06039255158530448,0.022222222222222223
1718355060,67124.0,67127.0,67124.0,67127.0,0.73441469,2024-06-14 08:51:00+00:00,67127.0,-27.0,-0.00040214178273716627,30.861138783357465,3.984155885097976,0.0,30.0,0.059494298463063956,0.0225
1718355120,67125.0,67164.0,67125.0,67159.0,0.26772109,2024-06-14 08:52:00+00:00,67159.0,32.0,0.00047659473967069215,29.50060326875265,3.808511505431703,37.0,2.0,0.060698027314112286,0.02277777777777778
1718355180,67164.0,67164.0,67124.0,67124.0,0.1412448,2024-06-14 08:53:00+00:00,67124.0,-35.0,-0.000521287144204035,29.580737930233852,3.8188568457440586,5.0,35.0,0.06066734074823053,0.023055555555555555
1718355240,67139.0,67139.0,67134.0,67134.0,0.00705,2024-06-14 08:54:00+00:00,67134.0,10.0,0.00014896691472386018,29.59901510042614,3.821216418269743,15.0,0.0,0.06066734074823053,0.023055555555555555
1718355300,67149.0,67149.0,67114.0,67114.0,0.13275754,2024-06-14 08:55:00+00:00,67114.0,-20.0,-0.00029795602389550286,29.252548297898844,3.7764877463963447,15.0,20.0,0.060882800608828,0.023055555555555555
1718355360,67102.0,67104.0,67095.0,67095.0,0.27217184,2024-06-14 08:56:00+00:00,67095.0,-19.0,-0.0002831404768225237,29.34645475657429,3.7886110180813883,0.0,19.0,0.06113092205807437,0.02277777777777778
1718355420,67098.0,67103.0,67082.0,67084.0,0.08729074,2024-06-14 08:57:00+00:00,67084.0,-11.0,-0.00016396008353984095,29.39552984964285,3.794946585353659,8.0,13.0,0.06119326874043856,0.023055555555555555
1718355480,67107.0,67126.0,67104.0,67117.0,0.31916101,2024-06-14 08:58:00+00:00,67117.0,33.0,0.0004917996239242322,28.475085750082947,3.6761177630633126,42.0,0.0,0.06179196704428424,0.023055555555555555
1718355540,67115.0,67115.0,67106.0,67106.0,0.01115589,2024-06-14 08:59:00+00:00,67106.0,-11.0,-0.0001639063353468388,27.88290689966062,3.5996678022079154,0.0,11.0,0.0631246712256707,0.023055555555555555
1718355600,67080.0,67080.0,67044.0,67044.0,0.25606444,2024-06-14 09:00:00+00:00,67044.0,-62.0,-0.0009243384929468543,29.15458506836404,3.763840747845378,0.0,62.0,0.061443932411674354,0.02277777777777778
1718355660,67021.0,67021.0,67021.0,67021.0,0.00279417,2024-06-14 09:01:00+00:00,67021.0,-23.0,-0.00034311714803491147,29.274904893050905,3.7793739704197393,0.0,23.0,0.06134969325153374,0.02277777777777778
1718355720,67024.0,67055.0,67024.0,67055.0,0.1231446,2024-06-14 09:02:00+00:00,67055.0,34.0,0.0005071750459262585,29.410070722237418,3.796823803933595,34.0,0.0,0.06113092205807437,0.0225
1718355780,67056.0,67056.0,67041.0,67041.0,0.00176932,2024-06-14 09:03:00+00:00,67041.0,-14.0,-0.00020880563254486095,29.195406340937097,3.769110751473593,1.0,14.0,0.06157003591585428,0.02277777777777778
1718355840,67051.0,67070.0,67051.0,67070.0,0.04462385,2024-06-14 09:04:00+00:00,67070.0,29.0,0.0004324775812872299,28.829637920009866,3.7218902513796013,29.0,0.0,0.06263048016701461,0.0225
1718355900,67079.0,67079.0,67079.0,67079.0,0.0221625,2024-06-14 09:05:00+00:00,67079.0,9.0,0.00013417915919611688,28.83282714032662,3.722301977952074,9.0,0.0,0.0631246712256707,0.0225
1718355960,67020.0,67026.0,67020.0,67023.0,1.06415112,2024-06-14 09:06:00+00:00,67023.0,-56.0,-0.0008351852061141416,29.769220634325343,3.8431898582105415,0.0,59.0,0.06201550387596899,0.022222222222222223
1718356020,67040.0,67054.0,67026.0,67054.0,0.33572532,2024-06-14 09:07:00+00:00,67054.0,31.0,0.00046242085596198473,29.959761149508417,3.8677885329466024,31.0,0.0,0.06211180124223602,0.022222222222222223
1718356080,67039.0,67049.0,67028.0,67028.0,0.21668375,2024-06-14 09:08:00+00:00,67028.0,-26.0,-0.0003878223822120318,29.688210294803476,3.832731468349248,0.0,26.0,0.06266318537859007,0.022222222222222223
1718356140,67024.0,67024.0,67017.0,67019.0,0.12226453,2024-06-14 09:09:00+00:00,67019.0,-9.0,-0.00013428125976001228,29.5464969197025,3.8144363502925507,0.0,11.0,0.06319115323854661,0.021944444444444444
1718356200,67040.0,67045.0,67040.0,67045.0,0.00496362,2024-06-14 09:10:00+00:00,67045.0,26.0,0.0003878744528877733,29.429312993626553,3.799307970488039,26.0,0.0,0.06359300476947535,0.021944444444444444
1718356260,67041.0,67058.0,67021.0,67021.0,0.34641026,2024-06-14 09:11:00+00:00,67021.0,-24.0,-0.0003580326146281944,28.732248265589675,3.7093173010575247,13.0,24.0,0.0641711229946524,0.022222222222222223
1718356320,66996.0,66998.0,66993.0,66998.0,0.27087248,2024-06-14 09:12:00+00:00,66998.0,-23.0,-0.000343234917822103,28.838631497813264,3.7230513172814472,0.0,28.0,0.064034151547492,0.022222222222222223
1718356380,66997.0,66997.0,66977.0,66979.0,0.01826914,2024-06-14 09:13:00+00:00,66979.0,-19.0,-0.00028363077434748305,28.033253054830414,3.619077407379213,0.0,21.0,0.06514657980456026,0.022222222222222223
1718356440,66975.0,67034.0,66973.0,67030.0,0.22573479,2024-06-14 09:14:00+00:00,67030.0,51.0,0.000761142945058694,28.804935233138632,3.7187011482176393,55.0,6.0,0.06389776357827476,0.0225
1718356500,67028.0,67029.0,66983.0,66985.0,0.343912,2024-06-14 09:15:00+00:00,66985.0,-45.0,-0.0006715666409171577,29.34094822833532,3.787900128342557,0.0,47.0,0.06305832895428272,0.0225
1718356560,66998.0,66999.0,66993.0,66999.0,0.07295711,2024-06-14 09:16:00+00:00,66999.0,14.0,0.00020898017749816308,28.680290088282288,3.702609529210498,14.0,0.0,0.06437768240343347,0.0225
1718356620,66998.0,66998.0,66986.0,66998.0,1.21778975,2024-06-14 09:17:00+00:00,66998.0,-1.0,-1.492570729225078e-05,28.259011861925213,3.6482227440504733,0.0,13.0,0.06575342465753424,0.022222222222222223
1718356680,66986.0,66986.0,66986.0,66986.0,0.00626823,2024-06-14 09:18:00+00:00,66986.0,-12.0,-0.00017912586625402224,27.97333274089394,3.6113417281133633,0.0,12.0,0.06798866855524079,0.021944444444444444
1718356740,66985.0,66985.0,66963.0,66963.0,0.19068757,2024-06-14 09:19:00+00:00,66963.0,-23.0,-0.00034341428791617354,27.960681635362985,3.60970847741228,0.0,23.0,0.0684931506849315,0.021666666666666667
1718356800,66971.0,66988.0,66971.0,66988.0,0.00916425,2024-06-14 09:20:00+00:00,66988.0,25.0,0.0003732708272468901,28.144281212561673,3.6334110809076545,25.0,0.0,0.06872852233676975,0.021388888888888888
1718356860,66973.0,66998.0,66973.0,66998.0,0.13237848,2024-06-14 09:21:00+00:00,66998.0,10.0,0.00014926932692323268,26.565535635778545,3.429595903348332,10.0,15.0,0.07054673721340388,0.021666666666666667
1718356920,66995.0,66995.0,66992.0,66992.0,0.20584215,2024-06-14 09:22:00+00:00,66992.0,-6.0,-8.955892236752134e-05,26.294593545394736,3.3946174298868947,0.0,6.0,0.07177033492822966,0.021666666666666667
1718356980,67005.0,67005.0,67005.0,67005.0,0.00737639,2024-06-14 09:23:00+00:00,67005.0,13.0,0.00019403419540420878,26.01881110030677,3.35901406932016,13.0,0.0,0.07321537522879805,0.021666666666666667
1718357040,67027.0,67027.0,67024.0,67027.0,0.20192529,2024-06-14 09:24:00+00:00,67027.0,22.0,0.000328279816724079,26.196325269531968,3.3819310500243276,22.0,0.0,0.07371007371007371,0.021388888888888888
1718357100,67055.0,67058.0,67055.0,67058.0,0.01192727,2024-06-14 09:25:00+00:00,67058.0,31.0,0.00046239326624653146,26.227729320525157,3.38598529557433,31.0,0.0,0.07398273736128236,0.021111111111111112
1718357160,67056.0,67072.0,67056.0,67072.0,0.0208748,2024-06-14 09:26:00+00:00,67072.0,14.0,0.00020875270335998902,26.161363671501206,3.377417527126663,14.0,2.0,0.07416563658838073,0.021388888888888888
1718357220,67085.0,67085.0,67068.0,67068.0,0.01515908,2024-06-14 09:27:00+00:00,67068.0,-4.0,-5.9639182960866654e-05,25.947665712587785,3.3498292392603233,13.0,4.0,0.07462686567164178,0.021388888888888888
1718357280,67056.0,67056.0,67049.0,67055.0,0.06392447,2024-06-14 09:28:00+00:00,67055.0,-13.0,-0.00019385191265794825,25.78540295690021,3.3288812075773997,0.0,19.0,0.07514088916718847,0.021111111111111112
1718357340,67052.0,67052.0,67017.0,67017.0,0.49551006,2024-06-14 09:29:00+00:00,67017.0,-38.0,-0.0005668596130071008,26.15954417440086,3.3771826310610593,0.0,38.0,0.07476635514018691,0.021111111111111112
1718357400,67016.0,67016.0,67004.0,67004.0,0.06804962,2024-06-14 09:30:00+00:00,67004.0,-13.0,-0.0001939994484561724,26.15395531331875,3.3764611121978834,0.0,13.0,0.07485963817841547,0.021111111111111112
1718357460,66988.0,66988.0,66977.0,66977.0,0.24666873,2024-06-14 09:31:00+00:00,66977.0,-27.0,-0.0004030422278605969,25.66478274691466,3.3133092054277307,0.0,27.0,0.07590132827324478,0.021111111111111112
1718357520,66971.0,66971.0,66950.0,66959.0,0.03956358,2024-06-14 09:32:00+00:00,66959.0,-18.0,-0.0002687850930051561,25.74777704188986,3.3240237228367033,0.0,27.0,0.07585335018963338,0.020833333333333332
1718357580,66989.0,66989.0,66978.0,66978.0,0.10217,2024-06-14 09:33:00+00:00,66978.0,19.0,0.00028371548007570887,25.888826855077927,3.3422331754188046,30.0,0.0,0.07462686567164178,0.020833333333333332
1718357640,66978.0,66978.0,66971.0,66975.0,0.28777314,2024-06-14 09:34:00+00:00,66975.0,-3.0,-4.479182997765319e-05,25.395826873698574,3.278587151500045,0.0,7.0,0.0761904761904762,0.020833333333333332
1718357700,66977.0,66977.0,66953.0,66953.0,0.29237316,2024-06-14 09:35:00+00:00,66953.0,-22.0,-0.0003285347380365871,25.385079473718537,3.277199668128788,2.0,22.0,0.07643312101910828,0.020833333333333332
1718357760,66982.0,66982.0,66960.0,66965.0,0.34773395,2024-06-14 09:36:00+00:00,66965.0,12.0,0.0001792141464496911,25.129826742148385,3.244246682180616,29.0,0.0,0.07712082262210797,0.020833333333333332
1718357820,66970.0,66985.0,66970.0,66974.0,0.5536575,2024-06-14 09:37:00+00:00,66974.0,9.0,0.00013438953573708743,25.167298978100686,3.24908432704023,20.0,0.0,0.07731958762886598,0.020833333333333332
1718357880,66973.0,66973.0,66952.0,66952.0,0.19626445,2024-06-14 09:38:00+00:00,66952.0,-22.0,-0.00032853964424958747,25.29930996580269,3.2661268722697714,0.0,22.0,0.07623888182973317,0.021111111111111112
1718357940,66961.0,66961.0,66947.0,66947.0,0.12365768,2024-06-14 09:39:00+00:00,66947.0,-5.0,-7.468315674235314e-05,25.246776378661192,3.2593448153325864,9.0,5.0,0.07628734901462175,0.021388888888888888
1718358000,66945.0,66945.0,66927.0,66939.0,0.40344498,2024-06-14 09:40:00+00:00,66939.0,-8.0,-0.00011950465335468035,24.03399193562281,3.102775016985017,0.0,20.0,0.078125,0.021388888888888888
1718358060,66927.0,66927.0,66897.0,66897.0,18.85478426,2024-06-14 09:41:00+00:00,66897.0,-42.0,-0.0006276338411000939,24.527858023256737,3.166532854740444,0.0,42.0,0.07731958762886598,0.021111111111111112
1718358120,66895.0,66895.0,66864.0,66864.0,2.20288689,2024-06-14 09:42:00+00:00,66864.0,-33.0,-0.0004934173738162335,24.816951332634076,3.2038546404977244,0.0,33.0,0.07648183556405354,0.020833333333333332
1718358180,66864.0,66864.0,66863.0,66864.0,0.18211147,2024-06-14 09:43:00+00:00,66864.0,0.0,0.0,24.801238122911908,3.2018260738454103,0.0,1.0,0.07717041800643086,0.020555555555555556
1718358240,66872.0,66895.0,66872.0,66878.0,0.16963436,2024-06-14 09:44:00+00:00,66878.0,14.0,0.00020935831752375258,24.74646011322819,3.1947542632039627,31.0,0.0,0.07653061224489796,0.020555555555555556
1718358300,66898.0,66898.0,66888.0,66888.0,0.03275652,2024-06-14 09:45:00+00:00,66888.0,10.0,0.00014951482467341927,24.494545685960013,3.162232250487995,20.0,0.0,0.07751937984496124,0.020555555555555556
1718358360,66898.0,66906.0,66894.0,66904.0,0.02690309,2024-06-14 09:46:00+00:00,66904.0,16.0,0.00023917723146796549,24.137383388349257,3.1161227961366738,18.0,0.0,0.07848266841072596,0.020555555555555556
1718358420,66908.0,66908.0,66894.0,66896.0,0.04200829,2024-06-14 09:47:00+00:00,66896.0,-8.0,-0.00011958146501547562,24.019060228020763,3.1008473418225777,4.0,10.0,0.08053691275167786,0.020833333333333332
1718358480,66896.0,66925.0,66896.0,66925.0,0.10979754,2024-06-14 09:48:00+00:00,66925.0,29.0,0.00043341479220704527,24.379323461273064,3.147357125243811,29.0,0.0,0.08037508372404555,0.020555555555555556
1718358540,66924.0,66924.0,66897.0,66897.0,0.23208412,2024-06-14 09:49:00+00:00,66897.0,-28.0,-0.0004184663270404409,24.560337324465355,3.170725914496358,0.0,28.0,0.07962840079628401,0.020277777777777777
1718358600,66902.0,66902.0,66899.0,66902.0,0.00184956,2024-06-14 09:50:00+00:00,66902.0,5.0,7.473897416752983e-05,24.509977214409,3.16422445224431,5.0,0.0,0.0800533689126084,0.020277777777777777
1718358660,66925.0,66933.0,66925.0,66929.0,0.0493021,2024-06-14 09:51:00+00:00,66929.0,27.0,0.00040349396427310694,24.649612366739344,3.1822512728949954,31.0,0.0,0.08,0.020277777777777777
1718358720,66925.0,66925.0,66901.0,66901.0,0.03933993,2024-06-14 09:52:00+00:00,66901.0,-28.0,-0.000418441312240156,24.409153603945747,3.151208180103354,0.0,28.0,0.08059100067159167,0.02
1718358780,66918.0,66919.0,66914.0,66919.0,0.0156124,2024-06-14 09:53:00+00:00,66919.0,18.0,0.0002690180856158254,24.237729145369507,3.1290773776634073,18.0,0.0,0.081799591002045,0.01972222222222222
1718358840,66920.0,66920.0,66919.0,66920.0,0.01849738,2024-06-14 09:54:00+00:00,66920.0,1.0,1.4943327430963686e-05,24.18107304867407,3.1217631070313225,1.0,0.0,0.08258774948382658,0.01972222222222222
1718358900,66920.0,66920.0,66901.0,66901.0,0.13565204,2024-06-14 09:55:00+00:00,66901.0,-19.0,-0.0002839614130468313,24.169896530707067,3.120320224766163,0.0,19.0,0.08350730688935282,0.019444444444444445
1718358960,66901.0,66901.0,66864.0,66864.0,0.30246073,2024-06-14 09:56:00+00:00,66864.0,-37.0,-0.0005532090000167672,24.474701570175544,3.159670386156213,0.0,37.0,0.08247422680412371,0.019444444444444445
1718359020,66864.0,66886.0,66864.0,66886.0,0.41268695,2024-06-14 09:57:00+00:00,66886.0,22.0,0.00032897196558358087,24.68122184707247,3.186332039258745,22.0,0.0,0.08241758241758242,0.019166666666666665
1718359080,66893.0,66895.0,66871.0,66871.0,0.4271627,2024-06-14 09:58:00+00:00,66871.0,-15.0,-0.00022428732795859923,24.25898400767737,3.131821368588217,9.0,15.0,0.08344923504867872,0.019444444444444445
1718359140,66868.0,66868.0,66868.0,66868.0,0.07385,2024-06-14 09:59:00+00:00,66868.0,-3.0,-4.486350280030899e-05,24.242396443230096,3.129679923226269,0.0,3.0,0.08391608391608392,0.019444444444444445
1718359200,66867.0,66900.0,66864.0,66900.0,0.16498029,2024-06-14 10:00:00+00:00,66900.0,32.0,0.00047844029379844104,23.45294604023346,3.027762314444179,32.0,4.0,0.08547008547008547,0.01972222222222222
1718359260,66889.0,66889.0,66877.0,66878.0,0.00222738,2024-06-14 10:01:00+00:00,66878.0,-22.0,-0.00032890311109933987,23.43840949271139,3.025885654228701,0.0,23.0,0.08547008547008547,0.01972222222222222
1718359320,66879.0,66890.0,66879.0,66890.0,0.00592447,2024-06-14 10:02:00+00:00,66890.0,12.0,0.00017941510723332724,23.028077924163725,2.972912076515092,12.0,0.0,0.08683068017366136,0.01972222222222222
1718359380,66882.0,66887.0,66863.0,66863.0,0.19994232,2024-06-14 10:03:00+00:00,66863.0,-27.0,-0.00040372926763125713,23.196264067014486,2.994624814192554,0.0,27.0,0.0860832137733142,0.019444444444444445
1718359440,66863.0,66863.0,66832.0,66832.0,2.12966105,2024-06-14 10:04:00+00:00,66832.0,-31.0,-0.00046374210786584576,23.08786948841588,2.9806311342681684,0.0,31.0,0.08595988538681949,0.019444444444444445
1718359500,66832.0,66842.0,66831.0,66832.0,0.56630447,2024-06-14 10:05:00+00:00,66832.0,0.0,0.0,23.03136525069096,2.9733364685448764,10.0,1.0,0.08583690987124463,0.01972222222222222
1718359560,66831.0,66856.0,66799.0,66856.0,2.20808863,2024-06-14 10:06:00+00:00,66856.0,24.0,0.00035904494431558096,22.28025778588862,2.8763689117984916,24.0,33.0,0.08595988538681949,0.02
1718359620,66852.0,66862.0,66847.0,66859.0,0.95966812,2024-06-14 10:07:00+00:00,66859.0,3.0,4.48715551809128e-05,21.849737228377673,2.8207889468171645,6.0,9.0,0.08695652173913043,0.020277777777777777
1718359680,66875.0,66880.0,66873.0,66880.0,0.13898294,2024-06-14 10:08:00+00:00,66880.0,21.0,0.0003140445221302125,21.86279764586306,2.822475039464345,21.0,0.0,0.08727272727272727,0.020277777777777777
1718359740,66883.0,66892.0,66866.0,66892.0,0.07126163,2024-06-14 10:09:00+00:00,66892.0,12.0,0.0001794097424303163,21.92444009424935,2.830433045331663,12.0,14.0,0.08633093525179855,0.020555555555555556
1718359800,66902.0,66902.0,66884.0,66884.0,0.01658947,2024-06-14 10:10:00+00:00,66884.0,-8.0,-0.00011960291845373066,21.622721623224976,2.791481358214311,10.0,8.0,0.08683068017366136,0.020833333333333332
1718359860,66895.0,66906.0,66895.0,66903.0,2.114,2024-06-14 10:11:00+00:00,66903.0,19.0,0.0002840335776679996,21.61682228380754,2.7907197567703994,22.0,0.0,0.08778346744696415,0.020555555555555556
1718359920,66923.0,66923.0,66913.0,66913.0,0.01249179,2024-06-14 10:12:00+00:00,66913.0,10.0,0.0001494589588481892,21.49204950883922,2.774611660786653,20.0,0.0,0.08830022075055188,0.020555555555555556
1718359980,66918.0,66918.0,66902.0,66902.0,0.32605645,2024-06-14 10:13:00+00:00,66902.0,-11.0,-0.0001644060833954118,21.4057585050178,2.7634715400957237,5.0,11.0,0.08862629246676514,0.020833333333333332
1718360040,66892.0,66902.0,66892.0,66902.0,0.16940892,2024-06-14 10:14:00+00:00,66902.0,0.0,0.0,20.277286839760432,2.6177864745554325,0.0,10.0,0.09209516500383731,0.020555555555555556
1718360100,66903.0,66926.0,66902.0,66926.0,0.15209355,2024-06-14 10:15:00+00:00,66926.0,24.0,0.00035866934060576895,19.754846362405875,2.5503396989494704,24.0,0.0,0.09375,0.020555555555555556
1718360160,66934.0,66934.0,66909.0,66909.0,0.07612755,2024-06-14 10:16:00+00:00,66909.0,-17.0,-0.0002540441602186611,19.761716112949664,2.5512265799310936,8.0,17.0,0.09295120061967467,0.020833333333333332
1718360220,66912.0,66956.0,66912.0,66954.0,0.00814322,2024-06-14 10:17:00+00:00,66954.0,45.0,0.0006723291976886976,20.653613519489273,2.6663700399995434,47.0,0.0,0.09056603773584906,0.020833333333333332
1718360280,66947.0,66947.0,66934.0,66934.0,0.23946288,2024-06-14 10:18:00+00:00,66934.0,-20.0,-0.00029875717239428247,20.753163260349858,2.679221856281954,0.0,20.0,0.09002250562640661,0.020833333333333332
1718360340,66914.0,66914.0,66893.0,66893.0,0.02271082,2024-06-14 10:19:00+00:00,66893.0,-41.0,-0.000612731381302004,21.20374660423242,2.7373919158464743,0.0,41.0,0.08882309400444116,0.020833333333333332
1718360400,66891.0,66913.0,66891.0,66913.0,0.15621837,2024-06-14 10:20:00+00:00,66913.0,20.0,0.00029894025901587345,21.108777995766996,2.7251315212131715,20.0,2.0,0.08902077151335312,0.021111111111111112
1718360460,66939.0,66939.0,66899.0,66899.0,0.0768,2024-06-14 10:21:00+00:00,66899.0,-14.0,-0.00020924879758293626,21.119374188211534,2.726499483775535,26.0,14.0,0.0880410858400587,0.021111111111111112
1718360520,66891.0,66891.0,66870.0,66870.0,0.08756928,2024-06-14 10:22:00+00:00,66870.0,-29.0,-0.0004335832734687863,21.406451321788275,2.763560982356191,0.0,29.0,0.08658008658008658,0.021111111111111112
1718360580,66878.0,66878.0,66849.0,66852.0,0.38739727,2024-06-14 10:23:00+00:00,66852.0,-18.0,-0.0002692152392084187,21.4115642760113,2.7642210619080476,8.0,21.0,0.08559201141226819,0.021388888888888888
1718360640,66852.0,66860.0,66838.0,66838.0,0.01514726,2024-06-14 10:24:00+00:00,66838.0,-14.0,-0.00020943974943784198,21.215460464290306,2.738904168677274,8.0,14.0,0.08559201141226819,0.021666666666666667
1718360700,66836.0,66836.0,66821.0,66821.0,0.8231327,2024-06-14 10:25:00+00:00,66821.0,-17.0,-0.0002543786814455929,20.80696184013778,2.686167223067562,0.0,17.0,0.08645533141210375,0.021666666666666667
1718360760,66807.0,66846.0,66807.0,66820.0,0.85700897,2024-06-14 10:26:00+00:00,66820.0,-1.0,-1.4965467184779417e-05,20.677343697218024,2.669433592771077,25.0,14.0,0.08504606661941885,0.021666666666666667
1718360820,66851.0,66855.0,66851.0,66854.0,0.00934644,2024-06-14 10:27:00+00:00,66854.0,34.0,0.0005087002817780342,21.257394858217992,2.7443178756544486,35.0,0.0,0.08397480755773268,0.021388888888888888
1718360880,66846.0,66867.0,66846.0,66867.0,0.11784872,2024-06-14 10:28:00+00:00,66867.0,13.0,0.00019443468177713115,21.326729203773233,2.753268901176303,13.0,8.0,0.08385744234800838,0.021666666666666667
1718360940,66888.0,66888.0,66876.0,66882.0,0.13637461,2024-06-14 10:29:00+00:00,66882.0,15.0,0.00022430074337581647,20.952427956877365,2.7049468179865577,21.0,0.0,0.08486562942008487,0.021666666666666667
1718361000,66881.0,66884.0,66863.0,66872.0,0.53480385,2024-06-14 10:30:00+00:00,66872.0,-10.0,-0.00014952823868641388,20.929907236993508,2.7020394055513983,2.0,19.0,0.08438818565400844,0.021944444444444444
1718361060,66855.0,66859.0,66840.0,66852.0,0.56063348,2024-06-14 10:31:00+00:00,66852.0,-20.0,-0.00029912357017627424,20.80848235343241,2.686363520489821,0.0,32.0,0.08409250175192712,0.021944444444444444
1718361120,66866.0,66866.0,66838.0,66838.0,0.02038336,2024-06-14 10:32:00+00:00,66838.0,-14.0,-0.00020943974943784198,20.76298178078908,2.680489421820137,14.0,14.0,0.08403361344537814,0.022222222222222223
1718361180,66837.0,66849.0,66837.0,66848.0,0.18039626,2024-06-14 10:33:00+00:00,66848.0,10.0,0.00014960429691434526,20.640725472293838,2.6647062002611084,11.0,1.0,0.0851063829787234,0.0225
1718361240,66849.0,66852.0,66825.0,66825.0,0.2718992,2024-06-14 10:34:00+00:00,66825.0,-23.0,-0.0003441233491725344,20.815167221059713,2.6872265331895595,4.0,23.0,0.08391608391608392,0.02277777777777778
1718361300,66838.0,66845.0,66824.0,66845.0,0.07880711,2024-06-14 10:35:00+00:00,66845.0,20.0,0.00029924441010321294,20.85445934509624,2.692299124590579,20.0,1.0,0.08409250175192712,0.02277777777777778
1718361360,66847.0,66848.0,66837.0,66837.0,0.13841938,2024-06-14 10:36:00+00:00,66837.0,-8.0,-0.00011968701858963503,20.789882371950757,2.6839622732058808,3.0,8.0,0.085166784953868,0.023055555555555555
1718361420,66835.0,66835.0,66814.0,66814.0,0.1091027,2024-06-14 10:37:00+00:00,66814.0,-23.0,-0.00034417999456864203,20.90954422143207,2.699410551546465,0.0,23.0,0.08498583569405098,0.023055555555555555
1718361480,66828.0,66849.0,66828.0,66835.0,0.11042515,2024-06-14 10:38:00+00:00,66835.0,21.0,0.0003142560015087754,20.972479950025892,2.707535519170641,35.0,0.0,0.08421052631578947,0.023055555555555555
1718361540,66838.0,66840.0,66838.0,66840.0,0.00248588,2024-06-14 10:39:00+00:00,66840.0,5.0,7.480830375656646e-05,20.987560211130305,2.7094823725077695,5.0,0.0,0.0847457627118644,0.02277777777777778
1718361600,66833.0,66839.0,66833.0,66837.0,0.01935169,2024-06-14 10:40:00+00:00,66837.0,-3.0,-4.488431069672798e-05,20.972378929585037,2.707522477487806,0.0,7.0,0.08553100498930863,0.02277777777777778
1718361660,66833.0,66833.0,66802.0,66816.0,0.02285919,2024-06-14 10:41:00+00:00,66816.0,-21.0,-0.0003142465963774372,20.45733468399249,2.641030551296476,0.0,35.0,0.08595988538681949,0.02277777777777778
1718361720,66808.0,66816.0,66808.0,66816.0,0.08885697,2024-06-14 10:42:00+00:00,66816.0,0.0,0.0,20.031162163666874,2.5860119155020644,0.0,8.0,0.087527352297593,0.02277777777777778
1718361780,66816.0,66833.0,66816.0,66832.0,0.02343518,2024-06-14 10:43:00+00:00,66832.0,16.0,0.0002394349347007179,20.148151840773654,2.601115217872489,17.0,0.0,0.08651766402307137,0.02277777777777778
1718361840,66834.0,66843.0,66829.0,66834.0,0.03507171,2024-06-14 10:44:00+00:00,66834.0,2.0,2.9925336288130917e-05,20.060811503827335,2.5898396288576477,11.0,3.0,0.08759124087591241,0.023055555555555555
1718361900,66827.0,66827.0,66808.0,66808.0,0.02137085,2024-06-14 10:45:00+00:00,66808.0,-26.0,-0.0003890992401794779,20.27160213469437,2.6170525822871338,0.0,26.0,0.0872093023255814,0.023055555555555555
1718361960,66826.0,66842.0,66826.0,66842.0,0.91312493,2024-06-14 10:46:00+00:00,66842.0,34.0,0.0005087916308784915,20.661900306936584,2.667439859658777,34.0,0.0,0.08620689655172414,0.023055555555555555
1718362020,66838.0,66838.0,66838.0,66838.0,0.00226066,2024-06-14 10:47:00+00:00,66838.0,-4.0,-5.984440456599044e-05,20.645487598797253,2.665320988149117,0.0,4.0,0.08683068017366136,0.02277777777777778
1718362080,66808.0,66808.0,66807.0,66808.0,0.08407396,2024-06-14 10:48:00+00:00,66808.0,-30.0,-0.00044894722631252704,20.599016761132667,2.659321628803809,0.0,31.0,0.08670520231213873,0.02277777777777778
1718362140,66825.0,66825.0,66825.0,66825.0,0.00739759,2024-06-14 10:49:00+00:00,66825.0,17.0,0.0002544281740543532,20.453170986177945,2.640493020219997,17.0,0.0,0.08739985433357611,0.02277777777777778
1718362200,66808.0,66825.0,66808.0,66823.0,0.12450263,2024-06-14 10:50:00+00:00,66823.0,-2.0,-2.992936669683919e-05,20.437164275305417,2.6384265627321017,0.0,17.0,0.08664259927797835,0.02277777777777778
1718362260,66822.0,66831.0,66822.0,66828.0,0.01705968,2024-06-14 10:51:00+00:00,66828.0,5.0,7.482173724590791e-05,20.115338330691653,2.596879011936549,8.0,1.0,0.0880410858400587,0.023055555555555555
1718362320,66829.0,66833.0,66821.0,66826.0,0.37811,2024-06-14 10:52:00+00:00,66826.0,-2.0,-2.9928023106689924e-05,19.816638275509135,2.558317000628778,5.0,7.0,0.08908685968819599,0.023333333333333334
1718362380,66838.0,66857.0,66838.0,66857.0,1.67319931,2024-06-14 10:53:00+00:00,66857.0,31.0,0.00046378373548853883,20.09972313382694,2.594863098689723,31.0,0.0,0.08823529411764705,0.023333333333333334
1718362440,66847.0,66849.0,66847.0,66849.0,0.08239504,2024-06-14 10:54:00+00:00,66849.0,-8.0,-0.00011966553497298964,20.11786596718069,2.597205328404126,0.0,10.0,0.08765522279035792,0.023333333333333334
1718362500,66857.0,66873.0,66853.0,66855.0,0.01782125,2024-06-14 10:55:00+00:00,66855.0,6.0,8.975049368799088e-05,20.001158158557132,2.5821384150984126,24.0,0.0,0.08733624454148473,0.023333333333333334
1718362560,66847.0,66847.0,66831.0,66831.0,0.14818582,2024-06-14 10:56:00+00:00,66831.0,-24.0,-0.0003590503157822506,19.66966605491474,2.5393429685382043,0.0,24.0,0.0881704628949302,0.023333333333333334
1718362620,66825.0,66846.0,66825.0,66845.0,0.2004334,2024-06-14 10:57:00+00:00,66845.0,14.0,0.0002094616842393321,19.540910294590773,2.5227206713561046,15.0,6.0,0.08823529411764705,0.02361111111111111
1718362680,66848.0,66848.0,66831.0,66833.0,0.0100264,2024-06-14 10:58:00+00:00,66833.0,-12.0,-0.00017953590018157903,19.507466338247358,2.518403075157793,3.0,14.0,0.08869179600886917,0.02361111111111111
1718362740,66836.0,66836.0,66836.0,66836.0,0.00739637,2024-06-14 10:59:00+00:00,66836.0,3.0,4.488699699271035e-05,19.51050709247841,2.5187956348410188,3.0,0.0,0.08869179600886917,0.02361111111111111
1718362800,66811.0,66811.0,66803.0,66807.0,0.59835972,2024-06-14 11:00:00+00:00,66807.0,-29.0,-0.000433992060267674,19.375351281670643,2.5013470946942977,0.0,33.0,0.08888888888888889,0.023333333333333334
1718362860,66792.0,66826.0,66792.0,66826.0,0.00447479,2024-06-14 11:01:00+00:00,66826.0,19.0,0.00028436090079596353,19.36488755599933,2.499996233518822,19.0,15.0,0.0881704628949302,0.02361111111111111
1718362920,66824.0,66843.0,66824.0,66843.0,0.0824258,2024-06-14 11:02:00+00:00,66843.0,17.0,0.000254359650953627,19.431837990360467,2.5086394974288897,17.0,2.0,0.08771929824561403,0.02388888888888889
1718362980,66847.0,66847.0,66847.0,66847.0,0.0713,2024-06-14 11:03:00+00:00,66847.0,4.0,5.983992820992386e-05,19.13278016484167,2.470031298169313,4.0,0.0,0.08921933085501858,0.02388888888888889
1718363040,66859.0,66859.0,66824.0,66836.0,0.91154839,2024-06-14 11:04:00+00:00,66836.0,-11.0,-0.00016456841969178586,18.75883219474856,2.42175482281869,12.0,23.0,0.08895478131949591,0.024166666666666666
1718363100,66852.0,66855.0,66840.0,66855.0,0.08161493,2024-06-14 11:05:00+00:00,66855.0,19.0,0.0002842375347318536,18.917386556400817,2.442224102890281,19.0,0.0,0.08843036109064112,0.02388888888888889
1718363160,66860.0,66860.0,66839.0,66841.0,0.23888896,2024-06-14 11:06:00+00:00,66841.0,-14.0,-0.00020943035021499132,18.748672269374367,2.4204431820929244,5.0,16.0,0.09084027252081757,0.02388888888888889
1718363220,66841.0,66841.0,66821.0,66821.0,0.007021,2024-06-14 11:07:00+00:00,66821.0,-20.0,-0.00029926232061866693,18.915482553347385,2.4419782971530455,0.0,20.0,0.09049773755656108,0.02361111111111111
1718363280,66792.0,66792.0,66727.0,66759.0,5.67794832,2024-06-14 11:08:00+00:00,66759.0,-62.0,-0.0009282827437065545,20.291512516961106,2.61962300158499,0.0,94.0,0.08577555396711938,0.02361111111111111
1718363340,66784.0,66784.0,66750.0,66753.0,0.92137659,2024-06-14 11:09:00+00:00,66753.0,-6.0,-8.987956144824536e-05,20.21368194696622,2.609575118204456,25.0,9.0,0.08528784648187633,0.02361111111111111
1718363400,66762.0,66832.0,66762.0,66832.0,0.12845165,2024-06-14 11:10:00+00:00,66832.0,79.0,0.0011827676641791172,22.759216175078514,2.9382021739604514,79.0,0.0,0.08174386920980926,0.023333333333333334
1718363460,66800.0,66800.0,66800.0,66800.0,0.02350909,2024-06-14 11:11:00+00:00,66800.0,-32.0,-0.0004789272122194881,22.956179085206905,2.9636299763187117,0.0,32.0,0.08119079837618404,0.023333333333333334
1718363520,66798.0,66820.0,66790.0,66818.0,0.16311111,2024-06-14 11:12:00+00:00,66818.0,18.0,0.00026942477972843865,23.048432180708108,2.9755397997357864,20.0,10.0,0.08064516129032258,0.02361111111111111
1718363580,66812.0,66837.0,66811.0,66836.0,0.30044047,2024-06-14 11:13:00+00:00,66836.0,18.0,0.00026935220956839713,23.151454176972884,2.988839882263337,19.0,7.0,0.0801068090787717,0.02361111111111111
1718363640,66826.0,66855.0,66826.0,66855.0,0.77007572,2024-06-14 11:14:00+00:00,66855.0,19.0,0.0002842375347318536,23.29624372621932,3.007532132694548,19.0,10.0,0.07910349373764007,0.02388888888888889
1718363700,66847.0,66862.0,66840.0,66861.0,0.66016075,2024-06-14 11:15:00+00:00,66861.0,6.0,8.974243925966707e-05,23.086639812954765,2.9804723838487637,7.0,15.0,0.07920792079207921,0.024166666666666666
1718363760,66875.0,66903.0,66875.0,66902.0,0.06148515,2024-06-14 11:16:00+00:00,66902.0,41.0,0.0006130245476548424,23.617066270158116,3.0489501450199765,42.0,0.0,0.07832898172323759,0.02388888888888889
1718363820,66876.0,66876.0,66847.0,66852.0,0.05502211,2024-06-14 11:17:00+00:00,66852.0,-50.0,-0.0007476412268646642,23.725335096131506,3.0629275903502555,0.0,55.0,0.07792207792207792,0.02388888888888889
1718363880,66865.0,66872.0,66865.0,66872.0,0.03389077,2024-06-14 11:18:00+00:00,66872.0,20.0,0.00029912357017618593,23.764356350811653,3.067965212667733,20.0,0.0,0.07792207792207792,0.02388888888888889
1718363940,66871.0,66872.0,66847.0,66847.0,0.16278002,2024-06-14 11:19:00+00:00,66847.0,-25.0,-0.000373918445266253,23.395180342900474,3.0203047949857553,0.0,25.0,0.07874015748031496,0.02388888888888889
1718364000,66848.0,66873.0,66848.0,66873.0,0.12547752,2024-06-14 11:20:00+00:00,66873.0,26.0,0.00038887227531637946,23.49804655903116,3.0335847663844726,26.0,0.0,0.07853403141361257,0.02361111111111111
1718364060,66876.0,66876.0,66866.0,66870.0,0.01508488,2024-06-14 11:21:00+00:00,66870.0,-3.0,-4.4862161017825346e-05,23.435082832041225,3.0254561841829,3.0,7.0,0.0801068090787717,0.02361111111111111
1718364120,66880.0,66881.0,66877.0,66881.0,0.2360143,2024-06-14 11:22:00+00:00,66881.0,11.0,0.00016448475188681215,23.177642402639517,2.9922207676591235,11.0,0.0,0.08108108108108107,0.02361111111111111
1718364180,66863.0,66874.0,66861.0,66872.0,0.03084492,2024-06-14 11:23:00+00:00,66872.0,-9.0,-0.00013457642091888018,23.086915119121368,2.980507925722043,0.0,20.0,0.08157715839564922,0.023333333333333334
1718364240,66882.0,66883.0,66876.0,66880.0,0.56117084,2024-06-14 11:24:00+00:00,66880.0,8.0,0.00011962437959119077,23.030046696597434,2.9731662439433664,11.0,0.0,0.08219178082191782,0.023055555555555555
1718364300,66882.0,66893.0,66882.0,66889.0,0.01614268,2024-06-14 11:25:00+00:00,66889.0,9.0,0.00013456032434386363,22.935773750064,2.9609956588793036,13.0,0.0,0.08241758241758242,0.023055555555555555
1718364360,66890.0,66940.0,66888.0,66940.0,0.43851232,2024-06-14 11:26:00+00:00,66940.0,51.0,0.0007621666823903761,23.819234500785086,3.0750499513649925,51.0,1.0,0.08168822328114363,0.023055555555555555
1718364420,66932.0,66945.0,66932.0,66942.0,0.01507158,2024-06-14 11:27:00+00:00,66942.0,2.0,2.9877055917024888e-05,23.44591082605403,3.026854072199048,5.0,8.0,0.082930200414651,0.023333333333333334
1718364480,66952.0,67000.0,66952.0,66996.0,43.79363241,2024-06-14 11:28:00+00:00,66996.0,54.0,0.0008063432771259181,24.367124977334065,3.145782307738987,58.0,0.0,0.08086253369272237,0.023055555555555555
1718364540,66990.0,67022.0,66990.0,67022.0,27.39245955,2024-06-14 11:29:00+00:00,67022.0,26.0,0.00038800758593902137,24.506427151900645,3.1637661411452154,26.0,6.0,0.0802675585284281,0.023333333333333334
1718364600,67017.0,67041.0,66991.0,67006.0,23.88417385,2024-06-14 11:30:00+00:00,67006.0,-16.0,-0.00023875608195306162,24.569766916429717,3.1719432695843417,19.0,31.0,0.07874015748031496,0.023333333333333334
1718364660,66997.0,67021.0,66997.0,67010.0,17.64877659,2024-06-14 11:31:00+00:00,67010.0,4.0,5.969436486966736e-05,24.396420039310357,3.1495642839776634,15.0,9.0,0.079155672823219,0.02361111111111111
1718364720,66997.0,67011.0,66997.0,67005.0,0.00452157,2024-06-14 11:32:00+00:00,67005.0,-5.0,-7.46185128876863e-05,24.31996575785578,3.139694078683669,1.0,13.0,0.07989347536617843,0.02361111111111111
1718364780,67005.0,67005.0,66978.0,66979.0,0.3594539,2024-06-14 11:33:00+00:00,66979.0,-26.0,-0.0003881060473841003,24.581577549096817,3.17346801570527,0.0,27.0,0.07910349373764007,0.023333333333333334
1718364840,67029.0,67035.0,67013.0,67013.0,0.01224758,2024-06-14 11:34:00+00:00,67013.0,34.0,0.0005074929955477954,24.693007770791358,3.1878535954681753,56.0,0.0,0.0776196636481242,0.023055555555555555
1718364900,67012.0,67043.0,67008.0,67043.0,0.10484027,2024-06-14 11:35:00+00:00,67043.0,30.0,0.0004475741555887515,24.842077480744702,3.207098412270618,30.0,5.0,0.07692307692307693,0.023055555555555555
1718364960,67044.0,67044.0,67037.0,67039.0,0.00213901,2024-06-14 11:36:00+00:00,67039.0,-4.0,-5.9664981148664474e-05,24.81659277250121,3.2038083505836177,1.0,6.0,0.07712082262210797,0.023055555555555555
1718365020,67003.0,67033.0,67003.0,67015.0,0.01869367,2024-06-14 11:37:00+00:00,67015.0,-24.0,-0.00035806466433556015,24.834929611608732,3.206175626333135,0.0,36.0,0.07648183556405354,0.023055555555555555
1718365080,66988.0,66988.0,66980.0,66980.0,0.01955127,2024-06-14 11:38:00+00:00,66980.0,-35.0,-0.0005224075644014631,25.20982567838311,3.254574500438996,0.0,35.0,0.07648183556405354,0.023055555555555555
1718365140,66981.0,67000.0,66972.0,67000.0,1.4507016,2024-06-14 11:39:00+00:00,67000.0,20.0,0.0002985520249074603,25.310054722510937,3.267514014396108,20.0,8.0,0.07537688442211055,0.023333333333333334
1718365200,66985.0,66989.0,66985.0,66985.0,0.06625417,2024-06-14 11:40:00+00:00,66985.0,-15.0,-0.00022390566201692188,25.402833597893384,3.279491715703977,0.0,15.0,0.075,0.023333333333333334
1718365260,66985.0,66985.0,66985.0,66985.0,0.0,2024-06-14 11:41:00+00:00,66985.0,0.0,0.0,25.218026688392932,3.255633246278667,0.0,0.0,0.07667731629392971,0.023055555555555555
1718365320,67019.0,67020.0,67004.0,67005.0,0.19282467,2024-06-14 11:42:00+00:00,67005.0,20.0,0.0002985297432425833,25.312169646306316,3.267787049884041,35.0,0.0,0.07537688442211055,0.023055555555555555
1718365380,67005.0,67005.0,66979.0,66979.0,0.14982179,2024-06-14 11:43:00+00:00,66979.0,-26.0,-0.0003881060473841003,25.53058982767836,3.2959849740483587,0.0,26.0,0.07495315427857589,0.023055555555555555
1718365440,66967.0,66969.0,66967.0,66969.0,0.02110778,2024-06-14 11:44:00+00:00,66969.0,-10.0,-0.00014931167346402747,25.581127179946765,3.3025093181715905,0.0,12.0,0.075046904315197,0.02277777777777778
1718365500,66967.0,67002.0,66967.0,66983.0,0.1505453,2024-06-14 11:45:00+00:00,66983.0,14.0,0.00020903010109547067,25.35262609114715,3.273009954454552,33.0,2.0,0.07462686567164178,0.023055555555555555
1718365560,66979.0,67017.0,66979.0,67017.0,0.02062087,2024-06-14 11:46:00+00:00,67017.0,34.0,0.0005074626974573507,25.35262609114715,3.273009954454552,34.0,4.0,0.07444168734491315,0.023333333333333334
1718365620,67013.0,67013.0,66990.0,66992.0,0.19217733,2024-06-14 11:47:00+00:00,66992.0,-25.0,-0.00037310927310889953,25.593541734802447,3.3041120303118117,0.0,27.0,0.07339449541284404,0.023333333333333334
1718365680,66993.0,67040.0,66993.0,67040.0,0.07788419,2024-06-14 11:48:00+00:00,67040.0,48.0,0.0007162468970400528,25.890556269705822,3.3424564418872222,48.0,0.0,0.07263922518159806,0.023333333333333334
1718365740,67047.0,67048.0,67030.0,67048.0,1.31104247,2024-06-14 11:49:00+00:00,67048.0,8.0,0.00011932462277746015,25.839197439041843,3.335826045359146,8.0,10.0,0.07259528130671507,0.02361111111111111
1718365800,67047.0,67047.0,67020.0,67022.0,0.12026333,2024-06-14 11:50:00+00:00,67022.0,-26.0,-0.0003878570944422832,26.113501713700014,3.3712385749439666,0.0,28.0,0.07211538461538461,0.02361111111111111
1718365860,67034.0,67048.0,67033.0,67046.0,0.34511931,2024-06-14 11:51:00+00:00,67046.0,24.0,0.0003580272735680674,26.24911082701737,3.3887456361930353,26.0,0.0,0.07138607971445568,0.023333333333333334
1718365920,67030.0,67030.0,67029.0,67029.0,0.26628187,2024-06-14 11:52:00+00:00,67029.0,-17.0,-0.0002535894102719001,26.374802861608305,3.404972408083756,0.0,17.0,0.07117437722419928,0.023055555555555555
1718365980,67044.0,67045.0,67027.0,67029.0,0.69448349,2024-06-14 11:53:00+00:00,67029.0,0.0,0.0,26.127112138553812,3.372995673237085,16.0,2.0,0.07172743574417215,0.023333333333333334
1718366040,67029.0,67029.0,67015.0,67016.0,0.01249997,2024-06-14 11:54:00+00:00,67016.0,-13.0,-0.0001939647139506265,26.170297347887303,3.3785708597887885,0.0,14.0,0.07155635062611806,0.023333333333333334
1718366100,67029.0,67036.0,67009.0,67009.0,0.45193803,2024-06-14 11:55:00+00:00,67009.0,-7.0,-0.00010445812357944676,26.197015399071898,3.3820201453648235,20.0,7.0,0.07142857142857142,0.02361111111111111
1718366160,67000.0,67006.0,66987.0,66991.0,0.28851015,2024-06-14 11:56:00+00:00,66991.0,-18.0,-0.0002686567180338412,26.105176229795912,3.370163759593643,0.0,22.0,0.07151370679380215,0.02361111111111111
1718366220,66984.0,66985.0,66963.0,66963.0,0.12804715,2024-06-14 11:57:00+00:00,66963.0,-28.0,-0.00041805396491025976,26.358008892334084,3.4028043159732304,0.0,28.0,0.0712166172106825,0.023333333333333334
1718366280,66954.0,66986.0,66954.0,66981.0,0.22713157,2024-06-14 11:58:00+00:00,66981.0,18.0,0.0002687690394247638,26.37311591257002,3.4047546238993838,23.0,9.0,0.07058823529411765,0.023333333333333334
1718366340,66979.0,66980.0,66956.0,66980.0,0.12489159,2024-06-14 11:59:00+00:00,66980.0,-1.0,-1.4929718351103666e-05,26.376800283968105,3.4052302742015845,0.0,25.0,0.06968641114982578,0.023333333333333334
1718366400,66990.0,66990.0,66989.0,66989.0,0.01180741,2024-06-14 12:00:00+00:00,66989.0,9.0,0.00013435944156532848,26.064435582991013,3.36490416470734,10.0,0.0,0.07062978222483814,0.023333333333333334
1718366460,66986.0,66989.0,66974.0,66974.0,0.40395925,2024-06-14 12:01:00+00:00,66974.0,-15.0,-0.00022394243280142144,26.081012423591783,3.3670442256266573,0.0,15.0,0.07142857142857142,0.023055555555555555
1718366520,67002.0,67002.0,66955.0,66957.0,0.01481583,2024-06-14 12:02:00+00:00,66957.0,-17.0,-0.0002538620646646222,26.129209578943254,3.3732664516270177,28.0,19.0,0.07025761124121781,0.023055555555555555
1718366580,66957.0,66957.0,66957.0,66957.0,0.112,2024-06-14 12:03:00+00:00,66957.0,0.0,0.0,26.12886362099,3.373221788647303,0.0,0.0,0.07042253521126761,0.02277777777777778
1718366640,66995.0,66996.0,66991.0,66992.0,0.01706395,2024-06-14 12:04:00+00:00,66992.0,35.0,0.0005225869666296251,26.419176394352892,3.410701006528162,39.0,0.0,0.07025761124121781,0.0225
1718366700,67004.0,67034.0,67004.0,67034.0,0.01528916,2024-06-14 12:05:00+00:00,67034.0,42.0,0.000626744085100385,26.82491358235038,3.4630814522632054,42.0,0.0,0.06932409012131716,0.0225
1718366760,67048.0,67064.0,67048.0,67064.0,0.99053854,2024-06-14 12:06:00+00:00,67064.0,30.0,0.0004474339736684446,26.953878791760285,3.479730789206029,30.0,0.0,0.06896551724137931,0.022222222222222223
1718366820,67058.0,67061.0,67035.0,67035.0,0.24318165,2024-06-14 12:07:00+00:00,67035.0,-29.0,-0.0004325162820316806,27.11267554376078,3.5002313617370207,0.0,29.0,0.0686106346483705,0.022222222222222223
1718366880,67036.0,67043.0,67003.0,67003.0,0.03666334,2024-06-14 12:08:00+00:00,67003.0,-32.0,-0.00047747654557600306,26.142287754508956,3.3749548368325093,8.0,32.0,0.07079646017699115,0.0225
1718366940,66968.0,66976.0,66941.0,66976.0,0.13017292,2024-06-14 12:09:00+00:00,66976.0,-27.0,-0.0004030482443592681,26.41846533647373,3.4106092093506892,0.0,62.0,0.06964596633778294,0.022222222222222223
1718367000,66978.0,67004.0,66978.0,66989.0,0.06691117,2024-06-14 12:10:00+00:00,66989.0,13.0,0.0001940805440347808,24.537823910442587,3.1678194452438095,28.0,0.0,0.07177033492822966,0.022222222222222223
1718367060,67009.0,67046.0,67008.0,67043.0,0.42690971,2024-06-14 12:11:00+00:00,67043.0,54.0,0.0008057777683203326,24.989099318418095,3.2260788498985464,57.0,0.0,0.07071302298173246,0.022222222222222223
1718367120,67044.0,67072.0,67044.0,67072.0,1.17171258,2024-06-14 12:12:00+00:00,67072.0,29.0,0.000432464682578007,25.13311453695472,3.2446711346649724,29.0,0.0,0.07075471698113207,0.021944444444444444
1718367180,67080.0,67096.0,67080.0,67096.0,1.64312748,2024-06-14 12:13:00+00:00,67096.0,24.0,0.0003577604235880886,25.200663608875157,3.253391682351626,24.0,0.0,0.07083825265643447,0.021666666666666667
1718367240,67104.0,67112.0,67099.0,67112.0,0.79584797,2024-06-14 12:14:00+00:00,67112.0,16.0,0.00023843586188315437,25.174032670669906,3.2499536430128653,16.0,0.0,0.07138607971445568,0.021388888888888888
1718367300,67112.0,67134.0,67112.0,67115.0,1.5708346,2024-06-14 12:15:00+00:00,67115.0,3.0,4.470039560602946e-05,25.173544538518396,3.2498906254230806,22.0,0.0,0.07138607971445568,0.021111111111111112
1718367360,67132.0,67152.0,67132.0,67152.0,1.09849008,2024-06-14 12:16:00+00:00,67152.0,37.0,0.00055114065163554,25.079647137967722,3.2377685231369164,37.0,0.0,0.07159904534606205,0.021111111111111112
1718367420,67152.0,67168.0,67142.0,67168.0,1.10762236,2024-06-14 12:17:00+00:00,67168.0,16.0,0.00023823704698744521,24.09153917637905,3.1102043338206538,16.0,10.0,0.07285974499089254,0.021388888888888888
1718367480,67168.0,67196.0,67141.0,67196.0,1.64792398,2024-06-14 12:18:00+00:00,67196.0,28.0,0.00041677830974526256,24.19637176891738,3.1237381633220105,28.0,27.0,0.0713436385255648,0.021666666666666667
1718367540,67200.0,67201.0,67186.0,67193.0,0.42258615,2024-06-14 12:19:00+00:00,67193.0,-3.0,-4.464651125456823e-05,23.892674337663642,3.08453099353762,5.0,10.0,0.07177033492822966,0.021944444444444444
1718367600,67201.0,67232.0,67182.0,67182.0,3.3508948,2024-06-14 12:20:00+00:00,67182.0,-11.0,-0.00016372093059820967,23.83902583039781,3.077605001031305,39.0,11.0,0.07075471698113207,0.022222222222222223
1718367660,67220.0,67233.0,67209.0,67209.0,0.08564348,2024-06-14 12:21:00+00:00,67209.0,27.0,0.0004018126267870265,23.979387334733005,3.0957255933225993,51.0,0.0,0.0690846286701209,0.021944444444444444
1718367720,67207.0,67233.0,67207.0,67233.0,0.0271665,2024-06-14 12:22:00+00:00,67233.0,24.0,0.0003570312886589614,24.0870361550454,3.1096229962662254,24.0,2.0,0.0684931506849315,0.022222222222222223
1718367780,67212.0,67233.0,67211.0,67222.0,0.17185393,2024-06-14 12:23:00+00:00,67222.0,-11.0,-0.00016362351752689382,24.109331948555745,3.112501370831427,0.0,22.0,0.06841505131128849,0.022222222222222223
1718367840,67232.0,67233.0,67210.0,67219.0,0.53368004,2024-06-14 12:24:00+00:00,67219.0,-3.0,-4.462924257475664e-05,24.134387169924114,3.115735986001268,11.0,12.0,0.06795016987542468,0.0225
1718367900,67223.0,67233.0,67217.0,67227.0,0.22750299,2024-06-14 12:25:00+00:00,67227.0,8.0,0.00011900688766404145,24.132379729575582,3.1154768265666557,14.0,2.0,0.06783493499152063,0.02277777777777778
1718367960,67233.0,67241.0,67213.0,67213.0,0.39734894,2024-06-14 12:26:00+00:00,67213.0,-14.0,-0.00020827134856597204,23.51229393533723,3.035424094756491,14.0,14.0,0.06876790830945559,0.02277777777777778
1718368020,67181.0,67181.0,67118.0,67122.0,1.24790938,2024-06-14 12:27:00+00:00,67122.0,-91.0,-0.0013548221077088226,26.55215526379249,3.4278685047527304,0.0,95.0,0.06568144499178982,0.0225
1718368080,67134.0,67180.0,67133.0,67167.0,0.0254288,2024-06-14 12:28:00+00:00,67167.0,45.0,0.0006701963926212808,26.283219496831908,3.3931490465314686,58.0,0.0,0.06568144499178982,0.0225
1718368140,67189.0,67193.0,67153.0,67160.0,0.07421272,2024-06-14 12:29:00+00:00,67160.0,-7.0,-0.00010422327612971268,26.135436039009438,3.3740702841650894,26.0,14.0,0.06539509536784742,0.0225
1718368200,67158.0,67195.0,67151.0,67173.0,0.06684795,2024-06-14 12:30:00+00:00,67173.0,13.0,0.0001935488679711133,26.059314133479138,3.364242988418409,35.0,9.0,0.06560962274466922,0.0225
1718368260,67169.0,67200.0,67169.0,67198.0,15.44150319,2024-06-14 12:31:00+00:00,67198.0,25.0,0.00037210410413654693,26.216482502468953,3.3845333376066797,27.0,4.0,0.06535947712418301,0.0225
1718368320,67182.0,67182.0,67150.0,67150.0,0.11909234,2024-06-14 12:32:00+00:00,67150.0,-48.0,-0.0007145622122010562,27.0180678195271,3.4880175570576997,0.0,48.0,0.0641711229946524,0.022222222222222223
1718368380,67119.0,67119.0,67060.0,67060.0,2.50273289,2024-06-14 12:33:00+00:00,67060.0,-90.0,-0.0013411819311641524,29.323921512672154,3.7857019888024217,0.0,90.0,0.062079668908432487,0.022222222222222223
1718368440,67072.0,67076.0,67040.0,67055.0,4.42916608,2024-06-14 12:34:00+00:00,67055.0,-5.0,-7.456287517902595e-05,29.018579670647146,3.7462825265003166,16.0,20.0,0.06272869837950863,0.0225
1718368500,67058.0,67066.0,67040.0,67058.0,1.67394325,2024-06-14 12:35:00+00:00,67058.0,3.0,4.4738392258824635e-05,28.764753031256035,3.7135136482607978,11.0,15.0,0.06302521008403361,0.0225
1718368560,67041.0,67076.0,67041.0,67076.0,0.07760341,2024-06-14 12:36:00+00:00,67076.0,18.0,0.00026838832970084756,28.84975202823061,3.724486971585027,18.0,17.0,0.06211180124223602,0.0225
1718368620,67070.0,67096.0,67063.0,67071.0,0.08726487,2024-06-14 12:37:00+00:00,67071.0,-5.0,-7.454508863138867e-05,28.67873875359891,3.702409252764061,20.0,13.0,0.06220839813374806,0.02277777777777778
1718368680,67077.0,67086.0,67063.0,67084.0,0.00185622,2024-06-14 12:38:00+00:00,67084.0,13.0,0.0001938056731496365,28.32670577188612,3.6569619902477486,15.0,8.0,0.06259780907668232,0.023055555555555555
1718368740,67083.0,67083.0,67059.0,67060.0,0.2358153,2024-06-14 12:39:00+00:00,67060.0,-24.0,-0.00035782443129882854,28.415202424293234,3.668386858946677,0.0,25.0,0.06269592476489029,0.02277777777777778
1718368800,67078.0,67091.0,67077.0,67090.0,0.14527485,2024-06-14 12:40:00+00:00,67090.0,30.0,0.0004472605367142916,28.579134856614242,3.689550444956095,31.0,0.0,0.062176165803108814,0.02277777777777778
1718368860,67079.0,67079.0,67058.0,67058.0,0.25346909,2024-06-14 12:41:00+00:00,67058.0,-32.0,-0.00047708501963444937,28.909028363194007,3.7321395135229416,0.0,32.0,0.061162079510703356,0.023055555555555555
1718368920,67069.0,67069.0,67026.0,67026.0,0.01685115,2024-06-14 12:42:00+00:00,67026.0,-32.0,-0.0004773127383959702,29.11509888444221,3.758743103420894,11.0,32.0,0.06091370558375634,0.023333333333333334
1718368980,67049.0,67049.0,67049.0,67049.0,0.00933,2024-06-14 12:43:00+00:00,67049.0,23.0,0.0003430915566007078,29.050608480845032,3.750417428116825,23.0,0.0,0.06100660904931368,0.023333333333333334
1718369040,67050.0,67050.0,67021.0,67021.0,0.00504,2024-06-14 12:44:00+00:00,67021.0,-28.0,-0.0004176922563897771,29.260065147387817,3.7774581674925694,1.0,28.0,0.06048387096774193,0.02361111111111111
1718369100,67026.0,67040.0,67025.0,67025.0,0.34851054,2024-06-14 12:45:00+00:00,67025.0,4.0,5.968100504583212e-05,29.212430602312367,3.771308574166523,19.0,0.0,0.06097560975609757,0.023333333333333334
1718369160,67032.0,67050.0,67032.0,67050.0,0.02607478,2024-06-14 12:46:00+00:00,67050.0,25.0,0.000372925605664429,29.061259085955268,3.751792415324124,25.0,0.0,0.06138107416879795,0.023055555555555555
1718369220,67052.0,67052.0,67021.0,67021.0,0.54634382,2024-06-14 12:47:00+00:00,67021.0,-29.0,-0.0004326066107103867,29.125381595909527,3.7600705957631195,2.0,29.0,0.06125574272588055,0.023333333333333334
1718369280,67019.0,67022.0,66983.0,66983.0,18.1394069,2024-06-14 12:48:00+00:00,66983.0,-38.0,-0.0005671472645380792,28.862282583541518,3.7261046593196223,1.0,38.0,0.06153846153846154,0.02361111111111111
1718369340,66976.0,66976.0,66970.0,66970.0,0.55047831,2024-06-14 12:49:00+00:00,66970.0,-13.0,-0.00019409793048033577,28.879234226196616,3.728293106976091,0.0,13.0,0.06169665809768638,0.023333333333333334
1718369400,66967.0,66985.0,66967.0,66977.0,0.06643594,2024-06-14 12:50:00+00:00,66977.0,7.0,0.00010451895162069116,28.714624514643226,3.707042084593748,15.0,3.0,0.06201550387596899,0.02361111111111111
1718369460,66971.0,66971.0,66944.0,66944.0,2.28255391,2024-06-14 12:51:00+00:00,66944.0,-33.0,-0.0004928278711765183,28.824601074752877,3.72123999745301,0.0,33.0,0.06179196704428424,0.02361111111111111
1718369520,66970.0,66992.0,66959.0,66992.0,0.01509602,2024-06-14 12:52:00+00:00,66992.0,48.0,0.0007167602743844929,29.454412731856184,3.8025483327599567,48.0,0.0,0.06082108464267613,0.02361111111111111
1718369580,66998.0,67011.0,66998.0,67008.0,0.08111423,2024-06-14 12:53:00+00:00,67008.0,16.0,0.00023880597128413383,29.532415399388423,3.8126184338370273,19.0,0.0,0.060790273556231005,0.023333333333333334
1718369640,67024.0,67030.0,67024.0,67030.0,0.03351474,2024-06-14 12:54:00+00:00,67030.0,22.0,0.000328265121794731,29.623837553774663,3.8244209832174376,22.0,0.0,0.06054490413723512,0.023333333333333334
1718369700,67045.0,67045.0,67045.0,67045.0,0.00190537,2024-06-14 12:55:00+00:00,67045.0,15.0,0.000223755361739072,29.668907425057142,3.8302394785805296,15.0,0.0,0.06091370558375634,0.023055555555555555
1718369760,67024.0,67057.0,67015.0,67057.0,0.1862967,2024-06-14 12:56:00+00:00,67057.0,12.0,0.00017896824852766044,29.602851443050596,3.821711687972905,12.0,30.0,0.06030150753768845,0.023333333333333334
1718369820,67038.0,67038.0,67017.0,67019.0,0.08843325,2024-06-14 12:57:00+00:00,67019.0,-38.0,-0.0005668427014153354,29.79697781664527,3.846773295039299,0.0,40.0,0.05994005994005994,0.023333333333333334
1718369880,67037.0,67046.0,67035.0,67046.0,0.03077765,2024-06-14 12:58:00+00:00,67046.0,27.0,0.0004027896970132515,29.906799672761164,3.860951235698847,27.0,0.0,0.06009013520280421,0.023055555555555555
1718369940,67045.0,67059.0,67040.0,67040.0,0.0086597,2024-06-14 12:59:00+00:00,67040.0,-6.0,-8.949480190329994e-05,29.919666453320744,3.862612329926399,13.0,6.0,0.06027122049221497,0.023333333333333334
1718370000,67042.0,67051.0,67029.0,67050.0,0.04911899,2024-06-14 13:00:00+00:00,67050.0,10.0,0.00014915355385987033,29.924476499770407,3.8632333042528666,11.0,11.0,0.05991013479780329,0.02361111111111111
1718370060,67064.0,67090.0,67064.0,67075.0,0.29096305,2024-06-14 13:01:00+00:00,67075.0,25.0,0.0003727865840002372,30.00705660886593,3.8738943504946985,40.0,0.0,0.0591715976331361,0.02361111111111111
1718370120,67080.0,67107.0,67073.0,67107.0,2.00517459,2024-06-14 13:02:00+00:00,67107.0,32.0,0.0004769641323971155,30.156372123665967,3.893170900566396,32.0,2.0,0.059553349875930514,0.02361111111111111
1718370180,67086.0,67086.0,67077.0,67077.0,0.20776437,2024-06-14 13:03:00+00:00,67077.0,-30.0,-0.000447147208308816,30.44583965901374,3.9305409986887168,0.0,30.0,0.058679706601466985,0.02388888888888889
1718370240,67078.0,67078.0,67066.0,67068.0,0.06544693,2024-06-14 13:04:00+00:00,67068.0,-9.0,-0.0001341831602147575,30.166131343378943,3.8944308104137404,1.0,11.0,0.05946481665014866,0.024166666666666666
1718370300,67078.0,67094.0,67078.0,67085.0,0.38986509,2024-06-14 13:05:00+00:00,67085.0,17.0,0.00025344196687361804,29.763944175484482,3.842508670303288,26.0,0.0,0.05994005994005994,0.024166666666666666
1718370360,67065.0,67065.0,67021.0,67025.0,2.28977832,2024-06-14 13:06:00+00:00,67025.0,-60.0,-0.0008947879204120494,30.528022692135274,3.941150782642734,0.0,64.0,0.05893909626719058,0.024166666666666666
1718370420,67021.0,67038.0,67017.0,67017.0,5.78994115,2024-06-14 13:07:00+00:00,67017.0,-8.0,-0.00011936557212666894,30.317137291626377,3.913925594505093,13.0,8.0,0.0591715976331361,0.024444444444444446
1718370480,67008.0,67013.0,66986.0,66986.0,0.10441837,2024-06-14 13:08:00+00:00,66986.0,-31.0,-0.0004626762169953427,30.29968488210402,3.9116724981240503,0.0,31.0,0.05943536404160476,0.024166666666666666
1718370540,66983.0,66986.0,66943.0,66943.0,0.3628382,2024-06-14 13:09:00+00:00,66943.0,-43.0,-0.0006421313005775144,30.607645549791894,3.951430049365452,0.0,43.0,0.06,0.024166666666666666
1718370600,66944.0,66947.0,66943.0,66947.0,0.01847512,2024-06-14 13:10:00+00:00,66947.0,4.0,5.975054150699648e-05,30.56213454254481,3.945554603594216,4.0,0.0,0.06072874493927126,0.024166666666666666
1718370660,66944.0,66950.0,66920.0,66942.0,4.01634643,2024-06-14 13:11:00+00:00,66942.0,-5.0,-7.468873473289333e-05,29.7096067705932,3.8354937414959527,3.0,27.0,0.06157003591585428,0.024444444444444446
1718370720,66929.0,66930.0,66920.0,66921.0,1.69687689,2024-06-14 13:12:00+00:00,66921.0,-21.0,-0.00031375361634313327,29.53509355685927,3.8129641824797975,0.0,22.0,0.06179196704428424,0.024444444444444446
1718370780,66921.0,66969.0,66921.0,66969.0,14.03046709,2024-06-14 13:13:00+00:00,66969.0,48.0,0.0007170065285889674,30.05818744981743,3.8804953136774567,48.0,0.0,0.061037639877924724,0.024444444444444446
1718370840,66977.0,66997.0,66976.0,66997.0,0.23591391,2024-06-14 13:14:00+00:00,66997.0,28.0,0.00041801651773920573,30.220260162576132,3.9014188109237598,28.0,0.0,0.06066734074823053,0.024444444444444446
1718370900,66995.0,67007.0,66993.0,67007.0,1.29485,2024-06-14 13:15:00+00:00,67007.0,10.0,0.0001492492764179851,30.253056996394914,3.905652863963376,10.0,4.0,0.06091370558375634,0.024722222222222222
1718370960,67025.0,67047.0,67022.0,67047.0,0.10526208,2024-06-14 13:16:00+00:00,67047.0,40.0,0.0005967744518945874,30.3206731511519,3.914382072006989,40.0,0.0,0.06082108464267613,0.024722222222222222
1718371020,67045.0,67078.0,67045.0,67078.0,0.80474561,2024-06-14 13:17:00+00:00,67078.0,31.0,0.00046225536703838586,30.530618140938405,3.941485853642416,31.0,2.0,0.06060606060606061,0.024722222222222222
1718371080,67076.0,67134.0,67076.0,67115.0,2.65034959,2024-06-14 13:18:00+00:00,67115.0,37.0,0.0005514445751659393,30.699652181544295,3.963308054449375,56.0,2.0,0.06051437216338881,0.024722222222222222
1718371140,67125.0,67148.0,67125.0,67136.0,0.62026172,2024-06-14 13:19:00+00:00,67136.0,21.0,0.0003128468342326351,30.83384943834359,3.9806328458057214,33.0,0.0,0.05997001499250375,0.024444444444444446
1718371200,67119.0,67147.0,67118.0,67145.0,0.08538153,2024-06-14 13:20:00+00:00,67145.0,9.0,0.00013404725930662778,30.831467343139447,3.9803253186372305,11.0,18.0,0.06060606060606061,0.024444444444444446
1718371260,67145.0,67176.0,67139.0,67176.0,1.36414118,2024-06-14 13:21:00+00:00,67176.0,31.0,0.0004615808481234253,30.896450895954096,3.9887146592315146,31.0,6.0,0.061037639877924724,0.024722222222222222
1718371320,67176.0,67201.0,67175.0,67180.0,18.64956005,2024-06-14 13:22:00+00:00,67180.0,4.0,5.954330288458097e-05,30.73456160149611,3.967814841186013,25.0,1.0,0.061037639877924724,0.024722222222222222
1718371380,67184.0,67201.0,67179.0,67200.0,0.34686063,2024-06-14 13:23:00+00:00,67200.0,20.0,0.0002976633449571494,30.822051684735364,3.979109762364144,21.0,1.0,0.061037639877924724,0.025
1718371440,67197.0,67217.0,67197.0,67217.0,1.07757914,2024-06-14 13:24:00+00:00,67217.0,17.0,0.00025294419739522154,30.9011363219656,3.9893195451285957,17.0,3.0,0.06113092205807437,0.025
1718371500,67210.0,67223.0,67195.0,67223.0,0.83333014,2024-06-14 13:25:00+00:00,67223.0,6.0,8.92591491220352e-05,30.893401559022386,3.988320991526398,6.0,22.0,0.06075949367088608,0.025
1718371560,67225.0,67233.0,67224.0,67233.0,0.85127304,2024-06-14 13:26:00+00:00,67233.0,10.0,0.00014874754593968326,30.86529874578679,3.984692933938297,10.0,0.0,0.061318344404701075,0.024722222222222222
1718371620,67233.0,67271.0,67233.0,67242.0,4.34005407,2024-06-14 13:27:00+00:00,67242.0,9.0,0.00013385387638493895,28.455734282554072,3.6736194993478457,38.0,0.0,0.06315789473684211,0.024722222222222222
1718371680,67241.0,67241.0,67208.0,67220.0,0.26401959,2024-06-14 13:28:00+00:00,67220.0,-22.0,-0.00032723000098633316,28.05146098292988,3.621428040789152,0.0,34.0,0.06396588486140725,0.024722222222222222
1718371740,67248.0,67289.0,67248.0,67289.0,1.20571094,2024-06-14 13:29:00+00:00,67289.0,69.0,0.0010259537436504353,29.374164250642604,3.7921882983833357,69.0,0.0,0.06299212598425197,0.024444444444444446
1718371800,67282.0,67286.0,67234.0,67234.0,0.03077056,2024-06-14 13:30:00+00:00,67234.0,-55.0,-0.0008177040813036183,30.247281243094744,3.904907217418597,0.0,55.0,0.06263048016701461,0.024166666666666666
1718371860,67250.0,67257.0,67221.0,67226.0,0.05043171,2024-06-14 13:31:00+00:00,67226.0,-8.0,-0.00011899449664491049,30.10347503261956,3.8863419154768777,23.0,13.0,0.062467464862051014,0.024166666666666666
1718371920,67221.0,67273.0,67220.0,67248.0,0.60963402,2024-06-14 13:32:00+00:00,67248.0,22.0,0.0003272008000992655,29.544546467811987,3.814184548036233,47.0,6.0,0.06230529595015576,0.024444444444444446
1718371980,67231.0,67272.0,67209.0,67270.0,9.32165319,2024-06-14 13:33:00+00:00,67270.0,22.0,0.0003270937747534713,27.093372758990864,3.4977393829387102,24.0,39.0,0.06319115323854661,0.024722222222222222
1718372040,67273.0,67306.0,67253.0,67306.0,15.3300392,2024-06-14 13:34:00+00:00,67306.0,36.0,0.0005350136853335437,27.39076404195876,3.5361324324801076,36.0,17.0,0.06263048016701461,0.024722222222222222
1718372100,67306.0,67314.0,67240.0,67244.0,8.60131293,2024-06-14 13:35:00+00:00,67244.0,-62.0,-0.0009215905520357298,28.692820811166268,3.7042272385786847,8.0,66.0,0.06109979633401222,0.024722222222222222
1718372160,67244.0,67244.0,67129.0,67129.0,3.52554135,2024-06-14 13:36:00+00:00,67129.0,-115.0,-0.0017116538006422635,32.417871021736175,4.185129152889474,0.0,115.0,0.05870841487279843,0.024444444444444446
1718372220,67132.0,67134.0,67107.0,67134.0,1.33632398,2024-06-14 13:37:00+00:00,67134.0,5.0,7.448068346919318e-05,32.4128165694699,4.184476625907759,5.0,22.0,0.05888125613346418,0.024444444444444446
1718372280,67154.0,67174.0,67133.0,67174.0,9.25701619,2024-06-14 13:38:00+00:00,67174.0,40.0,0.0005956458466010077,32.767025591312006,4.230204813996788,40.0,1.0,0.058365758754863814,0.024444444444444446
1718372340,67180.0,67210.0,67178.0,67180.0,3.98201882,2024-06-14 13:39:00+00:00,67180.0,6.0,8.931628390652898e-05,32.599781635953725,4.208613712201572,36.0,0.0,0.05805515239477503,0.024444444444444446
1718372400,67206.0,67206.0,67141.0,67170.0,0.79376738,2024-06-14 13:40:00+00:00,67170.0,-10.0,-0.00014886490537352454,32.42601313272443,4.186180294898157,26.0,39.0,0.05711565920990005,0.024722222222222222
1718372460,67200.0,67230.0,67193.0,67206.0,0.63164026,2024-06-14 13:41:00+00:00,67206.0,36.0,0.000535809978884365,32.42956731376774,4.186639137697829,60.0,0.0,0.05636449037106623,0.024722222222222222
1718372520,67194.0,67194.0,67161.0,67161.0,0.16780974,2024-06-14 13:42:00+00:00,67161.0,-45.0,-0.0006698073438033155,32.7059964439219,4.2223259849476165,0.0,45.0,0.05631159080244017,0.024444444444444446
1718372580,67160.0,67183.0,67155.0,67156.0,0.31501711,2024-06-14 13:43:00+00:00,67156.0,-5.0,-7.445073970244915e-05,32.604508197521724,4.209223908676162,22.0,6.0,0.056179775280898875,0.024722222222222222
1718372640,67149.0,67149.0,67117.0,67117.0,0.26664968,2024-06-14 13:44:00+00:00,67117.0,-39.0,-0.000580906080846066,32.80512568466156,4.235123514897847,0.0,39.0,0.05591798695246971,0.024444444444444446
1718372700,67131.0,67167.0,67131.0,67154.0,0.01251277,2024-06-14 13:45:00+00:00,67154.0,37.0,0.0005511242328800502,33.121156636644706,4.27592293536174,50.0,0.0,0.05512172714745062,0.024444444444444446
1718372760,67149.0,67169.0,67134.0,67135.0,0.13131063,2024-06-14 13:46:00+00:00,67135.0,-19.0,-0.00028297180151434716,33.09375058351073,4.2723848291159685,15.0,20.0,0.05486968449931413,0.024722222222222222
1718372820,67149.0,67156.0,67124.0,67124.0,0.02781293,2024-06-14 13:47:00+00:00,67124.0,-11.0,-0.00016386238575605066,32.89433090442362,4.246639859248955,21.0,11.0,0.054844606946983544,0.024722222222222222
1718372880,67114.0,67129.0,67105.0,67105.0,0.09002973,2024-06-14 13:48:00+00:00,67105.0,-19.0,-0.0002830982891460491,32.595604708728516,4.20807447321552,5.0,19.0,0.05522319374137137,0.024722222222222222
1718372940,67104.0,67123.0,67083.0,67123.0,0.45282754,2024-06-14 13:49:00+00:00,67123.0,18.0,0.0002682003770882175,32.59896275775285,4.20850799548042,18.0,22.0,0.05454545454545455,0.025
1718373000,67106.0,67147.0,67106.0,67147.0,0.03870279,2024-06-14 13:50:00+00:00,67147.0,24.0,0.0003574886460950205,32.711977108204344,4.2230980853864555,24.0,17.0,0.05398110661268556,0.025
1718373060,67142.0,67142.0,67132.0,67138.0,0.30426812,2024-06-14 13:51:00+00:00,67138.0,-9.0,-0.0001340432663883197,32.411740217933435,4.184337669521911,0.0,15.0,0.05442176870748299,0.025
1718373120,67134.0,67141.0,67128.0,67133.0,0.03276086,2024-06-14 13:52:00+00:00,67133.0,-5.0,-7.447624583582325e-05,31.889015695594928,4.116854223866203,3.0,10.0,0.055299539170506916,0.025277777777777777
1718373180,67173.0,67174.0,67138.0,67138.0,0.25645112,2024-06-14 13:53:00+00:00,67138.0,5.0,7.447624583571733e-05,31.84079393156037,4.1106288208985164,41.0,0.0,0.05474452554744526,0.025277777777777777
1718373240,67178.0,67195.0,67166.0,67180.0,0.82593731,2024-06-14 13:54:00+00:00,67180.0,42.0,0.0006253815775825208,32.155079731550565,4.1512029432089,57.0,0.0,0.05388414907947912,0.025277777777777777
1718373300,67166.0,67174.0,67142.0,67174.0,0.30691918,2024-06-14 13:55:00+00:00,67174.0,-6.0,-8.931628390647458e-05,32.13099512087399,4.148093633340558,0.0,38.0,0.05333333333333334,0.025277777777777777
1718373360,67180.0,67180.0,67111.0,67123.0,0.0887021,2024-06-14 13:56:00+00:00,67123.0,-51.0,-0.0007595106733827505,32.82552747843192,4.237757375148026,6.0,63.0,0.052700922266139656,0.025277777777777777
1718373420,67081.0,67096.0,67081.0,67086.0,0.34828036,2024-06-14 13:57:00+00:00,67086.0,-37.0,-0.0005513788335713297,32.80558637145726,4.235182989307432,0.0,42.0,0.05265467310223782,0.025277777777777777
1718373480,67084.0,67087.0,67084.0,67087.0,0.28280408,2024-06-14 13:58:00+00:00,67087.0,1.0,1.4906128654978477e-05,32.62913934603973,4.212403776276434,1.0,2.0,0.05321507760532151,0.025555555555555557
1718373540,67080.0,67081.0,67041.0,67043.0,18.75962652,2024-06-14 13:59:00+00:00,67043.0,-44.0,-0.0006560799459969206,33.126068898647894,4.276557105659426,0.0,46.0,0.0525854513584575,0.025277777777777777
1718373600,67040.0,67082.0,66991.0,66991.0,4.29368623,2024-06-14 14:00:00+00:00,66991.0,-52.0,-0.0007759225660490083,33.77115992881876,4.359837999547411,39.0,52.0,0.05104210974053595,0.025277777777777777
1718373660,66991.0,67001.0,66932.0,66932.0,4.41559359,2024-06-14 14:01:00+00:00,66932.0,-59.0,-0.0008811033775680204,34.41082391137835,4.442418264601478,10.0,59.0,0.05042016806722689,0.025555555555555557
1718373720,66974.0,66974.0,66940.0,66955.0,0.1305393,2024-06-14 14:02:00+00:00,66955.0,23.0,0.00034357331520230264,34.277762058678995,4.42524005328414,42.0,0.0,0.05025125628140704,0.025277777777777777
1718373780,66971.0,66974.0,66956.0,66956.0,0.06441423,2024-06-14 14:03:00+00:00,66956.0,1.0,1.4935292844095961e-05,34.08985716576005,4.400981635919275,19.0,0.0,0.05048380311316786,0.025277777777777777
1718373840,66955.0,66955.0,66911.0,66939.0,1.21265985,2024-06-14 14:04:00+00:00,66939.0,-17.0,-0.0002539303198976035,34.1332508495649,4.406583736409501,0.0,45.0,0.049792531120331954,0.025
1718373900,66928.0,66986.0,66920.0,66920.0,0.02250147,2024-06-14 14:05:00+00:00,66920.0,-19.0,-0.00028388080185261325,34.10732065164162,4.403236162252143,47.0,19.0,0.04897959183673469,0.025277777777777777
1718373960,66918.0,66973.0,66912.0,66967.0,0.31278078,2024-06-14 14:06:00+00:00,66967.0,47.0,0.00070208462256396,33.85961379472135,4.371257344532356,53.0,8.0,0.049039640375970577,0.025555555555555557
1718374020,66996.0,67029.0,66996.0,67029.0,0.20889786,2024-06-14 14:07:00+00:00,67029.0,62.0,0.0009254008242718589,34.805902480148795,4.49342268851119,62.0,0.0,0.04823151125401929,0.025277777777777777
1718374080,67062.0,67062.0,67005.0,67008.0,0.59707302,2024-06-14 14:08:00+00:00,67008.0,-21.0,-0.0003133463173873204,34.677676435105255,4.476868777277734,33.0,24.0,0.0477326968973747,0.025555555555555557
1718374140,66989.0,66990.0,66937.0,66937.0,0.31280645,2024-06-14 14:09:00+00:00,66937.0,-71.0,-0.0010601367225306626,35.4509448608274,4.576697301776731,0.0,71.0,0.047206923682140044,0.025555555555555557
1718374200,66952.0,66962.0,66935.0,66935.0,0.36839311,2024-06-14 14:10:00+00:00,66935.0,-2.0,-2.9879287680039817e-05,35.447645806461395,4.576271395689472,25.0,2.0,0.04678362573099415,0.025833333333333333
1718374260,66947.0,66966.0,66947.0,66964.0,0.04493711,2024-06-14 14:11:00+00:00,66964.0,29.0,0.00043316231567733763,35.640848145031235,4.601213710347116,31.0,0.0,0.04676539360872954,0.025555555555555557
1718374320,66956.0,66956.0,66928.0,66936.0,0.0368845,2024-06-14 14:12:00+00:00,66936.0,-28.0,-0.0004182225602408686,35.72333662553119,4.611862927388125,0.0,36.0,0.046511627906976744,0.025555555555555557
1718374380,66937.0,66937.0,66912.0,66925.0,0.18780936,2024-06-14 14:13:00+00:00,66925.0,-11.0,-0.00016434958688128312,35.194792886557586,4.543628224095226,1.0,24.0,0.046929996089166995,0.025833333333333333
1718374440,66945.0,66955.0,66927.0,66951.0,0.1386672,2024-06-14 14:14:00+00:00,66951.0,26.0,0.00038841913900740106,35.168054970320455,4.540176373951937,30.0,0.0,0.04689331770222743,0.025833333333333333
1718374500,66948.0,66969.0,66922.0,66959.0,0.37744222,2024-06-14 14:15:00+00:00,66959.0,8.0,0.00011948323515080716,35.158623601604816,4.538958789486349,18.0,29.0,0.046296296296296294,0.025833333333333333
1718374560,66926.0,67002.0,66926.0,67002.0,0.00997658,2024-06-14 14:16:00+00:00,67002.0,43.0,0.0006419779111355554,35.21970990939159,4.546844997910998,43.0,33.0,0.04566210045662101,0.026111111111111113
1718374620,67012.0,67012.0,66921.0,66928.0,0.02407789,2024-06-14 14:17:00+00:00,66928.0,-74.0,-0.001105054991867469,36.21007444794093,4.674700510060198,10.0,81.0,0.044676098287416234,0.026111111111111113
1718374680,66921.0,66935.0,66900.0,66926.0,1.10511707,2024-06-14 14:18:00+00:00,66926.0,-2.0,-2.9883305693452832e-05,35.83711975790429,4.626552266613469,7.0,28.0,0.045061960195268494,0.026111111111111113
1718374740,66923.0,66923.0,66867.0,66871.0,2.31015076,2024-06-14 14:19:00+00:00,66871.0,-55.0,-0.0008221410509644875,36.309074210953085,4.687481324507683,0.0,59.0,0.044626255113425065,0.026111111111111113
1718374800,66865.0,66875.0,66823.0,66824.0,2.80749453,2024-06-14 14:20:00+00:00,66824.0,-47.0,-0.0007030928895795105,36.67624040396579,4.7348822762019696,4.0,48.0,0.04424778761061947,0.026111111111111113
1718374860,66823.0,66871.0,66823.0,66871.0,0.56655188,2024-06-14 14:21:00+00:00,66871.0,47.0,0.0007030928895794427,37.00173686563169,4.776903688711352,47.0,1.0,0.04406904149834741,0.026111111111111113
1718374920,66820.0,66823.0,66775.0,66775.0,2.76260669,2024-06-14 14:22:00+00:00,66775.0,-96.0,-0.0014366313471600519,38.7943840947132,5.008333450839937,0.0,96.0,0.04296455424274973,0.025833333333333333
1718374980,66785.0,66793.0,66767.0,66769.0,0.00907481,2024-06-14 14:23:00+00:00,66769.0,-6.0,-8.985802438203245e-05,38.63540646568071,4.987809527184525,18.0,8.0,0.04290311047550947,0.025833333333333333
1718375040,66770.0,66772.0,66759.0,66760.0,1.20605297,2024-06-14 14:24:00+00:00,66760.0,-9.0,-0.0001348021780082409,38.505157773228824,4.970994493293476,3.0,10.0,0.043010752688172046,0.025833333333333333
1718375100,66759.0,66775.0,66759.0,66775.0,0.77428933,2024-06-14 14:25:00+00:00,66775.0,15.0,0.00022466020239034066,38.57656558623874,4.980213202312694,15.0,1.0,0.04319654427645789,0.025833333333333333
1718375160,66774.0,66774.0,66687.0,66722.0,10.94397431,2024-06-14 14:26:00+00:00,66722.0,-53.0,-0.0007940253756204587,38.94868056191538,5.028253039101694,0.0,88.0,0.04201680672268907,0.025833333333333333
1718375220,66712.0,66712.0,66597.0,66598.0,8.85835537,2024-06-14 14:27:00+00:00,66598.0,-124.0,-0.0018601865550010263,41.62743011348537,5.374078119164731,0.0,125.0,0.040774719673802244,0.025833333333333333
1718375280,66619.0,66619.0,66567.0,66608.0,1.82924057,2024-06-14 14:28:00+00:00,66608.0,10.0,0.00015014338721651947,41.68558666485601,5.381586097662443,21.0,31.0,0.040526849037487336,0.026111111111111113
1718375340,66635.0,66673.0,66567.0,66650.0,0.40078966,2024-06-14 14:29:00+00:00,66650.0,42.0,0.0006303561720980071,40.9554636159817,5.287327617363363,65.0,41.0,0.0400266844563042,0.02638888888888889
1718375400,66671.0,66708.0,66670.0,66708.0,1.37638278,2024-06-14 14:30:00+00:00,66708.0,58.0,0.0008698391346151096,41.47630185803949,5.354567545281956,58.0,0.0,0.039986671109630126,0.02638888888888889
1718375460,66690.0,66690.0,66551.0,66551.0,2.87818507,2024-06-14 14:31:00+00:00,66551.0,-157.0,-0.0023563147350877003,45.67743388262628,5.896931357496732,0.0,157.0,0.03843689942344651,0.026111111111111113
1718375520,66551.0,66602.0,66527.0,66543.0,3.47353341,2024-06-14 14:32:00+00:00,66543.0,-8.0,-0.00012021578748302776,45.47102821335429,5.870284500174958,51.0,24.0,0.03816793893129771,0.026111111111111113
1718375580,66543.0,66653.0,66530.0,66653.0,1.38303023,2024-06-14 14:33:00+00:00,66653.0,110.0,0.0016517016277929643,47.930773408615295,6.1878362394136115,110.0,13.0,0.03745318352059925,0.026111111111111113
1718375640,66654.0,66708.0,66652.0,66708.0,5.17888978,2024-06-14 14:34:00+00:00,66708.0,55.0,0.0008248288947778346,48.30305695020206,6.235897837968033,55.0,1.0,0.037418147801683815,0.026111111111111113
1718375700,66701.0,66702.0,66614.0,66660.0,4.21905073,2024-06-14 14:35:00+00:00,66660.0,-48.0,-0.0007198128797390938,48.08074658416191,6.207197693122607,0.0,94.0,0.03718624109079641,0.025833333333333333
1718375760,66655.0,66705.0,66581.0,66703.0,1.78605499,2024-06-14 14:36:00+00:00,66703.0,43.0,0.0006448565417708407,46.51906844309718,6.005585912039946,45.0,79.0,0.03708281829419036,0.026111111111111113
1718375820,66704.0,66716.0,66704.0,66709.0,0.01941231,2024-06-14 14:37:00+00:00,66709.0,6.0,8.994693137108153e-05,46.52365597168554,6.006178159434045,13.0,0.0,0.037243947858472994,0.025833333333333333
1718375880,66704.0,66791.0,66693.0,66791.0,18.22441881,2024-06-14 14:38:00+00:00,66791.0,82.0,0.001228464573967878,47.54875879848849,6.138518365312644,82.0,16.0,0.036596523330283626,0.025833333333333333
1718375940,66776.0,66787.0,66738.0,66743.0,0.18631896,2024-06-14 14:39:00+00:00,66743.0,-48.0,-0.0007189180593312808,47.82067195958948,6.1736222034646016,0.0,53.0,0.03640776699029127,0.025833333333333333
1718376000,66762.0,66772.0,66735.0,66735.0,0.36626034,2024-06-14 14:40:00+00:00,66735.0,-8.0,-0.0001198699412573936,47.819443247933926,6.17346357747196,29.0,8.0,0.03671970624235006,0.025833333333333333
1718376060,66724.0,66756.0,66654.0,66686.0,1.31780561,2024-06-14 14:41:00+00:00,66686.0,-49.0,-0.0007345170880599417,47.775487178481434,6.167788873306819,21.0,81.0,0.03625377643504532,0.026111111111111113
1718376120,66669.0,66679.0,66659.0,66671.0,0.0048256,2024-06-14 14:42:00+00:00,66671.0,-15.0,-0.00022496007053639873,47.5452208176476,6.138061613950112,0.0,27.0,0.03645200486026731,0.026111111111111113
1718376180,66647.0,66752.0,66647.0,66731.0,0.02137339,2024-06-14 14:43:00+00:00,66731.0,60.0,0.0008995367992358612,48.35227078840746,6.242251317160449,81.0,24.0,0.03561887800534283,0.026111111111111113
1718376240,66730.0,66807.0,66730.0,66802.0,1.40053529,2024-06-14 14:44:00+00:00,66802.0,71.0,0.0010634076474096118,49.199567656912585,6.351636872527584,76.0,1.0,0.035221602582917524,0.02638888888888889
1718376300,66802.0,66802.0,66742.0,66749.0,0.26075154,2024-06-14 14:45:00+00:00,66749.0,-53.0,-0.0007937043194338341,49.26153826812936,6.359637244034145,0.0,60.0,0.03511852502194908,0.02638888888888889
1718376360,66764.0,66823.0,66764.0,66823.0,1.17479991,2024-06-14 14:46:00+00:00,66823.0,74.0,0.0011080167635555106,50.32127292184268,6.496448399541831,74.0,0.0,0.034722222222222224,0.026111111111111113
1718376420,66823.0,66847.0,66823.0,66847.0,1.18254745,2024-06-14 14:47:00+00:00,66847.0,24.0,0.00035909329330275985,50.455582636701756,6.513787709171266,24.0,0.0,0.03480278422273782,0.025833333333333333
1718376480,66814.0,66822.0,66813.0,66822.0,0.01087617,2024-06-14 14:48:00+00:00,66822.0,-25.0,-0.0003740583125705703,50.49050646347146,6.518296355820097,0.0,34.0,0.03470213996529786,0.025555555555555557
1718376540,66821.0,66856.0,66818.0,66856.0,1.1363033,2024-06-14 14:49:00+00:00,66856.0,34.0,0.0005086850601169709,50.65450437581364,6.5394683952638974,34.0,4.0,0.034722222222222224,0.025555555555555557
1718376600,66849.0,66886.0,66849.0,66886.0,1.67360767,2024-06-14 14:50:00+00:00,66886.0,30.0,0.0004486249720082175,50.71750441649598,6.5476016655430005,30.0,7.0,0.03476245654692932,0.025555555555555557
1718376660,66887.0,66903.0,66855.0,66868.0,4.02855145,2024-06-14 14:51:00+00:00,66868.0,-18.0,-0.0002691508307588717,50.74479183428665,6.55112445603181,17.0,31.0,0.03443328550932568,0.025833333333333333
1718376720,66865.0,66917.0,66865.0,66917.0,1.15300051,2024-06-14 14:52:00+00:00,66917.0,49.0,0.0007325186260201696,51.21248523619799,6.611503414589601,49.0,3.0,0.0340522133938706,0.025833333333333333
1718376780,66915.0,66933.0,66912.0,66914.0,0.56739285,2024-06-14 14:53:00+00:00,66914.0,-3.0,-4.483266209620776e-05,51.20012800125243,6.609908102417957,16.0,5.0,0.03424657534246575,0.026111111111111113
1718376840,66935.0,66935.0,66916.0,66916.0,0.47921236,2024-06-14 14:54:00+00:00,66916.0,2.0,2.9888664726196174e-05,50.85379508528613,6.565196715225259,21.0,0.0,0.03460207612456748,0.026111111111111113
1718376900,66935.0,66959.0,66935.0,66959.0,2.85994243,2024-06-14 14:55:00+00:00,66959.0,43.0,0.0006423903115400897,51.219796115606464,6.612447245062772,43.0,0.0,0.034552260293694216,0.026111111111111113
1718376960,66959.0,66975.0,66943.0,66970.0,5.00711713,2024-06-14 14:56:00+00:00,66970.0,11.0,0.00016426614138434433,50.87119827131382,6.567443456880466,16.0,16.0,0.034924330616996506,0.026111111111111113
1718377020,66954.0,66954.0,66931.0,66938.0,4.26828319,2024-06-14 14:57:00+00:00,66938.0,-32.0,-0.0004779400873605985,50.817875764096456,6.560559550799436,0.0,39.0,0.03495484998543548,0.026111111111111113
1718377080,66943.0,66952.0,66927.0,66946.0,0.45089574,2024-06-14 14:58:00+00:00,66946.0,8.0,0.00011950643855160427,50.83400203320476,6.5626414431892,14.0,11.0,0.03473227206946454,0.026111111111111113
1718377140,66944.0,66954.0,66928.0,66952.0,0.36519441,2024-06-14 14:59:00+00:00,66952.0,6.0,8.962045742311817e-05,50.548681575680575,6.525806730511752,8.0,18.0,0.034934497816593885,0.02638888888888889
1718377200,66952.0,66952.0,66911.0,66911.0,0.28709245,2024-06-14 15:00:00+00:00,66911.0,-41.0,-0.0006125665984186757,50.382155391774425,6.504308292612552,0.0,41.0,0.03545051698670606,0.026111111111111113
1718377260,66911.0,66959.0,66911.0,66932.0,0.13400362,2024-06-14 15:01:00+00:00,66932.0,21.0,0.00031380050017286904,49.88631142704992,6.440295112022703,48.0,0.0,0.0356718192627824,0.025833333333333333
1718377320,66902.0,66913.0,66865.0,66877.0,0.27753137,2024-06-14 15:02:00+00:00,66877.0,-55.0,-0.0008220673212922015,50.291455620955915,6.4925990025497216,0.0,67.0,0.03540867512540572,0.025833333333333333
1718377380,66873.0,66873.0,66831.0,66851.0,0.14198521,2024-06-14 15:03:00+00:00,66851.0,-26.0,-0.0003888490118390533,50.39122367762877,6.5054790032823036,0.0,46.0,0.035128805620608904,0.025833333333333333
1718377440,66853.0,66871.0,66843.0,66859.0,0.13337477,2024-06-14 15:04:00+00:00,66859.0,8.0,0.00011966195511991426,50.36634155447388,6.50226673499573,20.0,8.0,0.035304501323918804,0.026111111111111113
1718377500,66880.0,66900.0,66830.0,66830.0,0.35848862,2024-06-14 15:05:00+00:00,66830.0,-29.0,-0.00043384273133715683,50.44228116187412,6.512070496155019,41.0,29.0,0.03526300323244196,0.026111111111111113
1718377560,66830.0,66830.0,66794.0,66819.0,0.25234379,2024-06-14 15:06:00+00:00,66819.0,-11.0,-0.0001646102855216475,50.051318297092216,6.46159740734549,0.0,36.0,0.03552397868561279,0.025833333333333333
1718377620,66795.0,66795.0,66758.0,66760.0,0.11759723,2024-06-14 15:07:00+00:00,66760.0,-59.0,-0.0008833724438228864,49.84705137792454,6.435226661474906,0.0,61.0,0.035534498075214686,0.025833333333333333
1718377680,66759.0,66768.0,66745.0,66768.0,0.12814942,2024-06-14 15:08:00+00:00,66768.0,8.0,0.00011982505556249887,49.82477771727911,6.43235114425028,8.0,15.0,0.03589590188453485,0.025833333333333333
1718377740,66797.0,66807.0,66771.0,66771.0,0.472878,2024-06-14 15:09:00+00:00,66771.0,3.0,4.493069441149037e-05,49.04801060830877,6.332070941686153,39.0,0.0,0.03624282694050136,0.025833333333333333
1718377800,66773.0,66820.0,66770.0,66820.0,0.51134447,2024-06-14 15:10:00+00:00,66820.0,49.0,0.000733582385002355,49.50134107639492,6.390595653460355,49.0,1.0,0.035992801439712056,0.025833333333333333
1718377860,66819.0,66821.0,66787.0,66793.0,0.48263636,2024-06-14 15:11:00+00:00,66793.0,-27.0,-0.0004041522960716821,49.436425533118054,6.382215092859645,1.0,33.0,0.03596044351213665,0.026111111111111113
1718377920,66793.0,66815.0,66781.0,66802.0,0.68032169,2024-06-14 15:12:00+00:00,66802.0,9.0,0.00013473558162538347,49.34807765619228,6.370809430992768,22.0,12.0,0.035982008995502246,0.02638888888888889
1718377980,66805.0,66805.0,66755.0,66769.0,0.17721118,2024-06-14 15:13:00+00:00,66769.0,-33.0,-0.0004941192425215168,49.4958310177291,6.389884307945377,3.0,47.0,0.03571428571428571,0.02638888888888889
1718378040,66779.0,66818.0,66779.0,66810.0,0.22569481,2024-06-14 15:14:00+00:00,66810.0,41.0,0.0006138689657433517,49.68027436535502,6.413695841734508,49.0,0.0,0.035513465522343884,0.02638888888888889
1718378100,66810.0,66817.0,66745.0,66754.0,1.02640282,2024-06-14 15:15:00+00:00,66754.0,-56.0,-0.0008385493588307228,50.13922706220631,6.472946380121242,7.0,65.0,0.03525264394829612,0.02638888888888889
1718378160,66757.0,66838.0,66719.0,66837.0,3.0526853,2024-06-14 15:16:00+00:00,66837.0,83.0,0.0012425988379411656,51.02496065818662,6.587294095668181,84.0,35.0,0.034812880765883375,0.02638888888888889
1718378220,66838.0,66860.0,66814.0,66818.0,0.63963254,2024-06-14 15:17:00+00:00,66818.0,-19.0,-0.0002843140941676289,50.210798577450575,6.482186223008037,23.0,23.0,0.03527336860670194,0.02638888888888889
1718378280,66805.0,66806.0,66775.0,66806.0,1.1322899,2024-06-14 15:18:00+00:00,66806.0,-12.0,-0.00017960845405406368,50.227954941716675,6.48440110011084,0.0,43.0,0.03519061583577712,0.026111111111111113
1718378340,66806.0,66812.0,66781.0,66808.0,0.63243374,2024-06-14 15:19:00+00:00,66808.0,2.0,2.9936982653796155e-05,49.745257844000605,6.422085172753607,6.0,25.0,0.03548196333530455,0.02638888888888889
1718378400,66809.0,66842.0,66799.0,66836.0,1.35670371,2024-06-14 15:20:00+00:00,66836.0,28.0,0.0004190236809687198,49.512812928249176,6.392076663166411,34.0,9.0,0.03557663800770827,0.02638888888888889
1718378460,66836.0,66838.0,66772.0,66772.0,0.63073272,2024-06-14 15:21:00+00:00,66772.0,-64.0,-0.0009580265387553567,49.807366210366524,6.430103328373452,2.0,64.0,0.03538779121203185,0.02638888888888889
1718378520,66772.0,66812.0,66771.0,66791.0,1.31917032,2024-06-14 15:22:00+00:00,66791.0,19.0,0.000284509933561952,48.305127168184384,6.236165101960318,40.0,1.0,0.03597122302158273,0.02666666666666667
1718378580,66788.0,66821.0,66783.0,66806.0,0.83144121,2024-06-14 15:23:00+00:00,66806.0,15.0,0.00022455594157110424,48.335021400484685,6.240024430755209,30.0,8.0,0.03584229390681004,0.02666666666666667
1718378640,66804.0,66815.0,66785.0,66812.0,0.73675946,2024-06-14 15:24:00+00:00,66812.0,6.0,8.980825942651882e-05,48.323229023698715,6.238502041458401,9.0,21.0,0.03566121842496285,0.02666666666666667
1718378700,66813.0,66927.0,66800.0,66913.0,1.33102785,2024-06-14 15:25:00+00:00,66913.0,101.0,0.0015105630092376188,49.996033740993,6.454460201842999,115.0,12.0,0.03452243958573073,0.02666666666666667
1718378760,66913.0,66913.0,66852.0,66872.0,0.90762016,2024-06-14 15:26:00+00:00,66872.0,-41.0,-0.0006129237400838241,49.794663113392716,6.428463365605958,0.0,61.0,0.03479269353435779,0.02666666666666667
1718378820,66872.0,66902.0,66872.0,66899.0,1.96894272,2024-06-14 15:27:00+00:00,66899.0,27.0,0.00040367494250099963,47.03208124957547,6.07181558056933,30.0,0.0,0.03577817531305903,0.02666666666666667
1718378880,66896.0,66928.0,66896.0,66918.0,1.64449486,2024-06-14 15:28:00+00:00,66918.0,19.0,0.00028396990109883023,47.06258604932075,6.075753733282426,29.0,3.0,0.035992801439712056,0.02666666666666667
1718378940,66908.0,66922.0,66867.0,66867.0,0.85647943,2024-06-14 15:29:00+00:00,66867.0,-51.0,-0.0007624173482892342,47.35945905077383,6.114079872967972,4.0,51.0,0.03655193420651843,0.02666666666666667
1718379000,66911.0,66924.0,66904.0,66924.0,0.03242773,2024-06-14 15:30:00+00:00,66924.0,57.0,0.0008520753032514723,47.34016820231769,6.111589435141144,57.0,0.0,0.03656307129798903,0.02666666666666667
1718379060,66924.0,66959.0,66924.0,66959.0,0.28819043,2024-06-14 15:31:00+00:00,66959.0,35.0,0.0005228445851574753,42.546803739817854,5.492768743955666,35.0,0.0,0.0379746835443038,0.02666666666666667
1718379120,66956.0,66966.0,66944.0,66955.0,0.16074445,2024-06-14 15:32:00+00:00,66955.0,-4.0,-5.9739833044958575e-05,42.526349425741074,5.490128103363084,7.0,15.0,0.03862246540070808,0.02666666666666667
1718379180,66952.0,67015.0,66943.0,66962.0,12.60397737,2024-06-14 15:33:00+00:00,66962.0,7.0,0.00010454236588895403,40.31394804257781,5.204508312959165,60.0,12.0,0.03926701570680628,0.02666666666666667
1718379240,66958.0,66958.0,66923.0,66929.0,0.3176587,2024-06-14 15:34:00+00:00,66929.0,-33.0,-0.0004929382956019016,40.06963923846292,5.172968181970204,0.0,39.0,0.039486673247778874,0.02638888888888889
1718379300,66935.0,66962.0,66935.0,66940.0,0.84041593,2024-06-14 15:35:00+00:00,66940.0,11.0,0.00016433976536394898,39.49969605833147,5.099388833805751,33.0,0.0,0.040295500335795834,0.02638888888888889
1718379360,66942.0,66949.0,66911.0,66911.0,0.05276127,2024-06-14 15:36:00+00:00,66911.0,-29.0,-0.00043331765102633447,39.40896683074385,5.08767574089038,9.0,29.0,0.04149377593360996,0.02638888888888889
1718379420,66896.0,66896.0,66862.0,66862.0,0.09029308,2024-06-14 15:37:00+00:00,66862.0,-49.0,-0.0007325843360236421,39.98449911517622,5.161976639317423,0.0,49.0,0.04098360655737705,0.02638888888888889
1718379480,66836.0,66840.0,66830.0,66832.0,0.59370966,2024-06-14 15:38:00+00:00,66832.0,-30.0,-0.0004487860413110971,38.809614249462626,5.0102996553634265,0.0,32.0,0.04192872117400419,0.026111111111111113
1718379540,66833.0,66833.0,66815.0,66815.0,0.0117319,2024-06-14 15:39:00+00:00,66815.0,-17.0,-0.0002544015217952494,38.35419231057555,4.951504935869855,1.0,17.0,0.04244782454899186,0.02638888888888889
1718379600,66811.0,66820.0,66770.0,66770.0,1.54715922,2024-06-14 15:40:00+00:00,66770.0,-45.0,-0.0006737283632467984,38.79948089232801,5.008991444582643,5.0,45.0,0.04225352112676056,0.02638888888888889
1718379660,66769.0,66769.0,66759.0,66760.0,17.01705281,2024-06-14 15:41:00+00:00,66760.0,-10.0,-0.00014977907614306812,38.27791621883954,4.941657734769611,0.0,11.0,0.04365223717715533,0.026111111111111113
1718379720,66759.0,66760.0,66743.0,66743.0,1.65864662,2024-06-14 15:42:00+00:00,66743.0,-17.0,-0.0002546759262620482,38.293159985758784,4.943625696616667,0.0,17.0,0.04381161007667032,0.026111111111111113
1718379780,66741.0,66744.0,66647.0,66647.0,6.26452299,2024-06-14 15:43:00+00:00,66647.0,-96.0,-0.001439388508504562,39.509792821698795,5.1006923203514924,1.0,96.0,0.04393994873672648,0.026111111111111113
1718379840,66639.0,66640.0,66615.0,66617.0,2.33241009,2024-06-14 15:44:00+00:00,66617.0,-30.0,-0.00045023412934893953,38.5118479091634,4.971858186128759,0.0,32.0,0.044676098287416234,0.025833333333333333
1718379900,66616.0,66631.0,66608.0,66614.0,0.48531755,2024-06-14 15:45:00+00:00,66614.0,-3.0,-4.5034564035500654e-05,37.95029085884835,4.89936148266824,14.0,9.0,0.04530011325028313,0.026111111111111113
1718379960,66608.0,66608.0,66551.0,66573.0,4.07416494,2024-06-14 15:46:00+00:00,66573.0,-41.0,-0.0006156757235332651,36.924185572954634,4.766891859877515,0.0,63.0,0.045489006823351025,0.026111111111111113
1718380020,66551.0,66561.0,66536.0,66549.0,1.14234553,2024-06-14 15:47:00+00:00,66549.0,-24.0,-0.00036057150974330346,36.82342965764344,4.75388432714311,0.0,37.0,0.04526593738211996,0.026111111111111113
1718380080,66562.0,66562.0,66456.0,66467.0,9.96030617,2024-06-14 15:48:00+00:00,66467.0,-82.0,-0.0012329345400182942,38.063413487595746,4.913965551242169,13.0,93.0,0.04406904149834741,0.02638888888888889
1718380140,66466.0,66491.0,66447.0,66472.0,8.87676076,2024-06-14 15:49:00+00:00,66472.0,5.0,7.522247049191044e-05,37.73062416658386,4.871002634639679,24.0,20.0,0.043972150971051664,0.02638888888888889
1718380200,66485.0,66497.0,66443.0,66443.0,4.40841502,2024-06-14 15:50:00+00:00,66443.0,-29.0,-0.0004363691150009267,37.534206620983326,4.84564523853922,25.0,29.0,0.043699927166788055,0.02638888888888889
1718380260,66440.0,66440.0,66367.0,66390.0,17.23412754,2024-06-14 15:51:00+00:00,66390.0,-53.0,-0.0007979945166113116,37.97142844996847,4.902090333947813,0.0,76.0,0.043258832011535686,0.026111111111111113
1718380320,66389.0,66412.0,66358.0,66409.0,6.43967703,2024-06-14 15:52:00+00:00,66409.0,19.0,0.00028614673498514694,37.40183384730279,4.828555986940686,22.0,32.0,0.043227665706051875,0.026111111111111113
1718380380,66411.0,66446.0,66398.0,66403.0,0.51224253,2024-06-14 15:53:00+00:00,66403.0,-6.0,-9.035328139146512e-05,37.39640681854147,4.827855360540287,37.0,11.0,0.042811273635390654,0.026111111111111113
1718380440,66384.0,66406.0,66371.0,66394.0,1.06411285,2024-06-14 15:54:00+00:00,66394.0,-9.0,-0.00013554523089799922,37.370930422963355,4.824566372013773,3.0,32.0,0.042598509052183174,0.02638888888888889
1718380500,66395.0,66407.0,66330.0,66330.0,9.15844752,2024-06-14 15:55:00+00:00,66330.0,-64.0,-0.0009644074162989979,37.41498461106632,4.8302537432422215,13.0,64.0,0.04209049456331112,0.02666666666666667
1718380560,66327.0,66397.0,66327.0,66332.0,0.60440786,2024-06-14 15:56:00+00:00,66332.0,2.0,3.0151814387781448e-05,37.34537235265159,4.821266839324483,67.0,3.0,0.04153686396677051,0.02666666666666667
1718380620,66327.0,66331.0,66311.0,66331.0,0.63929924,2024-06-14 15:57:00+00:00,66331.0,-1.0,-1.5075793552416897e-05,37.259098157097526,4.810128888571539,0.0,21.0,0.04179728317659352,0.02666666666666667
1718380680,66323.0,66355.0,66321.0,66355.0,0.17910602,2024-06-14 15:58:00+00:00,66355.0,24.0,0.00036175633091255725,37.44773759317724,4.8344821350506955,24.0,10.0,0.041666666666666664,0.02666666666666667
1718380740,66369.0,66379.0,66340.0,66356.0,0.01119882,2024-06-14 15:59:00+00:00,66356.0,1.0,1.5070340816054231e-05,37.41741943047597,4.830568077076374,24.0,15.0,0.0414794331144141,0.02666666666666667
1718380800,66348.0,66418.0,66348.0,66418.0,0.05754065,2024-06-14 16:00:00+00:00,66418.0,62.0,0.0009339178529890158,38.319836729892934,4.94706964947542,62.0,8.0,0.04106776180698152,0.026944444444444444
1718380860,66416.0,66416.0,66386.0,66403.0,0.11799067,2024-06-14 16:01:00+00:00,66403.0,-15.0,-0.00022586789835601508,38.136015126354195,4.923338382502798,0.0,32.0,0.04129387474191329,0.026944444444444444
1718380920,66443.0,66459.0,66438.0,66455.0,0.37980569,2024-06-14 16:02:00+00:00,66455.0,52.0,0.000782790688634365,38.440341921029415,4.9626268027555245,56.0,0.0,0.04145077720207254,0.026944444444444444
1718380980,66424.0,66456.0,66424.0,66456.0,0.0994666,2024-06-14 16:03:00+00:00,66456.0,1.0,1.5047663474268154e-05,38.37252356793534,4.953871491018839,1.0,31.0,0.04165220409580007,0.02722222222222222
1718381040,66431.0,66431.0,66353.0,66353.0,0.16093053,2024-06-14 16:04:00+00:00,66353.0,-103.0,-0.0015511000105525698,40.28557662012325,5.200845578070007,0.0,103.0,0.04059539918809202,0.026944444444444444
1718381100,66331.0,66346.0,66284.0,66284.0,5.11642564,2024-06-14 16:05:00+00:00,66284.0,-69.0,-0.0010404337586705046,40.957067228162295,5.287534642805671,0.0,69.0,0.04060913705583756,0.02666666666666667
1718381160,66284.0,66299.0,66272.0,66280.0,1.91564066,2024-06-14 16:06:00+00:00,66280.0,-4.0,-6.034820918522995e-05,40.961532870990624,5.288111154815812,15.0,12.0,0.04073319755600815,0.026944444444444444
1718381220,66278.0,66312.0,66248.0,66248.0,3.80422364,2024-06-14 16:07:00+00:00,66248.0,-32.0,-0.000482916826963211,40.54897297145206,5.234849900808284,32.0,32.0,0.04069175991861648,0.02722222222222222
1718381280,66240.0,66241.0,65956.0,66088.0,28.68552205,2024-06-14 16:08:00+00:00,66088.0,-160.0,-0.002418088471194793,44.94956370017578,5.802963721002341,0.0,292.0,0.037290242386575516,0.026944444444444444
1718381340,66092.0,66116.0,65536.0,65806.0,54.23340626,2024-06-14 16:09:00+00:00,65806.0,-282.0,-0.00427616767573507,56.88355386722048,7.34363522669458,28.0,552.0,0.03192338387869114,0.02722222222222222
1718381400,65799.0,66100.0,65768.0,66078.0,25.91281266,2024-06-14 16:10:00+00:00,66078.0,272.0,0.00412484282639296,67.50215732062091,8.714491037861261,294.0,38.0,0.029695619896065333,0.02722222222222222
1718381460,66048.0,66070.0,65990.0,66053.0,5.56023179,2024-06-14 16:11:00+00:00,66053.0,-25.0,-0.00037841233773039016,67.49530220103502,8.71360604572818,0.0,88.0,0.029304029304029304,0.026944444444444444
1718381520,66089.0,66089.0,65986.0,66012.0,3.15505811,2024-06-14 16:12:00+00:00,66012.0,-41.0,-0.0006209063918102359,67.53609622850075,8.718872532028165,36.0,67.0,0.02881844380403458,0.026944444444444444
1718381580,65972.0,65972.0,65796.0,65817.0,5.41799516,2024-06-14 16:13:00+00:00,65817.0,-195.0,-0.00295838005628785,71.46635255854744,9.226266442448068,0.0,216.0,0.027713625866050806,0.02666666666666667
1718381640,65847.0,65875.0,65796.0,65815.0,2.48693453,2024-06-14 16:14:00+00:00,65815.0,-2.0,-3.0387747662537217e-05,71.10109576658465,9.179111993369366,58.0,21.0,0.027522935779816512,0.026944444444444444
1718381700,65808.0,65957.0,65788.0,65925.0,3.40349287,2024-06-14 16:15:00+00:00,65925.0,110.0,0.001669956361979332,72.75184001789027,9.392222159841177,142.0,27.0,0.026923939869867623,0.026944444444444444
1718381760,65917.0,65917.0,65774.0,65774.0,18.27198535,2024-06-14 16:16:00+00:00,65774.0,-151.0,-0.0022931087733018716,73.73913977300845,9.519682010150756,0.0,151.0,0.026732011583871687,0.02666666666666667
1718381820,65786.0,65786.0,65678.0,65700.0,10.28526942,2024-06-14 16:17:00+00:00,65700.0,-74.0,-0.001125697975483705,74.09635656695392,9.565798499948636,12.0,96.0,0.02636783124588003,0.02666666666666667
1718381880,65688.0,65846.0,65678.0,65812.0,1.46964742,2024-06-14 16:18:00+00:00,65812.0,112.0,0.00170326703383875,75.98959934780251,9.810215091967104,146.0,22.0,0.02566295979469632,0.026944444444444444
1718381940,65808.0,65842.0,65748.0,65768.0,15.17572574,2024-06-14 16:19:00+00:00,65768.0,-44.0,-0.0006687946745713109,76.0311414045379,9.81557814843055,30.0,64.0,0.02532179784764718,0.026944444444444444
1718382000,65811.0,65914.0,65780.0,65879.0,8.83293203,2024-06-14 16:20:00+00:00,65879.0,111.0,0.0016863282308635314,77.60862808053221,10.019230802596885,146.0,0.0,0.024783147459727383,0.02666666666666667
1718382060,65840.0,65896.0,65827.0,65862.0,4.25834592,2024-06-14 16:21:00+00:00,65862.0,-17.0,-0.00025808214746149486,77.35219183656598,9.986125025855378,17.0,52.0,0.02476780185758514,0.02666666666666667
1718382120,65864.0,65864.0,65771.0,65771.0,5.3615377,2024-06-14 16:22:00+00:00,65771.0,-91.0,-0.0013826322350299306,77.83075946336429,10.047907840809506,2.0,91.0,0.024504798856442724,0.02666666666666667
1718382180,65789.0,65810.0,65698.0,65721.0,6.63777738,2024-06-14 16:23:00+00:00,65721.0,-50.0,-0.0007605025767323876,77.83016966918717,10.04783169870865,39.0,73.0,0.024140012070006038,0.02666666666666667
1718382240,65722.0,65745.0,65678.0,65684.0,3.53583271,2024-06-14 16:24:00+00:00,65684.0,-37.0,-0.0005631444918811412,77.80261857821444,10.044274868158409,24.0,43.0,0.023961661341853034,0.02666666666666667
1718382300,65678.0,65705.0,65654.0,65665.0,3.62815348,2024-06-14 16:25:00+00:00,65665.0,-19.0,-0.00028930559246777217,76.1966234404702,9.836941787405959,21.0,30.0,0.024330900243309,0.02666666666666667
1718382360,65646.0,65646.0,65568.0,65609.0,8.5422882,2024-06-14 16:26:00+00:00,65609.0,-56.0,-0.0008531773755187237,76.28857457161912,9.848812627392782,0.0,97.0,0.024154589371980676,0.02666666666666667
1718382420,65617.0,65617.0,65505.0,65526.0,4.70342521,2024-06-14 16:27:00+00:00,65526.0,-83.0,-0.001265871217958219,76.43588022199218,9.867829705082686,8.0,104.0,0.023762376237623763,0.026944444444444444
1718382480,65539.0,65544.0,65505.0,65532.0,3.65397268,2024-06-14 16:28:00+00:00,65532.0,6.0,9.156251437050894e-05,76.33350109768652,9.854612616968183,18.0,21.0,0.02372948388372553,0.026944444444444444
1718382540,65505.0,65521.0,65269.0,65274.0,25.84521321,2024-06-14 16:29:00+00:00,65274.0,-258.0,-0.003944778291016341,82.0775625319517,10.596167759451559,0.0,263.0,0.022792022792022793,0.02666666666666667
1718382600,65306.0,65337.0,65270.0,65270.0,1.61964445,2024-06-14 16:30:00+00:00,65270.0,-4.0,-6.128201987450711e-05,81.4001138271529,10.508709507731707,63.0,4.0,0.022748815165876776,0.026944444444444444
1718382660,65270.0,65421.0,65269.0,65371.0,0.25003874,2024-06-14 16:31:00+00:00,65371.0,101.0,0.0015462223976025961,82.69557540818249,10.67595287869768,151.0,1.0,0.02225519287833828,0.02722222222222222
1718382720,65313.0,65428.0,65313.0,65370.0,0.88894787,2024-06-14 16:32:00+00:00,65370.0,-1.0,-1.5297420090404923e-05,82.71029523495311,10.677853200162401,57.0,58.0,0.021877848678213307,0.02722222222222222
1718382780,65400.0,65404.0,65313.0,65331.0,0.03116231,2024-06-14 16:33:00+00:00,65331.0,-39.0,-0.000596781985715192,82.6084272933882,10.664702105455959,34.0,57.0,0.02180232558139535,0.02722222222222222
1718382840,65311.0,65311.0,65254.0,65255.0,1.70435629,2024-06-14 16:34:00+00:00,65255.0,-76.0,-0.0011639840194319691,82.84592601707774,10.695363058842462,0.0,77.0,0.02165283291230603,0.02722222222222222
1718382900,65255.0,65330.0,65238.0,65330.0,2.16703754,2024-06-14 16:35:00+00:00,65330.0,75.0,0.0011486772331680652,83.7622071380212,10.813654442904403,75.0,17.0,0.021424745581146227,0.0275
1718382960,65392.0,65481.0,65392.0,65425.0,0.56439908,2024-06-14 16:36:00+00:00,65425.0,95.0,0.0014530995635504893,85.22480077223219,11.002474469156676,151.0,0.0,0.021001050052502624,0.02722222222222222
1718383020,65390.0,65419.0,65279.0,65279.0,0.3623149,2024-06-14 16:37:00+00:00,65279.0,-146.0,-0.0022340565051403877,86.60118832446261,11.18016533808053,0.0,146.0,0.020650490449148167,0.02722222222222222
1718383080,65330.0,65371.0,65330.0,65365.0,0.02434502,2024-06-14 16:38:00+00:00,65365.0,86.0,0.001316555102754099,87.805529535156,11.335645119819421,92.0,0.0,0.020439448134900357,0.02722222222222222
1718383140,65313.0,65372.0,65279.0,65340.0,0.15422002,2024-06-14 16:39:00+00:00,65340.0,-25.0,-0.0003825408408992279,87.80009877347958,11.334944011501754,7.0,86.0,0.020181634712411706,0.02722222222222222
1718383200,65321.0,65321.0,65279.0,65281.0,0.70465105,2024-06-14 16:40:00+00:00,65281.0,-59.0,-0.0009033770069505264,87.87384865155366,11.344465079820612,0.0,61.0,0.020144367970454928,0.026944444444444444
1718383260,65277.0,65309.0,65260.0,65286.0,0.36821008,2024-06-14 16:41:00+00:00,65286.0,5.0,7.658903095643001e-05,87.93803031192616,11.352750896545768,28.0,21.0,0.020016680567139282,0.02722222222222222
1718383320,65275.0,65433.0,65183.0,65427.0,5.67240084,2024-06-14 16:42:00+00:00,65427.0,141.0,0.0021573991062687568,90.49690820950862,11.683100612622937,147.0,103.0,0.01926782273603083,0.0275
1718383380,65422.0,65423.0,65325.0,65325.0,0.25401012,2024-06-14 16:43:00+00:00,65325.0,-102.0,-0.001560205896522579,90.58341350523223,11.694268398279482,0.0,102.0,0.019252366436707843,0.02722222222222222
1718383440,65290.0,65290.0,65169.0,65215.0,0.5985691,2024-06-14 16:44:00+00:00,65215.0,-110.0,-0.0016853075844298112,91.28869584291675,11.785319956553694,0.0,156.0,0.018876828692779613,0.02722222222222222
1718383500,65237.0,65288.0,65162.0,65162.0,0.75322922,2024-06-14 16:45:00+00:00,65162.0,-53.0,-0.0008130268823407781,91.32783190986159,11.790372401070808,73.0,53.0,0.018575851393188854,0.02722222222222222
1718383560,65212.0,65347.0,65212.0,65347.0,0.06156862,2024-06-14 16:46:00+00:00,65347.0,185.0,0.0028350554201172604,95.20154653826185,12.29046680919595,185.0,0.0,0.018231540565177756,0.02722222222222222
1718383620,65350.0,65350.0,65197.0,65229.0,1.36833738,2024-06-14 16:47:00+00:00,65229.0,-118.0,-0.001807377038991533,96.03106841900134,12.397557623509908,3.0,150.0,0.017915795759928337,0.0275
1718383680,65248.0,65297.0,65235.0,65297.0,1.105818,2024-06-14 16:48:00+00:00,65297.0,68.0,0.0010419380989524695,96.39440521073931,12.444464201625426,68.0,0.0,0.018018018018018018,0.02722222222222222
1718383740,65307.0,65361.0,65307.0,65361.0,0.00963,2024-06-14 16:49:00+00:00,65361.0,64.0,0.000979656892322664,96.94791396723744,12.515921874822,64.0,0.0,0.017964071856287425,0.026944444444444444
1718383800,65400.0,65479.0,65399.0,65479.0,0.311878,2024-06-14 16:50:00+00:00,65479.0,118.0,0.001803730235282467,98.52313961475255,12.719282631466827,118.0,0.0,0.01779359430604982,0.02666666666666667
1718383860,65475.0,65528.0,65475.0,65489.0,26.65552476,2024-06-14 16:51:00+00:00,65489.0,10.0,0.00015270905899823295,98.45854185024699,12.710943095929085,49.0,4.0,0.017854485939592324,0.026944444444444444
1718383920,65485.0,65509.0,65469.0,65469.0,0.51990331,2024-06-14 16:52:00+00:00,65469.0,-20.0,-0.00030544144161476997,98.35884950951878,12.698072870082925,20.0,20.0,0.017891754882958105,0.026944444444444444
1718383980,65483.0,65513.0,65436.0,65436.0,0.13093584,2024-06-14 16:53:00+00:00,65436.0,-33.0,-0.0005041824330476003,98.3756363090427,12.700240036582668,44.0,33.0,0.017814726840855107,0.026944444444444444
1718384040,65382.0,65435.0,65379.0,65384.0,0.33870071,2024-06-14 16:54:00+00:00,65384.0,-52.0,-0.0007949855180961945,98.47948537410228,12.7136468932325,0.0,57.0,0.017756732761171942,0.02666666666666667
1718384100,65383.0,65437.0,65382.0,65382.0,17.37667805,2024-06-14 16:55:00+00:00,65382.0,-2.0,-3.05889910244638e-05,98.30130092075011,12.690643379219633,53.0,2.0,0.017814726840855107,0.02666666666666667
1718384160,65398.0,65409.0,65302.0,65306.0,0.24871066,2024-06-14 16:56:00+00:00,65306.0,-76.0,-0.0011630755473705267,98.57728620697674,12.726272926464766,27.0,80.0,0.01771740735272405,0.02666666666666667
1718384220,65308.0,65308.0,65253.0,65282.0,0.20145656,2024-06-14 16:57:00+00:00,65282.0,-24.0,-0.0003675682339910474,98.55833541728467,12.723826390035605,2.0,53.0,0.01762891141472014,0.026944444444444444
1718384280,65284.0,65284.0,65213.0,65215.0,0.74146807,2024-06-14 16:58:00+00:00,65215.0,-67.0,-0.0010268436191959887,98.60931299917615,12.730407567558792,2.0,69.0,0.017533606078316773,0.026944444444444444
1718384340,65216.0,65249.0,65215.0,65243.0,0.6540273,2024-06-14 16:59:00+00:00,65243.0,28.0,0.00042925693219198017,98.76361523817997,12.750327900956936,34.0,0.0,0.01754642491592338,0.02666666666666667
1718384400,65221.0,65296.0,65204.0,65280.0,0.84750826,2024-06-14 17:00:00+00:00,65280.0,37.0,0.0005669499014131851,98.47032877835595,12.712464781804718,53.0,39.0,0.017490161783996504,0.02666666666666667
1718384460,65241.0,65254.0,65200.0,65200.0,5.36305594,2024-06-14 17:01:00+00:00,65200.0,-80.0,-0.0012262417232442964,98.78300564059504,12.752831191144596,0.0,80.0,0.01736864958749457,0.02666666666666667
1718384520,65176.0,65242.0,65176.0,65212.0,0.30347545,2024-06-14 17:02:00+00:00,65212.0,12.0,0.0001840321448006641,98.42283248719404,12.70633303698216,42.0,24.0,0.01734354675531146,0.026944444444444444
1718384580,65210.0,65210.0,65117.0,65117.0,28.93547179,2024-06-14 17:03:00+00:00,65117.0,-95.0,-0.0014578492403913602,98.84322317873685,12.760605241890358,0.0,95.0,0.017187052420509885,0.02666666666666667
1718384640,65113.0,65124.0,64936.0,65043.0,61.62348584,2024-06-14 17:04:00+00:00,65043.0,-74.0,-0.0011370621999530449,98.51235260524037,12.717890034526958,7.0,181.0,0.016980331116456773,0.026944444444444444
1718384700,65057.0,65080.0,65014.0,65021.0,4.20275236,2024-06-14 17:05:00+00:00,65021.0,-22.0,-0.0003382949964604055,98.31761485019105,12.692749498454164,37.0,29.0,0.01698754246885617,0.02722222222222222
1718384760,65023.0,65066.0,65020.0,65046.0,0.9096341,2024-06-14 17:06:00+00:00,65046.0,25.0,0.0003844172666067727,98.47401217299071,12.712940306007315,45.0,1.0,0.016941973739940705,0.02722222222222222
1718384820,65046.0,65147.0,65046.0,65147.0,0.22526795,2024-06-14 17:07:00+00:00,65147.0,101.0,0.0015515430209201103,99.70155890184279,12.871415907258498,101.0,0.0,0.016853932584269662,0.026944444444444444
1718384880,65124.0,65208.0,65103.0,65105.0,1.64294148,2024-06-14 17:08:00+00:00,65105.0,-42.0,-0.0006449037474380516,98.00952767014181,12.65297561453714,61.0,44.0,0.017308524448290785,0.02722222222222222
1718384940,65117.0,65265.0,65117.0,65263.0,1.39859013,2024-06-14 17:09:00+00:00,65263.0,158.0,0.0024239088941851914,94.1848929913742,12.159217400663998,160.0,0.0,0.01842468908337172,0.026944444444444444
1718385000,65248.0,65351.0,65210.0,65351.0,0.97329016,2024-06-14 17:10:00+00:00,65351.0,88.0,0.0013474820970982805,87.64742382953877,11.315233760992891,88.0,53.0,0.018981335020563116,0.026944444444444444
1718385060,65356.0,65356.0,65277.0,65301.0,0.85708623,2024-06-14 17:11:00+00:00,65301.0,-50.0,-0.0007653920711651639,87.76904721892286,11.330935273046022,5.0,74.0,0.01900839537462379,0.02722222222222222
1718385120,65301.0,65305.0,65273.0,65291.0,1.39733437,2024-06-14 17:12:00+00:00,65291.0,-10.0,-0.00015314873835378158,87.68984087162204,11.32070977757902,4.0,28.0,0.019224607497596923,0.02722222222222222
1718385180,65299.0,65356.0,65287.0,65350.0,1.86414879,2024-06-14 17:13:00+00:00,65350.0,59.0,0.0009032387077748964,84.78948840883973,10.946275884696103,65.0,4.0,0.019688269073010665,0.0275
1718385240,65343.0,65387.0,65343.0,65359.0,31.18539739,2024-06-14 17:14:00+00:00,65359.0,9.0,0.00013771048687111575,84.81409380801387,10.949452428070376,37.0,7.0,0.019801980198019802,0.0275
1718385300,65359.0,65426.0,65336.0,65413.0,4.02754061,2024-06-14 17:15:00+00:00,65413.0,54.0,0.0008258649109784456,83.80009843177477,10.818546187893531,67.0,23.0,0.020063534525998995,0.0275
1718385360,65429.0,65442.0,65388.0,65388.0,0.59205397,2024-06-14 17:16:00+00:00,65388.0,-25.0,-0.0003822600791189625,81.72242533270709,10.550319744175122,29.0,25.0,0.020394289598912305,0.027777777777777776
1718385420,65377.0,65442.0,65377.0,65442.0,0.46770612,2024-06-14 17:17:00+00:00,65442.0,54.0,0.0008254987856992145,81.5993311704062,10.5344283561549,54.0,11.0,0.020544427324088343,0.027777777777777776
1718385480,65442.0,65449.0,65406.0,65406.0,1.88135324,2024-06-14 17:18:00+00:00,65406.0,-36.0,-0.0005502568003843704,80.24989923784088,10.360217442766032,7.0,36.0,0.02099370188943317,0.027777777777777776
1718385540,65432.0,65449.0,65416.0,65438.0,0.16346267,2024-06-14 17:19:00+00:00,65438.0,32.0,0.0004891321059887806,80.25203941650625,10.360493738643664,43.0,0.0,0.021182700794351278,0.0275
1718385600,65428.0,65458.0,65428.0,65458.0,1.24033382,2024-06-14 17:20:00+00:00,65458.0,20.0,0.0003055861165451154,78.86084970261992,10.180891918867102,20.0,10.0,0.02162551811137142,0.027777777777777776
1718385660,65458.0,65497.0,65457.0,65457.0,1.27575466,2024-06-14 17:21:00+00:00,65457.0,-1.0,-1.5277088187289688e-05,78.85357058003358,10.179952188182039,39.0,1.0,0.021739130434782608,0.027777777777777776
1718385720,65471.0,65481.0,65454.0,65481.0,0.38665165,2024-06-14 17:22:00+00:00,65481.0,24.0,0.00036658571642708075,78.16565778202838,10.091143027838136,24.0,3.0,0.022002200220022,0.027777777777777776
1718385780,65474.0,65475.0,65396.0,65401.0,0.58101738,2024-06-14 17:23:00+00:00,65401.0,-80.0,-0.0012224753589182562,78.55445410597036,10.141336417427935,0.0,85.0,0.02211166390270868,0.0275
1718385840,65399.0,65442.0,65399.0,65431.0,0.65168872,2024-06-14 17:24:00+00:00,65431.0,30.0,0.00045860340781765397,78.57288350696358,10.143715642865512,41.0,2.0,0.02220988339811216,0.0275
1718385900,65426.0,65482.0,65426.0,65458.0,0.31144781,2024-06-14 17:25:00+00:00,65458.0,27.0,0.00041256332286086734,78.65057349990784,10.153745377826848,51.0,5.0,0.022189349112426034,0.0275
1718385960,65456.0,65456.0,65410.0,65445.0,0.18281786,2024-06-14 17:26:00+00:00,65445.0,-13.0,-0.0001986203531277114,78.35898846620167,10.116101911841938,0.0,48.0,0.02239223735771599,0.0275
1718386020,65461.0,65492.0,65461.0,65488.0,0.14133517,2024-06-14 17:27:00+00:00,65488.0,43.0,0.0006568245063645634,77.85818630780736,10.05144863120174,47.0,0.0,0.022667170381564034,0.02722222222222222
1718386080,65471.0,65493.0,65467.0,65467.0,0.42718641,2024-06-14 17:28:00+00:00,65467.0,-21.0,-0.00032072086105928754,77.89721425507182,10.056487117528137,5.0,21.0,0.02272296913463359,0.02722222222222222
1718386140,65466.0,65472.0,65433.0,65472.0,0.82103488,2024-06-14 17:29:00+00:00,65472.0,5.0,7.637144017327048e-05,70.21620364443869,9.064872911627319,5.0,34.0,0.02372948388372553,0.0275
1718386200,65473.0,65477.0,65461.0,65476.0,0.34097232,2024-06-14 17:30:00+00:00,65476.0,4.0,6.109295294682589e-05,70.20970203530995,9.064033557498012,5.0,11.0,0.023971234518577706,0.0275
1718386260,65442.0,65443.0,65424.0,65438.0,0.52113817,2024-06-14 17:31:00+00:00,65438.0,-38.0,-0.0005805338018428108,69.22209201258562,8.936533651812718,0.0,52.0,0.02445984508764778,0.02722222222222222
1718386320,65432.0,65464.0,65413.0,65413.0,0.42630971,2024-06-14 17:32:00+00:00,65413.0,-25.0,-0.0003821140121846553,69.30382425593248,8.94708523905707,26.0,25.0,0.024783147459727383,0.02722222222222222
1718386380,65414.0,65500.0,65414.0,65500.0,0.91769712,2024-06-14 17:33:00+00:00,65500.0,87.0,0.0013291271731257228,69.98558971932422,9.035100781914924,87.0,0.0,0.024803637866887142,0.026944444444444444
1718386440,65504.0,65560.0,65504.0,65559.0,6.36160793,2024-06-14 17:34:00+00:00,65559.0,59.0,0.0009003579149186561,69.57762806882407,8.982433159305645,60.0,0.0,0.024891101431238336,0.026944444444444444
1718386500,65560.0,65607.0,65559.0,65601.0,3.87713066,2024-06-14 17:35:00+00:00,65601.0,42.0,0.0006404391801702356,69.14452848352528,8.926520243268593,48.0,0.0,0.02512036843207034,0.02666666666666667
1718386560,65601.0,65631.0,65601.0,65605.0,6.02957016,2024-06-14 17:36:00+00:00,65605.0,4.0,6.0972821383749264e-05,68.11655016792659,8.793808813382723,30.0,0.0,0.025773195876288662,0.02666666666666667
1718386620,65621.0,65621.0,65609.0,65611.0,0.2119326,2024-06-14 17:37:00+00:00,65611.0,6.0,9.14522619829519e-05,65.24723948096965,8.423382396526751,16.0,0.0,0.026513477684489615,0.02666666666666667
1718386680,65610.0,65628.0,65605.0,65624.0,1.12334431,2024-06-14 17:38:00+00:00,65624.0,13.0,0.0001981178807867996,64.39641311904623,8.313541185518629,17.0,6.0,0.026923939869867623,0.026944444444444444
1718386740,65625.0,65654.0,65623.0,65654.0,2.44945199,2024-06-14 17:39:00+00:00,65654.0,30.0,0.0004570453620899115,64.36347176135808,8.309288474527706,30.0,1.0,0.027303754266211604,0.026944444444444444
1718386800,65662.0,65689.0,65662.0,65677.0,2.23727653,2024-06-14 17:40:00+00:00,65677.0,23.0,0.00035026003358151406,63.84493927623739,8.242346218549708,35.0,0.0,0.027466239414053562,0.026944444444444444
1718386860,65676.0,65676.0,65597.0,65597.0,0.81823028,2024-06-14 17:41:00+00:00,65597.0,-80.0,-0.001218824899120294,64.81668849412651,8.367798503135528,0.0,80.0,0.027272727272727275,0.02666666666666667
1718386920,65611.0,65612.0,65550.0,65567.0,0.56650383,2024-06-14 17:42:00+00:00,65567.0,-30.0,-0.00045744259893161314,62.4602020182307,8.06357740724528,15.0,47.0,0.02849002849002849,0.02666666666666667
1718386980,65578.0,65591.0,65493.0,65493.0,0.4747146,2024-06-14 17:43:00+00:00,65493.0,-74.0,-0.0011292538968994536,61.76823823161291,7.9742452665203025,24.0,74.0,0.028517110266159693,0.026944444444444444
1718387040,65484.0,65485.0,65466.0,65479.0,0.16341984,2024-06-14 17:44:00+00:00,65479.0,-14.0,-0.0002137861535797414,60.01530878147335,7.747943047604734,0.0,27.0,0.029418975239029175,0.026944444444444444
1718387100,65484.0,65506.0,65460.0,65460.0,0.27285385,2024-06-14 17:45:00+00:00,65460.0,-19.0,-0.0002902114745546484,59.62338486364951,7.6973458873809975,27.0,19.0,0.030007501875468863,0.026944444444444444
1718387160,65445.0,65490.0,65445.0,65488.0,0.20214743,2024-06-14 17:46:00+00:00,65488.0,28.0,0.0004276506770126706,54.84178321718466,7.080043769215787,30.0,15.0,0.03109613889608707,0.02722222222222222
1718387220,65482.0,65482.0,65388.0,65388.0,0.20999739,2024-06-14 17:47:00+00:00,65388.0,-100.0,-0.0015281643610855899,54.217960936719045,6.999508659107905,0.0,100.0,0.03152916447714136,0.026944444444444444
1718387280,65403.0,65416.0,65356.0,65356.0,0.20581958,2024-06-14 17:48:00+00:00,65356.0,-32.0,-0.00048950622038456,53.70966887882894,6.933888436600642,28.0,32.0,0.031595576619273306,0.02722222222222222
1718387340,65360.0,65382.0,65344.0,65356.0,2.39462531,2024-06-14 17:49:00+00:00,65356.0,0.0,0.0,53.06864491812776,6.8511325991234555,26.0,12.0,0.031813361611876985,0.0275
1718387400,65355.0,65393.0,65352.0,65393.0,1.25402576,2024-06-14 17:50:00+00:00,65393.0,37.0,0.000565969926923544,51.00394357191417,6.584580801497547,37.0,4.0,0.03247631935047361,0.027777777777777776
1718387460,65403.0,65418.0,65387.0,65389.0,0.33606405,2024-06-14 17:51:00+00:00,65389.0,-4.0,-6.117049748816354e-05,50.9827709903366,6.581847432969342,25.0,6.0,0.03267084127416281,0.027777777777777776
1718387520,65377.0,65388.0,65359.0,65388.0,0.75150576,2024-06-14 17:52:00+00:00,65388.0,-1.0,-1.529320905087209e-05,50.925943240309785,6.5745110019874655,0.0,30.0,0.03276003276003276,0.0275
1718387580,65388.0,65419.0,65388.0,65419.0,0.2513931,2024-06-14 17:53:00+00:00,65419.0,31.0,0.00047398075913937293,50.92203800715619,6.574006838555235,31.0,0.0,0.03317666574509262,0.02722222222222222
1718387640,65418.0,65419.0,65372.0,65372.0,1.47088796,2024-06-14 17:54:00+00:00,65372.0,-47.0,-0.0007187039172894199,50.83999493258985,6.563415123172999,0.0,47.0,0.03326864430274466,0.02722222222222222
1718387700,65383.0,65383.0,65348.0,65348.0,6.62097389,2024-06-14 17:55:00+00:00,65348.0,-24.0,-0.00036719706654933087,50.93244667492211,6.575350591785688,11.0,24.0,0.033454139949818794,0.02722222222222222
1718387760,65348.0,65348.0,65314.0,65343.0,3.59449535,2024-06-14 17:56:00+00:00,65343.0,-5.0,-7.651636306156323e-05,49.96578207664795,6.450554728769551,0.0,34.0,0.03414911781445646,0.026944444444444444
1718387820,65342.0,65360.0,65290.0,65292.0,3.55592469,2024-06-14 17:57:00+00:00,65292.0,-51.0,-0.0007808015094119597,50.31162775150143,6.495203213405065,17.0,53.0,0.03400396712949844,0.026944444444444444
1718387880,65294.0,65357.0,65294.0,65356.0,3.42351003,2024-06-14 17:58:00+00:00,65356.0,64.0,0.0009797318767884294,50.18975011841713,6.479468878631375,65.0,0.0,0.03406187908032926,0.02666666666666667
1718387940,65356.0,65391.0,65355.0,65365.0,3.0637006,2024-06-14 17:59:00+00:00,65365.0,9.0,0.0001376978452463523,50.08500119429736,6.465945850676409,35.0,1.0,0.03404255319148936,0.026944444444444444
1718388000,65352.0,65353.0,65285.0,65350.0,0.47389289,2024-06-14 18:00:00+00:00,65350.0,-15.0,-0.00022950694359237354,49.91931342784418,6.44455565200496,0.0,80.0,0.034158838599487616,0.02666666666666667
1718388060,65347.0,65348.0,65283.0,65312.0,1.45883119,2024-06-14 18:01:00+00:00,65312.0,-38.0,-0.0005816534427967134,49.048736284163795,6.332164626036194,0.0,67.0,0.03428571428571429,0.02666666666666667
1718388120,65315.0,65390.0,65315.0,65370.0,1.33358524,2024-06-14 18:02:00+00:00,65370.0,58.0,0.0008876509972039452,49.56658478938826,6.399018580589286,78.0,0.0,0.03416856492027335,0.02638888888888889
1718388180,65371.0,65372.0,65303.0,65328.0,0.42006219,2024-06-14 18:03:00+00:00,65328.0,-42.0,-0.0006427030474182475,48.25198394680015,6.2293043415808205,2.0,67.0,0.03442340791738382,0.02666666666666667
1718388240,65325.0,65390.0,65303.0,65390.0,4.5080337,2024-06-14 18:04:00+00:00,65390.0,62.0,0.000948606995964693,47.74050324114225,6.163272466416838,62.0,25.0,0.03545051698670606,0.02666666666666667
1718388300,65355.0,65365.0,65333.0,65348.0,0.34470154,2024-06-14 18:05:00+00:00,65348.0,-42.0,-0.0006425064089224797,48.006858620162504,6.197658797987445,0.0,57.0,0.035545023696682464,0.02638888888888889
1718388360,65354.0,65354.0,65281.0,65285.0,1.78469132,2024-06-14 18:06:00+00:00,65285.0,-63.0,-0.0009645343042602824,48.73814211862349,6.292067091683968,6.0,67.0,0.03526300323244196,0.02638888888888889
1718388420,65289.0,65289.0,65223.0,65223.0,3.86171284,2024-06-14 18:07:00+00:00,65223.0,-62.0,-0.0009501333966381558,47.77201033818247,6.167340015154308,4.0,62.0,0.035629453681710214,0.02666666666666667
1718388480,65245.0,65245.0,65152.0,65190.0,7.30939058,2024-06-14 18:08:00+00:00,65190.0,-33.0,-0.0005060845269158312,47.647822319088334,6.151307410829306,22.0,71.0,0.03575685339690107,0.02666666666666667
1718388540,65179.0,65209.0,65090.0,65122.0,7.13716741,2024-06-14 18:09:00+00:00,65122.0,-68.0,-0.0010436491830707172,43.84055277704206,5.659791026467041,19.0,100.0,0.03619909502262444,0.026944444444444444
1718388600,65151.0,65153.0,65095.0,65112.0,3.43344268,2024-06-14 18:10:00+00:00,65112.0,-10.0,-0.00015356972863696453,42.21273471064641,5.449640617740177,31.0,27.0,0.03712871287128713,0.026944444444444444
1718388660,65104.0,65105.0,65091.0,65098.0,2.53689476,2024-06-14 18:11:00+00:00,65098.0,-14.0,-0.00021503724835190125,41.80142389378648,5.39654061961306,0.0,21.0,0.03780718336483932,0.02666666666666667
1718388720,65091.0,65165.0,65090.0,65131.0,3.95925684,2024-06-14 18:12:00+00:00,65131.0,33.0,0.0005067995716212263,42.05390675604738,5.429136016971036,67.0,8.0,0.03730183400683867,0.02666666666666667
1718388780,65130.0,65147.0,65125.0,65146.0,0.34860463,2024-06-14 18:13:00+00:00,65146.0,15.0,0.00023027856131601918,41.33788019459937,5.336697385373359,16.0,6.0,0.03785488958990536,0.02666666666666667
1718388840,65147.0,65173.0,65101.0,65101.0,1.90150176,2024-06-14 18:14:00+00:00,65101.0,-45.0,-0.0006909948296778898,41.649994404541104,5.376991156613993,27.0,45.0,0.0375234521575985,0.02666666666666667
1718388900,65100.0,65161.0,65091.0,65091.0,4.91503105,2024-06-14 18:15:00+00:00,65091.0,-10.0,-0.00015361927030334106,40.945174863868495,5.285999345177107,60.0,10.0,0.037759597230962866,0.02666666666666667
1718388960,65090.0,65092.0,65090.0,65091.0,7.88836248,2024-06-14 18:16:00+00:00,65091.0,0.0,0.0,40.86912762979336,5.2761816894738365,1.0,1.0,0.03838771593090211,0.02666666666666667
1718389020,65091.0,65097.0,65090.0,65090.0,17.07729654,2024-06-14 18:17:00+00:00,65090.0,-1.0,-1.536322504849799e-05,40.13471664564219,5.18136963911086,6.0,1.0,0.03911342894393742,0.02666666666666667
1718389080,65090.0,65167.0,65090.0,65136.0,1.8435493,2024-06-14 18:18:00+00:00,65136.0,46.0,0.0007064641763270316,40.485820911959465,5.226697004985166,77.0,0.0,0.03868471953578336,0.02638888888888889
1718389140,65131.0,65198.0,65131.0,65198.0,1.99506811,2024-06-14 18:19:00+00:00,65198.0,62.0,0.0009514018548757343,41.12444940644252,5.309143589103379,62.0,5.0,0.03838771593090211,0.02666666666666667
1718389200,65198.0,65199.0,65144.0,65144.0,0.83208255,2024-06-14 18:20:00+00:00,65144.0,-54.0,-0.0008285894506685423,41.50040500789371,5.357679248547841,1.0,54.0,0.03808314820691844,0.02666666666666667
1718389260,65125.0,65155.0,65114.0,65132.0,1.12501308,2024-06-14 18:21:00+00:00,65132.0,-12.0,-0.0001842242628563935,41.50568336279297,5.358360681235181,11.0,30.0,0.03807106598984772,0.02666666666666667
1718389320,65119.0,65119.0,65067.0,65067.0,22.60072892,2024-06-14 18:22:00+00:00,65067.0,-65.0,-0.0009984716533939808,42.02368178192475,5.4252339895904855,0.0,65.0,0.03761755485893417,0.02638888888888889
1718389380,65067.0,65079.0,65052.0,65078.0,2.01863575,2024-06-14 18:23:00+00:00,65078.0,11.0,0.0001690422225394857,40.96964219908326,5.289158064570869,12.0,15.0,0.038314176245210725,0.02666666666666667
1718389440,65076.0,65125.0,65051.0,65058.0,2.80359001,2024-06-14 18:24:00+00:00,65058.0,-20.0,-0.00030737075301931623,40.74563163303694,5.260238424848473,47.0,27.0,0.0379386658235852,0.02666666666666667
1718389500,65099.0,65176.0,65099.0,65147.0,0.69447927,2024-06-14 18:25:00+00:00,65147.0,89.0,0.001367075210029792,42.356634229797294,5.468217965780131,118.0,0.0,0.037209302325581395,0.02638888888888889
1718389560,65147.0,65168.0,65131.0,65131.0,7.50848814,2024-06-14 18:26:00+00:00,65131.0,-16.0,-0.00024562858012012773,42.367787038398326,5.4696577871793055,21.0,16.0,0.037336652146857496,0.02666666666666667
1718389620,65137.0,65204.0,65132.0,65178.0,1.58490197,2024-06-14 18:27:00+00:00,65178.0,47.0,0.0007213623316593007,42.448040687316656,5.480018488703741,73.0,0.0,0.037037037037037035,0.02666666666666667
1718389680,65179.0,65218.0,65179.0,65218.0,2.57047781,2024-06-14 18:28:00+00:00,65218.0,40.0,0.0006135157712608546,42.79150279978966,5.524359256759113,40.0,0.0,0.03687768899815611,0.02638888888888889
1718389740,65218.0,65247.0,65218.0,65218.0,0.20411409,2024-06-14 18:29:00+00:00,65218.0,0.0,0.0,42.77824834040597,5.52264811341058,29.0,0.0,0.03699136868064118,0.026111111111111113
1718389800,65223.0,65252.0,65192.0,65252.0,1.2699969,2024-06-14 18:30:00+00:00,65252.0,34.0,0.0005211926231263351,43.05056808486246,5.557804441248028,34.0,26.0,0.03649635036496351,0.026111111111111113
1718389860,65257.0,65257.0,65221.0,65222.0,0.57712604,2024-06-14 18:31:00+00:00,65222.0,-30.0,-0.00045986174300906464,42.954923160550685,5.545456734614402,5.0,31.0,0.03667481662591687,0.02638888888888889
1718389920,65222.0,65336.0,65222.0,65315.0,1.86914334,2024-06-14 18:32:00+00:00,65315.0,93.0,0.0014248836074794687,44.62725725826628,5.761354138272646,114.0,0.0,0.035982008995502246,0.026111111111111113
1718389980,65310.0,65320.0,65264.0,65320.0,2.1641726,2024-06-14 18:33:00+00:00,65320.0,5.0,7.654916373783713e-05,43.09626591241079,5.563704005416446,5.0,51.0,0.03631961259079903,0.02638888888888889
1718390040,65335.0,65335.0,65291.0,65299.0,1.79989369,2024-06-14 18:34:00+00:00,65299.0,-21.0,-0.0003215458728199147,42.37710713391782,5.47086100633704,15.0,29.0,0.03649635036496351,0.02666666666666667
1718390100,65301.0,65325.0,65282.0,65284.0,0.69976992,2024-06-14 18:35:00+00:00,65284.0,-15.0,-0.0002297389409949699,41.9576427520748,5.416708387496867,26.0,17.0,0.03655193420651843,0.026944444444444444
1718390160,65325.0,65325.0,65298.0,65313.0,0.3483537,2024-06-14 18:36:00+00:00,65313.0,29.0,0.0004441143437699004,42.174965128803834,5.444764585691193,41.0,0.0,0.03642987249544627,0.026944444444444444
1718390220,65310.0,65322.0,65310.0,65320.0,0.39614961,2024-06-14 18:37:00+00:00,65320.0,7.0,0.00010717047004517408,42.17952953583536,5.44535384810514,9.0,3.0,0.0364741641337386,0.02722222222222222
1718390280,65303.0,65322.0,65285.0,65322.0,0.51870765,2024-06-14 18:38:00+00:00,65322.0,2.0,3.061802483360521e-05,42.12449935996491,5.438249482948969,2.0,35.0,0.03631961259079903,0.02722222222222222
1718390340,65325.0,65331.0,65305.0,65310.0,0.30587444,2024-06-14 18:39:00+00:00,65310.0,-12.0,-0.0001837222125322086,41.8807292227104,5.406778893552656,9.0,17.0,0.036374658987571994,0.02722222222222222
1718390400,65309.0,65309.0,65262.0,65286.0,1.67760543,2024-06-14 18:40:00+00:00,65286.0,-24.0,-0.00036754571763579215,41.773599507574275,5.392948506799117,0.0,48.0,0.036231884057971016,0.02722222222222222
1718390460,65268.0,65288.0,65268.0,65282.0,0.49744918,2024-06-14 18:41:00+00:00,65282.0,-4.0,-6.127075548753423e-05,40.64464648801357,5.247201298685478,2.0,18.0,0.03690036900369004,0.0275
1718390520,65276.0,65346.0,65276.0,65346.0,3.590645,2024-06-14 18:42:00+00:00,65346.0,64.0,0.0009798818801619407,41.47757885921742,5.354732405425129,64.0,6.0,0.03680981595092024,0.0275
1718390580,65346.0,65367.0,65346.0,65367.0,0.44969169,2024-06-14 18:43:00+00:00,65367.0,21.0,0.00032131463864611994,40.55074243296178,5.235078337306914,21.0,0.0,0.037700282752120645,0.02722222222222222
1718390640,65363.0,65417.0,65358.0,65417.0,1.51533196,2024-06-14 18:44:00+00:00,65417.0,50.0,0.0007646195625765815,41.07082211714944,5.3022203358255675,50.0,9.0,0.03732503888024883,0.0275
1718390700,65397.0,65398.0,65374.0,65374.0,0.90263582,2024-06-14 18:45:00+00:00,65374.0,-43.0,-0.0006575376218436101,41.36459087832338,5.3401457198143225,0.0,43.0,0.03735990037359901,0.02722222222222222
1718390760,65385.0,65393.0,65343.0,65343.0,1.34088571,2024-06-14 18:46:00+00:00,65343.0,-31.0,-0.0004743070997830094,41.354315113795245,5.338819124318088,19.0,31.0,0.03730183400683867,0.02722222222222222
1718390820,65343.0,65353.0,65329.0,65329.0,0.58105178,2024-06-14 18:47:00+00:00,65329.0,-14.0,-0.00021427696910686825,39.35690306933512,5.080954338194482,10.0,14.0,0.038204393505253106,0.0275
1718390880,65348.0,65348.0,65305.0,65311.0,1.25317027,2024-06-14 18:48:00+00:00,65311.0,-18.0,-0.00027556644387488063,39.211129948834774,5.062135109260399,19.0,24.0,0.03841229193341869,0.0275
1718390940,65332.0,65352.0,65317.0,65317.0,0.98099798,2024-06-14 18:49:00+00:00,65317.0,6.0,9.186391897939109e-05,39.22072480509875,5.063373799877719,41.0,0.0,0.03837543971858011,0.02722222222222222
1718391000,65317.0,65341.0,65309.0,65341.0,0.60905057,2024-06-14 18:50:00+00:00,65341.0,24.0,0.0003673713093713753,39.044723017076535,5.0406520667472945,24.0,8.0,0.03848620910840282,0.02722222222222222
1718391060,65340.0,65379.0,65340.0,65369.0,0.50241163,2024-06-14 18:51:00+00:00,65369.0,28.0,0.0004284293539635667,39.21935991433818,5.0631975932382165,38.0,1.0,0.03838771593090211,0.02722222222222222
1718391120,65368.0,65454.0,65367.0,65451.0,0.41020575,2024-06-14 18:52:00+00:00,65451.0,82.0,0.0012536311074636652,40.63371940325391,5.245790618108919,85.0,2.0,0.037700282752120645,0.0275
1718391180,65458.0,65490.0,65441.0,65475.0,0.88427073,2024-06-14 18:53:00+00:00,65475.0,24.0,0.00036661931577866195,40.55624538277703,5.235788765073229,39.0,10.0,0.03748828491096532,0.027777777777777776
1718391240,65468.0,65499.0,65468.0,65483.0,0.81418657,2024-06-14 18:54:00+00:00,65483.0,8.0,0.0001221765758480621,40.07316402003056,5.1734232293138875,24.0,7.0,0.03767660910518053,0.028055555555555556
1718391300,65475.0,65478.0,65421.0,65450.0,1.27612593,2024-06-14 18:55:00+00:00,65450.0,-33.0,-0.0005040746137146788,40.18824349550796,5.188279925714363,0.0,62.0,0.03735990037359901,0.027777777777777776
1718391360,65436.0,65477.0,65436.0,65477.0,0.17817566,2024-06-14 18:56:00+00:00,65477.0,27.0,0.00041244358127419167,40.30997128888502,5.203994916265027,27.0,14.0,0.037278657968313145,0.028055555555555556
1718391420,65472.0,65472.0,65439.0,65467.0,0.32853997,2024-06-14 18:57:00+00:00,65467.0,-10.0,-0.00015273704819529664,39.735691025109126,5.129855653009705,0.0,38.0,0.03765296517100722,0.027777777777777776
1718391480,65444.0,65465.0,65444.0,65465.0,0.15697148,2024-06-14 18:58:00+00:00,65465.0,-2.0,-3.0550209271293176e-05,38.92125543059712,5.024712469872921,0.0,23.0,0.03815580286168522,0.027777777777777776
1718391540,65486.0,65486.0,65481.0,65481.0,0.22184491,2024-06-14 18:59:00+00:00,65481.0,16.0,0.0002443755453336734,38.95363026387225,5.028892042876615,21.0,0.0,0.038338658146964855,0.0275
1718391600,65461.0,65472.0,65435.0,65459.0,0.34912816,2024-06-14 19:00:00+00:00,65459.0,-22.0,-0.00033603177343847704,39.01563861449887,5.036897286520038,0.0,46.0,0.03875968992248062,0.0275
1718391660,65464.0,65465.0,65453.0,65465.0,0.1677527,2024-06-14 19:01:00+00:00,65465.0,6.0,9.165622810496431e-05,38.66651202969274,4.991825238230957,6.0,6.0,0.039460703715882936,0.027777777777777776
1718391720,65456.0,65457.0,65423.0,65457.0,0.13911497,2024-06-14 19:02:00+00:00,65457.0,-8.0,-0.00012221017109362439,37.995282936487385,4.90516993491515,0.0,42.0,0.03993344425956739,0.027777777777777776
1718391780,65460.0,65483.0,65460.0,65483.0,0.01449489,2024-06-14 19:03:00+00:00,65483.0,26.0,0.0003971284610004751,37.6902143783636,4.865785753412985,26.0,0.0,0.04051316677920324,0.0275
1718391840,65477.0,65487.0,65451.0,65465.0,1.17540708,2024-06-14 19:04:00+00:00,65465.0,-18.0,-0.00027491828990703764,36.96064099891732,4.771598235131928,4.0,32.0,0.041222947440742015,0.0275
1718391900,65463.0,65467.0,65441.0,65467.0,1.54271667,2024-06-14 19:05:00+00:00,65467.0,2.0,3.0550209271320505e-05,36.52187255797878,4.714953472978716,2.0,24.0,0.041666666666666664,0.027777777777777776
1718391960,65473.0,65473.0,65467.0,65468.0,0.02919386,2024-06-14 19:06:00+00:00,65468.0,1.0,1.5274754649486726e-05,35.512435157947955,4.584635665000106,6.0,0.0,0.04265908282971916,0.0275
1718392020,65467.0,65467.0,65413.0,65454.0,0.54207061,2024-06-14 19:07:00+00:00,65454.0,-14.0,-0.0002138677999628034,34.549804385131445,4.460360566611269,0.0,55.0,0.042826552462526764,0.02722222222222222
1718392080,65417.0,65430.0,65401.0,65424.0,0.23835955,2024-06-14 19:08:00+00:00,65424.0,-30.0,-0.00045844222138823396,34.497703190556464,4.4536343313143885,0.0,53.0,0.04344677769732078,0.026944444444444444
1718392140,65425.0,65465.0,65425.0,65465.0,0.27636617,2024-06-14 19:09:00+00:00,65465.0,41.0,0.0006264850574301018,33.50289219322319,4.32520478380453,41.0,0.0,0.044709388971684055,0.02666666666666667
1718392200,65464.0,65479.0,65451.0,65479.0,0.62226628,2024-06-14 19:10:00+00:00,65479.0,14.0,0.00021383186787252191,33.455303684659164,4.319061133766552,14.0,14.0,0.0452147701582517,0.02666666666666667
1718392260,65458.0,65458.0,65458.0,65458.0,0.00053804,2024-06-14 19:11:00+00:00,65458.0,-21.0,-0.0003207649507787813,33.53874561797324,4.329833441036578,0.0,21.0,0.0452147701582517,0.02666666666666667
1718392320,65487.0,65487.0,65425.0,65425.0,0.64530344,2024-06-14 19:12:00+00:00,65425.0,-33.0,-0.0005042671806007959,33.72003377765364,4.353237641813471,29.0,33.0,0.045437334343051874,0.02666666666666667
1718392380,65424.0,65424.0,65335.0,65365.0,1.21310647,2024-06-14 19:13:00+00:00,65365.0,-60.0,-0.0009175014023861447,34.714733354361336,4.48165280498242,0.0,90.0,0.044296788482835,0.02638888888888889
1718392440,65338.0,65343.0,65310.0,65310.0,0.72776874,2024-06-14 19:14:00+00:00,65310.0,-55.0,-0.0008417830992575808,34.975289905228856,4.515290511057591,0.0,55.0,0.04457652303120357,0.026111111111111113
1718392500,65296.0,65316.0,65269.0,65292.0,1.52109278,2024-06-14 19:15:00+00:00,65292.0,-18.0,-0.0002756466227771899,35.04274629358565,4.52399909334763,6.0,41.0,0.04496065942300487,0.026111111111111113
1718392560,65267.0,65318.0,65267.0,65318.0,0.24871934,2024-06-14 19:16:00+00:00,65318.0,26.0,0.0003981318481500876,35.16117449816482,4.539288108816176,26.0,25.0,0.04415011037527594,0.026111111111111113
1718392620,65319.0,65332.0,65289.0,65301.0,3.51269955,2024-06-14 19:17:00+00:00,65301.0,-17.0,-0.0002602990391288679,35.25860475174179,4.551866300466855,14.0,29.0,0.04357298474945534,0.026111111111111113
1718392680,65303.0,65334.0,65303.0,65315.0,0.24042157,2024-06-14 19:18:00+00:00,65315.0,14.0,0.0002143688377169528,34.84468768531304,4.498429836967202,33.0,0.0,0.04428044280442805,0.026111111111111113
1718392740,65315.0,65315.0,65294.0,65312.0,0.66802107,2024-06-14 19:19:00+00:00,65312.0,-3.0,-4.593231109232787e-05,33.97840789957398,4.386593597523086,0.0,21.0,0.04504504504504505,0.025833333333333333
1718392800,65305.0,65305.0,65262.0,65267.0,0.80854301,2024-06-14 19:20:00+00:00,65267.0,-45.0,-0.0006892379598776775,33.74652524485588,4.3566576755231665,0.0,50.0,0.04512974802557352,0.025555555555555557
1718392860,65264.0,65297.0,65264.0,65297.0,0.31846384,2024-06-14 19:21:00+00:00,65297.0,30.0,0.00045954475242714624,33.885462609667684,4.374594412192568,30.0,3.0,0.04526593738211996,0.025555555555555557
1718392920,65291.0,65315.0,65288.0,65309.0,0.15663437,2024-06-14 19:22:00+00:00,65309.0,12.0,0.0001837587864839851,32.71394595408824,4.223352262297109,18.0,9.0,0.045924225028702644,0.025833333333333333
1718392980,65315.0,65354.0,65315.0,65345.0,0.82310942,2024-06-14 19:23:00+00:00,65345.0,36.0,0.0005510738425314357,32.9624465317114,4.255433548919022,45.0,0.0,0.04561003420752566,0.025555555555555557
1718393040,65352.0,65380.0,65309.0,65339.0,0.69227806,2024-06-14 19:24:00+00:00,65339.0,-6.0,-9.182455395019e-05,32.83574512923517,4.239076468194638,35.0,36.0,0.04566210045662101,0.025555555555555557
1718393100,65336.0,65352.0,65336.0,65351.0,0.11921831,2024-06-14 19:25:00+00:00,65351.0,12.0,0.00018364067692589557,30.93415642777908,3.993582422458783,13.0,3.0,0.047505938242280284,0.025833333333333333
1718393160,65369.0,65369.0,65334.0,65335.0,0.38252992,2024-06-14 19:26:00+00:00,65335.0,-16.0,-0.0002448617308654959,30.93415642777908,3.993582422458783,18.0,17.0,0.04754358161648177,0.025833333333333333
1718393220,65333.0,65348.0,65323.0,65347.0,0.35032835,2024-06-14 19:27:00+00:00,65347.0,12.0,0.00018365191891351243,30.42383747993751,3.9277005295839666,13.0,12.0,0.048465266558966075,0.026111111111111113
1718393280,65367.0,65377.0,65354.0,65377.0,0.03756061,2024-06-14 19:28:00+00:00,65377.0,30.0,0.00045898229134152803,30.24354532620648,3.9044249126222286,30.0,0.0,0.048661800486618,0.026111111111111113
1718393340,65420.0,65624.0,65406.0,65624.0,3.76715409,2024-06-14 19:29:00+00:00,65624.0,247.0,0.0037709680490842904,43.69554399445958,5.641070473133849,247.0,0.0,0.044709388971684055,0.026111111111111113
1718393400,65596.0,65635.0,65554.0,65575.0,0.80844177,2024-06-14 19:30:00+00:00,65575.0,-49.0,-0.0007469569475113875,44.13042751626549,5.6972136943836595,11.0,70.0,0.04436229205175601,0.026111111111111113
1718393460,65562.0,65562.0,65522.0,65526.0,0.64812002,2024-06-14 19:31:00+00:00,65526.0,-49.0,-0.0007475153092910724,44.45560217758558,5.739193562647038,0.0,53.0,0.0440852314474651,0.025833333333333333
1718393520,65531.0,65568.0,65511.0,65543.0,0.41111955,2024-06-14 19:32:00+00:00,65543.0,17.0,0.0002594053528344141,42.965417705918654,5.5468115745956075,42.0,15.0,0.0450281425891182,0.026111111111111113
1718393580,65534.0,65547.0,65513.0,65541.0,0.37625957,2024-06-14 19:33:00+00:00,65541.0,-2.0,-3.051478441545313e-05,42.97160736518967,5.547610656171452,4.0,30.0,0.045402951191827474,0.026111111111111113
1718393640,65532.0,65538.0,65519.0,65519.0,0.35436876,2024-06-14 19:34:00+00:00,65519.0,-22.0,-0.0003357240989873146,42.98153591227902,5.548892426089089,0.0,22.0,0.045784051888592144,0.025833333333333333
1718393700,65516.0,65570.0,65516.0,65561.0,0.26492952,2024-06-14 19:35:00+00:00,65561.0,42.0,0.0006408300493944972,43.19137220288749,5.5759821747209735,51.0,3.0,0.04559270516717325,0.025833333333333333
1718393760,65525.0,65563.0,65519.0,65531.0,1.38980617,2024-06-14 19:36:00+00:00,65531.0,-30.0,-0.00045769384132834397,43.298321362015436,5.5897892517940875,2.0,42.0,0.04554079696394687,0.026111111111111113
1718393820,65521.0,65535.0,65490.0,65510.0,1.15917093,2024-06-14 19:37:00+00:00,65510.0,-21.0,-0.0003205103773593002,43.4121621116599,5.60448602937718,4.0,41.0,0.04497751124437781,0.026111111111111113
1718393880,65505.0,65505.0,65448.0,65448.0,1.04749236,2024-06-14 19:38:00+00:00,65448.0,-62.0,-0.0009468685323878576,44.22005833693613,5.708784983575802,0.0,62.0,0.04455997029335314,0.025833333333333333
1718393940,65456.0,65456.0,65413.0,65429.0,2.74525124,2024-06-14 19:39:00+00:00,65429.0,-19.0,-0.0002903489556374427,44.26709826384111,5.714857812026129,8.0,35.0,0.04428044280442805,0.025833333333333333
1718394000,65430.0,65457.0,65413.0,65444.0,0.76067681,2024-06-14 19:40:00+00:00,65444.0,15.0,0.00022922986507054995,44.16531604373434,5.701717783912345,28.0,16.0,0.044345898004434586,0.026111111111111113
1718394060,65444.0,65456.0,65415.0,65424.0,2.57371423,2024-06-14 19:41:00+00:00,65424.0,-20.0,-0.0003056514985436357,44.25426022455464,5.713200428280981,12.0,29.0,0.044004400440044,0.026111111111111113
1718394120,65424.0,65441.0,65416.0,65428.0,0.54591861,2024-06-14 19:42:00+00:00,65428.0,4.0,6.113777399261572e-05,43.50958073596215,5.617062719694949,17.0,8.0,0.04474272930648769,0.026111111111111113
1718394180,65416.0,65417.0,65398.0,65401.0,0.52493178,2024-06-14 19:43:00+00:00,65401.0,-27.0,-0.00041275253014730475,43.58368792458188,5.626629916606897,0.0,30.0,0.04459308807134894,0.026111111111111113
1718394240,65401.0,65411.0,65384.0,65411.0,0.46027632,2024-06-14 19:44:00+00:00,65411.0,10.0,0.00015289117236151473,43.118166370874825,5.56653134244663,10.0,17.0,0.04512974802557352,0.026111111111111113
1718394300,65402.0,65411.0,65391.0,65401.0,0.91356987,2024-06-14 19:45:00+00:00,65401.0,-10.0,-0.00015289117236155694,42.77074281185641,5.521679153841348,0.0,20.0,0.045523520485584223,0.026111111111111113
1718394360,65394.0,65427.0,65392.0,65427.0,0.36424186,2024-06-14 19:46:00+00:00,65427.0,26.0,0.00039746843706690697,42.69330912529265,5.511682507891452,26.0,9.0,0.045784051888592144,0.026111111111111113
1718394420,65416.0,65454.0,65412.0,65454.0,1.04862745,2024-06-14 19:47:00+00:00,65454.0,27.0,0.0004125885404759894,42.77068997460709,5.521672332581792,27.0,15.0,0.045471769609700646,0.026111111111111113
1718394480,65444.0,65494.0,65444.0,65489.0,0.28098525,2024-06-14 19:48:00+00:00,65489.0,35.0,0.0005345837629124133,42.895998259355935,5.537849562580929,40.0,10.0,0.045351473922902494,0.026111111111111113
1718394540,65481.0,65481.0,65439.0,65476.0,0.71433808,2024-06-14 19:49:00+00:00,65476.0,-13.0,-0.00019852632447906978,42.943330809532576,5.543960168533184,0.0,50.0,0.04519774011299435,0.026111111111111113
1718394600,65467.0,65467.0,65437.0,65440.0,0.72804964,2024-06-14 19:50:00+00:00,65440.0,-36.0,-0.0005499709876165125,43.13590073481009,5.568820838985859,0.0,39.0,0.045078888054094664,0.025833333333333333
1718394660,65435.0,65435.0,65413.0,65419.0,2.08194043,2024-06-14 19:51:00+00:00,65419.0,-21.0,-0.000320956146390699,43.09239842779568,5.563204715299578,0.0,27.0,0.04528301886792453,0.025555555555555557
1718394720,65409.0,65409.0,65364.0,65383.0,1.55834866,2024-06-14 19:52:00+00:00,65383.0,-36.0,-0.0005504503128237914,42.00422362405818,5.422721952211649,0.0,55.0,0.04583651642475172,0.025277777777777777
1718394780,65373.0,65376.0,65364.0,65364.0,0.30239204,2024-06-14 19:53:00+00:00,65364.0,-19.0,-0.00029063764573936763,41.934907185755954,5.413773238506218,0.0,19.0,0.04636785162287481,0.025
1718394840,65361.0,65390.0,65361.0,65390.0,0.18394071,2024-06-14 19:54:00+00:00,65390.0,26.0,0.0003976933836469129,42.07073341611115,5.431308329444345,26.0,3.0,0.04640371229698376,0.025
1718394900,65420.0,65457.0,65420.0,65457.0,0.19506504,2024-06-14 19:55:00+00:00,65457.0,67.0,0.0010240969354384135,42.778535591399496,5.522685197354384,67.0,0.0,0.04631416441528368,0.025
1718394960,65479.0,65498.0,65470.0,65472.0,1.14665981,2024-06-14 19:56:00+00:00,65472.0,15.0,0.0002291318205383145,42.67865408051541,5.509790549746112,41.0,0.0,0.04631416441528368,0.024722222222222222
1718395020,65470.0,65508.0,65470.0,65508.0,0.17826972,2024-06-14 19:57:00+00:00,65508.0,36.0,0.0005497022584595213,42.9100326724975,5.539661397526632,36.0,2.0,0.04631416441528368,0.025
1718395080,65504.0,65510.0,65503.0,65510.0,0.26212127,2024-06-14 19:58:00+00:00,65510.0,2.0,3.05301561641816e-05,42.908900344958276,5.539515214669903,2.0,5.0,0.04660194174757282,0.025277777777777777
1718395140,65524.0,65524.0,65421.0,65485.0,2.41378039,2024-06-14 19:59:00+00:00,65485.0,-25.0,-0.00038169396241878036,42.98831795064782,5.5497679834776115,14.0,89.0,0.04516371847948815,0.025555555555555557
1718395200,65486.0,65513.0,65432.0,65479.0,3.73611538,2024-06-14 20:00:00+00:00,65479.0,-6.0,-9.162823377719656e-05,42.89864549505888,5.538191319240629,28.0,53.0,0.04457652303120357,0.025833333333333333
1718395260,65493.0,65541.0,65487.0,65488.0,9.24328877,2024-06-14 20:01:00+00:00,65488.0,9.0,0.0001374392024580725,42.9071096264614,5.539284033906031,62.0,0.0,0.0437636761487965,0.025555555555555557
1718395320,65493.0,65533.0,65493.0,65533.0,9.41376579,2024-06-14 20:02:00+00:00,65533.0,45.0,0.0006869128119833633,43.275572107632954,5.586852335682021,45.0,0.0,0.04371584699453552,0.025555555555555557
1718395380,65521.0,65594.0,65516.0,65580.0,5.38480898,2024-06-14 20:03:00+00:00,65580.0,47.0,0.000716938854471598,43.56296501506705,5.623954600492367,61.0,17.0,0.04290311047550947,0.025833333333333333
1718395440,65591.0,65598.0,65557.0,65582.0,7.95252879,2024-06-14 20:04:00+00:00,65582.0,2.0,3.049663774795574e-05,43.486769856387056,5.614117847804725,18.0,23.0,0.042826552462526764,0.025833333333333333
1718395500,65582.0,65618.0,65552.0,65615.0,7.38426147,2024-06-14 20:05:00+00:00,65615.0,33.0,0.0005030602939996567,43.671138771297485,5.637919772371606,36.0,30.0,0.0422237860661506,0.025833333333333333
1718395560,65615.0,65615.0,65493.0,65506.0,7.95795878,2024-06-14 20:06:00+00:00,65506.0,-109.0,-0.001662586848912158,45.98156103050723,5.936194003459148,0.0,122.0,0.04056795131845842,0.025833333333333333
1718395620,65514.0,65519.0,65487.0,65498.0,5.53113815,2024-06-14 20:07:00+00:00,65498.0,-8.0,-0.00012213367545949643,45.95571437390371,5.932857214439796,13.0,19.0,0.040885860306643956,0.026111111111111113
1718395680,65499.0,65510.0,65488.0,65501.0,5.76690085,2024-06-14 20:08:00+00:00,65501.0,3.0,4.580187635816088e-05,45.77879446423716,5.91001695231476,12.0,10.0,0.04132231404958678,0.02638888888888889
1718395740,65504.0,65519.0,65504.0,65517.0,8.85086564,2024-06-14 20:09:00+00:00,65517.0,16.0,0.00024424125050824525,45.52424076440092,5.877154210975386,18.0,0.0,0.04165220409580007,0.02638888888888889
1718395800,65517.0,65518.0,65488.0,65504.0,7.11955771,2024-06-14 20:10:00+00:00,65504.0,-13.0,-0.0001984414718657905,45.525664829764885,5.877338057023337,1.0,29.0,0.04162330905306972,0.02638888888888889
1718395860,65500.0,65526.0,65500.0,65526.0,6.3864763,2024-06-14 20:11:00+00:00,65526.0,22.0,0.00033580096476729923,45.5212621830114,5.876769677771488,22.0,4.0,0.04155124653739612,0.02666666666666667
1718395920,65526.0,65572.0,65526.0,65558.0,8.64338947,2024-06-14 20:12:00+00:00,65558.0,32.0,0.0004882365603074244,45.46859287302729,5.869970099090665,46.0,0.0,0.04178272980501393,0.02638888888888889
1718395980,65568.0,65599.0,65563.0,65598.0,7.8760906,2024-06-14 20:13:00+00:00,65598.0,40.0,0.0006099606764490024,44.97950255080102,5.806828809998213,41.0,0.0,0.04250797024442083,0.02638888888888889
1718396040,65593.0,65612.0,65573.0,65608.0,11.89921848,2024-06-14 20:14:00+00:00,65608.0,10.0,0.00015243205370741266,44.31511456073508,5.721056689300026,14.0,25.0,0.04275026718916993,0.02666666666666667
1718396100,65580.0,65593.0,65566.0,65586.0,12.77184463,2024-06-14 20:15:00+00:00,65586.0,-22.0,-0.0003353811943566788,44.35324305495064,5.72597905673712,0.0,42.0,0.042826552462526764,0.02638888888888889
1718396160,65578.0,65615.0,65578.0,65590.0,10.18118882,2024-06-14 20:16:00+00:00,65590.0,4.0,6.098676589070354e-05,44.26670580625866,5.714807145970099,29.0,8.0,0.0430416068866571,0.02638888888888889
1718396220,65599.0,65632.0,65599.0,65627.0,9.12456236,2024-06-14 20:17:00+00:00,65627.0,37.0,0.0005639513322302771,44.370308696078645,5.7281822215331575,42.0,0.0,0.04305705059203444,0.026111111111111113
1718396280,65625.0,65636.0,65614.0,65616.0,11.71231737,2024-06-14 20:18:00+00:00,65616.0,-11.0,-0.00016762798817090028,44.405867556510245,5.732772850675214,9.0,13.0,0.043227665706051875,0.02638888888888889
1718396340,65616.0,65618.0,65604.0,65617.0,4.58647297,2024-06-14 20:19:00+00:00,65617.0,1.0,1.5240069190175253e-05,44.39662976469361,5.731580256879828,2.0,12.0,0.04333694474539545,0.02666666666666667
1718396400,65618.0,65633.0,65618.0,65630.0,2.16068641,2024-06-14 20:20:00+00:00,65630.0,13.0,0.0001980997667376516,43.91649433386359,5.669595039295535,16.0,0.0,0.043875685557586835,0.02666666666666667
1718396460,65633.0,65634.0,65630.0,65634.0,1.20433282,2024-06-14 20:21:00+00:00,65634.0,4.0,6.0945880077362935e-05,43.804299636755616,5.655110766181137,4.0,0.0,0.044345898004434586,0.02638888888888889
1718396520,65634.0,65680.0,65634.0,65679.0,16.37257942,2024-06-14 20:22:00+00:00,65679.0,45.0,0.0006853853276000254,44.09203266614922,5.692256940547645,46.0,0.0,0.044036697247706424,0.026111111111111113
1718396580,65676.0,65710.0,65671.0,65710.0,23.76281364,2024-06-14 20:23:00+00:00,65710.0,31.0,0.0004718812164677338,44.03938594172602,5.685460277650197,31.0,8.0,0.044133872747333575,0.02638888888888889
1718396640,65706.0,65738.0,65702.0,65724.0,23.81395236,2024-06-14 20:24:00+00:00,65724.0,14.0,0.00021303467980814028,44.02206367715491,5.683223982910113,28.0,8.0,0.044709388971684055,0.02638888888888889
1718396700,65723.0,65723.0,65667.0,65692.0,2.9299247,2024-06-14 20:25:00+00:00,65692.0,-32.0,-0.00048700311427008733,44.293126706593306,5.718218069536361,0.0,57.0,0.044036697247706424,0.026111111111111113
1718396760,65692.0,65717.0,65691.0,65715.0,1.4210788,2024-06-14 20:26:00+00:00,65715.0,23.0,0.00035005745865700964,44.25567728271045,5.71338336970225,25.0,1.0,0.044182621502209134,0.026111111111111113
1718396820,65715.0,65796.0,65715.0,65796.0,2.7832835,2024-06-14 20:27:00+00:00,65796.0,81.0,0.0012318362759401642,45.289835604024326,5.846892634895265,81.0,0.0,0.04329004329004329,0.025833333333333333
1718396880,65806.0,65831.0,65782.0,65817.0,1.00001429,2024-06-14 20:28:00+00:00,65817.0,21.0,0.0003191174151218561,45.228859343500204,5.839020633511134,35.0,14.0,0.04299534217126478,0.026111111111111113
1718396940,65830.0,65871.0,65827.0,65871.0,1.29898177,2024-06-14 20:29:00+00:00,65871.0,54.0,0.0008201203302759787,33.14329017487281,4.2787803628600765,54.0,0.0,0.046189376443418015,0.026111111111111113
1718397000,65868.0,65869.0,65847.0,65848.0,3.57050684,2024-06-14 20:30:00+00:00,65848.0,-23.0,-0.00034922828496664244,32.6026020589914,4.208977827250044,0.0,24.0,0.047225501770956316,0.025833333333333333
1718397060,65862.0,65888.0,65861.0,65872.0,1.79082976,2024-06-14 20:31:00+00:00,65872.0,24.0,0.0003644093572059753,31.92542510854919,4.121554658866771,40.0,0.0,0.04746835443037975,0.025833333333333333
1718397120,65874.0,65946.0,65872.0,65944.0,1.61456712,2024-06-14 20:32:00+00:00,65944.0,72.0,0.001092431983377483,33.024126602426726,4.2633964118081344,74.0,0.0,0.047151277013752456,0.025555555555555557
1718397180,65941.0,65943.0,65803.0,65805.0,7.919353,2024-06-14 20:33:00+00:00,65805.0,-139.0,-0.002110073724639426,37.99652080415179,4.905329742943451,0.0,141.0,0.04524886877828054,0.025277777777777777
1718397240,65819.0,65837.0,65793.0,65802.0,2.17426063,2024-06-14 20:34:00+00:00,65802.0,-3.0,-4.5590280160144225e-05,37.85166931664307,4.886629496316963,32.0,12.0,0.044876589379207174,0.025555555555555557
1718397300,65800.0,65814.0,65781.0,65796.0,1.28604727,2024-06-14 20:35:00+00:00,65796.0,-6.0,-9.118679621510567e-05,37.55641707187784,4.848512595420093,12.0,21.0,0.045231813041839423,0.025555555555555557
1718397360,65800.0,65812.0,65800.0,65807.0,0.67906368,2024-06-14 20:36:00+00:00,65807.0,11.0,0.0001671694418153344,37.30097467713689,4.815535124061858,16.0,0.0,0.045714285714285714,0.025277777777777777
1718397420,65807.0,65812.0,65789.0,65806.0,2.09588776,2024-06-14 20:37:00+00:00,65806.0,-1.0,-1.5196067258086455e-05,37.157414419301084,4.7970015744693475,5.0,18.0,0.04610065309258548,0.025277777777777777
1718397480,65806.0,65808.0,65783.0,65800.0,0.45886742,2024-06-14 20:38:00+00:00,65800.0,-6.0,-9.118125319757813e-05,36.136964814282635,4.665262096940001,2.0,23.0,0.04676539360872954,0.025555555555555557
1718397540,65790.0,65798.0,65778.0,65778.0,0.63207971,2024-06-14 20:39:00+00:00,65778.0,-22.0,-0.0003344024108136007,36.17401055382197,4.670044681349461,0.0,22.0,0.047151277013752456,0.025277777777777777
1718397600,65777.0,65777.0,65711.0,65737.0,6.01176109,2024-06-14 20:40:00+00:00,65737.0,-41.0,-0.0006235030426681032,36.65232513570057,4.731794828344927,0.0,67.0,0.04672897196261683,0.025
1718397660,65737.0,65757.0,65724.0,65725.0,2.51699507,2024-06-14 20:41:00+00:00,65725.0,-12.0,-0.00018256226184494592,36.57473966989929,4.721778587779723,20.0,13.0,0.046875,0.025
1718397720,65724.0,65734.0,65718.0,65718.0,0.61151451,2024-06-14 20:42:00+00:00,65718.0,-7.0,-0.00010651004628043379,36.60747662203405,4.726004910127174,9.0,7.0,0.047040376323010585,0.025
1718397780,65718.0,65718.0,65689.0,65693.0,0.59402867,2024-06-14 20:43:00+00:00,65693.0,-25.0,-0.00038048565647630134,36.578898551064114,4.722315497029397,0.0,29.0,0.047058823529411764,0.025
1718397840,65706.0,65718.0,65701.0,65718.0,1.72820757,2024-06-14 20:44:00+00:00,65718.0,25.0,0.0003804856564761783,36.66573316736713,4.733525797789927,25.0,0.0,0.04709576138147566,0.024722222222222222
1718397900,65723.0,65723.0,65694.0,65705.0,3.50257799,2024-06-14 20:45:00+00:00,65705.0,-13.0,-0.0001978344740631732,36.68873501275506,4.736495323260577,5.0,24.0,0.046929996089166995,0.025
1718397960,65704.0,65725.0,65693.0,65693.0,1.82216521,2024-06-14 20:46:00+00:00,65693.0,-12.0,-0.00018265118241318637,36.64921515873721,4.731393332045388,20.0,12.0,0.04698512137823022,0.025
1718398020,65692.0,65693.0,65688.0,65692.0,1.1245413,2024-06-14 20:47:00+00:00,65692.0,-1.0,-1.5222437873728286e-05,36.53508490996746,4.716659180285929,0.0,5.0,0.04767580452920143,0.024722222222222222
1718398080,65692.0,65692.0,65663.0,65680.0,2.72722436,2024-06-14 20:48:00+00:00,65680.0,-12.0,-0.00018268733114169236,36.36187781443763,4.694298240404862,0.0,29.0,0.04807692307692307,0.024444444444444446
1718398140,65677.0,65677.0,65662.0,65663.0,1.33162765,2024-06-14 20:49:00+00:00,65663.0,-17.0,-0.0002588641967204844,36.39570270157239,4.698665014556871,0.0,18.0,0.0487012987012987,0.024444444444444446
1718398200,65663.0,65703.0,65659.0,65703.0,1.91088813,2024-06-14 20:50:00+00:00,65703.0,40.0,0.0006089856010872261,36.33371300273305,4.690662178848832,40.0,4.0,0.04860267314702309,0.024722222222222222
1718398260,65695.0,65695.0,65653.0,65655.0,0.48492355,2024-06-14 20:51:00+00:00,65655.0,-48.0,-0.0007308272375711046,36.817399473004656,4.753105833653758,0.0,50.0,0.048154093097913325,0.024722222222222222
1718398320,65659.0,65694.0,65659.0,65666.0,0.35392552,2024-06-14 20:52:00+00:00,65666.0,11.0,0.0001675284231118003,36.45154278972858,4.705873938939527,39.0,0.0,0.048465266558966075,0.024722222222222222
1718398380,65666.0,65688.0,65651.0,65688.0,3.37614667,2024-06-14 20:53:00+00:00,65688.0,22.0,0.00033497267240755927,36.38364318653954,4.697108137860686,22.0,15.0,0.048115477145148355,0.025
1718398440,65688.0,65704.0,65688.0,65688.0,1.83909741,2024-06-14 20:54:00+00:00,65688.0,0.0,0.0,36.28884437383893,4.684869663766363,16.0,0.0,0.04836759371221282,0.024722222222222222
1718398500,65685.0,65710.0,65685.0,65710.0,2.05790364,2024-06-14 20:55:00+00:00,65710.0,22.0,0.0003348605032887675,35.44013413271222,4.575301642778381,22.0,3.0,0.04920049200492005,0.025
1718398560,65726.0,65739.0,65712.0,65723.0,1.91248109,2024-06-14 20:56:00+00:00,65723.0,13.0,0.00019781942194710143,35.43075924341691,4.574091349774606,29.0,0.0,0.049443757725587144,0.025
1718398620,65723.0,65731.0,65709.0,65709.0,3.02647963,2024-06-14 20:57:00+00:00,65709.0,-14.0,-0.00021303792155566724,35.257322835963066,4.551700805851447,8.0,14.0,0.049771878888428045,0.025
1718398680,65715.0,65726.0,65705.0,65705.0,3.99304583,2024-06-14 20:58:00+00:00,65705.0,-4.0,-6.087631456672902e-05,35.26972341584931,4.553301713830872,17.0,4.0,0.04948453608247423,0.025
1718398740,65712.0,65731.0,65699.0,65731.0,2.207349,2024-06-14 20:59:00+00:00,65731.0,26.0,0.00039562981738845953,35.19182301017755,4.543244814703221,26.0,6.0,0.05097706032285471,0.025
1718398800,65732.0,65752.0,65726.0,65744.0,1.62592138,2024-06-14 21:00:00+00:00,65744.0,13.0,0.00019775622806407985,35.18488295703946,4.5423488576957,21.0,5.0,0.05219660722053066,0.025
1718398860,65752.0,65767.0,65747.0,65748.0,0.64511589,2024-06-14 21:01:00+00:00,65748.0,4.0,6.084020322508919e-05,35.17976434271612,4.541688047428035,23.0,0.0,0.05309734513274337,0.025
1718398920,65753.0,65812.0,65753.0,65805.0,1.38455352,2024-06-14 21:02:00+00:00,65805.0,57.0,0.0008665709420080152,35.447964569075,4.5763125477659345,64.0,0.0,0.05265467310223782,0.025
1718398980,65805.0,65807.0,65768.0,65774.0,0.30044579,2024-06-14 21:03:00+00:00,65774.0,-31.0,-0.0004711998202384711,35.29409931316684,4.55644862864286,2.0,37.0,0.05357142857142857,0.025
1718399040,65793.0,65793.0,65751.0,65751.0,1.82374272,2024-06-14 21:04:00+00:00,65751.0,-23.0,-0.00034974339835694716,35.45610399824639,4.577363343553549,19.0,23.0,0.0535475234270415,0.025
1718399100,65754.0,65754.0,65731.0,65731.0,0.87107876,2024-06-14 21:05:00+00:00,65731.0,-20.0,-0.0003042241547018528,35.351439769623404,4.5638512497402,3.0,20.0,0.0545950864422202,0.025
1718399160,65724.0,65753.0,65724.0,65736.0,0.34543054,2024-06-14 21:06:00+00:00,65736.0,5.0,7.606471589681975e-05,32.212307715554665,4.158591044175063,22.0,7.0,0.05700712589073634,0.025277777777777777
1718399220,65745.0,65745.0,65735.0,65740.0,1.91337368,2024-06-14 21:07:00+00:00,65740.0,4.0,6.0847607186562e-05,32.1748225953081,4.1537517359602125,9.0,1.0,0.057609217474795964,0.025277777777777777
1718399280,65736.0,65736.0,65726.0,65726.0,1.8191252,2024-06-14 21:08:00+00:00,65726.0,-14.0,-0.00021298282526158765,32.25881826620752,4.164595530445111,0.0,14.0,0.057831325301204814,0.025
1718399340,65723.0,65723.0,65717.0,65722.0,1.9535993,2024-06-14 21:09:00+00:00,65722.0,-4.0,-6.086056845646801e-05,32.23341337576751,4.161315773192232,0.0,9.0,0.05808325266214909,0.025
1718399400,65721.0,65731.0,65717.0,65722.0,1.38178488,2024-06-14 21:10:00+00:00,65722.0,0.0,0.0,32.16481215929822,4.152459394228394,9.0,5.0,0.05853658536585366,0.025
1718399460,65723.0,65723.0,65717.0,65717.0,2.25120551,2024-06-14 21:11:00+00:00,65717.0,-5.0,-7.608091970281487e-05,32.09228835330091,4.143096611134022,1.0,5.0,0.059113300492610835,0.025
1718399520,65716.0,65717.0,65697.0,65710.0,1.37067156,2024-06-14 21:12:00+00:00,65710.0,-7.0,-0.00010652301287586355,31.893077016523847,4.11737853814358,0.0,20.0,0.059880239520958084,0.025
1718399580,65709.0,65709.0,65695.0,65695.0,0.42952782,2024-06-14 21:13:00+00:00,65695.0,-15.0,-0.00022830181599105165,31.58689476513884,4.077850579459632,0.0,15.0,0.06066734074823053,0.025
1718399640,65695.0,65708.0,65694.0,65697.0,2.86260891,2024-06-14 21:14:00+00:00,65697.0,2.0,3.0443253777311024e-05,31.567786448259856,4.075383706358086,13.0,1.0,0.061443932411674354,0.025
1718399700,65697.0,65707.0,65693.0,65706.0,2.11080331,2024-06-14 21:15:00+00:00,65706.0,9.0,0.0001369831741144141,31.430310319493532,4.0576356144509855,10.0,4.0,0.06233766233766233,0.025277777777777777
1718399760,65706.0,65795.0,65706.0,65776.0,2.19872475,2024-06-14 21:16:00+00:00,65776.0,70.0,0.0010647846338455327,32.6334028726832,4.21295419519931,89.0,0.0,0.060698027314112286,0.025
1718399820,65803.0,65825.0,65803.0,65813.0,1.48640942,2024-06-14 21:17:00+00:00,65813.0,37.0,0.0005623570507427739,32.6334028726832,4.21295419519931,49.0,0.0,0.06048387096774193,0.025
1718399880,65788.0,65844.0,65783.0,65844.0,3.05335785,2024-06-14 21:18:00+00:00,65844.0,31.0,0.00047092065857343873,32.77597301041819,4.231359920836447,31.0,30.0,0.05931784478497281,0.025
1718399940,65840.0,65840.0,65812.0,65812.0,1.21520162,2024-06-14 21:19:00+00:00,65812.0,-32.0,-0.0004861153404350489,33.09904243583932,4.273068004313942,0.0,32.0,0.05879470847623714,0.024722222222222222
1718400000,65824.0,65858.0,65824.0,65850.0,0.77541947,2024-06-14 21:20:00+00:00,65850.0,38.0,0.000577235664886447,33.38002379718393,4.309342542083354,46.0,0.0,0.05794302269435056,0.024722222222222222
1718400060,65840.0,65840.0,65787.0,65794.0,1.7105992,2024-06-14 21:21:00+00:00,65794.0,-56.0,-0.0008507794259952018,34.25708718789253,4.4225709389427745,0.0,63.0,0.056338028169014086,0.024722222222222222
1718400120,65794.0,65825.0,65794.0,65823.0,1.54704598,2024-06-14 21:22:00+00:00,65823.0,29.0,0.00044067256462764333,33.98314637122549,4.387205331582844,31.0,0.0,0.05673758865248227,0.024722222222222222
1718400180,65835.0,65867.0,65835.0,65867.0,1.70970878,2024-06-14 21:23:00+00:00,65867.0,44.0,0.0006682360336747136,34.20927204407178,4.416398030418965,44.0,0.0,0.056603773584905655,0.024444444444444446
1718400240,65864.0,65903.0,65864.0,65903.0,0.29483842,2024-06-14 21:24:00+00:00,65903.0,36.0,0.0005464066311858447,34.4504024067746,4.4475278263860645,36.0,3.0,0.05652378709373528,0.024444444444444446
1718400300,65912.0,65912.0,65881.0,65881.0,0.52335708,2024-06-14 21:25:00+00:00,65881.0,-22.0,-0.00033387968500529736,34.3021593430096,4.428389729147644,9.0,22.0,0.05722460658082975,0.024722222222222222
1718400360,65879.0,65884.0,65830.0,65870.0,2.24243628,2024-06-14 21:26:00+00:00,65870.0,-11.0,-0.0001669816551761472,34.24947935601639,4.421588772070873,3.0,51.0,0.05647058823529412,0.024722222222222222
1718400420,65867.0,66049.0,65867.0,66048.0,4.32721714,2024-06-14 21:27:00+00:00,66048.0,178.0,0.0026986477664412392,39.845804491730625,5.144071240423647,179.0,3.0,0.053908355795148244,0.025
1718400480,66042.0,66048.0,66000.0,66044.0,1.0566408,2024-06-14 21:28:00+00:00,66044.0,-4.0,-6.0563849456768777e-05,39.797833033021966,5.137878151734583,0.0,48.0,0.053932584269662916,0.024722222222222222
1718400540,66044.0,66049.0,66031.0,66049.0,35.42400086,2024-06-14 21:29:00+00:00,66049.0,5.0,7.570423871647896e-05,39.248865541919606,5.0670067533796255,5.0,13.0,0.05481955230698949,0.025
1718400600,66049.0,66145.0,66042.0,66069.0,38.49119973,2024-06-14 21:30:00+00:00,66069.0,20.0,0.00030275965656124346,39.15916745131626,5.055426779676513,96.0,7.0,0.052910052910052914,0.025277777777777777
1718400660,66058.0,66220.0,66032.0,66201.0,1.87004256,2024-06-14 21:31:00+00:00,66201.0,132.0,0.001995918104189479,42.452562425573035,5.480602242602504,151.0,37.0,0.049668874172185434,0.025555555555555557
1718400720,66195.0,66195.0,66074.0,66135.0,1.89901514,2024-06-14 21:32:00+00:00,66135.0,-66.0,-0.000997461091042567,42.52596083138826,5.490077936047855,0.0,127.0,0.04860267314702309,0.025555555555555557
1718400780,66070.0,66136.0,66030.0,66118.0,2.01494579,2024-06-14 21:33:00+00:00,66118.0,-17.0,-0.0002570830165459642,38.32116362952598,4.947240951481449,1.0,105.0,0.04930156121610517,0.025833333333333333
1718400840,66114.0,66149.0,66112.0,66120.0,0.6743873,2024-06-14 21:34:00+00:00,66120.0,2.0,3.0248491358837843e-05,38.308427182805865,4.945596683280221,31.0,6.0,0.049443757725587144,0.025833333333333333
1718400900,66110.0,66311.0,66110.0,66311.0,0.69533225,2024-06-14 21:35:00+00:00,66311.0,191.0,0.0028845229958873527,45.15408334733254,5.8293670939160185,191.0,10.0,0.046242774566473986,0.025833333333333333
1718400960,66256.0,66551.0,66253.0,66551.0,2.02336526,2024-06-14 21:36:00+00:00,66551.0,240.0,0.0036127750755342207,54.144877842785554,6.990073672251447,240.0,58.0,0.04171011470281543,0.026111111111111113
1718401020,66539.0,66567.0,66494.0,66542.0,30.61665876,2024-06-14 21:37:00+00:00,66542.0,-9.0,-0.0001352437771139949,54.1882677484889,6.995675284990866,16.0,57.0,0.040997608472839085,0.026111111111111113
1718401080,66428.0,66428.0,66361.0,66365.0,3.2122626,2024-06-14 21:38:00+00:00,66365.0,-177.0,-0.002663518168965405,59.41046294504558,7.669857785887812,0.0,181.0,0.03892312682452157,0.025833333333333333
1718401140,66376.0,66425.0,66364.0,66425.0,1.4337833,2024-06-14 21:39:00+00:00,66425.0,60.0,0.0009036825677115974,59.618303316980445,7.696689862526922,60.0,1.0,0.03843689942344651,0.026111111111111113
1718401200,66411.0,66426.0,66347.0,66358.0,4.09466834,2024-06-14 21:40:00+00:00,66358.0,-67.0,-0.001009165415544862,60.09366276975258,7.758058503995213,1.0,78.0,0.03828972559029994,0.02638888888888889
1718401260,66360.0,66392.0,66343.0,66352.0,10.31417545,2024-06-14 21:41:00+00:00,66352.0,-6.0,-9.042272630678558e-05,60.06082369042971,7.753818997084471,34.0,15.0,0.0380952380952381,0.02638888888888889
1718401320,66351.0,66363.0,66200.0,66200.0,6.77380739,2024-06-14 21:42:00+00:00,66200.0,-152.0,-0.002293440561062983,63.588445455760485,8.209233008712635,11.0,152.0,0.036396724294813464,0.02638888888888889
1718401380,66150.0,66150.0,65981.0,65981.0,9.77766332,2024-06-14 21:43:00+00:00,65981.0,-219.0,-0.003313641149468326,69.91418468622075,9.025882431780087,0.0,219.0,0.03441353599082306,0.02638888888888889
1718401440,65987.0,66088.0,65987.0,66079.0,2.41533029,2024-06-14 21:44:00+00:00,66079.0,98.0,0.0014841741328080174,70.89990358021383,9.153138193795993,107.0,0.0,0.033622863547212105,0.02638888888888889
1718401500,66122.0,66168.0,66122.0,66132.0,7.07436397,2024-06-14 21:45:00+00:00,66132.0,53.0,0.000801748762796352,71.1115360892433,9.1804598332289,89.0,0.0,0.03306696059520529,0.026111111111111113
1718401560,66111.0,66134.0,66102.0,66134.0,4.95228115,2024-06-14 21:46:00+00:00,66134.0,2.0,3.024208791600481e-05,71.07070363556448,9.17518838612614,2.0,30.0,0.03306696059520529,0.026111111111111113
1718401620,66140.0,66159.0,66112.0,66125.0,5.807166,2024-06-14 21:47:00+00:00,66125.0,-9.0,-0.00013609659855116224,71.09413469971041,9.178213323500175,25.0,22.0,0.03268864069735767,0.02638888888888889
1718401680,66121.0,66125.0,65996.0,66014.0,5.41993543,2024-06-14 21:48:00+00:00,66014.0,-111.0,-0.0016800494344400168,72.6788540031352,9.382799705852763,0.0,129.0,0.031821797931583136,0.02638888888888889
1718401740,66019.0,66119.0,66018.0,66097.0,7.67944046,2024-06-14 21:49:00+00:00,66097.0,83.0,0.0012565193045290426,73.29655729114748,9.462544857431734,105.0,0.0,0.03110419906687403,0.02638888888888889
1718401800,66107.0,66194.0,66105.0,66193.0,2.9281942,2024-06-14 21:50:00+00:00,66193.0,96.0,0.0014513571222541863,74.0732955075217,9.56282132997774,97.0,0.0,0.03068268984914344,0.026111111111111113
1718401860,66195.0,66233.0,66111.0,66111.0,7.11514713,2024-06-14 21:51:00+00:00,66111.0,-82.0,-0.0012395696350774304,74.63815537168733,9.63574442487289,40.0,82.0,0.030128044187798138,0.02638888888888889
1718401920,66116.0,66239.0,66116.0,66167.0,3.50986971,2024-06-14 21:52:00+00:00,66167.0,56.0,0.0008467016940918913,74.8985358866654,9.669359404812456,128.0,0.0,0.02946954813359529,0.02638888888888889
1718401980,66167.0,66211.0,66137.0,66211.0,5.47667431,2024-06-14 21:53:00+00:00,66211.0,44.0,0.0006647630515695751,75.02024397220872,9.685071851092724,44.0,30.0,0.029204185933317108,0.02638888888888889
1718402040,66253.0,66334.0,66212.0,66236.0,6.08944091,2024-06-14 21:54:00+00:00,66236.0,25.0,0.0003775094988470302,75.04043354530056,9.687678313771114,123.0,0.0,0.028462998102466795,0.02638888888888889
1718402100,66238.0,66245.0,66182.0,66223.0,0.57858222,2024-06-14 21:55:00+00:00,66223.0,-13.0,-0.0001962871536360997,75.07474806224907,9.692108298860273,9.0,54.0,0.028208744710860365,0.02638888888888889
1718402160,66173.0,66269.0,66150.0,66255.0,0.26058627,2024-06-14 21:56:00+00:00,66255.0,32.0,0.00048309908999776013,75.13388426649959,9.699742750000945,46.0,73.0,0.027624309392265192,0.02666666666666667
1718402220,66263.0,66274.0,66214.0,66232.0,1.80499764,2024-06-14 21:57:00+00:00,66232.0,-23.0,-0.00034720388009472667,75.18927341155914,9.706893457880156,19.0,41.0,0.02738475581926061,0.02666666666666667
1718402280,66234.0,66239.0,66144.0,66155.0,1.25015907,2024-06-14 21:58:00+00:00,66155.0,-77.0,-0.001163256342130417,75.98494498521916,9.809614216341352,7.0,88.0,0.026929982046678635,0.02666666666666667
1718402340,66185.0,66199.0,66139.0,66161.0,1.44882662,2024-06-14 21:59:00+00:00,66161.0,6.0,9.069197986806775e-05,75.94627152265011,9.804621493792348,44.0,16.0,0.026761819803746655,0.02666666666666667
1718402400,66158.0,66212.0,66139.0,66158.0,2.79533352,2024-06-14 22:00:00+00:00,66158.0,-3.0,-4.534496180469297e-05,75.95353173520537,9.805558783202898,51.0,22.0,0.026484219819024497,0.02666666666666667
1718402460,66148.0,66171.0,66045.0,66079.0,4.2902906,2024-06-14 22:01:00+00:00,66079.0,-79.0,-0.001194824586135569,76.75881038520214,9.909519809886026,13.0,113.0,0.02589555459646094,0.026944444444444444
1718402520,66086.0,66086.0,65897.0,65986.0,6.47757701,2024-06-14 22:02:00+00:00,65986.0,-93.0,-0.0014083976128842087,77.49280812265398,10.004278510329524,7.0,182.0,0.025215381382643412,0.02722222222222222
1718402580,65974.0,65974.0,65876.0,65956.0,2.74989899,2024-06-14 22:03:00+00:00,65956.0,-30.0,-0.00045474527469617585,77.48547521991782,10.003331836656972,0.0,110.0,0.024844720496894408,0.026944444444444444
1718402640,65910.0,65943.0,65857.0,65890.0,1.62519236,2024-06-14 22:04:00+00:00,65890.0,-66.0,-0.0010011681129932454,77.92793099639265,10.060452631780983,0.0,99.0,0.024554941682013505,0.02666666666666667
1718402700,65895.0,65965.0,65895.0,65939.0,1.50871836,2024-06-14 22:05:00+00:00,65939.0,49.0,0.0007433873010725939,78.10194699425737,10.08291800050444,75.0,0.0,0.02429641627859891,0.02638888888888889
1718402760,65947.0,65947.0,65924.0,65924.0,0.83701738,2024-06-14 22:06:00+00:00,65924.0,-15.0,-0.00022750885486759793,78.13796287937033,10.087567631279155,8.0,15.0,0.024325967970808837,0.02638888888888889
1718402820,65942.0,65942.0,65894.0,65936.0,1.04097107,2024-06-14 22:07:00+00:00,65936.0,12.0,0.00018201122452795812,78.14629190085164,10.088642903328731,18.0,30.0,0.024140012070006038,0.02638888888888889
1718402880,65940.0,65940.0,65887.0,65900.0,0.74305316,2024-06-14 22:08:00+00:00,65900.0,-36.0,-0.0005461330880000229,78.2801791047898,10.105927667032823,4.0,49.0,0.023952095808383235,0.02666666666666667
1718402940,65912.0,65941.0,65912.0,65935.0,1.37348756,2024-06-14 22:09:00+00:00,65935.0,35.0,0.0005309667512008348,78.38376366811984,10.119300376656204,41.0,0.0,0.02380007933359778,0.02666666666666667
1718403000,65937.0,65988.0,65937.0,65988.0,1.4878501,2024-06-14 22:10:00+00:00,65988.0,53.0,0.0008034990540155024,78.64129390685683,10.15254738751531,53.0,0.0,0.023617398149970478,0.02638888888888889
1718403060,65980.0,65980.0,65940.0,65950.0,1.00943945,2024-06-14 22:11:00+00:00,65950.0,-38.0,-0.0005760281503543126,78.8235729316904,10.176079508433423,0.0,48.0,0.023423775131758733,0.026111111111111113
1718403120,65975.0,65996.0,65967.0,65996.0,1.46114637,2024-06-14 22:12:00+00:00,65996.0,46.0,0.0006972549658742704,78.99632402232113,10.198381578335155,46.0,0.0,0.023305496212856866,0.026111111111111113
1718403180,65994.0,66011.0,65971.0,66011.0,0.2206372,2024-06-14 22:13:00+00:00,66011.0,15.0,0.00022726067654825247,78.96402670915596,10.194212013134623,15.0,25.0,0.023192887514495556,0.02638888888888889
1718403240,65996.0,65997.0,65983.0,65990.0,0.10981076,2024-06-14 22:14:00+00:00,65990.0,-21.0,-0.00031817941041605144,79.03594798220827,10.203497009560277,0.0,28.0,0.02313030069390902,0.026111111111111113
1718403300,65991.0,66016.0,65991.0,66003.0,0.25686092,2024-06-14 22:15:00+00:00,66003.0,13.0,0.00019698014352327904,79.0411660604991,10.204170660570929,26.0,0.0,0.023076923076923075,0.025833333333333333
1718403360,65983.0,65983.0,65943.0,65956.0,1.74932228,2024-06-14 22:16:00+00:00,65956.0,-47.0,-0.0007123425001317758,78.85214655891846,10.17976834784659,0.0,60.0,0.023206343067105006,0.025833333333333333
1718403420,65948.0,65949.0,65931.0,65941.0,0.18463496,2024-06-14 22:17:00+00:00,65941.0,-15.0,-0.00022745020833937074,78.75782805680964,10.167591881583032,0.0,25.0,0.02331455216631047,0.025833333333333333
1718403480,65940.0,65960.0,65930.0,65956.0,0.38457989,2024-06-14 22:18:00+00:00,65956.0,15.0,0.00022745020833939107,78.68548563564642,10.15825251517005,19.0,11.0,0.023455824863174355,0.025833333333333333
1718403540,65936.0,65965.0,65932.0,65965.0,0.88772888,2024-06-14 22:19:00+00:00,65965.0,9.0,0.0001364452970181939,78.56432644547087,10.142610930977053,9.0,24.0,0.02345124096150088,0.026111111111111113
1718403600,65969.0,65983.0,65963.0,65983.0,0.83351683,2024-06-14 22:20:00+00:00,65983.0,18.0,0.0002728347547769066,78.45371984929774,10.128331680811746,18.0,2.0,0.02357100766057749,0.02638888888888889
1718403660,65992.0,65994.0,65973.0,65976.0,2.04164344,2024-06-14 22:21:00+00:00,65976.0,-7.0,-0.00010609355946259617,78.09163818746707,10.081587139270503,11.0,10.0,0.023767082590612002,0.02666666666666667
1718403720,65989.0,65999.0,65961.0,65961.0,1.5262387,2024-06-14 22:22:00+00:00,65961.0,-15.0,-0.00022738125112183,78.05024457339071,10.076243246671934,23.0,15.0,0.023734177215189875,0.026944444444444444
1718403780,65961.0,65964.0,65954.0,65963.0,1.56861416,2024-06-14 22:23:00+00:00,65963.0,2.0,3.0320487555696893e-05,77.85801940995341,10.051427084781446,3.0,7.0,0.02389486260454002,0.02722222222222222
1718403840,65988.0,65988.0,65959.0,65966.0,0.35836659,2024-06-14 22:24:00+00:00,65966.0,3.0,4.5479007655936875e-05,77.72734287564755,10.034556816744555,25.0,4.0,0.023942537909018357,0.02722222222222222
1718403900,65954.0,65961.0,65928.0,65951.0,3.15845481,2024-06-14 22:25:00+00:00,65951.0,-15.0,-0.00022741572450321975,77.69740668548546,10.030692071213,0.0,38.0,0.02390914524805738,0.026944444444444444
1718403960,65950.0,65958.0,65934.0,65934.0,3.62221447,2024-06-14 22:26:00+00:00,65934.0,-17.0,-0.0002578003577988401,77.7171897453897,10.033246053264538,7.0,17.0,0.02405291641611545,0.026944444444444444
1718404020,65951.0,65957.0,65951.0,65957.0,0.4932043,2024-06-14 22:27:00+00:00,65957.0,23.0,0.00034877285384375385,74.23428137372551,9.583604515937145,23.0,0.0,0.024844720496894408,0.02666666666666667
1718404080,65953.0,65953.0,65926.0,65935.0,1.88647604,2024-06-14 22:28:00+00:00,65935.0,-22.0,-0.00033360628702330006,74.28084399971999,9.589615725104888,0.0,31.0,0.0249324745480989,0.02666666666666667
1718404140,65928.0,65932.0,65911.0,65919.0,1.39388796,2024-06-14 22:29:00+00:00,65919.0,-16.0,-0.00024269267642293974,74.29765301096569,9.591785759125582,0.0,24.0,0.02490143183233036,0.02638888888888889
1718404200,65930.0,65955.0,65930.0,65951.0,0.57875242,2024-06-14 22:30:00+00:00,65951.0,32.0,0.00048532646740135504,74.37444582711457,9.60169966906068,36.0,0.0,0.025252525252525252,0.026111111111111113
1718404260,65934.0,65934.0,65908.0,65912.0,1.54344842,2024-06-14 22:31:00+00:00,65912.0,-39.0,-0.0005915230373519638,72.40411348616541,9.347330857627682,0.0,43.0,0.02604731929672238,0.025833333333333333
1718404320,65929.0,65929.0,65883.0,65884.0,1.14892451,2024-06-14 22:32:00+00:00,65884.0,-28.0,-0.0004248990928595591,72.02506429712962,9.29839581774338,17.0,29.0,0.026513477684489615,0.026111111111111113
1718404380,65902.0,65904.0,65896.0,65896.0,1.34983444,2024-06-14 22:33:00+00:00,65896.0,12.0,0.00018212171851829503,72.0349020867251,9.29966587091894,20.0,0.0,0.02702702702702703,0.025833333333333333
1718404440,65913.0,65921.0,65897.0,65921.0,0.60912157,2024-06-14 22:34:00+00:00,65921.0,25.0,0.00037931375011942897,72.12688717189553,9.311541094351092,25.0,0.0,0.02710027100271003,0.025555555555555557
1718404500,65932.0,65945.0,65917.0,65917.0,0.16110008,2024-06-14 22:35:00+00:00,65917.0,-4.0,-6.068053218691984e-05,67.46533740679308,8.709737607425796,24.0,4.0,0.028202115158636895,0.025555555555555557
1718404560,65933.0,65933.0,65906.0,65915.0,0.31165666,2024-06-14 22:36:00+00:00,65915.0,-2.0,-3.0341646946915073e-05,59.202668286179424,7.643031610780497,16.0,11.0,0.03012048192771084,0.025555555555555557
1718404620,65914.0,65914.0,65906.0,65906.0,0.1980354,2024-06-14 22:37:00+00:00,65906.0,-9.0,-0.00013654880503087322,59.202668286179424,7.643031610780497,0.0,9.0,0.030612244897959186,0.025277777777777777
1718404680,65913.0,65914.0,65897.0,65897.0,0.48967934,2024-06-14 22:38:00+00:00,65897.0,-9.0,-0.00013656745315333518,55.02474019837177,7.103663413922788,8.0,9.0,0.03194888178913738,0.025555555555555557
1718404740,65914.0,65956.0,65914.0,65956.0,0.77063753,2024-06-14 22:39:00+00:00,65956.0,59.0,0.0008949360869728671,55.00400344956929,7.100986311163905,59.0,0.0,0.031965903036760786,0.025277777777777777
1718404800,65947.0,65983.0,65947.0,65957.0,0.82339366,2024-06-14 22:40:00+00:00,65957.0,1.0,1.5161507963807894e-05,54.46177065866332,7.030984358865692,27.0,9.0,0.03233629749393695,0.025277777777777777
1718404860,65975.0,65983.0,65972.0,65983.0,1.10897085,2024-06-14 22:41:00+00:00,65983.0,26.0,0.0003941185438312523,54.625015998911714,7.052059241669959,26.0,0.0,0.03253796095444685,0.025
1718404920,65983.0,65985.0,65961.0,65961.0,0.6654953,2024-06-14 22:42:00+00:00,65961.0,-22.0,-0.0003334748105844136,51.21357462615459,6.611644054228249,2.0,22.0,0.0338123415046492,0.025
1718404980,65961.0,65972.0,65954.0,65961.0,0.88634364,2024-06-14 22:43:00+00:00,65961.0,0.0,0.0,42.73119238050691,5.516573215109617,11.0,7.0,0.03584229390681004,0.025277777777777777
1718405040,65962.0,65987.0,65962.0,65986.0,2.16140936,2024-06-14 22:44:00+00:00,65986.0,25.0,0.00037894003348559166,40.88322560162328,5.278001729810922,26.0,0.0,0.03673094582185491,0.025277777777777777
1718405100,65991.0,65991.0,65945.0,65945.0,0.91034719,2024-06-14 22:45:00+00:00,65945.0,-41.0,-0.0006215370355698921,40.557175237889055,5.235908808852004,5.0,41.0,0.03722084367245657,0.025555555555555557
1718405160,65949.0,65959.0,65949.0,65959.0,0.80783436,2024-06-14 22:46:00+00:00,65959.0,14.0,0.0002122755951687691,40.61238504704008,5.243036364564978,14.0,0.0,0.037429819089207735,0.025277777777777777
1718405220,65957.0,65957.0,65950.0,65956.0,2.16599501,2024-06-14 22:47:00+00:00,65956.0,-3.0,-4.5483834295023527e-05,40.60453830636978,5.242023354700376,0.0,9.0,0.03787878787878788,0.025
1718405280,65956.0,65959.0,65942.0,65942.0,1.87465847,2024-06-14 22:48:00+00:00,65942.0,-14.0,-0.0002122852515212482,38.076550904901616,4.91566158452343,3.0,14.0,0.03926701570680628,0.025277777777777777
1718405340,65954.0,65975.0,65954.0,65975.0,1.07538342,2024-06-14 22:49:00+00:00,65975.0,33.0,0.0005003146021872669,36.72572029345988,4.741270102468063,33.0,0.0,0.040214477211796246,0.025277777777777777
1718405400,65976.0,65976.0,65945.0,65956.0,2.19933658,2024-06-14 22:50:00+00:00,65956.0,-19.0,-0.00028802935066599714,34.45332140639286,4.447904667616368,1.0,30.0,0.0411240575736806,0.025555555555555557
1718405460,65958.0,65968.0,65952.0,65968.0,1.79241095,2024-06-14 22:51:00+00:00,65968.0,12.0,0.00018192292582227282,32.94838884806996,4.253618709764704,12.0,4.0,0.04267425320056899,0.025555555555555557
1718405520,65971.0,65981.0,65967.0,65979.0,1.80944298,2024-06-14 22:52:00+00:00,65979.0,11.0,0.0001667336131247459,32.098084142978415,4.143844844363992,13.0,1.0,0.044477390659747956,0.025833333333333333
1718405580,65988.0,66018.0,65978.0,65989.0,1.70496457,2024-06-14 22:53:00+00:00,65989.0,10.0,0.00015155189165758844,31.547274184540587,4.072735584498829,39.0,1.0,0.04504504504504505,0.025833333333333333
1718405640,65985.0,65995.0,65982.0,65990.0,1.54214557,2024-06-14 22:54:00+00:00,65990.0,1.0,1.5153926003766098e-05,31.328602840411,4.04450523536194,6.0,7.0,0.04698512137823022,0.026111111111111113
1718405700,65989.0,66006.0,65989.0,66005.0,2.14939662,2024-06-14 22:55:00+00:00,66005.0,15.0,0.00022728133739272,31.402238215957734,4.05401152146808,16.0,1.0,0.04784688995215311,0.026111111111111113
1718405760,65980.0,65989.0,65974.0,65984.0,2.74788568,2024-06-14 22:56:00+00:00,65984.0,-21.0,-0.0003182083382281917,31.127126796395373,4.018494789924197,0.0,31.0,0.04958677685950413,0.025833333333333333
1718405820,65986.0,65988.0,65966.0,65966.0,1.62080863,2024-06-14 22:57:00+00:00,65966.0,-18.0,-0.00027283061935063225,31.083467002635974,4.012858334786563,4.0,18.0,0.05037783375314861,0.025833333333333333
1718405880,65965.0,65977.0,65964.0,65976.0,1.8507565,2024-06-14 22:58:00+00:00,65976.0,10.0,0.00015158175591004322,29.636493574855212,3.826054868513245,11.0,2.0,0.05217391304347826,0.025833333333333333
1718405940,65974.0,65984.0,65968.0,65972.0,1.8398379,2024-06-14 22:59:00+00:00,65972.0,-4.0,-6.0629945148520305e-05,29.613227117944913,3.82305118184195,8.0,8.0,0.05319148936170213,0.025833333333333333
1718406000,65969.0,65969.0,65924.0,65932.0,1.66163645,2024-06-14 23:00:00+00:00,65932.0,-40.0,-0.0006065017167962627,29.992861674279002,3.872061792319509,0.0,48.0,0.053787539220080685,0.025555555555555557
1718406060,65926.0,65926.0,65913.0,65917.0,1.8913911,2024-06-14 23:01:00+00:00,65917.0,-15.0,-0.00022753301222934084,28.365830482872447,3.6620129687169225,0.0,19.0,0.05649717514124294,0.025277777777777777
1718406120,65929.0,65929.0,65915.0,65918.0,1.38993603,2024-06-14 23:02:00+00:00,65918.0,1.0,1.5170478249724366e-05,25.771135256899015,3.3270392554276227,12.0,2.0,0.06157003591585428,0.025277777777777777
1718406180,65944.0,65944.0,65940.0,65942.0,1.78324136,2024-06-14 23:03:00+00:00,65942.0,24.0,0.00036402245207079,25.688727770430397,3.316400494671097,26.0,0.0,0.064343163538874,0.025277777777777777
1718406240,65918.0,65934.0,65912.0,65914.0,1.16468748,2024-06-14 23:04:00+00:00,65914.0,-28.0,-0.00042470574597858695,24.479808351969535,3.160329668850908,0.0,30.0,0.06681514476614699,0.025277777777777777
1718406300,65912.0,65914.0,65884.0,65892.0,1.81687671,2024-06-14 23:05:00+00:00,65892.0,-22.0,-0.00033382395648610014,23.79723076516258,3.072209281310982,0.0,30.0,0.06853226727584237,0.025277777777777777
1718406360,65894.0,65894.0,65881.0,65883.0,1.51370804,2024-06-14 23:06:00+00:00,65883.0,-9.0,-0.0001365964714702516,23.749035068117433,3.065987243577158,2.0,11.0,0.06892590465249857,0.025277777777777777
1718406420,65883.0,65899.0,65878.0,65885.0,1.60732854,2024-06-14 23:07:00+00:00,65885.0,2.0,3.0356383949848127e-05,23.69354127827011,3.0588230261139375,16.0,5.0,0.07001166861143523,0.025277777777777777
1718406480,65879.0,65879.0,65867.0,65867.0,1.53593695,2024-06-14 23:08:00+00:00,65867.0,-18.0,-0.0002732406356183196,23.35243971575499,3.0147870037477245,0.0,18.0,0.0714711137581894,0.025
1718406540,65868.0,65886.0,65866.0,65886.0,2.80533866,2024-06-14 23:09:00+00:00,65886.0,19.0,0.0002884184820338787,23.028715800331426,2.9729944259742407,19.0,1.0,0.07237635705669482,0.025277777777777777
1718406600,65886.0,65888.0,65879.0,65886.0,1.90687616,2024-06-14 23:10:00+00:00,65886.0,0.0,0.0,21.919189023721476,2.829755135041523,2.0,7.0,0.07434944237918216,0.025555555555555557
1718406660,65884.0,65884.0,65862.0,65862.0,2.42205977,2024-06-14 23:11:00+00:00,65862.0,-24.0,-0.0003643319103967867,21.598388724167155,2.7883399944537817,0.0,24.0,0.07547169811320754,0.025555555555555557
1718406720,65868.0,65883.0,65867.0,65876.0,0.97020843,2024-06-14 23:12:00+00:00,65876.0,14.0,0.0002125430787274676,20.78624055980721,2.6834921172798154,21.0,0.0,0.07667731629392971,0.025555555555555557
1718406780,65874.0,65887.0,65871.0,65886.0,1.2881534,2024-06-14 23:13:00+00:00,65886.0,10.0,0.0001517888316691703,20.72686921232046,2.6758273092778793,11.0,5.0,0.07787151200519143,0.025555555555555557
1718406840,65886.0,65886.0,65866.0,65866.0,1.30551767,2024-06-14 23:14:00+00:00,65866.0,-20.0,-0.00030360070668562013,20.711796905953168,2.6738814828928974,0.0,20.0,0.07827788649706457,0.025555555555555557
1718406900,65867.0,65894.0,65867.0,65894.0,1.71163173,2024-06-14 23:15:00+00:00,65894.0,28.0,0.0004250151855114211,20.985460395774115,2.7092112875109486,28.0,0.0,0.07817589576547232,0.025555555555555557
1718406960,65897.0,65897.0,65876.0,65878.0,2.12666497,2024-06-14 23:16:00+00:00,65878.0,-16.0,-0.0002428437009172231,20.221904552460398,2.610636652009169,3.0,18.0,0.08021390374331551,0.025833333333333333
1718407020,65874.0,65896.0,65874.0,65892.0,2.99401759,2024-06-14 23:17:00+00:00,65892.0,14.0,0.00021249146319608485,20.235471177744188,2.612388095802114,18.0,4.0,0.08037508372404555,0.026111111111111113
1718407080,65884.0,65895.0,65879.0,65879.0,1.54477546,2024-06-14 23:18:00+00:00,65879.0,-13.0,-0.00019731200404002105,20.18733590827307,2.6061738592345525,3.0,13.0,0.08113590263691683,0.026111111111111113
1718407140,65882.0,65896.0,65878.0,65888.0,1.73583396,2024-06-14 23:19:00+00:00,65888.0,9.0,0.00013660476468303645,20.18733590827307,2.6061738592345525,17.0,1.0,0.0819672131147541,0.026111111111111113
1718407200,65888.0,65896.0,65886.0,65889.0,3.54938276,2024-06-14 23:20:00+00:00,65889.0,1.0,1.5177155346090216e-05,20.030795499969216,2.5859645794222414,8.0,2.0,0.08253094910591471,0.026111111111111113
1718407260,65893.0,65945.0,65893.0,65938.0,3.56122456,2024-06-14 23:21:00+00:00,65938.0,49.0,0.0007433985792989667,21.051966908924886,2.7177972414391904,56.0,0.0,0.08059100067159167,0.025833333333333333
1718407320,65924.0,65941.0,65908.0,65940.0,1.2980922,2024-06-14 23:22:00+00:00,65940.0,2.0,3.0331063561003647e-05,20.96957036650816,2.7071598935536887,3.0,30.0,0.08086253369272237,0.025833333333333333
1718407380,65950.0,65966.0,65950.0,65959.0,2.05414238,2024-06-14 23:23:00+00:00,65959.0,19.0,0.000288099229431804,21.116197226554302,2.7260893397892016,26.0,0.0,0.08,0.025555555555555557
1718407440,65965.0,65970.0,65960.0,65965.0,1.09194985,2024-06-14 23:24:00+00:00,65965.0,6.0,9.096146272294098e-05,21.127130655096522,2.727500839344567,11.0,0.0,0.08097165991902834,0.025277777777777777
1718407500,65969.0,66015.0,65969.0,66013.0,1.71864565,2024-06-14 23:25:00+00:00,66013.0,48.0,0.0007273939916714917,21.920477746453734,2.829921508430853,50.0,0.0,0.08032128514056225,0.025277777777777777
1718407560,66016.0,66019.0,65977.0,65977.0,1.43135079,2024-06-14 23:26:00+00:00,65977.0,-36.0,-0.0005454958844260545,22.31902104853564,2.881373227487711,6.0,36.0,0.07936507936507936,0.025277777777777777
1718407620,65984.0,65990.0,65940.0,65957.0,3.55461589,2024-06-14 23:27:00+00:00,65957.0,-20.0,-0.000303181896299691,22.28170945576644,2.876556321573858,13.0,37.0,0.07797270955165693,0.025555555555555557
1718407680,65973.0,65973.0,65954.0,65958.0,2.02493407,2024-06-14 23:28:00+00:00,65958.0,1.0,1.5161278096059877e-05,22.093861151120166,2.852305209723581,16.0,3.0,0.07858546168958742,0.025833333333333333
1718407740,65956.0,65970.0,65956.0,65961.0,1.78511447,2024-06-14 23:29:00+00:00,65961.0,3.0,4.548245515085839e-05,21.990984285168174,2.839023863438845,12.0,2.0,0.07910349373764007,0.026111111111111113
1718407800,65956.0,65988.0,65956.0,65983.0,2.3208072,2024-06-14 23:30:00+00:00,65983.0,22.0,0.0003334748105843815,21.786690593241893,2.812649661219988,27.0,5.0,0.07931262392597489,0.02638888888888889
1718407860,65978.0,65984.0,65963.0,65963.0,0.68150342,2024-06-14 23:31:00+00:00,65963.0,-20.0,-0.00030315432302871384,21.335754188208725,2.754434021656918,1.0,20.0,0.08048289738430583,0.02666666666666667
1718407920,65965.0,65982.0,65953.0,65975.0,1.8528549,2024-06-14 23:32:00+00:00,65975.0,12.0,0.00018190362189946996,21.04192076257622,2.716500289522459,19.0,10.0,0.0814111261872456,0.02666666666666667
1718407980,66002.0,66007.0,65998.0,66006.0,1.04534562,2024-06-14 23:33:00+00:00,66006.0,31.0,0.0004697645959658221,21.343173930939436,2.7553919063245575,32.0,0.0,0.08075370121130553,0.02666666666666667
1718408040,66015.0,66015.0,65994.0,65994.0,1.0419917,2024-06-14 23:34:00+00:00,65994.0,-12.0,-0.0001818181823190785,21.196491288367945,2.736455258595988,9.0,12.0,0.08097165991902834,0.026944444444444444
1718408100,65994.0,66010.0,65994.0,66010.0,1.49641953,2024-06-14 23:35:00+00:00,66010.0,16.0,0.0002424168976449374,21.270194790849544,2.745970339851601,16.0,0.0,0.08163265306122448,0.02666666666666667
1718408160,66007.0,66017.0,66002.0,66003.0,1.51445986,2024-06-14 23:36:00+00:00,66003.0,-7.0,-0.00010605016182585041,21.294120034004784,2.749059075461408,7.0,8.0,0.0823045267489712,0.02666666666666667
1718408220,66001.0,66013.0,66001.0,66013.0,0.05328743,2024-06-14 23:37:00+00:00,66013.0,10.0,0.0001514967885578337,21.27709970253036,2.7468617601164955,10.0,2.0,0.08213552361396304,0.026944444444444444
1718408280,66008.0,66011.0,65997.0,66011.0,1.91790907,2024-06-14 23:38:00+00:00,66011.0,-2.0,-3.0297521665021085e-05,21.236122088459023,2.741571572887642,0.0,16.0,0.08219178082191782,0.02666666666666667
1718408340,66008.0,66031.0,66004.0,66028.0,2.87236235,2024-06-14 23:39:00+00:00,66028.0,17.0,0.000257499679548314,19.976935853671353,2.5790113289841,20.0,7.0,0.08403361344537814,0.026944444444444444
1718408400,66013.0,66018.0,66002.0,66002.0,1.21130493,2024-06-14 23:40:00+00:00,66002.0,-26.0,-0.00039384988769356215,20.28326938511535,2.6185588178396833,0.0,26.0,0.08462623413258111,0.02666666666666667
1718408460,66009.0,66009.0,65981.0,65981.0,1.98015066,2024-06-14 23:41:00+00:00,65981.0,-21.0,-0.0003182228041067927,20.19898190643534,2.6076773511323004,7.0,21.0,0.08450704225352113,0.026944444444444444
1718408520,65970.0,65983.0,65964.0,65983.0,2.27566542,2024-06-14 23:42:00+00:00,65983.0,2.0,3.0311297022653043e-05,19.9931909313102,2.5811098504836516,2.0,17.0,0.08480565371024736,0.026944444444444444
1718408580,65982.0,65987.0,65978.0,65978.0,1.47488807,2024-06-14 23:43:00+00:00,65978.0,-5.0,-7.577996532904963e-05,20.005161763283652,2.5826552782460994,4.0,5.0,0.08534850640113797,0.026944444444444444
1718408640,65968.0,65978.0,65967.0,65972.0,2.15977836,2024-06-14 23:44:00+00:00,65972.0,-6.0,-9.094353928212041e-05,19.754739115314315,2.550325853409486,0.0,11.0,0.08626887131560029,0.026944444444444444
1718408700,65989.0,66003.0,65981.0,66000.0,1.16025375,2024-06-14 23:45:00+00:00,66000.0,28.0,0.0004243324405196859,19.34546911142886,2.4974893231044653,31.0,0.0,0.0872093023255814,0.02666666666666667
1718408760,65995.0,65996.0,65968.0,65996.0,1.61304061,2024-06-14 23:46:00+00:00,65996.0,-4.0,-6.06078972275927e-05,19.278592383620502,2.488855574669445,0.0,32.0,0.0860832137733142,0.02666666666666667
1718408820,66018.0,66033.0,66012.0,66022.0,1.01488549,2024-06-14 23:47:00+00:00,66022.0,26.0,0.0003938856873479174,19.548028640474687,2.5236396458581356,37.0,0.0,0.08438818565400844,0.02666666666666667
1718408880,66025.0,66031.0,66015.0,66031.0,1.09406907,2024-06-14 23:48:00+00:00,66031.0,9.0,0.00013630890648357724,19.472267691246262,2.513858949369651,9.0,7.0,0.0844475721323012,0.02666666666666667
1718408940,66031.0,66031.0,65999.0,65999.0,0.43840669,2024-06-14 23:49:00+00:00,65999.0,-32.0,-0.00048473832654073517,19.497240134987333,2.5170828779937597,0.0,32.0,0.08450704225352113,0.02666666666666667
1718409000,66003.0,66015.0,65994.0,66015.0,0.34635542,2024-06-14 23:50:00+00:00,66015.0,16.0,0.00024239853467566283,19.430442362321173,2.5084593226237666,16.0,5.0,0.0851063829787234,0.02666666666666667
1718409060,66002.0,66006.0,65990.0,65994.0,1.50808242,2024-06-14 23:51:00+00:00,65994.0,-21.0,-0.00031816012812986783,19.579794727778072,2.5277406300948084,0.0,25.0,0.08456659619450317,0.02638888888888889
1718409120,65994.0,65994.0,65978.0,65990.0,0.75380138,2024-06-14 23:52:00+00:00,65990.0,-4.0,-6.0613407704362665e-05,19.538308018505436,2.5223847189580795,0.0,16.0,0.0844475721323012,0.026111111111111113
1718409180,65994.0,66013.0,65994.0,66013.0,1.49182608,2024-06-14 23:53:00+00:00,66013.0,23.0,0.0003484769320810983,19.720246844125086,2.5458729203465276,23.0,0.0,0.08547008547008547,0.025833333333333333
1718409240,66012.0,66015.0,65997.0,65997.0,2.27116262,2024-06-14 23:54:00+00:00,65997.0,-16.0,-0.0002424058795295689,19.83328110898516,2.5604655811916563,2.0,16.0,0.085166784953868,0.025833333333333333
1718409300,66014.0,66019.0,66008.0,66018.0,1.01491345,2024-06-14 23:55:00+00:00,66018.0,21.0,0.00031814566794881197,19.924511491931124,2.5722433729855845,22.0,0.0,0.08486562942008487,0.025555555555555557
1718409360,66007.0,66014.0,66004.0,66013.0,1.39131513,2024-06-14 23:56:00+00:00,66013.0,-5.0,-7.573978841924454e-05,19.741972551545953,2.548677697114047,0.0,14.0,0.08589835361488904,0.025555555555555557
1718409420,66009.0,66009.0,65997.0,66008.0,0.93739299,2024-06-14 23:57:00+00:00,66008.0,-5.0,-7.57455253693558e-05,19.606553729621826,2.5311952023782083,0.0,16.0,0.08626887131560029,0.025277777777777777
1718409480,65998.0,66006.0,65996.0,66006.0,0.59326531,2024-06-14 23:58:00+00:00,66006.0,-2.0,-3.0299816688449777e-05,19.571251832856525,2.5266377471028236,0.0,12.0,0.08633093525179855,0.025
1718409540,66000.0,66007.0,65983.0,65996.0,1.1256929,2024-06-14 23:59:00+00:00,65996.0,-10.0,-0.00015151285615571994,19.609924847953344,2.5316304118834103,1.0,23.0,0.08583690987124463,0.025
